== add3.cpp digest=74708b4331ed679e
  SCHED+GLOBREGS fn1: sched1=11 sched2=11 IDENTICAL
  SCHED+GLOBREGS fn2: sched1=11 sched2=10 DIFFERS
  SCHED+GLOBREGS fn3: sched1=60 sched2=60 IDENTICAL
  SCHED+GLOBREGS fn4: sched1=11 sched2=10 DIFFERS
  COLOR fn1: sched2=11 sched3=4 DIFFERS
  COLOR fn2: sched2=10 sched3=4 DIFFERS
  COLOR fn3: sched2=60 sched3=59 DIFFERS
  COLOR fn4: sched2=10 sched3=10 IDENTICAL
  LOWERING fn1: sched3=4 sched0=10 DIFFERS
  LOWERING fn2: sched3=4 sched0=10 DIFFERS
  LOWERING fn3: sched3=59 sched0=18 DIFFERS
  LOWERING fn4: sched3=10 sched0=10 DIFFERS
  gap-metric stage-snap-tuples 309
  gap-metric stage-snap-regions 43
  gap-metric stage-snap-walk-refusals 0
  gap-metric stage-snap-tuples-distinct 127
  gap-metric stage-snap-tuple-groups 16
  gap-metric stage-snap-suffix-violations 0
  gap-metric stage-color-pairs 4
  gap-metric stage-color-pairs-differing 3
  PAYLOAD 309 rows over 16 (phase,function) groups; 127 DISTINCT tuple positions (58.9% of the rows are suffix re-reads, inflation 2.43x). The nested-suffix model holds on every block, so DISTINCT is exact.
  RAW WINDOW 128B, 10 tuple pairs aligned across sched2/sched3 (3 function(s) skipped on a length mismatch).
                   offsets COLOR writes: NONE — the allocator wrote nothing in this window
== il_accum4.cpp digest=6d35452205d76fa9
  SCHED+GLOBREGS fn1: sched1=12 sched2=4 DIFFERS
  SCHED+GLOBREGS fn2: sched1=12 sched2=10 DIFFERS
  SCHED+GLOBREGS fn3: sched1=12 sched2=11 DIFFERS
  SCHED+GLOBREGS fn4: sched1=12 sched2=10 DIFFERS
  SCHED+GLOBREGS fn5: sched1=12 sched2=12 IDENTICAL
  SCHED+GLOBREGS fn6: sched1=12 sched2=11 DIFFERS
  SCHED+GLOBREGS fn7: sched1=11 sched2=4 DIFFERS
  SCHED+GLOBREGS fn8: sched1=11 sched2=10 DIFFERS
  SCHED+GLOBREGS fn9: sched1=12 sched2=10 DIFFERS
  COLOR fn1: sched2=4 sched3=4 IDENTICAL
  COLOR fn2: sched2=10 sched3=4 DIFFERS
  COLOR fn3: sched2=11 sched3=4 DIFFERS
  COLOR fn4: sched2=10 sched3=4 DIFFERS
  COLOR fn5: sched2=12 sched3=4 DIFFERS
  COLOR fn6: sched2=11 sched3=11 IDENTICAL
  COLOR fn7: sched2=4 sched3=4 IDENTICAL
  COLOR fn8: sched2=10 sched3=4 DIFFERS
  COLOR fn9: sched2=10 sched3=4 DIFFERS
  LOWERING fn1: sched3=4 sched0=11 DIFFERS
  LOWERING fn2: sched3=4 sched0=11 DIFFERS
  LOWERING fn3: sched3=4 sched0=11 DIFFERS
  LOWERING fn4: sched3=4 sched0=11 DIFFERS
  LOWERING fn5: sched3=4 sched0=11 DIFFERS
  LOWERING fn6: sched3=11 sched0=11 DIFFERS
  LOWERING fn7: sched3=4 sched0=10 DIFFERS
  LOWERING fn8: sched3=4 sched0=10 DIFFERS
  LOWERING fn9: sched3=4 sched0=11 DIFFERS
  gap-metric stage-snap-tuples 328
  gap-metric stage-snap-regions 62
  gap-metric stage-snap-walk-refusals 0
  gap-metric stage-snap-tuples-distinct 224
  gap-metric stage-snap-tuple-groups 36
  gap-metric stage-snap-suffix-violations 0
  gap-metric stage-color-pairs 9
  gap-metric stage-color-pairs-differing 6
  PAYLOAD 328 rows over 36 (phase,function) groups; 224 DISTINCT tuple positions (31.7% of the rows are suffix re-reads, inflation 1.46x). The nested-suffix model holds on every block, so DISTINCT is exact.
  RAW WINDOW 128B, 19 tuple pairs aligned across sched2/sched3 (6 function(s) skipped on a length mismatch).
                   offsets COLOR writes: NONE — the allocator wrote nothing in this window
== il_base_member.cpp digest=bbbd4e13d5ec6053
  SCHED+GLOBREGS fn1: sched1=10 sched2=10 IDENTICAL
  SCHED+GLOBREGS fn2: sched1=10 sched2=10 IDENTICAL
  SCHED+GLOBREGS fn3: sched1=10 sched2=10 IDENTICAL
  SCHED+GLOBREGS fn4: sched1=10 sched2=10 IDENTICAL
  SCHED+GLOBREGS fn5: sched1=10 sched2=10 IDENTICAL
  SCHED+GLOBREGS fn6: sched1=10 sched2=10 IDENTICAL
  SCHED+GLOBREGS fn7: sched1=10 sched2=10 IDENTICAL
  COLOR fn1: sched2=10 sched3=10 IDENTICAL
  COLOR fn2: sched2=10 sched3=10 IDENTICAL
  COLOR fn3: sched2=10 sched3=10 IDENTICAL
  COLOR fn4: sched2=10 sched3=10 IDENTICAL
  COLOR fn5: sched2=10 sched3=10 IDENTICAL
  COLOR fn6: sched2=10 sched3=10 IDENTICAL
  COLOR fn7: sched2=10 sched3=10 IDENTICAL
  LOWERING fn1: sched3=10 sched0=9 DIFFERS
  LOWERING fn2: sched3=10 sched0=9 DIFFERS
  LOWERING fn3: sched3=10 sched0=9 DIFFERS
  LOWERING fn4: sched3=10 sched0=9 DIFFERS
  LOWERING fn5: sched3=10 sched0=9 DIFFERS
  LOWERING fn6: sched3=10 sched0=9 DIFFERS
  LOWERING fn7: sched3=10 sched0=9 DIFFERS
  gap-metric stage-snap-tuples 273
  gap-metric stage-snap-regions 56
  gap-metric stage-snap-walk-refusals 0
  gap-metric stage-snap-tuples-distinct 161
  gap-metric stage-snap-tuple-groups 28
  gap-metric stage-snap-suffix-violations 0
  gap-metric stage-color-pairs 7
  gap-metric stage-color-pairs-differing 0
  PAYLOAD 273 rows over 28 (phase,function) groups; 161 DISTINCT tuple positions (41.0% of the rows are suffix re-reads, inflation 1.70x). The nested-suffix model holds on every block, so DISTINCT is exact.
  RAW WINDOW 128B, 70 tuple pairs aligned across sched2/sched3 (0 function(s) skipped on a length mismatch).
                   offsets COLOR writes: NONE — the allocator wrote nothing in this window
  FINDING, not a green: the pre/post-COLOR snapshots are IDENTICAL on every
                   function here. The walk is reading fields COLOR does not write — it shows THAT
                   the allocator ran, not WHAT it did.
== il_bool_materialization.cpp digest=8449e081f1351989
  SCHED+GLOBREGS fn1: sched1=11 sched2=11 IDENTICAL
  SCHED+GLOBREGS fn2: sched1=12 sched2=12 IDENTICAL
  SCHED+GLOBREGS fn3: sched1=12 sched2=12 IDENTICAL
  SCHED+GLOBREGS fn4: sched1=13 sched2=12 DIFFERS
  SCHED+GLOBREGS fn5: sched1=13 sched2=12 DIFFERS
  SCHED+GLOBREGS fn6: sched1=16 sched2=15 DIFFERS
  COLOR fn1: sched2=11 sched3=11 IDENTICAL
  COLOR fn2: sched2=12 sched3=11 DIFFERS
  COLOR fn3: sched2=12 sched3=10 DIFFERS
  COLOR fn4: sched2=12 sched3=12 IDENTICAL
  COLOR fn5: sched2=12 sched3=12 IDENTICAL
  COLOR fn6: sched2=15 sched3=15 IDENTICAL
  LOWERING fn1: sched3=11 sched0=10 DIFFERS
  LOWERING fn2: sched3=11 sched0=11 DIFFERS
  LOWERING fn3: sched3=10 sched0=11 DIFFERS
  LOWERING fn4: sched3=12 sched0=11 DIFFERS
  LOWERING fn5: sched3=12 sched0=11 DIFFERS
  LOWERING fn6: sched3=15 sched0=14 DIFFERS
  gap-metric stage-snap-tuples 290
  gap-metric stage-snap-regions 48
  gap-metric stage-snap-walk-refusals 0
  gap-metric stage-snap-tuples-distinct 194
  gap-metric stage-snap-tuple-groups 24
  gap-metric stage-snap-suffix-violations 0
  gap-metric stage-color-pairs 6
  gap-metric stage-color-pairs-differing 2
  PAYLOAD 290 rows over 24 (phase,function) groups; 194 DISTINCT tuple positions (33.1% of the rows are suffix re-reads, inflation 1.49x). The nested-suffix model holds on every block, so DISTINCT is exact.
  RAW WINDOW 128B, 50 tuple pairs aligned across sched2/sched3 (2 function(s) skipped on a length mismatch).
                   offsets COLOR writes: +0x3d(2) +0x49(2) +0x65(2) +0x69(2)
== il_call_args1.cpp digest=85da5e30ce5bf750
  SCHED+GLOBREGS fn1: sched1=11 sched2=11 IDENTICAL
  SCHED+GLOBREGS fn2: sched1=12 sched2=11 DIFFERS
  SCHED+GLOBREGS fn3: sched1=13 sched2=11 DIFFERS
  SCHED+GLOBREGS fn4: sched1=14 sched2=11 DIFFERS
  COLOR fn1: sched2=11 sched3=11 IDENTICAL
  COLOR fn2: sched2=11 sched3=11 IDENTICAL
  COLOR fn3: sched2=11 sched3=11 IDENTICAL
  COLOR fn4: sched2=11 sched3=11 IDENTICAL
  LOWERING fn1: sched3=11 sched0=7 DIFFERS
  LOWERING fn2: sched3=11 sched0=7 DIFFERS
  LOWERING fn3: sched3=11 sched0=7 DIFFERS
  LOWERING fn4: sched3=11 sched0=7 DIFFERS
  gap-metric stage-snap-tuples 166
  gap-metric stage-snap-regions 32
  gap-metric stage-snap-walk-refusals 0
  gap-metric stage-snap-tuples-distinct 106
  gap-metric stage-snap-tuple-groups 16
  gap-metric stage-snap-suffix-violations 0
  gap-metric stage-color-pairs 4
  gap-metric stage-color-pairs-differing 0
  PAYLOAD 166 rows over 16 (phase,function) groups; 106 DISTINCT tuple positions (36.1% of the rows are suffix re-reads, inflation 1.57x). The nested-suffix model holds on every block, so DISTINCT is exact.
  RAW WINDOW 128B, 44 tuple pairs aligned across sched2/sched3 (0 function(s) skipped on a length mismatch).
                   offsets COLOR writes: NONE — the allocator wrote nothing in this window
  FINDING, not a green: the pre/post-COLOR snapshots are IDENTICAL on every
                   function here. The walk is reading fields COLOR does not write — it shows THAT
                   the allocator ran, not WHAT it did.
== il_call_args2.cpp digest=7f69e4a86e5502b4
  SCHED+GLOBREGS fn1: sched1=13 sched2=11 DIFFERS
  SCHED+GLOBREGS fn2: sched1=13 sched2=12 DIFFERS
  SCHED+GLOBREGS fn3: sched1=12 sched2=11 DIFFERS
  SCHED+GLOBREGS fn4: sched1=14 sched2=11 DIFFERS
  SCHED+GLOBREGS fn5: sched1=12 sched2=11 DIFFERS
  SCHED+GLOBREGS fn6: sched1=12 sched2=11 DIFFERS
  COLOR fn1: sched2=11 sched3=11 IDENTICAL
  COLOR fn2: sched2=12 sched3=12 IDENTICAL
  COLOR fn3: sched2=11 sched3=11 IDENTICAL
  COLOR fn4: sched2=11 sched3=11 IDENTICAL
  COLOR fn5: sched2=11 sched3=11 IDENTICAL
  COLOR fn6: sched2=11 sched3=11 IDENTICAL
  LOWERING fn1: sched3=11 sched0=7 DIFFERS
  LOWERING fn2: sched3=12 sched0=10 DIFFERS
  LOWERING fn3: sched3=11 sched0=7 DIFFERS
  LOWERING fn4: sched3=11 sched0=7 DIFFERS
  LOWERING fn5: sched3=11 sched0=7 DIFFERS
  LOWERING fn6: sched3=11 sched0=7 DIFFERS
  gap-metric stage-snap-tuples 255
  gap-metric stage-snap-regions 48
  gap-metric stage-snap-walk-refusals 0
  gap-metric stage-snap-tuples-distinct 165
  gap-metric stage-snap-tuple-groups 24
  gap-metric stage-snap-suffix-violations 0
  gap-metric stage-color-pairs 6
  gap-metric stage-color-pairs-differing 0
  PAYLOAD 255 rows over 24 (phase,function) groups; 165 DISTINCT tuple positions (35.3% of the rows are suffix re-reads, inflation 1.55x). The nested-suffix model holds on every block, so DISTINCT is exact.
  RAW WINDOW 128B, 67 tuple pairs aligned across sched2/sched3 (0 function(s) skipped on a length mismatch).
                   offsets COLOR writes: NONE — the allocator wrote nothing in this window
  FINDING, not a green: the pre/post-COLOR snapshots are IDENTICAL on every
                   function here. The walk is reading fields COLOR does not write — it shows THAT
                   the allocator ran, not WHAT it did.
== il_call_bound_neg.cpp digest=5bd19c85e448c397
  SCHED+GLOBREGS fn1: sched1=12 sched2=12 IDENTICAL
  SCHED+GLOBREGS fn2: sched1=13 sched2=11 DIFFERS
  COLOR fn1: sched2=12 sched3=11 DIFFERS
  COLOR fn2: sched2=11 sched3=11 IDENTICAL
  LOWERING fn1: sched3=11 sched0=8 DIFFERS
  LOWERING fn2: sched3=11 sched0=8 DIFFERS
  gap-metric stage-snap-tuples 86
  gap-metric stage-snap-regions 16
  gap-metric stage-snap-walk-refusals 0
  gap-metric stage-snap-tuples-distinct 56
  gap-metric stage-snap-tuple-groups 8
  gap-metric stage-snap-suffix-violations 0
  gap-metric stage-color-pairs 2
  gap-metric stage-color-pairs-differing 1
  PAYLOAD 86 rows over 8 (phase,function) groups; 56 DISTINCT tuple positions (34.9% of the rows are suffix re-reads, inflation 1.54x). The nested-suffix model holds on every block, so DISTINCT is exact.
  RAW WINDOW 128B, 11 tuple pairs aligned across sched2/sched3 (1 function(s) skipped on a length mismatch).
                   offsets COLOR writes: NONE — the allocator wrote nothing in this window
== il_call_multi.cpp digest=8bcc34e9dfff002b
  SCHED+GLOBREGS fn1: sched1=15 sched2=13 DIFFERS
  SCHED+GLOBREGS fn2: sched1=15 sched2=13 DIFFERS
  SCHED+GLOBREGS fn3: sched1=15 sched2=13 DIFFERS
  SCHED+GLOBREGS fn4: sched1=13 sched2=13 IDENTICAL
  SCHED+GLOBREGS fn5: sched1=14 sched2=14 IDENTICAL
  SCHED+GLOBREGS fn6: sched1=13 sched2=13 IDENTICAL
  SCHED+GLOBREGS fn7: sched1=13 sched2=12 DIFFERS
  COLOR fn1: sched2=13 sched3=13 IDENTICAL
  COLOR fn2: sched2=13 sched3=13 IDENTICAL
  COLOR fn3: sched2=13 sched3=13 IDENTICAL
  COLOR fn4: sched2=13 sched3=13 IDENTICAL
  COLOR fn5: sched2=14 sched3=14 IDENTICAL
  COLOR fn6: sched2=13 sched3=13 IDENTICAL
  COLOR fn7: sched2=12 sched3=11 DIFFERS
  LOWERING fn1: sched3=13 sched0=13 DIFFERS
  LOWERING fn2: sched3=13 sched0=13 DIFFERS
  LOWERING fn3: sched3=13 sched0=13 DIFFERS
  LOWERING fn4: sched3=13 sched0=8 DIFFERS
  LOWERING fn5: sched3=14 sched0=11 DIFFERS
  LOWERING fn6: sched3=13 sched0=8 DIFFERS
  LOWERING fn7: sched3=11 sched0=8 DIFFERS
  gap-metric stage-snap-tuples 353
  gap-metric stage-snap-regions 56
  gap-metric stage-snap-walk-refusals 0
  gap-metric stage-snap-tuples-distinct 248
  gap-metric stage-snap-tuple-groups 28
  gap-metric stage-snap-suffix-violations 0
  gap-metric stage-color-pairs 7
  gap-metric stage-color-pairs-differing 1
  PAYLOAD 353 rows over 28 (phase,function) groups; 248 DISTINCT tuple positions (29.7% of the rows are suffix re-reads, inflation 1.42x). The nested-suffix model holds on every block, so DISTINCT is exact.
  RAW WINDOW 128B, 79 tuple pairs aligned across sched2/sched3 (1 function(s) skipped on a length mismatch).
                   offsets COLOR writes: NONE — the allocator wrote nothing in this window
== il_call_perm.cpp digest=0003fc1d492f30d0
  SCHED+GLOBREGS fn1: sched1=13 sched2=11 DIFFERS
  SCHED+GLOBREGS fn2: sched1=14 sched2=11 DIFFERS
  SCHED+GLOBREGS fn3: sched1=14 sched2=12 DIFFERS
  SCHED+GLOBREGS fn4: sched1=14 sched2=13 DIFFERS
  SCHED+GLOBREGS fn5: sched1=14 sched2=12 DIFFERS
  SCHED+GLOBREGS fn6: sched1=14 sched2=12 DIFFERS
  SCHED+GLOBREGS fn7: sched1=14 sched2=12 DIFFERS
  COLOR fn1: sched2=11 sched3=11 IDENTICAL
  COLOR fn2: sched2=11 sched3=11 IDENTICAL
  COLOR fn3: sched2=12 sched3=12 IDENTICAL
  COLOR fn4: sched2=13 sched3=13 IDENTICAL
  COLOR fn5: sched2=12 sched3=12 IDENTICAL
  COLOR fn6: sched2=12 sched3=12 IDENTICAL
  COLOR fn7: sched2=12 sched3=12 IDENTICAL
  LOWERING fn1: sched3=11 sched0=7 DIFFERS
  LOWERING fn2: sched3=11 sched0=7 DIFFERS
  LOWERING fn3: sched3=12 sched0=10 DIFFERS
  LOWERING fn4: sched3=13 sched0=10 DIFFERS
  LOWERING fn5: sched3=12 sched0=10 DIFFERS
  LOWERING fn6: sched3=12 sched0=11 DIFFERS
  LOWERING fn7: sched3=12 sched0=11 DIFFERS
  gap-metric stage-snap-tuples 329
  gap-metric stage-snap-regions 56
  gap-metric stage-snap-walk-refusals 0
  gap-metric stage-snap-tuples-distinct 224
  gap-metric stage-snap-tuple-groups 28
  gap-metric stage-snap-suffix-violations 0
  gap-metric stage-color-pairs 7
  gap-metric stage-color-pairs-differing 0
  PAYLOAD 329 rows over 28 (phase,function) groups; 224 DISTINCT tuple positions (31.9% of the rows are suffix re-reads, inflation 1.47x). The nested-suffix model holds on every block, so DISTINCT is exact.
  RAW WINDOW 128B, 83 tuple pairs aligned across sched2/sched3 (0 function(s) skipped on a length mismatch).
                   offsets COLOR writes: NONE — the allocator wrote nothing in this window
  FINDING, not a green: the pre/post-COLOR snapshots are IDENTICAL on every
                   function here. The walk is reading fields COLOR does not write — it shows THAT
                   the allocator ran, not WHAT it did.
== il_call_return.cpp digest=91cc8e7b6e462eed
  SCHED+GLOBREGS fn1: sched1=13 sched2=13 IDENTICAL
  SCHED+GLOBREGS fn2: sched1=13 sched2=13 IDENTICAL
  SCHED+GLOBREGS fn3: sched1=16 sched2=16 IDENTICAL
  SCHED+GLOBREGS fn4: sched1=16 sched2=16 IDENTICAL
  SCHED+GLOBREGS fn5: sched1=13 sched2=13 IDENTICAL
  SCHED+GLOBREGS fn6: sched1=58 sched2=58 IDENTICAL
  SCHED+GLOBREGS fn7: sched1=28 sched2=28 IDENTICAL
  SCHED+GLOBREGS fn8: sched1=16 sched2=16 IDENTICAL
  COLOR fn1: sched2=13 sched3=11 DIFFERS
  COLOR fn2: sched2=13 sched3=13 IDENTICAL
  COLOR fn3: sched2=16 sched3=16 IDENTICAL
  COLOR fn4: sched2=16 sched3=16 IDENTICAL
  COLOR fn5: sched2=13 sched3=13 IDENTICAL
  COLOR fn6: sched2=58 sched3=57 DIFFERS
  COLOR fn7: sched2=28 sched3=27 DIFFERS
  COLOR fn8: sched2=16 sched3=16 IDENTICAL
  LOWERING fn1: sched3=11 sched0=8 DIFFERS
  LOWERING fn2: sched3=13 sched0=8 DIFFERS
  LOWERING fn3: sched3=16 sched0=22 DIFFERS
  LOWERING fn4: sched3=16 sched0=10 DIFFERS
  LOWERING fn5: sched3=13 sched0=10 DIFFERS
  LOWERING fn6: sched3=57 sched0=33 DIFFERS
  LOWERING fn7: sched3=27 sched0=35 DIFFERS
  LOWERING fn8: sched3=16 sched0=21 DIFFERS
  gap-metric stage-snap-tuples 662
  gap-metric stage-snap-regions 80
  gap-metric stage-snap-walk-refusals 0
  gap-metric stage-snap-tuples-distinct 357
  gap-metric stage-snap-tuple-groups 32
  gap-metric stage-snap-suffix-violations 0
  gap-metric stage-color-pairs 8
  gap-metric stage-color-pairs-differing 3
  PAYLOAD 662 rows over 32 (phase,function) groups; 357 DISTINCT tuple positions (46.1% of the rows are suffix re-reads, inflation 1.85x). The nested-suffix model holds on every block, so DISTINCT is exact.
  RAW WINDOW 128B, 74 tuple pairs aligned across sched2/sched3 (3 function(s) skipped on a length mismatch).
                   offsets COLOR writes: NONE — the allocator wrote nothing in this window
== il_call_value.cpp digest=4e94c9409bc23dcb
  SCHED+GLOBREGS fn1: sched1=12 sched2=11 DIFFERS
  SCHED+GLOBREGS fn2: sched1=12 sched2=11 DIFFERS
  SCHED+GLOBREGS fn3: sched1=13 sched2=11 DIFFERS
  SCHED+GLOBREGS fn4: sched1=14 sched2=11 DIFFERS
  SCHED+GLOBREGS fn5: sched1=14 sched2=12 DIFFERS
  COLOR fn1: sched2=11 sched3=11 IDENTICAL
  COLOR fn2: sched2=11 sched3=11 IDENTICAL
  COLOR fn3: sched2=11 sched3=11 IDENTICAL
  COLOR fn4: sched2=11 sched3=11 IDENTICAL
  COLOR fn5: sched2=12 sched3=12 IDENTICAL
  LOWERING fn1: sched3=11 sched0=7 DIFFERS
  LOWERING fn2: sched3=11 sched0=7 DIFFERS
  LOWERING fn3: sched3=11 sched0=7 DIFFERS
  LOWERING fn4: sched3=11 sched0=7 DIFFERS
  LOWERING fn5: sched3=12 sched0=10 DIFFERS
  gap-metric stage-snap-tuples 215
  gap-metric stage-snap-regions 40
  gap-metric stage-snap-walk-refusals 0
  gap-metric stage-snap-tuples-distinct 140
  gap-metric stage-snap-tuple-groups 20
  gap-metric stage-snap-suffix-violations 0
  gap-metric stage-color-pairs 5
  gap-metric stage-color-pairs-differing 0
  PAYLOAD 215 rows over 20 (phase,function) groups; 140 DISTINCT tuple positions (34.9% of the rows are suffix re-reads, inflation 1.54x). The nested-suffix model holds on every block, so DISTINCT is exact.
  RAW WINDOW 128B, 56 tuple pairs aligned across sched2/sched3 (0 function(s) skipped on a length mismatch).
                   offsets COLOR writes: NONE — the allocator wrote nothing in this window
  FINDING, not a green: the pre/post-COLOR snapshots are IDENTICAL on every
                   function here. The walk is reading fields COLOR does not write — it shows THAT
                   the allocator ran, not WHAT it did.
== il_convert_scalar.cpp digest=c2d37c8c017834a9
  SCHED+GLOBREGS fn1: sched1=10 sched2=4 DIFFERS
  SCHED+GLOBREGS fn2: sched1=10 sched2=4 DIFFERS
  SCHED+GLOBREGS fn3: sched1=10 sched2=4 DIFFERS
  SCHED+GLOBREGS fn4: sched1=10 sched2=4 DIFFERS
  SCHED+GLOBREGS fn5: sched1=10 sched2=4 DIFFERS
  SCHED+GLOBREGS fn6: sched1=10 sched2=4 DIFFERS
  SCHED+GLOBREGS fn7: sched1=10 sched2=4 DIFFERS
  SCHED+GLOBREGS fn8: sched1=10 sched2=4 DIFFERS
  SCHED+GLOBREGS fn9: sched1=10 sched2=4 DIFFERS
  SCHED+GLOBREGS fn10: sched1=10 sched2=4 DIFFERS
  SCHED+GLOBREGS fn11: sched1=14 sched2=13 DIFFERS
  SCHED+GLOBREGS fn12: sched1=13 sched2=12 DIFFERS
  SCHED+GLOBREGS fn13: sched1=12 sched2=11 DIFFERS
  SCHED+GLOBREGS fn14: sched1=10 sched2=4 DIFFERS
  SCHED+GLOBREGS fn15: sched1=10 sched2=4 DIFFERS
  SCHED+GLOBREGS fn16: sched1=10 sched2=4 DIFFERS
  SCHED+GLOBREGS fn17: sched1=10 sched2=4 DIFFERS
  SCHED+GLOBREGS fn18: sched1=10 sched2=4 DIFFERS
  SCHED+GLOBREGS fn19: sched1=10 sched2=4 DIFFERS
  COLOR fn1: sched2=4 sched3=4 IDENTICAL
  COLOR fn2: sched2=4 sched3=4 IDENTICAL
  COLOR fn3: sched2=4 sched3=4 IDENTICAL
  COLOR fn4: sched2=4 sched3=4 IDENTICAL
  COLOR fn5: sched2=4 sched3=4 IDENTICAL
  COLOR fn6: sched2=4 sched3=4 IDENTICAL
  COLOR fn7: sched2=4 sched3=4 IDENTICAL
  COLOR fn8: sched2=4 sched3=4 IDENTICAL
  COLOR fn9: sched2=4 sched3=4 IDENTICAL
  COLOR fn10: sched2=4 sched3=4 IDENTICAL
  COLOR fn11: sched2=13 sched3=13 IDENTICAL
  COLOR fn12: sched2=12 sched3=12 IDENTICAL
  COLOR fn13: sched2=11 sched3=11 IDENTICAL
  COLOR fn14: sched2=4 sched3=4 IDENTICAL
  COLOR fn15: sched2=4 sched3=4 IDENTICAL
  COLOR fn16: sched2=4 sched3=4 IDENTICAL
  COLOR fn17: sched2=4 sched3=4 IDENTICAL
  COLOR fn18: sched2=4 sched3=4 IDENTICAL
  COLOR fn19: sched2=4 sched3=4 IDENTICAL
  LOWERING fn1: sched3=4 sched0=4 DIFFERS
  LOWERING fn2: sched3=4 sched0=4 DIFFERS
  LOWERING fn3: sched3=4 sched0=4 DIFFERS
  LOWERING fn4: sched3=4 sched0=9 DIFFERS
  LOWERING fn5: sched3=4 sched0=9 DIFFERS
  LOWERING fn6: sched3=4 sched0=9 DIFFERS
  LOWERING fn7: sched3=4 sched0=9 DIFFERS
  LOWERING fn8: sched3=4 sched0=9 DIFFERS
  LOWERING fn9: sched3=4 sched0=9 DIFFERS
  LOWERING fn10: sched3=4 sched0=9 DIFFERS
  LOWERING fn11: sched3=13 sched0=13 DIFFERS
  LOWERING fn12: sched3=12 sched0=12 DIFFERS
  LOWERING fn13: sched3=11 sched0=11 DIFFERS
  LOWERING fn14: sched3=4 sched0=4 DIFFERS
  LOWERING fn15: sched3=4 sched0=9 DIFFERS
  LOWERING fn16: sched3=4 sched0=9 DIFFERS
  LOWERING fn17: sched3=4 sched0=9 DIFFERS
  LOWERING fn18: sched3=4 sched0=4 DIFFERS
  LOWERING fn19: sched3=4 sched0=4 DIFFERS
  gap-metric stage-snap-tuples 549
  gap-metric stage-snap-regions 114
  gap-metric stage-snap-walk-refusals 0
  gap-metric stage-snap-tuples-distinct 397
  gap-metric stage-snap-tuple-groups 76
  gap-metric stage-snap-suffix-violations 0
  gap-metric stage-color-pairs 19
  gap-metric stage-color-pairs-differing 0
  PAYLOAD 549 rows over 76 (phase,function) groups; 397 DISTINCT tuple positions (27.7% of the rows are suffix re-reads, inflation 1.38x). The nested-suffix model holds on every block, so DISTINCT is exact.
  RAW WINDOW 128B, 100 tuple pairs aligned across sched2/sched3 (0 function(s) skipped on a length mismatch).
                   offsets COLOR writes: NONE — the allocator wrote nothing in this window
  FINDING, not a green: the pre/post-COLOR snapshots are IDENTICAL on every
                   function here. The walk is reading fields COLOR does not write — it shows THAT
                   the allocator ran, not WHAT it did.
== il_deep_chain.cpp digest=3fed1e6d369c29cd
  SCHED+GLOBREGS fn1: sched1=13 sched2=10 DIFFERS
  SCHED+GLOBREGS fn2: sched1=14 sched2=10 DIFFERS
  SCHED+GLOBREGS fn3: sched1=15 sched2=12 DIFFERS
  COLOR fn1: sched2=10 sched3=4 DIFFERS
  COLOR fn2: sched2=10 sched3=4 DIFFERS
  COLOR fn3: sched2=12 sched3=4 DIFFERS
  LOWERING fn1: sched3=4 sched0=12 DIFFERS
  LOWERING fn2: sched3=4 sched0=13 DIFFERS
  LOWERING fn3: sched3=4 sched0=14 DIFFERS
  gap-metric stage-snap-tuples 125
  gap-metric stage-snap-regions 21
  gap-metric stage-snap-walk-refusals 0
  gap-metric stage-snap-tuples-distinct 89
  gap-metric stage-snap-tuple-groups 12
  gap-metric stage-snap-suffix-violations 0
  gap-metric stage-color-pairs 3
  gap-metric stage-color-pairs-differing 3
  PAYLOAD 125 rows over 12 (phase,function) groups; 89 DISTINCT tuple positions (28.8% of the rows are suffix re-reads, inflation 1.40x). The nested-suffix model holds on every block, so DISTINCT is exact.
  RAW WINDOW VACUOUS — 0 pairs aligned across sched2/sched3 (3 function(s) skipped on a length mismatch, window 128B).
                   NOTHING WAS COMPARED. This says nothing about what COLOR writes.
== il_dllexport_neg.cpp digest=0b1996db733dbeb6
  SCHED+GLOBREGS fn1: sched1=10 sched2=10 IDENTICAL
  SCHED+GLOBREGS fn2: sched1=10 sched2=10 IDENTICAL
  COLOR fn1: sched2=10 sched3=10 IDENTICAL
  COLOR fn2: sched2=10 sched3=10 IDENTICAL
  LOWERING fn1: sched3=10 sched0=9 DIFFERS
  LOWERING fn2: sched3=10 sched0=9 DIFFERS
  gap-metric stage-snap-tuples 78
  gap-metric stage-snap-regions 16
  gap-metric stage-snap-walk-refusals 0
  gap-metric stage-snap-tuples-distinct 46
  gap-metric stage-snap-tuple-groups 8
  gap-metric stage-snap-suffix-violations 0
  gap-metric stage-color-pairs 2
  gap-metric stage-color-pairs-differing 0
  PAYLOAD 78 rows over 8 (phase,function) groups; 46 DISTINCT tuple positions (41.0% of the rows are suffix re-reads, inflation 1.70x). The nested-suffix model holds on every block, so DISTINCT is exact.
  RAW WINDOW 128B, 20 tuple pairs aligned across sched2/sched3 (0 function(s) skipped on a length mismatch).
                   offsets COLOR writes: NONE — the allocator wrote nothing in this window
  FINDING, not a green: the pre/post-COLOR snapshots are IDENTICAL on every
                   function here. The walk is reading fields COLOR does not write — it shows THAT
                   the allocator ran, not WHAT it did.
== il_drectve_pragma.cpp digest=0df8759e4851450c
  SCHED+GLOBREGS fn1: sched1=10 sched2=10 IDENTICAL
  COLOR fn1: sched2=10 sched3=4 DIFFERS
  LOWERING fn1: sched3=4 sched0=9 DIFFERS
  gap-metric stage-snap-tuples 33
  gap-metric stage-snap-regions 7
  gap-metric stage-snap-walk-refusals 0
  gap-metric stage-snap-tuples-distinct 21
  gap-metric stage-snap-tuple-groups 4
  gap-metric stage-snap-suffix-violations 0
  gap-metric stage-color-pairs 1
  gap-metric stage-color-pairs-differing 1
  PAYLOAD 33 rows over 4 (phase,function) groups; 21 DISTINCT tuple positions (36.4% of the rows are suffix re-reads, inflation 1.57x). The nested-suffix model holds on every block, so DISTINCT is exact.
  RAW WINDOW VACUOUS — 0 pairs aligned across sched2/sched3 (1 function(s) skipped on a length mismatch, window 128B).
                   NOTHING WAS COMPARED. This says nothing about what COLOR writes.
== il_dyninit_static.cpp digest=e9afa20009f4ff41
  SCHED+GLOBREGS fn1: sched1=14 sched2=14 DIFFERS
  COLOR fn1: sched2=14 sched3=14 DIFFERS
  LOWERING fn1: sched3=14 sched0=12 DIFFERS
  gap-metric stage-snap-tuples 54
  gap-metric stage-snap-regions 8
  gap-metric stage-snap-walk-refusals 0
  gap-metric stage-snap-tuples-distinct 39
  gap-metric stage-snap-tuple-groups 4
  gap-metric stage-snap-suffix-violations 0
  gap-metric stage-color-pairs 1
  gap-metric stage-color-pairs-differing 1
  PAYLOAD 54 rows over 4 (phase,function) groups; 39 DISTINCT tuple positions (27.8% of the rows are suffix re-reads, inflation 1.38x). The nested-suffix model holds on every block, so DISTINCT is exact.
  RAW WINDOW 128B, 14 tuple pairs aligned across sched2/sched3 (0 function(s) skipped on a length mismatch).
                   offsets COLOR writes: +0x0(4) +0x1(2) +0x4(2) +0x10(4) +0x11(2) +0x28(2) +0x29(2) +0x2c(2) +0x2d(4) +0x34(3) +0x35(4) +0x44(2) +0x45(1) +0x48(2) +0x4c(2) +0x4d(2) +0x50(2) +0x51(2) +0x54(2) +0x55(4) +0x56(4) +0x57(4) +0x58(6) +0x59(1) +0x5c(2) +0x5d(2) +0x5f(2) +0x64(2) +0x65(4) +0x66(4) +0x67(4) +0x68(4) +0x6c(2) +0x6d(4) +0x6e(4) +0x6f(4) +0x74(2) +0x75(4) +0x76(4) +0x77(4) +0x78(4) +0x79(2) +0x7c(4) +0x7d(4) +0x7e(2) +0x7f(4)
== il_expr_call_value.cpp digest=f4ed35134d8d8bc9
  SCHED+GLOBREGS fn1: sched1=12 sched2=11 DIFFERS
  SCHED+GLOBREGS fn2: sched1=12 sched2=11 DIFFERS
  SCHED+GLOBREGS fn3: sched1=12 sched2=11 DIFFERS
  SCHED+GLOBREGS fn4: sched1=15 sched2=13 DIFFERS
  SCHED+GLOBREGS fn5: sched1=14 sched2=13 DIFFERS
  SCHED+GLOBREGS fn6: sched1=16 sched2=16 IDENTICAL
  SCHED+GLOBREGS fn7: sched1=9 sched2=9 IDENTICAL
  COLOR fn1: sched2=11 sched3=11 IDENTICAL
  COLOR fn2: sched2=11 sched3=11 IDENTICAL
  COLOR fn3: sched2=11 sched3=11 IDENTICAL
  COLOR fn4: sched2=13 sched3=13 IDENTICAL
  COLOR fn5: sched2=13 sched3=13 IDENTICAL
  COLOR fn6: sched2=16 sched3=16 IDENTICAL
  COLOR fn7: sched2=9 sched3=9 IDENTICAL
  LOWERING fn1: sched3=11 sched0=7 DIFFERS
  LOWERING fn2: sched3=11 sched0=16 DIFFERS
  LOWERING fn3: sched3=11 sched0=7 DIFFERS
  LOWERING fn4: sched3=13 sched0=16 DIFFERS
  LOWERING fn5: sched3=13 sched0=16 DIFFERS
  LOWERING fn6: sched3=16 sched0=25 DIFFERS
  LOWERING fn7: sched3=9 sched0=7 DIFFERS
  gap-metric stage-snap-tuples 352
  gap-metric stage-snap-regions 56
  gap-metric stage-snap-walk-refusals 0
  gap-metric stage-snap-tuples-distinct 229
  gap-metric stage-snap-tuple-groups 28
  gap-metric stage-snap-suffix-violations 0
  gap-metric stage-color-pairs 7
  gap-metric stage-color-pairs-differing 0
  PAYLOAD 352 rows over 28 (phase,function) groups; 229 DISTINCT tuple positions (34.9% of the rows are suffix re-reads, inflation 1.54x). The nested-suffix model holds on every block, so DISTINCT is exact.
  RAW WINDOW 128B, 84 tuple pairs aligned across sched2/sched3 (0 function(s) skipped on a length mismatch).
                   offsets COLOR writes: NONE — the allocator wrote nothing in this window
  FINDING, not a green: the pre/post-COLOR snapshots are IDENTICAL on every
                   function here. The walk is reading fields COLOR does not write — it shows THAT
                   the allocator ran, not WHAT it did.
== il_expr_cast.cpp digest=a65e4a8a3322b112
  SCHED+GLOBREGS fn1: sched1=11 sched2=10 DIFFERS
  SCHED+GLOBREGS fn2: sched1=11 sched2=10 DIFFERS
  SCHED+GLOBREGS fn3: sched1=11 sched2=10 DIFFERS
  SCHED+GLOBREGS fn4: sched1=10 sched2=4 DIFFERS
  SCHED+GLOBREGS fn5: sched1=10 sched2=4 DIFFERS
  SCHED+GLOBREGS fn6: sched1=10 sched2=4 DIFFERS
  SCHED+GLOBREGS fn7: sched1=10 sched2=4 DIFFERS
  SCHED+GLOBREGS fn8: sched1=14 sched2=13 DIFFERS
  SCHED+GLOBREGS fn9: sched1=12 sched2=11 DIFFERS
  COLOR fn1: sched2=10 sched3=10 IDENTICAL
  COLOR fn2: sched2=10 sched3=10 IDENTICAL
  COLOR fn3: sched2=10 sched3=10 IDENTICAL
  COLOR fn4: sched2=4 sched3=4 IDENTICAL
  COLOR fn5: sched2=4 sched3=4 IDENTICAL
  COLOR fn6: sched2=4 sched3=4 IDENTICAL
  COLOR fn7: sched2=4 sched3=4 IDENTICAL
  COLOR fn8: sched2=13 sched3=13 IDENTICAL
  COLOR fn9: sched2=11 sched3=11 IDENTICAL
  LOWERING fn1: sched3=10 sched0=9 DIFFERS
  LOWERING fn2: sched3=10 sched0=9 DIFFERS
  LOWERING fn3: sched3=10 sched0=9 DIFFERS
  LOWERING fn4: sched3=4 sched0=9 DIFFERS
  LOWERING fn5: sched3=4 sched0=4 DIFFERS
  LOWERING fn6: sched3=4 sched0=4 DIFFERS
  LOWERING fn7: sched3=4 sched0=9 DIFFERS
  LOWERING fn8: sched3=13 sched0=13 DIFFERS
  LOWERING fn9: sched3=11 sched0=11 DIFFERS
  gap-metric stage-snap-tuples 316
  gap-metric stage-snap-regions 62
  gap-metric stage-snap-walk-refusals 0
  gap-metric stage-snap-tuples-distinct 212
  gap-metric stage-snap-tuple-groups 36
  gap-metric stage-snap-suffix-violations 0
  gap-metric stage-color-pairs 9
  gap-metric stage-color-pairs-differing 0
  PAYLOAD 316 rows over 36 (phase,function) groups; 212 DISTINCT tuple positions (32.9% of the rows are suffix re-reads, inflation 1.49x). The nested-suffix model holds on every block, so DISTINCT is exact.
  RAW WINDOW 128B, 70 tuple pairs aligned across sched2/sched3 (0 function(s) skipped on a length mismatch).
                   offsets COLOR writes: NONE — the allocator wrote nothing in this window
  FINDING, not a green: the pre/post-COLOR snapshots are IDENTICAL on every
                   function here. The walk is reading fields COLOR does not write — it shows THAT
                   the allocator ran, not WHAT it did.
== il_expr_deref.cpp digest=ea31db91aa736984
  SCHED+GLOBREGS fn1: sched1=10 sched2=10 IDENTICAL
  SCHED+GLOBREGS fn2: sched1=10 sched2=10 IDENTICAL
  SCHED+GLOBREGS fn3: sched1=10 sched2=10 IDENTICAL
  SCHED+GLOBREGS fn4: sched1=10 sched2=10 IDENTICAL
  SCHED+GLOBREGS fn5: sched1=10 sched2=10 IDENTICAL
  SCHED+GLOBREGS fn6: sched1=10 sched2=10 IDENTICAL
  SCHED+GLOBREGS fn7: sched1=10 sched2=10 IDENTICAL
  SCHED+GLOBREGS fn8: sched1=10 sched2=10 IDENTICAL
  SCHED+GLOBREGS fn9: sched1=10 sched2=10 IDENTICAL
  SCHED+GLOBREGS fn10: sched1=10 sched2=10 IDENTICAL
  SCHED+GLOBREGS fn11: sched1=10 sched2=10 IDENTICAL
  SCHED+GLOBREGS fn12: sched1=10 sched2=10 IDENTICAL
  SCHED+GLOBREGS fn13: sched1=10 sched2=10 IDENTICAL
  SCHED+GLOBREGS fn14: sched1=10 sched2=10 IDENTICAL
  SCHED+GLOBREGS fn15: sched1=10 sched2=10 IDENTICAL
  SCHED+GLOBREGS fn16: sched1=10 sched2=10 IDENTICAL
  COLOR fn1: sched2=10 sched3=10 IDENTICAL
  COLOR fn2: sched2=10 sched3=10 IDENTICAL
  COLOR fn3: sched2=10 sched3=10 IDENTICAL
  COLOR fn4: sched2=10 sched3=10 IDENTICAL
  COLOR fn5: sched2=10 sched3=10 IDENTICAL
  COLOR fn6: sched2=10 sched3=10 IDENTICAL
  COLOR fn7: sched2=10 sched3=10 IDENTICAL
  COLOR fn8: sched2=10 sched3=10 IDENTICAL
  COLOR fn9: sched2=10 sched3=10 IDENTICAL
  COLOR fn10: sched2=10 sched3=10 IDENTICAL
  COLOR fn11: sched2=10 sched3=10 IDENTICAL
  COLOR fn12: sched2=10 sched3=10 IDENTICAL
  COLOR fn13: sched2=10 sched3=10 IDENTICAL
  COLOR fn14: sched2=10 sched3=10 IDENTICAL
  COLOR fn15: sched2=10 sched3=10 IDENTICAL
  COLOR fn16: sched2=10 sched3=10 IDENTICAL
  LOWERING fn1: sched3=10 sched0=9 DIFFERS
  LOWERING fn2: sched3=10 sched0=9 DIFFERS
  LOWERING fn3: sched3=10 sched0=9 DIFFERS
  LOWERING fn4: sched3=10 sched0=9 DIFFERS
  LOWERING fn5: sched3=10 sched0=9 DIFFERS
  LOWERING fn6: sched3=10 sched0=9 DIFFERS
  LOWERING fn7: sched3=10 sched0=9 DIFFERS
  LOWERING fn8: sched3=10 sched0=9 DIFFERS
  LOWERING fn9: sched3=10 sched0=9 DIFFERS
  LOWERING fn10: sched3=10 sched0=9 DIFFERS
  LOWERING fn11: sched3=10 sched0=9 DIFFERS
  LOWERING fn12: sched3=10 sched0=9 DIFFERS
  LOWERING fn13: sched3=10 sched0=9 DIFFERS
  LOWERING fn14: sched3=10 sched0=9 DIFFERS
  LOWERING fn15: sched3=10 sched0=9 DIFFERS
  LOWERING fn16: sched3=10 sched0=9 DIFFERS
  gap-metric stage-snap-tuples 624
  gap-metric stage-snap-regions 128
  gap-metric stage-snap-walk-refusals 0
  gap-metric stage-snap-tuples-distinct 368
  gap-metric stage-snap-tuple-groups 64
  gap-metric stage-snap-suffix-violations 0
  gap-metric stage-color-pairs 16
  gap-metric stage-color-pairs-differing 0
  PAYLOAD 624 rows over 64 (phase,function) groups; 368 DISTINCT tuple positions (41.0% of the rows are suffix re-reads, inflation 1.70x). The nested-suffix model holds on every block, so DISTINCT is exact.
  RAW WINDOW 128B, 160 tuple pairs aligned across sched2/sched3 (0 function(s) skipped on a length mismatch).
                   offsets COLOR writes: NONE — the allocator wrote nothing in this window
  FINDING, not a green: the pre/post-COLOR snapshots are IDENTICAL on every
                   function here. The walk is reading fields COLOR does not write — it shows THAT
                   the allocator ran, not WHAT it did.
== il_expr_index.cpp digest=24265a1869c6c0cc
  SCHED+GLOBREGS fn1: sched1=10 sched2=10 IDENTICAL
  SCHED+GLOBREGS fn2: sched1=10 sched2=10 IDENTICAL
  SCHED+GLOBREGS fn3: sched1=10 sched2=10 IDENTICAL
  SCHED+GLOBREGS fn4: sched1=10 sched2=10 IDENTICAL
  SCHED+GLOBREGS fn5: sched1=10 sched2=10 IDENTICAL
  SCHED+GLOBREGS fn6: sched1=10 sched2=10 IDENTICAL
  SCHED+GLOBREGS fn7: sched1=10 sched2=10 IDENTICAL
  SCHED+GLOBREGS fn8: sched1=11 sched2=10 DIFFERS
  SCHED+GLOBREGS fn9: sched1=10 sched2=10 IDENTICAL
  SCHED+GLOBREGS fn10: sched1=11 sched2=10 DIFFERS
  COLOR fn1: sched2=10 sched3=10 IDENTICAL
  COLOR fn2: sched2=10 sched3=10 IDENTICAL
  COLOR fn3: sched2=10 sched3=10 IDENTICAL
  COLOR fn4: sched2=10 sched3=10 IDENTICAL
  COLOR fn5: sched2=10 sched3=10 IDENTICAL
  COLOR fn6: sched2=10 sched3=10 IDENTICAL
  COLOR fn7: sched2=10 sched3=10 IDENTICAL
  COLOR fn8: sched2=10 sched3=10 IDENTICAL
  COLOR fn9: sched2=10 sched3=10 IDENTICAL
  COLOR fn10: sched2=10 sched3=10 IDENTICAL
  LOWERING fn1: sched3=10 sched0=9 DIFFERS
  LOWERING fn2: sched3=10 sched0=9 DIFFERS
  LOWERING fn3: sched3=10 sched0=9 DIFFERS
  LOWERING fn4: sched3=10 sched0=9 DIFFERS
  LOWERING fn5: sched3=10 sched0=9 DIFFERS
  LOWERING fn6: sched3=10 sched0=9 DIFFERS
  LOWERING fn7: sched3=10 sched0=9 DIFFERS
  LOWERING fn8: sched3=10 sched0=10 DIFFERS
  LOWERING fn9: sched3=10 sched0=9 DIFFERS
  LOWERING fn10: sched3=10 sched0=10 DIFFERS
  gap-metric stage-snap-tuples 394
  gap-metric stage-snap-regions 80
  gap-metric stage-snap-walk-refusals 0
  gap-metric stage-snap-tuples-distinct 234
  gap-metric stage-snap-tuple-groups 40
  gap-metric stage-snap-suffix-violations 0
  gap-metric stage-color-pairs 10
  gap-metric stage-color-pairs-differing 0
  PAYLOAD 394 rows over 40 (phase,function) groups; 234 DISTINCT tuple positions (40.6% of the rows are suffix re-reads, inflation 1.68x). The nested-suffix model holds on every block, so DISTINCT is exact.
  RAW WINDOW 128B, 100 tuple pairs aligned across sched2/sched3 (0 function(s) skipped on a length mismatch).
                   offsets COLOR writes: NONE — the allocator wrote nothing in this window
  FINDING, not a green: the pre/post-COLOR snapshots are IDENTICAL on every
                   function here. The walk is reading fields COLOR does not write — it shows THAT
                   the allocator ran, not WHAT it did.
== il_expr_load_neg.cpp digest=83332f6714a2ac5c
  SCHED+GLOBREGS fn1: sched1=10 sched2=10 IDENTICAL
  SCHED+GLOBREGS fn2: sched1=10 sched2=10 IDENTICAL
  SCHED+GLOBREGS fn3: sched1=10 sched2=10 IDENTICAL
  SCHED+GLOBREGS fn4: sched1=10 sched2=10 IDENTICAL
  SCHED+GLOBREGS fn5: sched1=10 sched2=10 IDENTICAL
  SCHED+GLOBREGS fn6: sched1=11 sched2=11 IDENTICAL
  SCHED+GLOBREGS fn7: sched1=11 sched2=11 IDENTICAL
  SCHED+GLOBREGS fn8: sched1=12 sched2=12 IDENTICAL
  SCHED+GLOBREGS fn9: sched1=11 sched2=11 IDENTICAL
  SCHED+GLOBREGS fn10: sched1=12 sched2=12 IDENTICAL
  SCHED+GLOBREGS fn11: sched1=11 sched2=10 DIFFERS
  SCHED+GLOBREGS fn12: sched1=13 sched2=12 DIFFERS
  SCHED+GLOBREGS fn13: sched1=11 sched2=11 IDENTICAL
  SCHED+GLOBREGS fn14: sched1=11 sched2=11 IDENTICAL
  SCHED+GLOBREGS fn15: sched1=12 sched2=12 DIFFERS
  SCHED+GLOBREGS fn16: sched1=10 sched2=10 IDENTICAL
  SCHED+GLOBREGS fn17: sched1=11 sched2=11 IDENTICAL
  COLOR fn1: sched2=10 sched3=10 IDENTICAL
  COLOR fn2: sched2=10 sched3=10 IDENTICAL
  COLOR fn3: sched2=10 sched3=10 IDENTICAL
  COLOR fn4: sched2=10 sched3=10 IDENTICAL
  COLOR fn5: sched2=10 sched3=10 IDENTICAL
  COLOR fn6: sched2=11 sched3=11 IDENTICAL
  COLOR fn7: sched2=11 sched3=11 IDENTICAL
  COLOR fn8: sched2=12 sched3=12 IDENTICAL
  COLOR fn9: sched2=11 sched3=11 IDENTICAL
  COLOR fn10: sched2=12 sched3=12 IDENTICAL
  COLOR fn11: sched2=10 sched3=10 IDENTICAL
  COLOR fn12: sched2=12 sched3=11 DIFFERS
  COLOR fn13: sched2=11 sched3=11 IDENTICAL
  COLOR fn14: sched2=11 sched3=11 IDENTICAL
  COLOR fn15: sched2=12 sched3=12 IDENTICAL
  COLOR fn16: sched2=10 sched3=10 IDENTICAL
  COLOR fn17: sched2=11 sched3=11 IDENTICAL
  LOWERING fn1: sched3=10 sched0=9 DIFFERS
  LOWERING fn2: sched3=10 sched0=9 DIFFERS
  LOWERING fn3: sched3=10 sched0=9 DIFFERS
  LOWERING fn4: sched3=10 sched0=9 DIFFERS
  LOWERING fn5: sched3=10 sched0=9 DIFFERS
  LOWERING fn6: sched3=11 sched0=10 DIFFERS
  LOWERING fn7: sched3=11 sched0=10 DIFFERS
  LOWERING fn8: sched3=12 sched0=11 DIFFERS
  LOWERING fn9: sched3=11 sched0=10 DIFFERS
  LOWERING fn10: sched3=12 sched0=11 DIFFERS
  LOWERING fn11: sched3=10 sched0=10 DIFFERS
  LOWERING fn12: sched3=11 sched0=12 DIFFERS
  LOWERING fn13: sched3=11 sched0=11 DIFFERS
  LOWERING fn14: sched3=11 sched0=10 DIFFERS
  LOWERING fn15: sched3=12 sched0=12 DIFFERS
  LOWERING fn16: sched3=10 sched0=9 DIFFERS
  LOWERING fn17: sched3=11 sched0=10 DIFFERS
  gap-metric stage-snap-tuples 724
  gap-metric stage-snap-regions 136
  gap-metric stage-snap-walk-refusals 0
  gap-metric stage-snap-tuples-distinct 452
  gap-metric stage-snap-tuple-groups 68
  gap-metric stage-snap-suffix-violations 0
  gap-metric stage-color-pairs 17
  gap-metric stage-color-pairs-differing 1
  PAYLOAD 724 rows over 68 (phase,function) groups; 452 DISTINCT tuple positions (37.6% of the rows are suffix re-reads, inflation 1.60x). The nested-suffix model holds on every block, so DISTINCT is exact.
  RAW WINDOW 128B, 172 tuple pairs aligned across sched2/sched3 (1 function(s) skipped on a length mismatch).
                   offsets COLOR writes: +0x3d(2) +0x49(3) +0x69(3) +0x71(2) +0x7d(1)
== il_expr_member.cpp digest=50acf3301792fb47
  SCHED+GLOBREGS fn1: sched1=10 sched2=10 IDENTICAL
  SCHED+GLOBREGS fn2: sched1=10 sched2=10 IDENTICAL
  SCHED+GLOBREGS fn3: sched1=10 sched2=10 IDENTICAL
  SCHED+GLOBREGS fn4: sched1=10 sched2=10 IDENTICAL
  SCHED+GLOBREGS fn5: sched1=10 sched2=10 IDENTICAL
  SCHED+GLOBREGS fn6: sched1=10 sched2=10 IDENTICAL
  COLOR fn1: sched2=10 sched3=10 IDENTICAL
  COLOR fn2: sched2=10 sched3=10 IDENTICAL
  COLOR fn3: sched2=10 sched3=10 IDENTICAL
  COLOR fn4: sched2=10 sched3=10 IDENTICAL
  COLOR fn5: sched2=10 sched3=10 IDENTICAL
  COLOR fn6: sched2=10 sched3=10 IDENTICAL
  LOWERING fn1: sched3=10 sched0=9 DIFFERS
  LOWERING fn2: sched3=10 sched0=9 DIFFERS
  LOWERING fn3: sched3=10 sched0=9 DIFFERS
  LOWERING fn4: sched3=10 sched0=9 DIFFERS
  LOWERING fn5: sched3=10 sched0=9 DIFFERS
  LOWERING fn6: sched3=10 sched0=9 DIFFERS
  gap-metric stage-snap-tuples 234
  gap-metric stage-snap-regions 48
  gap-metric stage-snap-walk-refusals 0
  gap-metric stage-snap-tuples-distinct 138
  gap-metric stage-snap-tuple-groups 24
  gap-metric stage-snap-suffix-violations 0
  gap-metric stage-color-pairs 6
  gap-metric stage-color-pairs-differing 0
  PAYLOAD 234 rows over 24 (phase,function) groups; 138 DISTINCT tuple positions (41.0% of the rows are suffix re-reads, inflation 1.70x). The nested-suffix model holds on every block, so DISTINCT is exact.
  RAW WINDOW 128B, 60 tuple pairs aligned across sched2/sched3 (0 function(s) skipped on a length mismatch).
                   offsets COLOR writes: NONE — the allocator wrote nothing in this window
  FINDING, not a green: the pre/post-COLOR snapshots are IDENTICAL on every
                   function here. The walk is reading fields COLOR does not write — it shows THAT
                   the allocator ran, not WHAT it did.
== il_expr_temp.cpp digest=05329d0917812054
  SCHED+GLOBREGS fn1: sched1=12 sched2=12 IDENTICAL
  SCHED+GLOBREGS fn2: sched1=12 sched2=12 DIFFERS
  SCHED+GLOBREGS fn3: sched1=14 sched2=14 DIFFERS
  COLOR fn1: sched2=12 sched3=12 IDENTICAL
  COLOR fn2: sched2=12 sched3=12 IDENTICAL
  COLOR fn3: sched2=14 sched3=14 IDENTICAL
  LOWERING fn1: sched3=12 sched0=11 DIFFERS
  LOWERING fn2: sched3=12 sched0=17 DIFFERS
  LOWERING fn3: sched3=14 sched0=18 DIFFERS
  gap-metric stage-snap-tuples 160
  gap-metric stage-snap-regions 24
  gap-metric stage-snap-walk-refusals 0
  gap-metric stage-snap-tuples-distinct 106
  gap-metric stage-snap-tuple-groups 12
  gap-metric stage-snap-suffix-violations 0
  gap-metric stage-color-pairs 3
  gap-metric stage-color-pairs-differing 0
  PAYLOAD 160 rows over 12 (phase,function) groups; 106 DISTINCT tuple positions (33.8% of the rows are suffix re-reads, inflation 1.51x). The nested-suffix model holds on every block, so DISTINCT is exact.
  RAW WINDOW 128B, 38 tuple pairs aligned across sched2/sched3 (0 function(s) skipped on a length mismatch).
                   offsets COLOR writes: +0x49(1) +0x69(1)
  FINDING, not a green: the pre/post-COLOR snapshots are IDENTICAL on every
                   function here. The walk is reading fields COLOR does not write — it shows THAT
                   the allocator ran, not WHAT it did.
== il_expr_ternary.cpp digest=c5f317df5d74675e
  SCHED+GLOBREGS fn1: sched1=60 sched2=59 DIFFERS
  SCHED+GLOBREGS fn2: sched1=60 sched2=59 DIFFERS
  SCHED+GLOBREGS fn3: sched1=11 sched2=11 IDENTICAL
  SCHED+GLOBREGS fn4: sched1=11 sched2=11 IDENTICAL
  COLOR fn1: sched2=59 sched3=59 IDENTICAL
  COLOR fn2: sched2=59 sched3=59 IDENTICAL
  COLOR fn3: sched2=11 sched3=11 IDENTICAL
  COLOR fn4: sched2=11 sched3=11 IDENTICAL
  LOWERING fn1: sched3=59 sched0=19 DIFFERS
  LOWERING fn2: sched3=59 sched0=19 DIFFERS
  LOWERING fn3: sched3=11 sched0=10 DIFFERS
  LOWERING fn4: sched3=11 sched0=10 DIFFERS
  gap-metric stage-snap-tuples 480
  gap-metric stage-snap-regions 58
  gap-metric stage-snap-walk-refusals 0
  gap-metric stage-snap-tuples-distinct 164
  gap-metric stage-snap-tuple-groups 16
  gap-metric stage-snap-suffix-violations 0
  gap-metric stage-color-pairs 4
  gap-metric stage-color-pairs-differing 0
  PAYLOAD 480 rows over 16 (phase,function) groups; 164 DISTINCT tuple positions (65.8% of the rows are suffix re-reads, inflation 2.93x). The nested-suffix model holds on every block, so DISTINCT is exact.
  RAW WINDOW 128B, 140 tuple pairs aligned across sched2/sched3 (0 function(s) skipped on a length mismatch).
                   offsets COLOR writes: +0x3d(12) +0x44(5) +0x45(10) +0x46(10) +0x47(10) +0x5d(6) +0x65(6) +0x69(10) +0x70(5) +0x71(10) +0x72(10) +0x73(10)
  FINDING, not a green: the pre/post-COLOR snapshots are IDENTICAL on every
                   function here. The walk is reading fields COLOR does not write — it shows THAT
                   the allocator ran, not WHAT it did.
== il_extern_c_name.cpp digest=51a21a27384c7cd2
  SCHED+GLOBREGS fn1: sched1=10 sched2=10 IDENTICAL
  SCHED+GLOBREGS fn2: sched1=10 sched2=10 IDENTICAL
  COLOR fn1: sched2=10 sched3=4 DIFFERS
  COLOR fn2: sched2=10 sched3=4 DIFFERS
  LOWERING fn1: sched3=4 sched0=9 DIFFERS
  LOWERING fn2: sched3=4 sched0=9 DIFFERS
  gap-metric stage-snap-tuples 66
  gap-metric stage-snap-regions 14
  gap-metric stage-snap-walk-refusals 0
  gap-metric stage-snap-tuples-distinct 42
  gap-metric stage-snap-tuple-groups 8
  gap-metric stage-snap-suffix-violations 0
  gap-metric stage-color-pairs 2
  gap-metric stage-color-pairs-differing 2
  PAYLOAD 66 rows over 8 (phase,function) groups; 42 DISTINCT tuple positions (36.4% of the rows are suffix re-reads, inflation 1.57x). The nested-suffix model holds on every block, so DISTINCT is exact.
  RAW WINDOW VACUOUS — 0 pairs aligned across sched2/sched3 (2 function(s) skipped on a length mismatch, window 128B).
                   NOTHING WAS COMPARED. This says nothing about what COLOR writes.
== il_gl_data_symbol.cpp digest=0df8759e4851450c
  SCHED+GLOBREGS fn1: sched1=10 sched2=10 IDENTICAL
  COLOR fn1: sched2=10 sched3=4 DIFFERS
  LOWERING fn1: sched3=4 sched0=9 DIFFERS
  gap-metric stage-snap-tuples 33
  gap-metric stage-snap-regions 7
  gap-metric stage-snap-walk-refusals 0
  gap-metric stage-snap-tuples-distinct 21
  gap-metric stage-snap-tuple-groups 4
  gap-metric stage-snap-suffix-violations 0
  gap-metric stage-color-pairs 1
  gap-metric stage-color-pairs-differing 1
  PAYLOAD 33 rows over 4 (phase,function) groups; 21 DISTINCT tuple positions (36.4% of the rows are suffix re-reads, inflation 1.57x). The nested-suffix model holds on every block, so DISTINCT is exact.
  RAW WINDOW VACUOUS — 0 pairs aligned across sched2/sched3 (1 function(s) skipped on a length mismatch, window 128B).
                   NOTHING WAS COMPARED. This says nothing about what COLOR writes.
== il_gl_record_order.cpp digest=d7b3ab78404e3cac
  SCHED+GLOBREGS fn1: sched1=10 sched2=10 IDENTICAL
  SCHED+GLOBREGS fn2: sched1=11 sched2=11 IDENTICAL
  COLOR fn1: sched2=10 sched3=4 DIFFERS
  COLOR fn2: sched2=11 sched3=11 IDENTICAL
  LOWERING fn1: sched3=4 sched0=9 DIFFERS
  LOWERING fn2: sched3=11 sched0=9 DIFFERS
  gap-metric stage-snap-tuples 75
  gap-metric stage-snap-regions 15
  gap-metric stage-snap-walk-refusals 0
  gap-metric stage-snap-tuples-distinct 48
  gap-metric stage-snap-tuple-groups 8
  gap-metric stage-snap-suffix-violations 0
  gap-metric stage-color-pairs 2
  gap-metric stage-color-pairs-differing 1
  PAYLOAD 75 rows over 8 (phase,function) groups; 48 DISTINCT tuple positions (36.0% of the rows are suffix re-reads, inflation 1.56x). The nested-suffix model holds on every block, so DISTINCT is exact.
  RAW WINDOW 128B, 11 tuple pairs aligned across sched2/sched3 (1 function(s) skipped on a length mismatch).
                   offsets COLOR writes: NONE — the allocator wrote nothing in this window
== il_gl_sep26.cpp digest=5d47710484320848
  SCHED+GLOBREGS fn1: sched1=10 sched2=10 IDENTICAL
  COLOR fn1: sched2=10 sched3=10 IDENTICAL
  LOWERING fn1: sched3=10 sched0=9 DIFFERS
  gap-metric stage-snap-tuples 39
  gap-metric stage-snap-regions 8
  gap-metric stage-snap-walk-refusals 0
  gap-metric stage-snap-tuples-distinct 23
  gap-metric stage-snap-tuple-groups 4
  gap-metric stage-snap-suffix-violations 0
  gap-metric stage-color-pairs 1
  gap-metric stage-color-pairs-differing 0
  PAYLOAD 39 rows over 4 (phase,function) groups; 23 DISTINCT tuple positions (41.0% of the rows are suffix re-reads, inflation 1.70x). The nested-suffix model holds on every block, so DISTINCT is exact.
  RAW WINDOW 128B, 10 tuple pairs aligned across sched2/sched3 (0 function(s) skipped on a length mismatch).
                   offsets COLOR writes: NONE — the allocator wrote nothing in this window
  FINDING, not a green: the pre/post-COLOR snapshots are IDENTICAL on every
                   function here. The walk is reading fields COLOR does not write — it shows THAT
                   the allocator ran, not WHAT it did.
== il_intra_tu_call.cpp digest=51a21a27384c7cd2
  SCHED+GLOBREGS fn1: sched1=10 sched2=10 IDENTICAL
  SCHED+GLOBREGS fn2: sched1=10 sched2=10 IDENTICAL
  COLOR fn1: sched2=10 sched3=4 DIFFERS
  COLOR fn2: sched2=10 sched3=4 DIFFERS
  LOWERING fn1: sched3=4 sched0=9 DIFFERS
  LOWERING fn2: sched3=4 sched0=9 DIFFERS
  gap-metric stage-snap-tuples 66
  gap-metric stage-snap-regions 14
  gap-metric stage-snap-walk-refusals 0
  gap-metric stage-snap-tuples-distinct 42
  gap-metric stage-snap-tuple-groups 8
  gap-metric stage-snap-suffix-violations 0
  gap-metric stage-color-pairs 2
  gap-metric stage-color-pairs-differing 2
  PAYLOAD 66 rows over 8 (phase,function) groups; 42 DISTINCT tuple positions (36.4% of the rows are suffix re-reads, inflation 1.57x). The nested-suffix model holds on every block, so DISTINCT is exact.
  RAW WINDOW VACUOUS — 0 pairs aligned across sched2/sched3 (2 function(s) skipped on a length mismatch, window 128B).
                   NOTHING WAS COMPARED. This says nothing about what COLOR writes.
== il_intrinsic_bits.cpp digest=12ea22285a7bec47
  SCHED+GLOBREGS fn1: sched1=12 sched2=12 IDENTICAL
  SCHED+GLOBREGS fn2: sched1=12 sched2=12 IDENTICAL
  SCHED+GLOBREGS fn3: sched1=10 sched2=4 DIFFERS
  SCHED+GLOBREGS fn4: sched1=11 sched2=4 DIFFERS
  SCHED+GLOBREGS fn5: sched1=12 sched2=10 DIFFERS
  SCHED+GLOBREGS fn6: sched1=12 sched2=10 DIFFERS
  SCHED+GLOBREGS fn7: sched1=10 sched2=4 DIFFERS
  SCHED+GLOBREGS fn8: sched1=11 sched2=4 DIFFERS
  SCHED+GLOBREGS fn9: sched1=12 sched2=12 IDENTICAL
  SCHED+GLOBREGS fn10: sched1=12 sched2=12 IDENTICAL
  SCHED+GLOBREGS fn11: sched1=14 sched2=14 IDENTICAL
  SCHED+GLOBREGS fn12: sched1=20 sched2=22 DIFFERS
  SCHED+GLOBREGS fn13: sched1=10 sched2=4 DIFFERS
  SCHED+GLOBREGS fn14: sched1=10 sched2=4 DIFFERS
  SCHED+GLOBREGS fn15: sched1=10 sched2=4 DIFFERS
  SCHED+GLOBREGS fn16: sched1=10 sched2=4 DIFFERS
  SCHED+GLOBREGS fn17: sched1=13 sched2=11 DIFFERS
  SCHED+GLOBREGS fn18: sched1=12 sched2=11 DIFFERS
  SCHED+GLOBREGS fn19: sched1=12 sched2=11 DIFFERS
  SCHED+GLOBREGS fn20: sched1=13 sched2=11 DIFFERS
  SCHED+GLOBREGS fn21: sched1=13 sched2=11 DIFFERS
  COLOR fn1: sched2=12 sched3=12 IDENTICAL
  COLOR fn2: sched2=12 sched3=12 IDENTICAL
  COLOR fn3: sched2=4 sched3=4 IDENTICAL
  COLOR fn4: sched2=4 sched3=4 IDENTICAL
  COLOR fn5: sched2=10 sched3=10 IDENTICAL
  COLOR fn6: sched2=10 sched3=10 IDENTICAL
  COLOR fn7: sched2=4 sched3=4 IDENTICAL
  COLOR fn8: sched2=4 sched3=4 IDENTICAL
  COLOR fn9: sched2=12 sched3=12 IDENTICAL
  COLOR fn10: sched2=12 sched3=12 IDENTICAL
  COLOR fn11: sched2=14 sched3=14 IDENTICAL
  COLOR fn12: sched2=22 sched3=22 DIFFERS
  COLOR fn13: sched2=4 sched3=4 IDENTICAL
  COLOR fn14: sched2=4 sched3=4 IDENTICAL
  COLOR fn15: sched2=4 sched3=4 IDENTICAL
  COLOR fn16: sched2=4 sched3=4 IDENTICAL
  COLOR fn17: sched2=11 sched3=11 IDENTICAL
  COLOR fn18: sched2=11 sched3=11 IDENTICAL
  COLOR fn19: sched2=11 sched3=11 IDENTICAL
  COLOR fn20: sched2=11 sched3=11 IDENTICAL
  COLOR fn21: sched2=11 sched3=11 IDENTICAL
  LOWERING fn1: sched3=12 sched0=11 DIFFERS
  LOWERING fn2: sched3=12 sched0=11 DIFFERS
  LOWERING fn3: sched3=4 sched0=9 DIFFERS
  LOWERING fn4: sched3=4 sched0=10 DIFFERS
  LOWERING fn5: sched3=10 sched0=11 DIFFERS
  LOWERING fn6: sched3=10 sched0=11 DIFFERS
  LOWERING fn7: sched3=4 sched0=9 DIFFERS
  LOWERING fn8: sched3=4 sched0=10 DIFFERS
  LOWERING fn9: sched3=12 sched0=11 DIFFERS
  LOWERING fn10: sched3=12 sched0=11 DIFFERS
  LOWERING fn11: sched3=14 sched0=13 DIFFERS
  LOWERING fn12: sched3=22 sched0=21 DIFFERS
  LOWERING fn13: sched3=4 sched0=9 DIFFERS
  LOWERING fn14: sched3=4 sched0=9 DIFFERS
  LOWERING fn15: sched3=4 sched0=9 DIFFERS
  LOWERING fn16: sched3=4 sched0=9 DIFFERS
  LOWERING fn17: sched3=11 sched0=34 DIFFERS
  LOWERING fn18: sched3=11 sched0=7 DIFFERS
  LOWERING fn19: sched3=11 sched0=7 DIFFERS
  LOWERING fn20: sched3=11 sched0=7 DIFFERS
  LOWERING fn21: sched3=11 sched0=7 DIFFERS
  gap-metric stage-snap-tuples 869
  gap-metric stage-snap-regions 154
  gap-metric stage-snap-walk-refusals 0
  gap-metric stage-snap-tuples-distinct 584
  gap-metric stage-snap-tuple-groups 84
  gap-metric stage-snap-suffix-violations 0
  gap-metric stage-color-pairs 21
  gap-metric stage-color-pairs-differing 1
  PAYLOAD 869 rows over 84 (phase,function) groups; 584 DISTINCT tuple positions (32.8% of the rows are suffix re-reads, inflation 1.49x). The nested-suffix model holds on every block, so DISTINCT is exact.
  RAW WINDOW 128B, 191 tuple pairs aligned across sched2/sched3 (0 function(s) skipped on a length mismatch).
                   offsets COLOR writes: +0x0(1) +0x1(2) +0x4(4) +0x5(2) +0x10(3) +0x11(3) +0x28(3) +0x29(1) +0x2c(4) +0x2d(4) +0x34(4) +0x35(4) +0x36(4) +0x37(4) +0x38(1) +0x3c(1) +0x3d(2) +0x44(4) +0x46(2) +0x47(2) +0x48(2) +0x49(3) +0x4c(2) +0x4d(5) +0x4e(2) +0x50(7) +0x51(9) +0x52(6) +0x53(6) +0x54(4) +0x55(4) +0x56(4) +0x57(4) +0x58(1) +0x5c(1) +0x5f(1) +0x60(1) +0x64(2) +0x68(2) +0x69(4) +0x6c(4) +0x6d(6) +0x6e(5) +0x6f(2) +0x70(6) +0x71(7) +0x72(10) +0x73(10) +0x74(7) +0x75(6) +0x76(6) +0x77(6) +0x78(7) +0x79(3) +0x7a(2) +0x7b(2) +0x7c(7) +0x7d(4) +0x7e(3) +0x7f(2)
== il_intrinsic_byval.cpp digest=35a482937a18b506
  SCHED+GLOBREGS fn1: sched1=19 sched2=19 DIFFERS
  SCHED+GLOBREGS fn2: sched1=19 sched2=19 DIFFERS
  SCHED+GLOBREGS fn3: sched1=13 sched2=12 DIFFERS
  SCHED+GLOBREGS fn4: sched1=15 sched2=16 DIFFERS
  SCHED+GLOBREGS fn5: sched1=10 sched2=9 DIFFERS
  COLOR fn1: sched2=19 sched3=18 DIFFERS
  COLOR fn2: sched2=19 sched3=18 DIFFERS
  COLOR fn3: sched2=12 sched3=12 IDENTICAL
  COLOR fn4: sched2=16 sched3=15 DIFFERS
  COLOR fn5: sched2=9 sched3=9 IDENTICAL
  LOWERING fn1: sched3=18 sched0=31 DIFFERS
  LOWERING fn2: sched3=18 sched0=31 DIFFERS
  LOWERING fn3: sched3=12 sched0=18 DIFFERS
  LOWERING fn4: sched3=15 sched0=25 DIFFERS
  LOWERING fn5: sched3=9 sched0=7 DIFFERS
  gap-metric stage-snap-tuples 335
  gap-metric stage-snap-regions 40
  gap-metric stage-snap-walk-refusals 0
  gap-metric stage-snap-tuples-distinct 236
  gap-metric stage-snap-tuple-groups 20
  gap-metric stage-snap-suffix-violations 0
  gap-metric stage-color-pairs 5
  gap-metric stage-color-pairs-differing 3
  PAYLOAD 335 rows over 20 (phase,function) groups; 236 DISTINCT tuple positions (29.6% of the rows are suffix re-reads, inflation 1.42x). The nested-suffix model holds on every block, so DISTINCT is exact.
  RAW WINDOW 128B, 21 tuple pairs aligned across sched2/sched3 (3 function(s) skipped on a length mismatch).
                   offsets COLOR writes: NONE — the allocator wrote nothing in this window
== il_intrinsic_call.cpp digest=65f25261aa24df4b
  SCHED+GLOBREGS fn1: sched1=15 sched2=11 DIFFERS
  SCHED+GLOBREGS fn2: sched1=15 sched2=11 DIFFERS
  SCHED+GLOBREGS fn3: sched1=107 sched2=107 DIFFERS
  SCHED+GLOBREGS fn4: sched1=50 sched2=47 DIFFERS
  SCHED+GLOBREGS fn5: sched1=77 sched2=77 DIFFERS
  SCHED+GLOBREGS fn6: sched1=12 sched2=12 IDENTICAL
  SCHED+GLOBREGS fn7: sched1=10 sched2=4 DIFFERS
  SCHED+GLOBREGS fn8: sched1=10 sched2=4 DIFFERS
  SCHED+GLOBREGS fn9: sched1=10 sched2=4 DIFFERS
  SCHED+GLOBREGS fn10: sched1=10 sched2=4 DIFFERS
  SCHED+GLOBREGS fn11: sched1=60 sched2=60 IDENTICAL
  SCHED+GLOBREGS fn12: sched1=10 sched2=10 IDENTICAL
  COLOR fn1: sched2=11 sched3=11 IDENTICAL
  COLOR fn2: sched2=11 sched3=11 IDENTICAL
  COLOR fn3: sched2=107 sched3=104 DIFFERS
  COLOR fn4: sched2=47 sched3=45 DIFFERS
  COLOR fn5: sched2=77 sched3=75 DIFFERS
  COLOR fn6: sched2=12 sched3=12 IDENTICAL
  COLOR fn7: sched2=4 sched3=4 IDENTICAL
  COLOR fn8: sched2=4 sched3=4 IDENTICAL
  COLOR fn9: sched2=4 sched3=4 IDENTICAL
  COLOR fn10: sched2=4 sched3=4 IDENTICAL
  COLOR fn11: sched2=60 sched3=59 DIFFERS
  COLOR fn12: sched2=10 sched3=10 IDENTICAL
  LOWERING fn1: sched3=11 sched0=7 DIFFERS
  LOWERING fn2: sched3=11 sched0=7 DIFFERS
  LOWERING fn3: sched3=104 sched0=66 DIFFERS
  LOWERING fn4: sched3=45 sched0=35 DIFFERS
  LOWERING fn5: sched3=75 sched0=48 DIFFERS
  LOWERING fn6: sched3=12 sched0=11 DIFFERS
  LOWERING fn7: sched3=4 sched0=9 DIFFERS
  LOWERING fn8: sched3=4 sched0=9 DIFFERS
  LOWERING fn9: sched3=4 sched0=9 DIFFERS
  LOWERING fn10: sched3=4 sched0=4 DIFFERS
  LOWERING fn11: sched3=59 sched0=19 DIFFERS
  LOWERING fn12: sched3=10 sched0=9 DIFFERS
  gap-metric stage-snap-tuples 1313
  gap-metric stage-snap-regions 142
  gap-metric stage-snap-walk-refusals 0
  gap-metric stage-snap-tuples-distinct 505
  gap-metric stage-snap-tuple-groups 48
  gap-metric stage-snap-suffix-violations 0
  gap-metric stage-color-pairs 12
  gap-metric stage-color-pairs-differing 4
  PAYLOAD 1313 rows over 48 (phase,function) groups; 505 DISTINCT tuple positions (61.5% of the rows are suffix re-reads, inflation 2.60x). The nested-suffix model holds on every block, so DISTINCT is exact.
  RAW WINDOW 128B, 60 tuple pairs aligned across sched2/sched3 (4 function(s) skipped on a length mismatch).
                   offsets COLOR writes: NONE — the allocator wrote nothing in this window
== il_intrinsic_fold.cpp digest=989f3e42f46fd8d1
  SCHED+GLOBREGS fn1: sched1=10 sched2=10 IDENTICAL
  SCHED+GLOBREGS fn2: sched1=10 sched2=10 IDENTICAL
  SCHED+GLOBREGS fn3: sched1=10 sched2=12 DIFFERS
  SCHED+GLOBREGS fn4: sched1=10 sched2=12 DIFFERS
  SCHED+GLOBREGS fn5: sched1=15 sched2=15 IDENTICAL
  SCHED+GLOBREGS fn6: sched1=11 sched2=10 DIFFERS
  SCHED+GLOBREGS fn7: sched1=13 sched2=13 IDENTICAL
  SCHED+GLOBREGS fn8: sched1=11 sched2=10 DIFFERS
  SCHED+GLOBREGS fn9: sched1=11 sched2=13 DIFFERS
  SCHED+GLOBREGS fn10: sched1=13 sched2=13 IDENTICAL
  COLOR fn1: sched2=10 sched3=10 IDENTICAL
  COLOR fn2: sched2=10 sched3=10 IDENTICAL
  COLOR fn3: sched2=12 sched3=12 IDENTICAL
  COLOR fn4: sched2=12 sched3=12 IDENTICAL
  COLOR fn5: sched2=15 sched3=15 IDENTICAL
  COLOR fn6: sched2=10 sched3=10 IDENTICAL
  COLOR fn7: sched2=13 sched3=13 IDENTICAL
  COLOR fn8: sched2=10 sched3=10 IDENTICAL
  COLOR fn9: sched2=13 sched3=13 IDENTICAL
  COLOR fn10: sched2=13 sched3=12 DIFFERS
  LOWERING fn1: sched3=10 sched0=9 DIFFERS
  LOWERING fn2: sched3=10 sched0=9 DIFFERS
  LOWERING fn3: sched3=12 sched0=11 DIFFERS
  LOWERING fn4: sched3=12 sched0=11 DIFFERS
  LOWERING fn5: sched3=15 sched0=14 DIFFERS
  LOWERING fn6: sched3=10 sched0=10 DIFFERS
  LOWERING fn7: sched3=13 sched0=12 DIFFERS
  LOWERING fn8: sched3=10 sched0=10 DIFFERS
  LOWERING fn9: sched3=13 sched0=12 DIFFERS
  LOWERING fn10: sched3=12 sched0=12 DIFFERS
  gap-metric stage-snap-tuples 459
  gap-metric stage-snap-regions 80
  gap-metric stage-snap-walk-refusals 0
  gap-metric stage-snap-tuples-distinct 299
  gap-metric stage-snap-tuple-groups 40
  gap-metric stage-snap-suffix-violations 0
  gap-metric stage-color-pairs 10
  gap-metric stage-color-pairs-differing 1
  PAYLOAD 459 rows over 40 (phase,function) groups; 299 DISTINCT tuple positions (34.9% of the rows are suffix re-reads, inflation 1.54x). The nested-suffix model holds on every block, so DISTINCT is exact.
  RAW WINDOW 128B, 105 tuple pairs aligned across sched2/sched3 (1 function(s) skipped on a length mismatch).
                   offsets COLOR writes: +0x3d(4) +0x44(1) +0x50(1) +0x51(3) +0x52(2) +0x53(2) +0x69(1) +0x75(1) +0x7c(2) +0x7d(4) +0x7e(4) +0x7f(4)
== il_intrinsic_layout.cpp digest=a96810d2ed20795e
  SCHED+GLOBREGS fn1: sched1=10 sched2=4 DIFFERS
  SCHED+GLOBREGS fn2: sched1=60 sched2=60 IDENTICAL
  SCHED+GLOBREGS fn3: sched1=60 sched2=60 IDENTICAL
  SCHED+GLOBREGS fn4: sched1=10 sched2=10 IDENTICAL
  SCHED+GLOBREGS fn5: sched1=10 sched2=10 IDENTICAL
  SCHED+GLOBREGS fn6: sched1=68 sched2=68 IDENTICAL
  SCHED+GLOBREGS fn7: sched1=13 sched2=13 IDENTICAL
  SCHED+GLOBREGS fn8: sched1=18 sched2=18 DIFFERS
  COLOR fn1: sched2=4 sched3=4 IDENTICAL
  COLOR fn2: sched2=60 sched3=59 DIFFERS
  COLOR fn3: sched2=60 sched3=59 DIFFERS
  COLOR fn4: sched2=10 sched3=9 DIFFERS
  COLOR fn5: sched2=10 sched3=10 IDENTICAL
  COLOR fn6: sched2=68 sched3=67 DIFFERS
  COLOR fn7: sched2=13 sched3=13 IDENTICAL
  COLOR fn8: sched2=18 sched3=18 DIFFERS
  LOWERING fn1: sched3=4 sched0=4 DIFFERS
  LOWERING fn2: sched3=59 sched0=19 DIFFERS
  LOWERING fn3: sched3=59 sched0=19 DIFFERS
  LOWERING fn4: sched3=9 sched0=8 DIFFERS
  LOWERING fn5: sched3=10 sched0=9 DIFFERS
  LOWERING fn6: sched3=67 sched0=32 DIFFERS
  LOWERING fn7: sched3=13 sched0=12 DIFFERS
  LOWERING fn8: sched3=18 sched0=13 DIFFERS
  gap-metric stage-snap-tuples 847
  gap-metric stage-snap-regions 101
  gap-metric stage-snap-walk-refusals 0
  gap-metric stage-snap-tuples-distinct 326
  gap-metric stage-snap-tuple-groups 32
  gap-metric stage-snap-suffix-violations 0
  gap-metric stage-color-pairs 8
  gap-metric stage-color-pairs-differing 5
  PAYLOAD 847 rows over 32 (phase,function) groups; 326 DISTINCT tuple positions (61.5% of the rows are suffix re-reads, inflation 2.60x). The nested-suffix model holds on every block, so DISTINCT is exact.
  RAW WINDOW 128B, 45 tuple pairs aligned across sched2/sched3 (4 function(s) skipped on a length mismatch).
                   offsets COLOR writes: +0x0(4) +0x1(2) +0x4(2) +0x10(4) +0x11(2) +0x28(2) +0x29(2) +0x2c(4) +0x2d(4) +0x34(4) +0x35(2) +0x3d(2) +0x48(2) +0x49(2) +0x4c(2) +0x4d(2) +0x50(2) +0x51(2) +0x54(6) +0x55(5) +0x58(4) +0x5c(2) +0x5d(2) +0x60(2) +0x64(4) +0x65(6) +0x66(4) +0x67(4) +0x68(4) +0x6c(6) +0x6d(8) +0x6e(8) +0x6f(8) +0x70(4) +0x71(4) +0x72(4) +0x73(4) +0x7c(4) +0x7d(4) +0x7e(4) +0x7f(4)
== il_intrinsic_nullary.cpp digest=43f55d269f1900d4
  SCHED+GLOBREGS fn1: sched1=9 sched2=9 IDENTICAL
  SCHED+GLOBREGS fn2: sched1=10 sched2=10 IDENTICAL
  SCHED+GLOBREGS fn3: sched1=10 sched2=10 IDENTICAL
  SCHED+GLOBREGS fn4: sched1=11 sched2=11 IDENTICAL
  SCHED+GLOBREGS fn5: sched1=9 sched2=9 IDENTICAL
  COLOR fn1: sched2=9 sched3=9 IDENTICAL
  COLOR fn2: sched2=10 sched3=10 IDENTICAL
  COLOR fn3: sched2=10 sched3=10 IDENTICAL
  COLOR fn4: sched2=11 sched3=11 IDENTICAL
  COLOR fn5: sched2=9 sched3=9 IDENTICAL
  LOWERING fn1: sched3=9 sched0=9 DIFFERS
  LOWERING fn2: sched3=10 sched0=9 DIFFERS
  LOWERING fn3: sched3=10 sched0=9 DIFFERS
  LOWERING fn4: sched3=11 sched0=7 DIFFERS
  LOWERING fn5: sched3=9 sched0=7 DIFFERS
  gap-metric stage-snap-tuples 188
  gap-metric stage-snap-regions 40
  gap-metric stage-snap-walk-refusals 0
  gap-metric stage-snap-tuples-distinct 110
  gap-metric stage-snap-tuple-groups 20
  gap-metric stage-snap-suffix-violations 0
  gap-metric stage-color-pairs 5
  gap-metric stage-color-pairs-differing 0
  PAYLOAD 188 rows over 20 (phase,function) groups; 110 DISTINCT tuple positions (41.5% of the rows are suffix re-reads, inflation 1.71x). The nested-suffix model holds on every block, so DISTINCT is exact.
  RAW WINDOW 128B, 49 tuple pairs aligned across sched2/sched3 (0 function(s) skipped on a length mismatch).
                   offsets COLOR writes: NONE — the allocator wrote nothing in this window
  FINDING, not a green: the pre/post-COLOR snapshots are IDENTICAL on every
                   function here. The walk is reading fields COLOR does not write — it shows THAT
                   the allocator ran, not WHAT it did.
== il_line_marker.cpp digest=52d8bf412b0b5aef
  SCHED+GLOBREGS fn1: sched1=11 sched2=11 IDENTICAL
  COLOR fn1: sched2=11 sched3=4 DIFFERS
  LOWERING fn1: sched3=4 sched0=10 DIFFERS
  gap-metric stage-snap-tuples 36
  gap-metric stage-snap-regions 7
  gap-metric stage-snap-walk-refusals 0
  gap-metric stage-snap-tuples-distinct 24
  gap-metric stage-snap-tuple-groups 4
  gap-metric stage-snap-suffix-violations 0
  gap-metric stage-color-pairs 1
  gap-metric stage-color-pairs-differing 1
  PAYLOAD 36 rows over 4 (phase,function) groups; 24 DISTINCT tuple positions (33.3% of the rows are suffix re-reads, inflation 1.50x). The nested-suffix model holds on every block, so DISTINCT is exact.
  RAW WINDOW VACUOUS — 0 pairs aligned across sched2/sched3 (1 function(s) skipped on a length mismatch, window 128B).
                   NOTHING WAS COMPARED. This says nothing about what COLOR writes.
== il_param_aggr.cpp digest=a32c7316ead11887
  SCHED+GLOBREGS fn1: sched1=10 sched2=10 IDENTICAL
  SCHED+GLOBREGS fn2: sched1=10 sched2=10 IDENTICAL
  SCHED+GLOBREGS fn3: sched1=10 sched2=10 IDENTICAL
  SCHED+GLOBREGS fn4: sched1=10 sched2=10 IDENTICAL
  SCHED+GLOBREGS fn5: sched1=10 sched2=10 IDENTICAL
  SCHED+GLOBREGS fn6: sched1=10 sched2=10 IDENTICAL
  SCHED+GLOBREGS fn7: sched1=10 sched2=10 IDENTICAL
  SCHED+GLOBREGS fn8: sched1=10 sched2=10 IDENTICAL
  SCHED+GLOBREGS fn9: sched1=10 sched2=10 IDENTICAL
  COLOR fn1: sched2=10 sched3=10 IDENTICAL
  COLOR fn2: sched2=10 sched3=10 IDENTICAL
  COLOR fn3: sched2=10 sched3=10 IDENTICAL
  COLOR fn4: sched2=10 sched3=10 IDENTICAL
  COLOR fn5: sched2=10 sched3=10 IDENTICAL
  COLOR fn6: sched2=10 sched3=10 IDENTICAL
  COLOR fn7: sched2=10 sched3=10 IDENTICAL
  COLOR fn8: sched2=10 sched3=10 IDENTICAL
  COLOR fn9: sched2=10 sched3=10 IDENTICAL
  LOWERING fn1: sched3=10 sched0=9 DIFFERS
  LOWERING fn2: sched3=10 sched0=9 DIFFERS
  LOWERING fn3: sched3=10 sched0=9 DIFFERS
  LOWERING fn4: sched3=10 sched0=9 DIFFERS
  LOWERING fn5: sched3=10 sched0=9 DIFFERS
  LOWERING fn6: sched3=10 sched0=9 DIFFERS
  LOWERING fn7: sched3=10 sched0=9 DIFFERS
  LOWERING fn8: sched3=10 sched0=9 DIFFERS
  LOWERING fn9: sched3=10 sched0=9 DIFFERS
  gap-metric stage-snap-tuples 351
  gap-metric stage-snap-regions 72
  gap-metric stage-snap-walk-refusals 0
  gap-metric stage-snap-tuples-distinct 207
  gap-metric stage-snap-tuple-groups 36
  gap-metric stage-snap-suffix-violations 0
  gap-metric stage-color-pairs 9
  gap-metric stage-color-pairs-differing 0
  PAYLOAD 351 rows over 36 (phase,function) groups; 207 DISTINCT tuple positions (41.0% of the rows are suffix re-reads, inflation 1.70x). The nested-suffix model holds on every block, so DISTINCT is exact.
  RAW WINDOW 128B, 90 tuple pairs aligned across sched2/sched3 (0 function(s) skipped on a length mismatch).
                   offsets COLOR writes: NONE — the allocator wrote nothing in this window
  FINDING, not a green: the pre/post-COLOR snapshots are IDENTICAL on every
                   function here. The walk is reading fields COLOR does not write — it shows THAT
                   the allocator ran, not WHAT it did.
== il_param_aggr_neg.cpp digest=446a3ed40ac304c2
  SCHED+GLOBREGS fn1: sched1=10 sched2=10 IDENTICAL
  SCHED+GLOBREGS fn2: sched1=10 sched2=10 IDENTICAL
  SCHED+GLOBREGS fn3: sched1=10 sched2=10 IDENTICAL
  SCHED+GLOBREGS fn4: sched1=10 sched2=10 IDENTICAL
  COLOR fn1: sched2=10 sched3=10 IDENTICAL
  COLOR fn2: sched2=10 sched3=10 IDENTICAL
  COLOR fn3: sched2=10 sched3=10 IDENTICAL
  COLOR fn4: sched2=10 sched3=10 IDENTICAL
  LOWERING fn1: sched3=10 sched0=9 DIFFERS
  LOWERING fn2: sched3=10 sched0=9 DIFFERS
  LOWERING fn3: sched3=10 sched0=9 DIFFERS
  LOWERING fn4: sched3=10 sched0=9 DIFFERS
  gap-metric stage-snap-tuples 156
  gap-metric stage-snap-regions 32
  gap-metric stage-snap-walk-refusals 0
  gap-metric stage-snap-tuples-distinct 92
  gap-metric stage-snap-tuple-groups 16
  gap-metric stage-snap-suffix-violations 0
  gap-metric stage-color-pairs 4
  gap-metric stage-color-pairs-differing 0
  PAYLOAD 156 rows over 16 (phase,function) groups; 92 DISTINCT tuple positions (41.0% of the rows are suffix re-reads, inflation 1.70x). The nested-suffix model holds on every block, so DISTINCT is exact.
  RAW WINDOW 128B, 40 tuple pairs aligned across sched2/sched3 (0 function(s) skipped on a length mismatch).
                   offsets COLOR writes: NONE — the allocator wrote nothing in this window
  FINDING, not a green: the pre/post-COLOR snapshots are IDENTICAL on every
                   function here. The walk is reading fields COLOR does not write — it shows THAT
                   the allocator ran, not WHAT it did.
== il_param_poly.cpp digest=8d9bb911a35486ce
  SCHED+GLOBREGS fn1: sched1=10 sched2=10 IDENTICAL
  SCHED+GLOBREGS fn2: sched1=10 sched2=10 IDENTICAL
  SCHED+GLOBREGS fn3: sched1=10 sched2=10 IDENTICAL
  COLOR fn1: sched2=10 sched3=10 IDENTICAL
  COLOR fn2: sched2=10 sched3=10 IDENTICAL
  COLOR fn3: sched2=10 sched3=10 IDENTICAL
  LOWERING fn1: sched3=10 sched0=9 DIFFERS
  LOWERING fn2: sched3=10 sched0=9 DIFFERS
  LOWERING fn3: sched3=10 sched0=9 DIFFERS
  gap-metric stage-snap-tuples 117
  gap-metric stage-snap-regions 24
  gap-metric stage-snap-walk-refusals 0
  gap-metric stage-snap-tuples-distinct 69
  gap-metric stage-snap-tuple-groups 12
  gap-metric stage-snap-suffix-violations 0
  gap-metric stage-color-pairs 3
  gap-metric stage-color-pairs-differing 0
  PAYLOAD 117 rows over 12 (phase,function) groups; 69 DISTINCT tuple positions (41.0% of the rows are suffix re-reads, inflation 1.70x). The nested-suffix model holds on every block, so DISTINCT is exact.
  RAW WINDOW 128B, 30 tuple pairs aligned across sched2/sched3 (0 function(s) skipped on a length mismatch).
                   offsets COLOR writes: NONE — the allocator wrote nothing in this window
  FINDING, not a green: the pre/post-COLOR snapshots are IDENTICAL on every
                   function here. The walk is reading fields COLOR does not write — it shows THAT
                   the allocator ran, not WHAT it did.
== il_reassoc.cpp digest=4e0fc007e529eaa1
  SCHED+GLOBREGS fn1: sched1=10 sched2=10 IDENTICAL
  SCHED+GLOBREGS fn2: sched1=10 sched2=4 DIFFERS
  SCHED+GLOBREGS fn3: sched1=10 sched2=4 DIFFERS
  SCHED+GLOBREGS fn4: sched1=11 sched2=11 IDENTICAL
  SCHED+GLOBREGS fn5: sched1=11 sched2=11 IDENTICAL
  SCHED+GLOBREGS fn6: sched1=11 sched2=11 IDENTICAL
  SCHED+GLOBREGS fn7: sched1=11 sched2=11 IDENTICAL
  SCHED+GLOBREGS fn8: sched1=11 sched2=11 IDENTICAL
  SCHED+GLOBREGS fn9: sched1=11 sched2=10 DIFFERS
  SCHED+GLOBREGS fn10: sched1=11 sched2=10 DIFFERS
  SCHED+GLOBREGS fn11: sched1=11 sched2=10 DIFFERS
  SCHED+GLOBREGS fn12: sched1=11 sched2=10 DIFFERS
  SCHED+GLOBREGS fn13: sched1=11 sched2=4 DIFFERS
  SCHED+GLOBREGS fn14: sched1=11 sched2=4 DIFFERS
  SCHED+GLOBREGS fn15: sched1=11 sched2=11 IDENTICAL
  SCHED+GLOBREGS fn16: sched1=10 sched2=10 IDENTICAL
  COLOR fn1: sched2=10 sched3=4 DIFFERS
  COLOR fn2: sched2=4 sched3=4 IDENTICAL
  COLOR fn3: sched2=4 sched3=4 IDENTICAL
  COLOR fn4: sched2=11 sched3=4 DIFFERS
  COLOR fn5: sched2=11 sched3=4 DIFFERS
  COLOR fn6: sched2=11 sched3=4 DIFFERS
  COLOR fn7: sched2=11 sched3=4 DIFFERS
  COLOR fn8: sched2=11 sched3=4 DIFFERS
  COLOR fn9: sched2=10 sched3=10 IDENTICAL
  COLOR fn10: sched2=10 sched3=4 DIFFERS
  COLOR fn11: sched2=10 sched3=4 DIFFERS
  COLOR fn12: sched2=10 sched3=4 DIFFERS
  COLOR fn13: sched2=4 sched3=4 IDENTICAL
  COLOR fn14: sched2=4 sched3=4 IDENTICAL
  COLOR fn15: sched2=11 sched3=4 DIFFERS
  COLOR fn16: sched2=10 sched3=4 DIFFERS
  LOWERING fn1: sched3=4 sched0=9 DIFFERS
  LOWERING fn2: sched3=4 sched0=9 DIFFERS
  LOWERING fn3: sched3=4 sched0=9 DIFFERS
  LOWERING fn4: sched3=4 sched0=10 DIFFERS
  LOWERING fn5: sched3=4 sched0=10 DIFFERS
  LOWERING fn6: sched3=4 sched0=10 DIFFERS
  LOWERING fn7: sched3=4 sched0=10 DIFFERS
  LOWERING fn8: sched3=4 sched0=10 DIFFERS
  LOWERING fn9: sched3=10 sched0=10 DIFFERS
  LOWERING fn10: sched3=4 sched0=10 DIFFERS
  LOWERING fn11: sched3=4 sched0=10 DIFFERS
  LOWERING fn12: sched3=4 sched0=10 DIFFERS
  LOWERING fn13: sched3=4 sched0=10 DIFFERS
  LOWERING fn14: sched3=4 sched0=10 DIFFERS
  LOWERING fn15: sched3=4 sched0=10 DIFFERS
  LOWERING fn16: sched3=4 sched0=9 DIFFERS
  gap-metric stage-snap-tuples 540
  gap-metric stage-snap-regions 109
  gap-metric stage-snap-walk-refusals 0
  gap-metric stage-snap-tuples-distinct 360
  gap-metric stage-snap-tuple-groups 64
  gap-metric stage-snap-suffix-violations 0
  gap-metric stage-color-pairs 16
  gap-metric stage-color-pairs-differing 11
  PAYLOAD 540 rows over 64 (phase,function) groups; 360 DISTINCT tuple positions (33.3% of the rows are suffix re-reads, inflation 1.50x). The nested-suffix model holds on every block, so DISTINCT is exact.
  RAW WINDOW 128B, 26 tuple pairs aligned across sched2/sched3 (11 function(s) skipped on a length mismatch).
                   offsets COLOR writes: NONE — the allocator wrote nothing in this window
== il_repeated_leaf.cpp digest=1e6406a85b7777fe
  SCHED+GLOBREGS fn1: sched1=10 sched2=4 DIFFERS
  SCHED+GLOBREGS fn2: sched1=11 sched2=10 DIFFERS
  SCHED+GLOBREGS fn3: sched1=10 sched2=10 IDENTICAL
  SCHED+GLOBREGS fn4: sched1=10 sched2=10 IDENTICAL
  SCHED+GLOBREGS fn5: sched1=10 sched2=4 DIFFERS
  SCHED+GLOBREGS fn6: sched1=12 sched2=11 DIFFERS
  COLOR fn1: sched2=4 sched3=4 IDENTICAL
  COLOR fn2: sched2=10 sched3=4 DIFFERS
  COLOR fn3: sched2=10 sched3=10 IDENTICAL
  COLOR fn4: sched2=10 sched3=10 IDENTICAL
  COLOR fn5: sched2=4 sched3=4 IDENTICAL
  COLOR fn6: sched2=11 sched3=11 IDENTICAL
  LOWERING fn1: sched3=4 sched0=9 DIFFERS
  LOWERING fn2: sched3=4 sched0=10 DIFFERS
  LOWERING fn3: sched3=10 sched0=9 DIFFERS
  LOWERING fn4: sched3=10 sched0=9 DIFFERS
  LOWERING fn5: sched3=4 sched0=9 DIFFERS
  LOWERING fn6: sched3=11 sched0=8 DIFFERS
  gap-metric stage-snap-tuples 209
  gap-metric stage-snap-regions 43
  gap-metric stage-snap-walk-refusals 0
  gap-metric stage-snap-tuples-distinct 134
  gap-metric stage-snap-tuple-groups 24
  gap-metric stage-snap-suffix-violations 0
  gap-metric stage-color-pairs 6
  gap-metric stage-color-pairs-differing 1
  PAYLOAD 209 rows over 24 (phase,function) groups; 134 DISTINCT tuple positions (35.9% of the rows are suffix re-reads, inflation 1.56x). The nested-suffix model holds on every block, so DISTINCT is exact.
  RAW WINDOW 128B, 39 tuple pairs aligned across sched2/sched3 (1 function(s) skipped on a length mismatch).
                   offsets COLOR writes: NONE — the allocator wrote nothing in this window
== il_stmt_bare_block.cpp digest=1fb70b95b4c0c9ab
  SCHED+GLOBREGS fn1: sched1=9 sched2=9 IDENTICAL
  SCHED+GLOBREGS fn2: sched1=9 sched2=9 IDENTICAL
  SCHED+GLOBREGS fn3: sched1=10 sched2=10 IDENTICAL
  SCHED+GLOBREGS fn4: sched1=4 sched2=4 IDENTICAL
  SCHED+GLOBREGS fn5: sched1=10 sched2=4 DIFFERS
  COLOR fn1: sched2=9 sched3=9 IDENTICAL
  COLOR fn2: sched2=9 sched3=9 IDENTICAL
  COLOR fn3: sched2=10 sched3=10 IDENTICAL
  COLOR fn4: sched2=4 sched3=4 IDENTICAL
  COLOR fn5: sched2=4 sched3=4 IDENTICAL
  LOWERING fn1: sched3=9 sched0=7 DIFFERS
  LOWERING fn2: sched3=9 sched0=7 DIFFERS
  LOWERING fn3: sched3=10 sched0=16 DIFFERS
  LOWERING fn4: sched3=4 sched0=4 DIFFERS
  LOWERING fn5: sched3=4 sched0=4 DIFFERS
  gap-metric stage-snap-tuples 152
  gap-metric stage-snap-regions 33
  gap-metric stage-snap-walk-refusals 0
  gap-metric stage-snap-tuples-distinct 99
  gap-metric stage-snap-tuple-groups 20
  gap-metric stage-snap-suffix-violations 0
  gap-metric stage-color-pairs 5
  gap-metric stage-color-pairs-differing 0
  PAYLOAD 152 rows over 20 (phase,function) groups; 99 DISTINCT tuple positions (34.9% of the rows are suffix re-reads, inflation 1.54x). The nested-suffix model holds on every block, so DISTINCT is exact.
  RAW WINDOW 128B, 36 tuple pairs aligned across sched2/sched3 (0 function(s) skipped on a length mismatch).
                   offsets COLOR writes: NONE — the allocator wrote nothing in this window
  FINDING, not a green: the pre/post-COLOR snapshots are IDENTICAL on every
                   function here. The walk is reading fields COLOR does not write — it shows THAT
                   the allocator ran, not WHAT it did.
== il_stmt_compound_assign.cpp digest=05c0a15e72ad6009
  SCHED+GLOBREGS fn1: sched1=10 sched2=10 IDENTICAL
  SCHED+GLOBREGS fn2: sched1=10 sched2=10 IDENTICAL
  SCHED+GLOBREGS fn3: sched1=10 sched2=4 DIFFERS
  SCHED+GLOBREGS fn4: sched1=10 sched2=4 DIFFERS
  COLOR fn1: sched2=10 sched3=4 DIFFERS
  COLOR fn2: sched2=10 sched3=4 DIFFERS
  COLOR fn3: sched2=4 sched3=4 IDENTICAL
  COLOR fn4: sched2=4 sched3=4 IDENTICAL
  LOWERING fn1: sched3=4 sched0=9 DIFFERS
  LOWERING fn2: sched3=4 sched0=9 DIFFERS
  LOWERING fn3: sched3=4 sched0=9 DIFFERS
  LOWERING fn4: sched3=4 sched0=9 DIFFERS
  gap-metric stage-snap-tuples 120
  gap-metric stage-snap-regions 26
  gap-metric stage-snap-walk-refusals 0
  gap-metric stage-snap-tuples-distinct 80
  gap-metric stage-snap-tuple-groups 16
  gap-metric stage-snap-suffix-violations 0
  gap-metric stage-color-pairs 4
  gap-metric stage-color-pairs-differing 2
  PAYLOAD 120 rows over 16 (phase,function) groups; 80 DISTINCT tuple positions (33.3% of the rows are suffix re-reads, inflation 1.50x). The nested-suffix model holds on every block, so DISTINCT is exact.
  RAW WINDOW 128B, 8 tuple pairs aligned across sched2/sched3 (2 function(s) skipped on a length mismatch).
                   offsets COLOR writes: NONE — the allocator wrote nothing in this window
== il_stmt_early_return.cpp digest=aa42210b2dfd2a5c
  SCHED+GLOBREGS fn1: sched1=12 sched2=11 DIFFERS
  SCHED+GLOBREGS fn2: sched1=13 sched2=12 DIFFERS
  SCHED+GLOBREGS fn3: sched1=22 sched2=21 DIFFERS
  COLOR fn1: sched2=11 sched3=11 IDENTICAL
  COLOR fn2: sched2=12 sched3=12 IDENTICAL
  COLOR fn3: sched2=21 sched3=21 IDENTICAL
  LOWERING fn1: sched3=11 sched0=11 DIFFERS
  LOWERING fn2: sched3=12 sched0=12 DIFFERS
  LOWERING fn3: sched3=21 sched0=23 DIFFERS
  gap-metric stage-snap-tuples 181
  gap-metric stage-snap-regions 29
  gap-metric stage-snap-walk-refusals 0
  gap-metric stage-snap-tuples-distinct 98
  gap-metric stage-snap-tuple-groups 12
  gap-metric stage-snap-suffix-violations 0
  gap-metric stage-color-pairs 3
  gap-metric stage-color-pairs-differing 0
  PAYLOAD 181 rows over 12 (phase,function) groups; 98 DISTINCT tuple positions (45.9% of the rows are suffix re-reads, inflation 1.85x). The nested-suffix model holds on every block, so DISTINCT is exact.
  RAW WINDOW 128B, 44 tuple pairs aligned across sched2/sched3 (0 function(s) skipped on a length mismatch).
                   offsets COLOR writes: NONE — the allocator wrote nothing in this window
  FINDING, not a green: the pre/post-COLOR snapshots are IDENTICAL on every
                   function here. The walk is reading fields COLOR does not write — it shows THAT
                   the allocator ran, not WHAT it did.
== il_stmt_for.cpp digest=ff0ec8d6f1bde035
  SCHED+GLOBREGS fn1: sched1=56 sched2=56 IDENTICAL
  SCHED+GLOBREGS fn2: sched1=56 sched2=56 IDENTICAL
  COLOR fn1: sched2=56 sched3=55 DIFFERS
  COLOR fn2: sched2=56 sched3=55 DIFFERS
  LOWERING fn1: sched3=55 sched0=59 DIFFERS
  LOWERING fn2: sched3=55 sched0=59 DIFFERS
  gap-metric stage-snap-tuples 452
  gap-metric stage-snap-regions 40
  gap-metric stage-snap-walk-refusals 0
  gap-metric stage-snap-tuples-distinct 138
  gap-metric stage-snap-tuple-groups 8
  gap-metric stage-snap-suffix-violations 0
  gap-metric stage-color-pairs 2
  gap-metric stage-color-pairs-differing 2
  PAYLOAD 452 rows over 8 (phase,function) groups; 138 DISTINCT tuple positions (69.5% of the rows are suffix re-reads, inflation 3.28x). The nested-suffix model holds on every block, so DISTINCT is exact.
  RAW WINDOW VACUOUS — 0 pairs aligned across sched2/sched3 (2 function(s) skipped on a length mismatch, window 128B).
                   NOTHING WAS COMPARED. This says nothing about what COLOR writes.
== il_stmt_global.cpp digest=2ff6f69af7912d0c
  SCHED+GLOBREGS fn1: sched1=10 sched2=10 IDENTICAL
  SCHED+GLOBREGS fn2: sched1=11 sched2=13 DIFFERS
  SCHED+GLOBREGS fn3: sched1=11 sched2=13 DIFFERS
  COLOR fn1: sched2=10 sched3=4 DIFFERS
  COLOR fn2: sched2=13 sched3=13 IDENTICAL
  COLOR fn3: sched2=13 sched3=12 DIFFERS
  LOWERING fn1: sched3=4 sched0=9 DIFFERS
  LOWERING fn2: sched3=13 sched0=11 DIFFERS
  LOWERING fn3: sched3=12 sched0=10 DIFFERS
  gap-metric stage-snap-tuples 127
  gap-metric stage-snap-regions 23
  gap-metric stage-snap-walk-refusals 0
  gap-metric stage-snap-tuples-distinct 83
  gap-metric stage-snap-tuple-groups 12
  gap-metric stage-snap-suffix-violations 0
  gap-metric stage-color-pairs 3
  gap-metric stage-color-pairs-differing 2
  PAYLOAD 127 rows over 12 (phase,function) groups; 83 DISTINCT tuple positions (34.6% of the rows are suffix re-reads, inflation 1.53x). The nested-suffix model holds on every block, so DISTINCT is exact.
  RAW WINDOW 128B, 13 tuple pairs aligned across sched2/sched3 (2 function(s) skipped on a length mismatch).
                   offsets COLOR writes: +0x49(1) +0x5d(2) +0x7d(1)
== il_stmt_if.cpp digest=83e68a95ebf8d926
  SCHED+GLOBREGS fn1: sched1=22 sched2=21 DIFFERS
  SCHED+GLOBREGS fn2: sched1=22 sched2=21 DIFFERS
  SCHED+GLOBREGS fn3: sched1=22 sched2=21 DIFFERS
  COLOR fn1: sched2=21 sched3=21 IDENTICAL
  COLOR fn2: sched2=21 sched3=21 IDENTICAL
  COLOR fn3: sched2=21 sched3=21 IDENTICAL
  LOWERING fn1: sched3=21 sched0=23 DIFFERS
  LOWERING fn2: sched3=21 sched0=23 DIFFERS
  LOWERING fn3: sched3=21 sched0=23 DIFFERS
  gap-metric stage-snap-tuples 261
  gap-metric stage-snap-regions 39
  gap-metric stage-snap-walk-refusals 0
  gap-metric stage-snap-tuples-distinct 108
  gap-metric stage-snap-tuple-groups 12
  gap-metric stage-snap-suffix-violations 0
  gap-metric stage-color-pairs 3
  gap-metric stage-color-pairs-differing 0
  PAYLOAD 261 rows over 12 (phase,function) groups; 108 DISTINCT tuple positions (58.6% of the rows are suffix re-reads, inflation 2.42x). The nested-suffix model holds on every block, so DISTINCT is exact.
  RAW WINDOW 128B, 63 tuple pairs aligned across sched2/sched3 (0 function(s) skipped on a length mismatch).
                   offsets COLOR writes: NONE — the allocator wrote nothing in this window
  FINDING, not a green: the pre/post-COLOR snapshots are IDENTICAL on every
                   function here. The walk is reading fields COLOR does not write — it shows THAT
                   the allocator ran, not WHAT it did.
== il_stmt_if_else.cpp digest=e0ced76930d7cdfd
  SCHED+GLOBREGS fn1: sched1=46 sched2=45 DIFFERS
  SCHED+GLOBREGS fn2: sched1=46 sched2=45 DIFFERS
  COLOR fn1: sched2=45 sched3=45 IDENTICAL
  COLOR fn2: sched2=45 sched3=45 IDENTICAL
  LOWERING fn1: sched3=45 sched0=26 DIFFERS
  LOWERING fn2: sched3=45 sched0=26 DIFFERS
  gap-metric stage-snap-tuples 324
  gap-metric stage-snap-regions 40
  gap-metric stage-snap-walk-refusals 0
  gap-metric stage-snap-tuples-distinct 96
  gap-metric stage-snap-tuple-groups 8
  gap-metric stage-snap-suffix-violations 0
  gap-metric stage-color-pairs 2
  gap-metric stage-color-pairs-differing 0
  PAYLOAD 324 rows over 8 (phase,function) groups; 96 DISTINCT tuple positions (70.4% of the rows are suffix re-reads, inflation 3.38x). The nested-suffix model holds on every block, so DISTINCT is exact.
  RAW WINDOW 128B, 90 tuple pairs aligned across sched2/sched3 (0 function(s) skipped on a length mismatch).
                   offsets COLOR writes: NONE — the allocator wrote nothing in this window
  FINDING, not a green: the pre/post-COLOR snapshots are IDENTICAL on every
                   function here. The walk is reading fields COLOR does not write — it shows THAT
                   the allocator ran, not WHAT it did.
== il_stmt_local_decl.cpp digest=9de8a4a82f37ef61
  SCHED+GLOBREGS fn1: sched1=10 sched2=4 DIFFERS
  SCHED+GLOBREGS fn2: sched1=10 sched2=4 DIFFERS
  SCHED+GLOBREGS fn3: sched1=10 sched2=4 DIFFERS
  COLOR fn1: sched2=4 sched3=4 IDENTICAL
  COLOR fn2: sched2=4 sched3=4 IDENTICAL
  COLOR fn3: sched2=4 sched3=4 IDENTICAL
  LOWERING fn1: sched3=4 sched0=4 DIFFERS
  LOWERING fn2: sched3=4 sched0=4 DIFFERS
  LOWERING fn3: sched3=4 sched0=4 DIFFERS
  gap-metric stage-snap-tuples 66
  gap-metric stage-snap-regions 15
  gap-metric stage-snap-walk-refusals 0
  gap-metric stage-snap-tuples-distinct 54
  gap-metric stage-snap-tuple-groups 12
  gap-metric stage-snap-suffix-violations 0
  gap-metric stage-color-pairs 3
  gap-metric stage-color-pairs-differing 0
  PAYLOAD 66 rows over 12 (phase,function) groups; 54 DISTINCT tuple positions (18.2% of the rows are suffix re-reads, inflation 1.22x). The nested-suffix model holds on every block, so DISTINCT is exact.
  RAW WINDOW 128B, 12 tuple pairs aligned across sched2/sched3 (0 function(s) skipped on a length mismatch).
                   offsets COLOR writes: NONE — the allocator wrote nothing in this window
  FINDING, not a green: the pre/post-COLOR snapshots are IDENTICAL on every
                   function here. The walk is reading fields COLOR does not write — it shows THAT
                   the allocator ran, not WHAT it did.
== il_stmt_multi.cpp digest=6f9c354fd1ad1f6e
  SCHED+GLOBREGS fn1: sched1=12 sched2=12 IDENTICAL
  COLOR fn1: sched2=12 sched3=11 DIFFERS
  LOWERING fn1: sched3=11 sched0=8 DIFFERS
  gap-metric stage-snap-tuples 43
  gap-metric stage-snap-regions 8
  gap-metric stage-snap-walk-refusals 0
  gap-metric stage-snap-tuples-distinct 28
  gap-metric stage-snap-tuple-groups 4
  gap-metric stage-snap-suffix-violations 0
  gap-metric stage-color-pairs 1
  gap-metric stage-color-pairs-differing 1
  PAYLOAD 43 rows over 4 (phase,function) groups; 28 DISTINCT tuple positions (34.9% of the rows are suffix re-reads, inflation 1.54x). The nested-suffix model holds on every block, so DISTINCT is exact.
  RAW WINDOW VACUOUS — 0 pairs aligned across sched2/sched3 (1 function(s) skipped on a length mismatch, window 128B).
                   NOTHING WAS COMPARED. This says nothing about what COLOR writes.
== il_stmt_param_assign.cpp digest=b0c3ccff6d399c26
  SCHED+GLOBREGS fn1: sched1=10 sched2=10 IDENTICAL
  SCHED+GLOBREGS fn2: sched1=10 sched2=10 IDENTICAL
  SCHED+GLOBREGS fn3: sched1=10 sched2=10 IDENTICAL
  COLOR fn1: sched2=10 sched3=4 DIFFERS
  COLOR fn2: sched2=10 sched3=4 DIFFERS
  COLOR fn3: sched2=10 sched3=10 IDENTICAL
  LOWERING fn1: sched3=4 sched0=9 DIFFERS
  LOWERING fn2: sched3=4 sched0=9 DIFFERS
  LOWERING fn3: sched3=10 sched0=9 DIFFERS
  gap-metric stage-snap-tuples 105
  gap-metric stage-snap-regions 22
  gap-metric stage-snap-walk-refusals 0
  gap-metric stage-snap-tuples-distinct 65
  gap-metric stage-snap-tuple-groups 12
  gap-metric stage-snap-suffix-violations 0
  gap-metric stage-color-pairs 3
  gap-metric stage-color-pairs-differing 2
  PAYLOAD 105 rows over 12 (phase,function) groups; 65 DISTINCT tuple positions (38.1% of the rows are suffix re-reads, inflation 1.62x). The nested-suffix model holds on every block, so DISTINCT is exact.
  RAW WINDOW 128B, 10 tuple pairs aligned across sched2/sched3 (2 function(s) skipped on a length mismatch).
                   offsets COLOR writes: NONE — the allocator wrote nothing in this window
== il_stmt_scope.cpp digest=04a34c39f22741d7
  SCHED+GLOBREGS fn1: sched1=10 sched2=10 IDENTICAL
  SCHED+GLOBREGS fn2: sched1=10 sched2=10 IDENTICAL
  SCHED+GLOBREGS fn3: sched1=10 sched2=10 IDENTICAL
  SCHED+GLOBREGS fn4: sched1=10 sched2=10 IDENTICAL
  SCHED+GLOBREGS fn5: sched1=10 sched2=10 IDENTICAL
  SCHED+GLOBREGS fn6: sched1=10 sched2=10 IDENTICAL
  SCHED+GLOBREGS fn7: sched1=10 sched2=10 IDENTICAL
  COLOR fn1: sched2=10 sched3=4 DIFFERS
  COLOR fn2: sched2=10 sched3=4 DIFFERS
  COLOR fn3: sched2=10 sched3=4 DIFFERS
  COLOR fn4: sched2=10 sched3=4 DIFFERS
  COLOR fn5: sched2=10 sched3=4 DIFFERS
  COLOR fn6: sched2=10 sched3=4 DIFFERS
  COLOR fn7: sched2=10 sched3=4 DIFFERS
  LOWERING fn1: sched3=4 sched0=9 DIFFERS
  LOWERING fn2: sched3=4 sched0=9 DIFFERS
  LOWERING fn3: sched3=4 sched0=9 DIFFERS
  LOWERING fn4: sched3=4 sched0=9 DIFFERS
  LOWERING fn5: sched3=4 sched0=9 DIFFERS
  LOWERING fn6: sched3=4 sched0=9 DIFFERS
  LOWERING fn7: sched3=4 sched0=9 DIFFERS
  gap-metric stage-snap-tuples 231
  gap-metric stage-snap-regions 49
  gap-metric stage-snap-walk-refusals 0
  gap-metric stage-snap-tuples-distinct 147
  gap-metric stage-snap-tuple-groups 28
  gap-metric stage-snap-suffix-violations 0
  gap-metric stage-color-pairs 7
  gap-metric stage-color-pairs-differing 7
  PAYLOAD 231 rows over 28 (phase,function) groups; 147 DISTINCT tuple positions (36.4% of the rows are suffix re-reads, inflation 1.57x). The nested-suffix model holds on every block, so DISTINCT is exact.
  RAW WINDOW VACUOUS — 0 pairs aligned across sched2/sched3 (7 function(s) skipped on a length mismatch, window 128B).
                   NOTHING WAS COMPARED. This says nothing about what COLOR writes.
== il_stmt_seq.cpp digest=c4d11d0d5d9d4d1d
  SCHED+GLOBREGS fn1: sched1=4 sched2=4 IDENTICAL
  SCHED+GLOBREGS fn2: sched1=9 sched2=9 IDENTICAL
  SCHED+GLOBREGS fn3: sched1=10 sched2=10 IDENTICAL
  SCHED+GLOBREGS fn4: sched1=11 sched2=11 IDENTICAL
  COLOR fn1: sched2=4 sched3=4 IDENTICAL
  COLOR fn2: sched2=9 sched3=9 IDENTICAL
  COLOR fn3: sched2=10 sched3=10 IDENTICAL
  COLOR fn4: sched2=11 sched3=11 IDENTICAL
  LOWERING fn1: sched3=4 sched0=4 DIFFERS
  LOWERING fn2: sched3=9 sched0=7 DIFFERS
  LOWERING fn3: sched3=10 sched0=16 DIFFERS
  LOWERING fn4: sched3=11 sched0=17 DIFFERS
  gap-metric stage-snap-tuples 146
  gap-metric stage-snap-regions 28
  gap-metric stage-snap-walk-refusals 0
  gap-metric stage-snap-tuples-distinct 93
  gap-metric stage-snap-tuple-groups 16
  gap-metric stage-snap-suffix-violations 0
  gap-metric stage-color-pairs 4
  gap-metric stage-color-pairs-differing 0
  PAYLOAD 146 rows over 16 (phase,function) groups; 93 DISTINCT tuple positions (36.3% of the rows are suffix re-reads, inflation 1.57x). The nested-suffix model holds on every block, so DISTINCT is exact.
  RAW WINDOW 128B, 34 tuple pairs aligned across sched2/sched3 (0 function(s) skipped on a length mismatch).
                   offsets COLOR writes: NONE — the allocator wrote nothing in this window
  FINDING, not a green: the pre/post-COLOR snapshots are IDENTICAL on every
                   function here. The walk is reading fields COLOR does not write — it shows THAT
                   the allocator ran, not WHAT it did.
== il_stmt_static.cpp digest=5f9b1e42f12481fc
  SCHED+GLOBREGS fn1: sched1=11 sched2=13 DIFFERS
  SCHED+GLOBREGS fn2: sched1=11 sched2=13 DIFFERS
  SCHED+GLOBREGS fn3: sched1=10 sched2=4 DIFFERS
  SCHED+GLOBREGS fn4: sched1=11 sched2=13 DIFFERS
  COLOR fn1: sched2=13 sched3=12 DIFFERS
  COLOR fn2: sched2=13 sched3=12 DIFFERS
  COLOR fn3: sched2=4 sched3=4 IDENTICAL
  COLOR fn4: sched2=13 sched3=13 IDENTICAL
  LOWERING fn1: sched3=12 sched0=10 DIFFERS
  LOWERING fn2: sched3=12 sched0=10 DIFFERS
  LOWERING fn3: sched3=4 sched0=4 DIFFERS
  LOWERING fn4: sched3=13 sched0=11 DIFFERS
  gap-metric stage-snap-tuples 162
  gap-metric stage-snap-regions 29
  gap-metric stage-snap-walk-refusals 0
  gap-metric stage-snap-tuples-distinct 110
  gap-metric stage-snap-tuple-groups 16
  gap-metric stage-snap-suffix-violations 0
  gap-metric stage-color-pairs 4
  gap-metric stage-color-pairs-differing 2
  PAYLOAD 162 rows over 16 (phase,function) groups; 110 DISTINCT tuple positions (32.1% of the rows are suffix re-reads, inflation 1.47x). The nested-suffix model holds on every block, so DISTINCT is exact.
  RAW WINDOW 128B, 17 tuple pairs aligned across sched2/sched3 (2 function(s) skipped on a length mismatch).
                   offsets COLOR writes: +0x49(1) +0x5d(2) +0x7d(1)
== il_stmt_while.cpp digest=50b312fc42869954
  SCHED+GLOBREGS fn1: sched1=52 sched2=52 IDENTICAL
  SCHED+GLOBREGS fn2: sched1=4 sched2=4 IDENTICAL
  COLOR fn1: sched2=52 sched3=51 DIFFERS
  COLOR fn2: sched2=4 sched3=4 IDENTICAL
  LOWERING fn1: sched3=51 sched0=58 DIFFERS
  LOWERING fn2: sched3=4 sched0=4 DIFFERS
  gap-metric stage-snap-tuples 229
  gap-metric stage-snap-regions 24
  gap-metric stage-snap-walk-refusals 0
  gap-metric stage-snap-tuples-distinct 79
  gap-metric stage-snap-tuple-groups 8
  gap-metric stage-snap-suffix-violations 0
  gap-metric stage-color-pairs 2
  gap-metric stage-color-pairs-differing 1
  PAYLOAD 229 rows over 8 (phase,function) groups; 79 DISTINCT tuple positions (65.5% of the rows are suffix re-reads, inflation 2.90x). The nested-suffix model holds on every block, so DISTINCT is exact.
  RAW WINDOW 128B, 4 tuple pairs aligned across sched2/sched3 (1 function(s) skipped on a length mismatch).
                   offsets COLOR writes: NONE — the allocator wrote nothing in this window
== il_sy_locals.cpp digest=2e71328c3def23c5
  SCHED+GLOBREGS fn1: sched1=10 sched2=10 IDENTICAL
  SCHED+GLOBREGS fn2: sched1=10 sched2=10 IDENTICAL
  SCHED+GLOBREGS fn3: sched1=10 sched2=10 IDENTICAL
  SCHED+GLOBREGS fn4: sched1=10 sched2=10 IDENTICAL
  SCHED+GLOBREGS fn5: sched1=11 sched2=11 IDENTICAL
  SCHED+GLOBREGS fn6: sched1=12 sched2=12 IDENTICAL
  SCHED+GLOBREGS fn7: sched1=10 sched2=10 IDENTICAL
  SCHED+GLOBREGS fn8: sched1=13 sched2=14 DIFFERS
  SCHED+GLOBREGS fn9: sched1=14 sched2=15 DIFFERS
  SCHED+GLOBREGS fn10: sched1=10 sched2=10 IDENTICAL
  SCHED+GLOBREGS fn11: sched1=10 sched2=10 IDENTICAL
  SCHED+GLOBREGS fn12: sched1=11 sched2=13 DIFFERS
  SCHED+GLOBREGS fn13: sched1=11 sched2=13 DIFFERS
  COLOR fn1: sched2=10 sched3=4 DIFFERS
  COLOR fn2: sched2=10 sched3=4 DIFFERS
  COLOR fn3: sched2=10 sched3=4 DIFFERS
  COLOR fn4: sched2=10 sched3=4 DIFFERS
  COLOR fn5: sched2=11 sched3=4 DIFFERS
  COLOR fn6: sched2=12 sched3=11 DIFFERS
  COLOR fn7: sched2=10 sched3=4 DIFFERS
  COLOR fn8: sched2=14 sched3=13 DIFFERS
  COLOR fn9: sched2=15 sched3=14 DIFFERS
  COLOR fn10: sched2=10 sched3=4 DIFFERS
  COLOR fn11: sched2=10 sched3=10 IDENTICAL
  COLOR fn12: sched2=13 sched3=12 DIFFERS
  COLOR fn13: sched2=13 sched3=12 DIFFERS
  LOWERING fn1: sched3=4 sched0=9 DIFFERS
  LOWERING fn2: sched3=4 sched0=9 DIFFERS
  LOWERING fn3: sched3=4 sched0=9 DIFFERS
  LOWERING fn4: sched3=4 sched0=9 DIFFERS
  LOWERING fn5: sched3=4 sched0=10 DIFFERS
  LOWERING fn6: sched3=11 sched0=11 DIFFERS
  LOWERING fn7: sched3=4 sched0=9 DIFFERS
  LOWERING fn8: sched3=13 sched0=18 DIFFERS
  LOWERING fn9: sched3=14 sched0=23 DIFFERS
  LOWERING fn10: sched3=4 sched0=9 DIFFERS
  LOWERING fn11: sched3=10 sched0=9 DIFFERS
  LOWERING fn12: sched3=12 sched0=10 DIFFERS
  LOWERING fn13: sched3=12 sched0=10 DIFFERS
  gap-metric stage-snap-tuples 535
  gap-metric stage-snap-regions 97
  gap-metric stage-snap-walk-refusals 0
  gap-metric stage-snap-tuples-distinct 348
  gap-metric stage-snap-tuple-groups 52
  gap-metric stage-snap-suffix-violations 0
  gap-metric stage-color-pairs 13
  gap-metric stage-color-pairs-differing 12
  PAYLOAD 535 rows over 52 (phase,function) groups; 348 DISTINCT tuple positions (35.0% of the rows are suffix re-reads, inflation 1.54x). The nested-suffix model holds on every block, so DISTINCT is exact.
  RAW WINDOW 128B, 10 tuple pairs aligned across sched2/sched3 (12 function(s) skipped on a length mismatch).
                   offsets COLOR writes: NONE — the allocator wrote nothing in this window
== il_sy_locals_clean.cpp digest=1c48d492a43f29fc
  SCHED+GLOBREGS fn1: sched1=10 sched2=4 DIFFERS
  SCHED+GLOBREGS fn2: sched1=10 sched2=4 DIFFERS
  SCHED+GLOBREGS fn3: sched1=10 sched2=10 IDENTICAL
  SCHED+GLOBREGS fn4: sched1=10 sched2=10 IDENTICAL
  SCHED+GLOBREGS fn5: sched1=10 sched2=10 IDENTICAL
  SCHED+GLOBREGS fn6: sched1=10 sched2=10 IDENTICAL
  SCHED+GLOBREGS fn7: sched1=10 sched2=10 IDENTICAL
  SCHED+GLOBREGS fn8: sched1=10 sched2=10 IDENTICAL
  SCHED+GLOBREGS fn9: sched1=10 sched2=10 IDENTICAL
  SCHED+GLOBREGS fn10: sched1=10 sched2=4 DIFFERS
  COLOR fn1: sched2=4 sched3=4 IDENTICAL
  COLOR fn2: sched2=4 sched3=4 IDENTICAL
  COLOR fn3: sched2=10 sched3=10 IDENTICAL
  COLOR fn4: sched2=10 sched3=4 DIFFERS
  COLOR fn5: sched2=10 sched3=4 DIFFERS
  COLOR fn6: sched2=10 sched3=4 DIFFERS
  COLOR fn7: sched2=10 sched3=4 DIFFERS
  COLOR fn8: sched2=10 sched3=4 DIFFERS
  COLOR fn9: sched2=10 sched3=4 DIFFERS
  COLOR fn10: sched2=4 sched3=4 IDENTICAL
  LOWERING fn1: sched3=4 sched0=4 DIFFERS
  LOWERING fn2: sched3=4 sched0=4 DIFFERS
  LOWERING fn3: sched3=10 sched0=9 DIFFERS
  LOWERING fn4: sched3=4 sched0=9 DIFFERS
  LOWERING fn5: sched3=4 sched0=9 DIFFERS
  LOWERING fn6: sched3=4 sched0=9 DIFFERS
  LOWERING fn7: sched3=4 sched0=9 DIFFERS
  LOWERING fn8: sched3=4 sched0=9 DIFFERS
  LOWERING fn9: sched3=4 sched0=9 DIFFERS
  LOWERING fn10: sched3=4 sched0=9 DIFFERS
  gap-metric stage-snap-tuples 308
  gap-metric stage-snap-regions 66
  gap-metric stage-snap-walk-refusals 0
  gap-metric stage-snap-tuples-distinct 204
  gap-metric stage-snap-tuple-groups 40
  gap-metric stage-snap-suffix-violations 0
  gap-metric stage-color-pairs 10
  gap-metric stage-color-pairs-differing 6
  PAYLOAD 308 rows over 40 (phase,function) groups; 204 DISTINCT tuple positions (33.8% of the rows are suffix re-reads, inflation 1.51x). The nested-suffix model holds on every block, so DISTINCT is exact.
  RAW WINDOW 128B, 22 tuple pairs aligned across sched2/sched3 (6 function(s) skipped on a length mismatch).
                   offsets COLOR writes: NONE — the allocator wrote nothing in this window
== il_sy_size_extent.cpp digest=446a3ed40ac304c2
  SCHED+GLOBREGS fn1: sched1=10 sched2=10 IDENTICAL
  SCHED+GLOBREGS fn2: sched1=10 sched2=10 IDENTICAL
  SCHED+GLOBREGS fn3: sched1=10 sched2=10 IDENTICAL
  SCHED+GLOBREGS fn4: sched1=10 sched2=10 IDENTICAL
  COLOR fn1: sched2=10 sched3=10 IDENTICAL
  COLOR fn2: sched2=10 sched3=10 IDENTICAL
  COLOR fn3: sched2=10 sched3=10 IDENTICAL
  COLOR fn4: sched2=10 sched3=10 IDENTICAL
  LOWERING fn1: sched3=10 sched0=9 DIFFERS
  LOWERING fn2: sched3=10 sched0=9 DIFFERS
  LOWERING fn3: sched3=10 sched0=9 DIFFERS
  LOWERING fn4: sched3=10 sched0=9 DIFFERS
  gap-metric stage-snap-tuples 156
  gap-metric stage-snap-regions 32
  gap-metric stage-snap-walk-refusals 0
  gap-metric stage-snap-tuples-distinct 92
  gap-metric stage-snap-tuple-groups 16
  gap-metric stage-snap-suffix-violations 0
  gap-metric stage-color-pairs 4
  gap-metric stage-color-pairs-differing 0
  PAYLOAD 156 rows over 16 (phase,function) groups; 92 DISTINCT tuple positions (41.0% of the rows are suffix re-reads, inflation 1.70x). The nested-suffix model holds on every block, so DISTINCT is exact.
  RAW WINDOW 128B, 40 tuple pairs aligned across sched2/sched3 (0 function(s) skipped on a length mismatch).
                   offsets COLOR writes: NONE — the allocator wrote nothing in this window
  FINDING, not a green: the pre/post-COLOR snapshots are IDENTICAL on every
                   function here. The walk is reading fields COLOR does not write — it shows THAT
                   the allocator ran, not WHAT it did.
== il_this_line70.cpp digest=0b1996db733dbeb6
  SCHED+GLOBREGS fn1: sched1=10 sched2=10 IDENTICAL
  SCHED+GLOBREGS fn2: sched1=10 sched2=10 IDENTICAL
  COLOR fn1: sched2=10 sched3=10 IDENTICAL
  COLOR fn2: sched2=10 sched3=10 IDENTICAL
  LOWERING fn1: sched3=10 sched0=9 DIFFERS
  LOWERING fn2: sched3=10 sched0=9 DIFFERS
  gap-metric stage-snap-tuples 78
  gap-metric stage-snap-regions 16
  gap-metric stage-snap-walk-refusals 0
  gap-metric stage-snap-tuples-distinct 46
  gap-metric stage-snap-tuple-groups 8
  gap-metric stage-snap-suffix-violations 0
  gap-metric stage-color-pairs 2
  gap-metric stage-color-pairs-differing 0
  PAYLOAD 78 rows over 8 (phase,function) groups; 46 DISTINCT tuple positions (41.0% of the rows are suffix re-reads, inflation 1.70x). The nested-suffix model holds on every block, so DISTINCT is exact.
  RAW WINDOW 128B, 20 tuple pairs aligned across sched2/sched3 (0 function(s) skipped on a length mismatch).
                   offsets COLOR writes: NONE — the allocator wrote nothing in this window
  FINDING, not a green: the pre/post-COLOR snapshots are IDENTICAL on every
                   function here. The walk is reading fields COLOR does not write — it shows THAT
                   the allocator ran, not WHAT it did.
== il_this_straightline.cpp digest=483e806b1ade62ca
  SCHED+GLOBREGS fn1: sched1=10 sched2=10 IDENTICAL
  SCHED+GLOBREGS fn2: sched1=10 sched2=10 IDENTICAL
  SCHED+GLOBREGS fn3: sched1=11 sched2=11 IDENTICAL
  SCHED+GLOBREGS fn4: sched1=10 sched2=10 IDENTICAL
  SCHED+GLOBREGS fn5: sched1=10 sched2=10 IDENTICAL
  SCHED+GLOBREGS fn6: sched1=10 sched2=10 IDENTICAL
  SCHED+GLOBREGS fn7: sched1=10 sched2=10 IDENTICAL
  SCHED+GLOBREGS fn8: sched1=10 sched2=10 IDENTICAL
  SCHED+GLOBREGS fn9: sched1=11 sched2=11 IDENTICAL
  SCHED+GLOBREGS fn10: sched1=10 sched2=4 DIFFERS
  SCHED+GLOBREGS fn11: sched1=10 sched2=4 DIFFERS
  COLOR fn1: sched2=10 sched3=4 DIFFERS
  COLOR fn2: sched2=10 sched3=4 DIFFERS
  COLOR fn3: sched2=11 sched3=4 DIFFERS
  COLOR fn4: sched2=10 sched3=10 IDENTICAL
  COLOR fn5: sched2=10 sched3=4 DIFFERS
  COLOR fn6: sched2=10 sched3=4 DIFFERS
  COLOR fn7: sched2=10 sched3=4 DIFFERS
  COLOR fn8: sched2=10 sched3=4 DIFFERS
  COLOR fn9: sched2=11 sched3=4 DIFFERS
  COLOR fn10: sched2=4 sched3=4 IDENTICAL
  COLOR fn11: sched2=4 sched3=4 IDENTICAL
  LOWERING fn1: sched3=4 sched0=9 DIFFERS
  LOWERING fn2: sched3=4 sched0=9 DIFFERS
  LOWERING fn3: sched3=4 sched0=10 DIFFERS
  LOWERING fn4: sched3=10 sched0=9 DIFFERS
  LOWERING fn5: sched3=4 sched0=9 DIFFERS
  LOWERING fn6: sched3=4 sched0=9 DIFFERS
  LOWERING fn7: sched3=4 sched0=9 DIFFERS
  LOWERING fn8: sched3=4 sched0=9 DIFFERS
  LOWERING fn9: sched3=4 sched0=10 DIFFERS
  LOWERING fn10: sched3=4 sched0=9 DIFFERS
  LOWERING fn11: sched3=4 sched0=9 DIFFERS
  gap-metric stage-snap-tuples 363
  gap-metric stage-snap-regions 76
  gap-metric stage-snap-walk-refusals 0
  gap-metric stage-snap-tuples-distinct 235
  gap-metric stage-snap-tuple-groups 44
  gap-metric stage-snap-suffix-violations 0
  gap-metric stage-color-pairs 11
  gap-metric stage-color-pairs-differing 8
  PAYLOAD 363 rows over 44 (phase,function) groups; 235 DISTINCT tuple positions (35.3% of the rows are suffix re-reads, inflation 1.54x). The nested-suffix model holds on every block, so DISTINCT is exact.
  RAW WINDOW 128B, 18 tuple pairs aligned across sched2/sched3 (8 function(s) skipped on a length mismatch).
                   offsets COLOR writes: NONE — the allocator wrote nothing in this window
== il_type_intlike.cpp digest=d413c8f08b815a7b
  SCHED+GLOBREGS fn1: sched1=11 sched2=11 IDENTICAL
  SCHED+GLOBREGS fn2: sched1=10 sched2=4 DIFFERS
  SCHED+GLOBREGS fn3: sched1=11 sched2=10 DIFFERS
  SCHED+GLOBREGS fn4: sched1=10 sched2=10 IDENTICAL
  SCHED+GLOBREGS fn5: sched1=11 sched2=11 IDENTICAL
  SCHED+GLOBREGS fn6: sched1=10 sched2=4 DIFFERS
  SCHED+GLOBREGS fn7: sched1=11 sched2=10 DIFFERS
  SCHED+GLOBREGS fn8: sched1=10 sched2=10 IDENTICAL
  SCHED+GLOBREGS fn9: sched1=11 sched2=11 IDENTICAL
  SCHED+GLOBREGS fn10: sched1=10 sched2=4 DIFFERS
  SCHED+GLOBREGS fn11: sched1=11 sched2=11 IDENTICAL
  SCHED+GLOBREGS fn12: sched1=10 sched2=10 IDENTICAL
  COLOR fn1: sched2=11 sched3=4 DIFFERS
  COLOR fn2: sched2=4 sched3=4 IDENTICAL
  COLOR fn3: sched2=10 sched3=10 IDENTICAL
  COLOR fn4: sched2=10 sched3=4 DIFFERS
  COLOR fn5: sched2=11 sched3=4 DIFFERS
  COLOR fn6: sched2=4 sched3=4 IDENTICAL
  COLOR fn7: sched2=10 sched3=10 IDENTICAL
  COLOR fn8: sched2=10 sched3=4 DIFFERS
  COLOR fn9: sched2=11 sched3=4 DIFFERS
  COLOR fn10: sched2=4 sched3=4 IDENTICAL
  COLOR fn11: sched2=11 sched3=4 DIFFERS
  COLOR fn12: sched2=10 sched3=4 DIFFERS
  LOWERING fn1: sched3=4 sched0=10 DIFFERS
  LOWERING fn2: sched3=4 sched0=9 DIFFERS
  LOWERING fn3: sched3=10 sched0=10 DIFFERS
  LOWERING fn4: sched3=4 sched0=9 DIFFERS
  LOWERING fn5: sched3=4 sched0=10 DIFFERS
  LOWERING fn6: sched3=4 sched0=9 DIFFERS
  LOWERING fn7: sched3=10 sched0=10 DIFFERS
  LOWERING fn8: sched3=4 sched0=9 DIFFERS
  LOWERING fn9: sched3=4 sched0=10 DIFFERS
  LOWERING fn10: sched3=4 sched0=9 DIFFERS
  LOWERING fn11: sched3=4 sched0=10 DIFFERS
  LOWERING fn12: sched3=4 sched0=9 DIFFERS
  gap-metric stage-snap-tuples 406
  gap-metric stage-snap-regions 83
  gap-metric stage-snap-walk-refusals 0
  gap-metric stage-snap-tuples-distinct 266
  gap-metric stage-snap-tuple-groups 48
  gap-metric stage-snap-suffix-violations 0
  gap-metric stage-color-pairs 12
  gap-metric stage-color-pairs-differing 7
  PAYLOAD 406 rows over 48 (phase,function) groups; 266 DISTINCT tuple positions (34.5% of the rows are suffix re-reads, inflation 1.53x). The nested-suffix model holds on every block, so DISTINCT is exact.
  RAW WINDOW 128B, 32 tuple pairs aligned across sched2/sched3 (7 function(s) skipped on a length mismatch).
                   offsets COLOR writes: NONE — the allocator wrote nothing in this window
== il_type_narrow.cpp digest=717775ca446318a8
  SCHED+GLOBREGS fn1: sched1=10 sched2=10 IDENTICAL
  SCHED+GLOBREGS fn2: sched1=10 sched2=10 IDENTICAL
  SCHED+GLOBREGS fn3: sched1=13 sched2=11 DIFFERS
  SCHED+GLOBREGS fn4: sched1=13 sched2=11 DIFFERS
  SCHED+GLOBREGS fn5: sched1=13 sched2=11 DIFFERS
  SCHED+GLOBREGS fn6: sched1=13 sched2=11 DIFFERS
  SCHED+GLOBREGS fn7: sched1=12 sched2=11 DIFFERS
  SCHED+GLOBREGS fn8: sched1=12 sched2=10 DIFFERS
  SCHED+GLOBREGS fn9: sched1=13 sched2=11 DIFFERS
  SCHED+GLOBREGS fn10: sched1=10 sched2=10 IDENTICAL
  COLOR fn1: sched2=10 sched3=4 DIFFERS
  COLOR fn2: sched2=10 sched3=4 DIFFERS
  COLOR fn3: sched2=11 sched3=10 DIFFERS
  COLOR fn4: sched2=11 sched3=10 DIFFERS
  COLOR fn5: sched2=11 sched3=10 DIFFERS
  COLOR fn6: sched2=11 sched3=10 DIFFERS
  COLOR fn7: sched2=11 sched3=11 IDENTICAL
  COLOR fn8: sched2=10 sched3=4 DIFFERS
  COLOR fn9: sched2=11 sched3=11 IDENTICAL
  COLOR fn10: sched2=10 sched3=4 DIFFERS
  LOWERING fn1: sched3=4 sched0=9 DIFFERS
  LOWERING fn2: sched3=4 sched0=9 DIFFERS
  LOWERING fn3: sched3=10 sched0=10 DIFFERS
  LOWERING fn4: sched3=10 sched0=12 DIFFERS
  LOWERING fn5: sched3=10 sched0=10 DIFFERS
  LOWERING fn6: sched3=10 sched0=12 DIFFERS
  LOWERING fn7: sched3=11 sched0=11 DIFFERS
  LOWERING fn8: sched3=4 sched0=11 DIFFERS
  LOWERING fn9: sched3=11 sched0=12 DIFFERS
  LOWERING fn10: sched3=4 sched0=9 DIFFERS
  gap-metric stage-snap-tuples 408
  gap-metric stage-snap-regions 76
  gap-metric stage-snap-walk-refusals 0
  gap-metric stage-snap-tuples-distinct 264
  gap-metric stage-snap-tuple-groups 40
  gap-metric stage-snap-suffix-violations 0
  gap-metric stage-color-pairs 10
  gap-metric stage-color-pairs-differing 8
  PAYLOAD 408 rows over 40 (phase,function) groups; 264 DISTINCT tuple positions (35.3% of the rows are suffix re-reads, inflation 1.55x). The nested-suffix model holds on every block, so DISTINCT is exact.
  RAW WINDOW 128B, 22 tuple pairs aligned across sched2/sched3 (8 function(s) skipped on a length mismatch).
                   offsets COLOR writes: NONE — the allocator wrote nothing in this window
== il_type_pack_neg.cpp digest=811f4a5394986056
  SCHED+GLOBREGS fn1: sched1=11 sched2=11 IDENTICAL
  SCHED+GLOBREGS fn2: sched1=18 sched2=18 DIFFERS
  SCHED+GLOBREGS fn3: sched1=11 sched2=11 IDENTICAL
  SCHED+GLOBREGS fn4: sched1=10 sched2=10 IDENTICAL
  SCHED+GLOBREGS fn5: sched1=10 sched2=10 IDENTICAL
  SCHED+GLOBREGS fn6: sched1=11 sched2=11 IDENTICAL
  COLOR fn1: sched2=11 sched3=11 IDENTICAL
  COLOR fn2: sched2=18 sched3=17 DIFFERS
  COLOR fn3: sched2=11 sched3=11 IDENTICAL
  COLOR fn4: sched2=10 sched3=10 IDENTICAL
  COLOR fn5: sched2=10 sched3=10 IDENTICAL
  COLOR fn6: sched2=11 sched3=11 IDENTICAL
  LOWERING fn1: sched3=11 sched0=10 DIFFERS
  LOWERING fn2: sched3=17 sched0=16 DIFFERS
  LOWERING fn3: sched3=11 sched0=10 DIFFERS
  LOWERING fn4: sched3=10 sched0=9 DIFFERS
  LOWERING fn5: sched3=10 sched0=9 DIFFERS
  LOWERING fn6: sched3=11 sched0=9 DIFFERS
  gap-metric stage-snap-tuples 275
  gap-metric stage-snap-regions 48
  gap-metric stage-snap-walk-refusals 0
  gap-metric stage-snap-tuples-distinct 179
  gap-metric stage-snap-tuple-groups 24
  gap-metric stage-snap-suffix-violations 0
  gap-metric stage-color-pairs 6
  gap-metric stage-color-pairs-differing 1
  PAYLOAD 275 rows over 24 (phase,function) groups; 179 DISTINCT tuple positions (34.9% of the rows are suffix re-reads, inflation 1.54x). The nested-suffix model holds on every block, so DISTINCT is exact.
  RAW WINDOW 128B, 53 tuple pairs aligned across sched2/sched3 (1 function(s) skipped on a length mismatch).
                   offsets COLOR writes: NONE — the allocator wrote nothing in this window
== il_type_scalars.cpp digest=32b62f917e2eacd9
  SCHED+GLOBREGS fn1: sched1=10 sched2=4 DIFFERS
  SCHED+GLOBREGS fn2: sched1=10 sched2=4 DIFFERS
  SCHED+GLOBREGS fn3: sched1=10 sched2=4 DIFFERS
  SCHED+GLOBREGS fn4: sched1=10 sched2=4 DIFFERS
  SCHED+GLOBREGS fn5: sched1=10 sched2=4 DIFFERS
  SCHED+GLOBREGS fn6: sched1=10 sched2=4 DIFFERS
  SCHED+GLOBREGS fn7: sched1=10 sched2=4 DIFFERS
  SCHED+GLOBREGS fn8: sched1=10 sched2=4 DIFFERS
  SCHED+GLOBREGS fn9: sched1=10 sched2=4 DIFFERS
  SCHED+GLOBREGS fn10: sched1=10 sched2=4 DIFFERS
  SCHED+GLOBREGS fn11: sched1=10 sched2=4 DIFFERS
  SCHED+GLOBREGS fn12: sched1=10 sched2=4 DIFFERS
  SCHED+GLOBREGS fn13: sched1=10 sched2=4 DIFFERS
  SCHED+GLOBREGS fn14: sched1=10 sched2=4 DIFFERS
  SCHED+GLOBREGS fn15: sched1=10 sched2=4 DIFFERS
  SCHED+GLOBREGS fn16: sched1=10 sched2=4 DIFFERS
  COLOR fn1: sched2=4 sched3=4 IDENTICAL
  COLOR fn2: sched2=4 sched3=4 IDENTICAL
  COLOR fn3: sched2=4 sched3=4 IDENTICAL
  COLOR fn4: sched2=4 sched3=4 IDENTICAL
  COLOR fn5: sched2=4 sched3=4 IDENTICAL
  COLOR fn6: sched2=4 sched3=4 IDENTICAL
  COLOR fn7: sched2=4 sched3=4 IDENTICAL
  COLOR fn8: sched2=4 sched3=4 IDENTICAL
  COLOR fn9: sched2=4 sched3=4 IDENTICAL
  COLOR fn10: sched2=4 sched3=4 IDENTICAL
  COLOR fn11: sched2=4 sched3=4 IDENTICAL
  COLOR fn12: sched2=4 sched3=4 IDENTICAL
  COLOR fn13: sched2=4 sched3=4 IDENTICAL
  COLOR fn14: sched2=4 sched3=4 IDENTICAL
  COLOR fn15: sched2=4 sched3=4 IDENTICAL
  COLOR fn16: sched2=4 sched3=4 IDENTICAL
  LOWERING fn1: sched3=4 sched0=4 DIFFERS
  LOWERING fn2: sched3=4 sched0=4 DIFFERS
  LOWERING fn3: sched3=4 sched0=4 DIFFERS
  LOWERING fn4: sched3=4 sched0=4 DIFFERS
  LOWERING fn5: sched3=4 sched0=4 DIFFERS
  LOWERING fn6: sched3=4 sched0=4 DIFFERS
  LOWERING fn7: sched3=4 sched0=4 DIFFERS
  LOWERING fn8: sched3=4 sched0=4 DIFFERS
  LOWERING fn9: sched3=4 sched0=4 DIFFERS
  LOWERING fn10: sched3=4 sched0=4 DIFFERS
  LOWERING fn11: sched3=4 sched0=4 DIFFERS
  LOWERING fn12: sched3=4 sched0=4 DIFFERS
  LOWERING fn13: sched3=4 sched0=4 DIFFERS
  LOWERING fn14: sched3=4 sched0=4 DIFFERS
  LOWERING fn15: sched3=4 sched0=4 DIFFERS
  LOWERING fn16: sched3=4 sched0=4 DIFFERS
  gap-metric stage-snap-tuples 352
  gap-metric stage-snap-regions 80
  gap-metric stage-snap-walk-refusals 0
  gap-metric stage-snap-tuples-distinct 288
  gap-metric stage-snap-tuple-groups 64
  gap-metric stage-snap-suffix-violations 0
  gap-metric stage-color-pairs 16
  gap-metric stage-color-pairs-differing 0
  PAYLOAD 352 rows over 64 (phase,function) groups; 288 DISTINCT tuple positions (18.2% of the rows are suffix re-reads, inflation 1.22x). The nested-suffix model holds on every block, so DISTINCT is exact.
  RAW WINDOW 128B, 64 tuple pairs aligned across sched2/sched3 (0 function(s) skipped on a length mismatch).
                   offsets COLOR writes: NONE — the allocator wrote nothing in this window
  FINDING, not a green: the pre/post-COLOR snapshots are IDENTICAL on every
                   function here. The walk is reading fields COLOR does not write — it shows THAT
                   the allocator ran, not WHAT it did.
== il_varargs_neg.cpp digest=9cdb41c89932bb75
  SCHED+GLOBREGS fn1: sched1=10 sched2=10 IDENTICAL
  SCHED+GLOBREGS fn2: sched1=10 sched2=10 IDENTICAL
  SCHED+GLOBREGS fn3: sched1=10 sched2=4 DIFFERS
  SCHED+GLOBREGS fn4: sched1=10 sched2=4 DIFFERS
  SCHED+GLOBREGS fn5: sched1=10 sched2=10 IDENTICAL
  SCHED+GLOBREGS fn6: sched1=10 sched2=4 DIFFERS
  COLOR fn1: sched2=10 sched3=10 IDENTICAL
  COLOR fn2: sched2=10 sched3=10 IDENTICAL
  COLOR fn3: sched2=4 sched3=4 IDENTICAL
  COLOR fn4: sched2=4 sched3=4 IDENTICAL
  COLOR fn5: sched2=10 sched3=10 IDENTICAL
  COLOR fn6: sched2=4 sched3=4 IDENTICAL
  LOWERING fn1: sched3=10 sched0=9 DIFFERS
  LOWERING fn2: sched3=10 sched0=9 DIFFERS
  LOWERING fn3: sched3=4 sched0=4 DIFFERS
  LOWERING fn4: sched3=4 sched0=4 DIFFERS
  LOWERING fn5: sched3=10 sched0=9 DIFFERS
  LOWERING fn6: sched3=4 sched0=9 DIFFERS
  gap-metric stage-snap-tuples 188
  gap-metric stage-snap-regions 40
  gap-metric stage-snap-walk-refusals 0
  gap-metric stage-snap-tuples-distinct 124
  gap-metric stage-snap-tuple-groups 24
  gap-metric stage-snap-suffix-violations 0
  gap-metric stage-color-pairs 6
  gap-metric stage-color-pairs-differing 0
  PAYLOAD 188 rows over 24 (phase,function) groups; 124 DISTINCT tuple positions (34.0% of the rows are suffix re-reads, inflation 1.52x). The nested-suffix model holds on every block, so DISTINCT is exact.
  RAW WINDOW 128B, 42 tuple pairs aligned across sched2/sched3 (0 function(s) skipped on a length mismatch).
                   offsets COLOR writes: NONE — the allocator wrote nothing in this window
  FINDING, not a green: the pre/post-COLOR snapshots are IDENTICAL on every
                   function here. The walk is reading fields COLOR does not write — it shows THAT
                   the allocator ran, not WHAT it did.
== mvp_add3.cpp digest=52d8bf412b0b5aef
  SCHED+GLOBREGS fn1: sched1=11 sched2=11 IDENTICAL
  COLOR fn1: sched2=11 sched3=4 DIFFERS
  LOWERING fn1: sched3=4 sched0=10 DIFFERS
  gap-metric stage-snap-tuples 36
  gap-metric stage-snap-regions 7
  gap-metric stage-snap-walk-refusals 0
  gap-metric stage-snap-tuples-distinct 24
  gap-metric stage-snap-tuple-groups 4
  gap-metric stage-snap-suffix-violations 0
  gap-metric stage-color-pairs 1
  gap-metric stage-color-pairs-differing 1
  PAYLOAD 36 rows over 4 (phase,function) groups; 24 DISTINCT tuple positions (33.3% of the rows are suffix re-reads, inflation 1.50x). The nested-suffix model holds on every block, so DISTINCT is exact.
  RAW WINDOW VACUOUS — 0 pairs aligned across sched2/sched3 (1 function(s) skipped on a length mismatch, window 128B).
                   NOTHING WAS COMPARED. This says nothing about what COLOR writes.
== mvp_argtail.cpp digest=6f9c354fd1ad1f6e
  SCHED+GLOBREGS fn1: sched1=12 sched2=12 IDENTICAL
  COLOR fn1: sched2=12 sched3=11 DIFFERS
  LOWERING fn1: sched3=11 sched0=8 DIFFERS
  gap-metric stage-snap-tuples 43
  gap-metric stage-snap-regions 8
  gap-metric stage-snap-walk-refusals 0
  gap-metric stage-snap-tuples-distinct 28
  gap-metric stage-snap-tuple-groups 4
  gap-metric stage-snap-suffix-violations 0
  gap-metric stage-color-pairs 1
  gap-metric stage-color-pairs-differing 1
  PAYLOAD 43 rows over 4 (phase,function) groups; 28 DISTINCT tuple positions (34.9% of the rows are suffix re-reads, inflation 1.54x). The nested-suffix model holds on every block, so DISTINCT is exact.
  RAW WINDOW VACUOUS — 0 pairs aligned across sched2/sched3 (1 function(s) skipped on a length mismatch, window 128B).
                   NOTHING WAS COMPARED. This says nothing about what COLOR writes.
== mvp_call.cpp digest=22afd360041c7438
  SCHED+GLOBREGS fn1: sched1=9 sched2=9 IDENTICAL
  COLOR fn1: sched2=9 sched3=9 IDENTICAL
  LOWERING fn1: sched3=9 sched0=7 DIFFERS
  gap-metric stage-snap-tuples 34
  gap-metric stage-snap-regions 8
  gap-metric stage-snap-walk-refusals 0
  gap-metric stage-snap-tuples-distinct 19
  gap-metric stage-snap-tuple-groups 4
  gap-metric stage-snap-suffix-violations 0
  gap-metric stage-color-pairs 1
  gap-metric stage-color-pairs-differing 0
  PAYLOAD 34 rows over 4 (phase,function) groups; 19 DISTINCT tuple positions (44.1% of the rows are suffix re-reads, inflation 1.79x). The nested-suffix model holds on every block, so DISTINCT is exact.
  RAW WINDOW 128B, 9 tuple pairs aligned across sched2/sched3 (0 function(s) skipped on a length mismatch).
                   offsets COLOR writes: NONE — the allocator wrote nothing in this window
  FINDING, not a green: the pre/post-COLOR snapshots are IDENTICAL on every
                   function here. The walk is reading fields COLOR does not write — it shows THAT
                   the allocator ran, not WHAT it did.
== mvp_call_argframed_plusk.cpp digest=13b81f4e2ae505be
  SCHED+GLOBREGS fn1: sched1=12 sched2=12 IDENTICAL
  COLOR fn1: sched2=12 sched3=11 DIFFERS
  LOWERING fn1: sched3=11 sched0=17 DIFFERS
  gap-metric stage-snap-tuples 52
  gap-metric stage-snap-regions 8
  gap-metric stage-snap-walk-refusals 0
  gap-metric stage-snap-tuples-distinct 33
  gap-metric stage-snap-tuple-groups 4
  gap-metric stage-snap-suffix-violations 0
  gap-metric stage-color-pairs 1
  gap-metric stage-color-pairs-differing 1
  PAYLOAD 52 rows over 4 (phase,function) groups; 33 DISTINCT tuple positions (36.5% of the rows are suffix re-reads, inflation 1.58x). The nested-suffix model holds on every block, so DISTINCT is exact.
  RAW WINDOW VACUOUS — 0 pairs aligned across sched2/sched3 (1 function(s) skipped on a length mismatch, window 128B).
                   NOTHING WAS COMPARED. This says nothing about what COLOR writes.
== mvp_call_mulmod.cpp digest=67ca18673e6cdbe3
  SCHED+GLOBREGS fn1: sched1=12 sched2=11 DIFFERS
  COLOR fn1: sched2=11 sched3=11 IDENTICAL
  LOWERING fn1: sched3=11 sched0=16 DIFFERS
  gap-metric stage-snap-tuples 50
  gap-metric stage-snap-regions 8
  gap-metric stage-snap-walk-refusals 0
  gap-metric stage-snap-tuples-distinct 31
  gap-metric stage-snap-tuple-groups 4
  gap-metric stage-snap-suffix-violations 0
  gap-metric stage-color-pairs 1
  gap-metric stage-color-pairs-differing 0
  PAYLOAD 50 rows over 4 (phase,function) groups; 31 DISTINCT tuple positions (38.0% of the rows are suffix re-reads, inflation 1.61x). The nested-suffix model holds on every block, so DISTINCT is exact.
  RAW WINDOW 128B, 11 tuple pairs aligned across sched2/sched3 (0 function(s) skipped on a length mismatch).
                   offsets COLOR writes: NONE — the allocator wrote nothing in this window
  FINDING, not a green: the pre/post-COLOR snapshots are IDENTICAL on every
                   function here. The walk is reading fields COLOR does not write — it shows THAT
                   the allocator ran, not WHAT it did.
== mvp_call_plus1plus2.cpp digest=e2e00410163f88df
  SCHED+GLOBREGS fn1: sched1=12 sched2=11 DIFFERS
  COLOR fn1: sched2=11 sched3=11 IDENTICAL
  LOWERING fn1: sched3=11 sched0=16 DIFFERS
  gap-metric stage-snap-tuples 50
  gap-metric stage-snap-regions 8
  gap-metric stage-snap-walk-refusals 0
  gap-metric stage-snap-tuples-distinct 31
  gap-metric stage-snap-tuple-groups 4
  gap-metric stage-snap-suffix-violations 0
  gap-metric stage-color-pairs 1
  gap-metric stage-color-pairs-differing 0
  PAYLOAD 50 rows over 4 (phase,function) groups; 31 DISTINCT tuple positions (38.0% of the rows are suffix re-reads, inflation 1.61x). The nested-suffix model holds on every block, so DISTINCT is exact.
  RAW WINDOW 128B, 11 tuple pairs aligned across sched2/sched3 (0 function(s) skipped on a length mismatch).
                   offsets COLOR writes: NONE — the allocator wrote nothing in this window
  FINDING, not a green: the pre/post-COLOR snapshots are IDENTICAL on every
                   function here. The walk is reading fields COLOR does not write — it shows THAT
                   the allocator ran, not WHAT it did.
== mvp_call_seq.cpp digest=4b64ffb71b55ae45
  SCHED+GLOBREGS fn1: sched1=10 sched2=10 IDENTICAL
  SCHED+GLOBREGS fn2: sched1=12 sched2=12 IDENTICAL
  SCHED+GLOBREGS fn3: sched1=11 sched2=10 DIFFERS
  SCHED+GLOBREGS fn4: sched1=12 sched2=12 IDENTICAL
  SCHED+GLOBREGS fn5: sched1=12 sched2=11 DIFFERS
  SCHED+GLOBREGS fn6: sched1=11 sched2=11 IDENTICAL
  SCHED+GLOBREGS fn7: sched1=12 sched2=11 DIFFERS
  SCHED+GLOBREGS fn8: sched1=12 sched2=12 IDENTICAL
  SCHED+GLOBREGS fn9: sched1=12 sched2=12 IDENTICAL
  SCHED+GLOBREGS fn10: sched1=10 sched2=10 IDENTICAL
  COLOR fn1: sched2=10 sched3=10 IDENTICAL
  COLOR fn2: sched2=12 sched3=12 IDENTICAL
  COLOR fn3: sched2=10 sched3=10 IDENTICAL
  COLOR fn4: sched2=12 sched3=12 IDENTICAL
  COLOR fn5: sched2=11 sched3=11 IDENTICAL
  COLOR fn6: sched2=11 sched3=10 DIFFERS
  COLOR fn7: sched2=11 sched3=11 IDENTICAL
  COLOR fn8: sched2=12 sched3=12 IDENTICAL
  COLOR fn9: sched2=12 sched3=12 IDENTICAL
  COLOR fn10: sched2=10 sched3=10 IDENTICAL
  LOWERING fn1: sched3=10 sched0=16 DIFFERS
  LOWERING fn2: sched3=12 sched0=18 DIFFERS
  LOWERING fn3: sched3=10 sched0=16 DIFFERS
  LOWERING fn4: sched3=12 sched0=18 DIFFERS
  LOWERING fn5: sched3=11 sched0=19 DIFFERS
  LOWERING fn6: sched3=10 sched0=17 DIFFERS
  LOWERING fn7: sched3=11 sched0=16 DIFFERS
  LOWERING fn8: sched3=12 sched0=16 DIFFERS
  LOWERING fn9: sched3=12 sched0=17 DIFFERS
  LOWERING fn10: sched3=10 sched0=16 DIFFERS
  gap-metric stage-snap-tuples 504
  gap-metric stage-snap-regions 80
  gap-metric stage-snap-walk-refusals 0
  gap-metric stage-snap-tuples-distinct 314
  gap-metric stage-snap-tuple-groups 40
  gap-metric stage-snap-suffix-violations 0
  gap-metric stage-color-pairs 10
  gap-metric stage-color-pairs-differing 1
  PAYLOAD 504 rows over 40 (phase,function) groups; 314 DISTINCT tuple positions (37.7% of the rows are suffix re-reads, inflation 1.61x). The nested-suffix model holds on every block, so DISTINCT is exact.
  RAW WINDOW 128B, 100 tuple pairs aligned across sched2/sched3 (1 function(s) skipped on a length mismatch).
                   offsets COLOR writes: NONE — the allocator wrote nothing in this window
== mvp_call_seq_b.cpp digest=a3cc555bc763ca64
  SCHED+GLOBREGS fn1: sched1=12 sched2=11 DIFFERS
  SCHED+GLOBREGS fn2: sched1=12 sched2=12 IDENTICAL
  SCHED+GLOBREGS fn3: sched1=16 sched2=15 DIFFERS
  SCHED+GLOBREGS fn4: sched1=14 sched2=13 DIFFERS
  SCHED+GLOBREGS fn5: sched1=14 sched2=13 DIFFERS
  SCHED+GLOBREGS fn6: sched1=14 sched2=14 IDENTICAL
  SCHED+GLOBREGS fn7: sched1=12 sched2=12 IDENTICAL
  SCHED+GLOBREGS fn8: sched1=12 sched2=12 IDENTICAL
  SCHED+GLOBREGS fn9: sched1=14 sched2=14 IDENTICAL
  SCHED+GLOBREGS fn10: sched1=12 sched2=11 DIFFERS
  SCHED+GLOBREGS fn11: sched1=14 sched2=13 DIFFERS
  SCHED+GLOBREGS fn12: sched1=14 sched2=14 IDENTICAL
  SCHED+GLOBREGS fn13: sched1=15 sched2=15 IDENTICAL
  SCHED+GLOBREGS fn14: sched1=14 sched2=13 DIFFERS
  SCHED+GLOBREGS fn15: sched1=14 sched2=13 DIFFERS
  SCHED+GLOBREGS fn16: sched1=14 sched2=13 DIFFERS
  SCHED+GLOBREGS fn17: sched1=13 sched2=13 IDENTICAL
  SCHED+GLOBREGS fn18: sched1=12 sched2=11 DIFFERS
  COLOR fn1: sched2=11 sched3=11 IDENTICAL
  COLOR fn2: sched2=12 sched3=12 IDENTICAL
  COLOR fn3: sched2=15 sched3=15 IDENTICAL
  COLOR fn4: sched2=13 sched3=13 IDENTICAL
  COLOR fn5: sched2=13 sched3=13 IDENTICAL
  COLOR fn6: sched2=14 sched3=14 IDENTICAL
  COLOR fn7: sched2=12 sched3=12 IDENTICAL
  COLOR fn8: sched2=12 sched3=12 IDENTICAL
  COLOR fn9: sched2=14 sched3=14 IDENTICAL
  COLOR fn10: sched2=11 sched3=11 IDENTICAL
  COLOR fn11: sched2=13 sched3=13 IDENTICAL
  COLOR fn12: sched2=14 sched3=14 IDENTICAL
  COLOR fn13: sched2=15 sched3=15 IDENTICAL
  COLOR fn14: sched2=13 sched3=13 IDENTICAL
  COLOR fn15: sched2=13 sched3=13 IDENTICAL
  COLOR fn16: sched2=13 sched3=13 IDENTICAL
  COLOR fn17: sched2=13 sched3=13 IDENTICAL
  COLOR fn18: sched2=11 sched3=11 IDENTICAL
  LOWERING fn1: sched3=11 sched0=20 DIFFERS
  LOWERING fn2: sched3=12 sched0=20 DIFFERS
  LOWERING fn3: sched3=15 sched0=24 DIFFERS
  LOWERING fn4: sched3=13 sched0=25 DIFFERS
  LOWERING fn5: sched3=13 sched0=25 DIFFERS
  LOWERING fn6: sched3=14 sched0=25 DIFFERS
  LOWERING fn7: sched3=12 sched0=24 DIFFERS
  LOWERING fn8: sched3=12 sched0=24 DIFFERS
  LOWERING fn9: sched3=14 sched0=26 DIFFERS
  LOWERING fn10: sched3=11 sched0=21 DIFFERS
  LOWERING fn11: sched3=13 sched0=26 DIFFERS
  LOWERING fn12: sched3=14 sched0=26 DIFFERS
  LOWERING fn13: sched3=15 sched0=25 DIFFERS
  LOWERING fn14: sched3=13 sched0=22 DIFFERS
  LOWERING fn15: sched3=13 sched0=21 DIFFERS
  LOWERING fn16: sched3=13 sched0=21 DIFFERS
  LOWERING fn17: sched3=13 sched0=25 DIFFERS
  LOWERING fn18: sched3=11 sched0=20 DIFFERS
  gap-metric stage-snap-tuples 1126
  gap-metric stage-snap-regions 144
  gap-metric stage-snap-walk-refusals 0
  gap-metric stage-snap-tuples-distinct 756
  gap-metric stage-snap-tuple-groups 72
  gap-metric stage-snap-suffix-violations 0
  gap-metric stage-color-pairs 18
  gap-metric stage-color-pairs-differing 0
  PAYLOAD 1126 rows over 72 (phase,function) groups; 756 DISTINCT tuple positions (32.9% of the rows are suffix re-reads, inflation 1.49x). The nested-suffix model holds on every block, so DISTINCT is exact.
  RAW WINDOW 128B, 232 tuple pairs aligned across sched2/sched3 (0 function(s) skipped on a length mismatch).
                   offsets COLOR writes: NONE — the allocator wrote nothing in this window
  FINDING, not a green: the pre/post-COLOR snapshots are IDENTICAL on every
                   function here. The walk is reading fields COLOR does not write — it shows THAT
                   the allocator ran, not WHAT it did.
== mvp_call_seq_b_neg.cpp digest=6ccfb2c55db00996
  SCHED+GLOBREGS fn1: sched1=16 sched2=15 DIFFERS
  SCHED+GLOBREGS fn2: sched1=15 sched2=15 IDENTICAL
  SCHED+GLOBREGS fn3: sched1=15 sched2=14 DIFFERS
  SCHED+GLOBREGS fn4: sched1=16 sched2=15 DIFFERS
  SCHED+GLOBREGS fn5: sched1=12 sched2=12 IDENTICAL
  SCHED+GLOBREGS fn6: sched1=12 sched2=12 IDENTICAL
  SCHED+GLOBREGS fn7: sched1=12 sched2=11 DIFFERS
  COLOR fn1: sched2=15 sched3=15 IDENTICAL
  COLOR fn2: sched2=15 sched3=15 IDENTICAL
  COLOR fn3: sched2=14 sched3=14 IDENTICAL
  COLOR fn4: sched2=15 sched3=15 IDENTICAL
  COLOR fn5: sched2=12 sched3=11 DIFFERS
  COLOR fn6: sched2=12 sched3=11 DIFFERS
  COLOR fn7: sched2=11 sched3=11 IDENTICAL
  LOWERING fn1: sched3=15 sched0=20 DIFFERS
  LOWERING fn2: sched3=15 sched0=27 DIFFERS
  LOWERING fn3: sched3=14 sched0=27 DIFFERS
  LOWERING fn4: sched3=15 sched0=27 DIFFERS
  LOWERING fn5: sched3=11 sched0=21 DIFFERS
  LOWERING fn6: sched3=11 sched0=21 DIFFERS
  LOWERING fn7: sched3=11 sched0=20 DIFFERS
  gap-metric stage-snap-tuples 447
  gap-metric stage-snap-regions 56
  gap-metric stage-snap-walk-refusals 0
  gap-metric stage-snap-tuples-distinct 307
  gap-metric stage-snap-tuple-groups 28
  gap-metric stage-snap-suffix-violations 0
  gap-metric stage-color-pairs 7
  gap-metric stage-color-pairs-differing 2
  PAYLOAD 447 rows over 28 (phase,function) groups; 307 DISTINCT tuple positions (31.3% of the rows are suffix re-reads, inflation 1.46x). The nested-suffix model holds on every block, so DISTINCT is exact.
  RAW WINDOW 128B, 70 tuple pairs aligned across sched2/sched3 (2 function(s) skipped on a length mismatch).
                   offsets COLOR writes: NONE — the allocator wrote nothing in this window
== mvp_call_seq_neg.cpp digest=3b9cc0aea14a6195
  SCHED+GLOBREGS fn1: sched1=11 sched2=11 IDENTICAL
  SCHED+GLOBREGS fn2: sched1=12 sched2=12 IDENTICAL
  COLOR fn1: sched2=11 sched3=11 IDENTICAL
  COLOR fn2: sched2=12 sched3=12 IDENTICAL
  LOWERING fn1: sched3=11 sched0=19 DIFFERS
  LOWERING fn2: sched3=12 sched0=18 DIFFERS
  gap-metric stage-snap-tuples 106
  gap-metric stage-snap-regions 16
  gap-metric stage-snap-walk-refusals 0
  gap-metric stage-snap-tuples-distinct 67
  gap-metric stage-snap-tuple-groups 8
  gap-metric stage-snap-suffix-violations 0
  gap-metric stage-color-pairs 2
  gap-metric stage-color-pairs-differing 0
  PAYLOAD 106 rows over 8 (phase,function) groups; 67 DISTINCT tuple positions (36.8% of the rows are suffix re-reads, inflation 1.58x). The nested-suffix model holds on every block, so DISTINCT is exact.
  RAW WINDOW 128B, 23 tuple pairs aligned across sched2/sched3 (0 function(s) skipped on a length mismatch).
                   offsets COLOR writes: +0x3d(2)
  FINDING, not a green: the pre/post-COLOR snapshots are IDENTICAL on every
                   function here. The walk is reading fields COLOR does not write — it shows THAT
                   the allocator ran, not WHAT it did.
== mvp_call_submod.cpp digest=e2e00410163f88df
  SCHED+GLOBREGS fn1: sched1=12 sched2=11 DIFFERS
  COLOR fn1: sched2=11 sched3=11 IDENTICAL
  LOWERING fn1: sched3=11 sched0=16 DIFFERS
  gap-metric stage-snap-tuples 50
  gap-metric stage-snap-regions 8
  gap-metric stage-snap-walk-refusals 0
  gap-metric stage-snap-tuples-distinct 31
  gap-metric stage-snap-tuple-groups 4
  gap-metric stage-snap-suffix-violations 0
  gap-metric stage-color-pairs 1
  gap-metric stage-color-pairs-differing 0
  PAYLOAD 50 rows over 4 (phase,function) groups; 31 DISTINCT tuple positions (38.0% of the rows are suffix re-reads, inflation 1.61x). The nested-suffix model holds on every block, so DISTINCT is exact.
  RAW WINDOW 128B, 11 tuple pairs aligned across sched2/sched3 (0 function(s) skipped on a length mismatch).
                   offsets COLOR writes: NONE — the allocator wrote nothing in this window
  FINDING, not a green: the pre/post-COLOR snapshots are IDENTICAL on every
                   function here. The walk is reading fields COLOR does not write — it shows THAT
                   the allocator ran, not WHAT it did.
== mvp_call_then_stmt.cpp digest=df05dcfb6fd60837
  SCHED+GLOBREGS fn1: sched1=11 sched2=11 IDENTICAL
  COLOR fn1: sched2=11 sched3=11 IDENTICAL
  LOWERING fn1: sched3=11 sched0=19 DIFFERS
  gap-metric stage-snap-tuples 52
  gap-metric stage-snap-regions 8
  gap-metric stage-snap-walk-refusals 0
  gap-metric stage-snap-tuples-distinct 32
  gap-metric stage-snap-tuple-groups 4
  gap-metric stage-snap-suffix-violations 0
  gap-metric stage-color-pairs 1
  gap-metric stage-color-pairs-differing 0
  PAYLOAD 52 rows over 4 (phase,function) groups; 32 DISTINCT tuple positions (38.5% of the rows are suffix re-reads, inflation 1.62x). The nested-suffix model holds on every block, so DISTINCT is exact.
  RAW WINDOW 128B, 11 tuple pairs aligned across sched2/sched3 (0 function(s) skipped on a length mismatch).
                   offsets COLOR writes: +0x3d(2)
  FINDING, not a green: the pre/post-COLOR snapshots are IDENTICAL on every
                   function here. The walk is reading fields COLOR does not write — it shows THAT
                   the allocator ran, not WHAT it did.
== mvp_call_twice.cpp digest=16971766cce057ef
  SCHED+GLOBREGS fn1: sched1=10 sched2=10 IDENTICAL
  COLOR fn1: sched2=10 sched3=10 IDENTICAL
  LOWERING fn1: sched3=10 sched0=16 DIFFERS
  gap-metric stage-snap-tuples 46
  gap-metric stage-snap-regions 8
  gap-metric stage-snap-walk-refusals 0
  gap-metric stage-snap-tuples-distinct 27
  gap-metric stage-snap-tuple-groups 4
  gap-metric stage-snap-suffix-violations 0
  gap-metric stage-color-pairs 1
  gap-metric stage-color-pairs-differing 0
  PAYLOAD 46 rows over 4 (phase,function) groups; 27 DISTINCT tuple positions (41.3% of the rows are suffix re-reads, inflation 1.70x). The nested-suffix model holds on every block, so DISTINCT is exact.
  RAW WINDOW 128B, 10 tuple pairs aligned across sched2/sched3 (0 function(s) skipped on a length mismatch).
                   offsets COLOR writes: NONE — the allocator wrote nothing in this window
  FINDING, not a green: the pre/post-COLOR snapshots are IDENTICAL on every
                   function here. The walk is reading fields COLOR does not write — it shows THAT
                   the allocator ran, not WHAT it did.
== mvp_call_two_framed.cpp digest=d3121b620019f9f9
  SCHED+GLOBREGS fn1: sched1=15 sched2=15 IDENTICAL
  COLOR fn1: sched2=15 sched3=14 DIFFERS
  LOWERING fn1: sched3=14 sched0=25 DIFFERS
  gap-metric stage-snap-tuples 69
  gap-metric stage-snap-regions 8
  gap-metric stage-snap-walk-refusals 0
  gap-metric stage-snap-tuples-distinct 48
  gap-metric stage-snap-tuple-groups 4
  gap-metric stage-snap-suffix-violations 0
  gap-metric stage-color-pairs 1
  gap-metric stage-color-pairs-differing 1
  PAYLOAD 69 rows over 4 (phase,function) groups; 48 DISTINCT tuple positions (30.4% of the rows are suffix re-reads, inflation 1.44x). The nested-suffix model holds on every block, so DISTINCT is exact.
  RAW WINDOW VACUOUS — 0 pairs aligned across sched2/sched3 (1 function(s) skipped on a length mismatch, window 128B).
                   NOTHING WAS COMPARED. This says nothing about what COLOR writes.
== mvp_call_widemod.cpp digest=42517749b37f5ea5
  SCHED+GLOBREGS fn1: sched1=13 sched2=12 DIFFERS
  COLOR fn1: sched2=12 sched3=12 IDENTICAL
  LOWERING fn1: sched3=12 sched0=17 DIFFERS
  gap-metric stage-snap-tuples 54
  gap-metric stage-snap-regions 8
  gap-metric stage-snap-walk-refusals 0
  gap-metric stage-snap-tuples-distinct 35
  gap-metric stage-snap-tuple-groups 4
  gap-metric stage-snap-suffix-violations 0
  gap-metric stage-color-pairs 1
  gap-metric stage-color-pairs-differing 0
  PAYLOAD 54 rows over 4 (phase,function) groups; 35 DISTINCT tuple positions (35.2% of the rows are suffix re-reads, inflation 1.54x). The nested-suffix model holds on every block, so DISTINCT is exact.
  RAW WINDOW 128B, 12 tuple pairs aligned across sched2/sched3 (0 function(s) skipped on a length mismatch).
                   offsets COLOR writes: NONE — the allocator wrote nothing in this window
  FINDING, not a green: the pre/post-COLOR snapshots are IDENTICAL on every
                   function here. The walk is reading fields COLOR does not write — it shows THAT
                   the allocator ran, not WHAT it did.
== mvp_edit_ab.cpp digest=7e4f22282d71869d
  SCHED+GLOBREGS fn1: sched1=10 sched2=10 IDENTICAL
  COLOR fn1: sched2=10 sched3=4 DIFFERS
  LOWERING fn1: sched3=4 sched0=9 DIFFERS
  gap-metric stage-snap-tuples 33
  gap-metric stage-snap-regions 7
  gap-metric stage-snap-walk-refusals 0
  gap-metric stage-snap-tuples-distinct 21
  gap-metric stage-snap-tuple-groups 4
  gap-metric stage-snap-suffix-violations 0
  gap-metric stage-color-pairs 1
  gap-metric stage-color-pairs-differing 1
  PAYLOAD 33 rows over 4 (phase,function) groups; 21 DISTINCT tuple positions (36.4% of the rows are suffix re-reads, inflation 1.57x). The nested-suffix model holds on every block, so DISTINCT is exact.
  RAW WINDOW VACUOUS — 0 pairs aligned across sched2/sched3 (1 function(s) skipped on a length mismatch, window 128B).
                   NOTHING WAS COMPARED. This says nothing about what COLOR writes.
== mvp_edit_addk.cpp digest=0df8759e4851450c
  SCHED+GLOBREGS fn1: sched1=10 sched2=10 IDENTICAL
  COLOR fn1: sched2=10 sched3=4 DIFFERS
  LOWERING fn1: sched3=4 sched0=9 DIFFERS
  gap-metric stage-snap-tuples 33
  gap-metric stage-snap-regions 7
  gap-metric stage-snap-walk-refusals 0
  gap-metric stage-snap-tuples-distinct 21
  gap-metric stage-snap-tuple-groups 4
  gap-metric stage-snap-suffix-violations 0
  gap-metric stage-color-pairs 1
  gap-metric stage-color-pairs-differing 1
  PAYLOAD 33 rows over 4 (phase,function) groups; 21 DISTINCT tuple positions (36.4% of the rows are suffix re-reads, inflation 1.57x). The nested-suffix model holds on every block, so DISTINCT is exact.
  RAW WINDOW VACUOUS — 0 pairs aligned across sched2/sched3 (1 function(s) skipped on a length mismatch, window 128B).
                   NOTHING WAS COMPARED. This says nothing about what COLOR writes.
== mvp_edit_addk2.cpp digest=0df8759e4851450c
  SCHED+GLOBREGS fn1: sched1=10 sched2=10 IDENTICAL
  COLOR fn1: sched2=10 sched3=4 DIFFERS
  LOWERING fn1: sched3=4 sched0=9 DIFFERS
  gap-metric stage-snap-tuples 33
  gap-metric stage-snap-regions 7
  gap-metric stage-snap-walk-refusals 0
  gap-metric stage-snap-tuples-distinct 21
  gap-metric stage-snap-tuple-groups 4
  gap-metric stage-snap-suffix-violations 0
  gap-metric stage-color-pairs 1
  gap-metric stage-color-pairs-differing 1
  PAYLOAD 33 rows over 4 (phase,function) groups; 21 DISTINCT tuple positions (36.4% of the rows are suffix re-reads, inflation 1.57x). The nested-suffix model holds on every block, so DISTINCT is exact.
  RAW WINDOW VACUOUS — 0 pairs aligned across sched2/sched3 (1 function(s) skipped on a length mismatch, window 128B).
                   NOTHING WAS COMPARED. This says nothing about what COLOR writes.
== mvp_empty.cpp digest=e88a9d49380530cf
  gap-metric stage-snap-tuples 0
  gap-metric stage-snap-regions 0
  gap-metric stage-snap-walk-refusals 0
  gap-metric stage-snap-tuples-distinct 0
  gap-metric stage-snap-tuple-groups 0
  gap-metric stage-snap-suffix-violations 0
  gap-metric stage-color-pairs 0
  gap-metric stage-color-pairs-differing 0
  RAW WINDOW VACUOUS — 0 pairs aligned across sched2/sched3 (0 function(s) skipped on a length mismatch, window 128B).
                   NOTHING WAS COMPARED. This says nothing about what COLOR writes.
== mvp_fmul3.cpp digest=3aea3a5ec472c36f
  SCHED+GLOBREGS fn1: sched1=11 sched2=10 DIFFERS
  COLOR fn1: sched2=10 sched3=10 IDENTICAL
  LOWERING fn1: sched3=10 sched0=10 DIFFERS
  gap-metric stage-snap-tuples 41
  gap-metric stage-snap-regions 8
  gap-metric stage-snap-walk-refusals 0
  gap-metric stage-snap-tuples-distinct 25
  gap-metric stage-snap-tuple-groups 4
  gap-metric stage-snap-suffix-violations 0
  gap-metric stage-color-pairs 1
  gap-metric stage-color-pairs-differing 0
  PAYLOAD 41 rows over 4 (phase,function) groups; 25 DISTINCT tuple positions (39.0% of the rows are suffix re-reads, inflation 1.64x). The nested-suffix model holds on every block, so DISTINCT is exact.
  RAW WINDOW 128B, 10 tuple pairs aligned across sched2/sched3 (0 function(s) skipped on a length mismatch).
                   offsets COLOR writes: NONE — the allocator wrote nothing in this window
  FINDING, not a green: the pre/post-COLOR snapshots are IDENTICAL on every
                   function here. The walk is reading fields COLOR does not write — it shows THAT
                   the allocator ran, not WHAT it did.
== mvp_framed.cpp digest=e2e00410163f88df
  SCHED+GLOBREGS fn1: sched1=12 sched2=11 DIFFERS
  COLOR fn1: sched2=11 sched3=11 IDENTICAL
  LOWERING fn1: sched3=11 sched0=16 DIFFERS
  gap-metric stage-snap-tuples 50
  gap-metric stage-snap-regions 8
  gap-metric stage-snap-walk-refusals 0
  gap-metric stage-snap-tuples-distinct 31
  gap-metric stage-snap-tuple-groups 4
  gap-metric stage-snap-suffix-violations 0
  gap-metric stage-color-pairs 1
  gap-metric stage-color-pairs-differing 0
  PAYLOAD 50 rows over 4 (phase,function) groups; 31 DISTINCT tuple positions (38.0% of the rows are suffix re-reads, inflation 1.61x). The nested-suffix model holds on every block, so DISTINCT is exact.
  RAW WINDOW 128B, 11 tuple pairs aligned across sched2/sched3 (0 function(s) skipped on a length mismatch).
                   offsets COLOR writes: NONE — the allocator wrote nothing in this window
  FINDING, not a green: the pre/post-COLOR snapshots are IDENTICAL on every
                   function here. The walk is reading fields COLOR does not write — it shows THAT
                   the allocator ran, not WHAT it did.
== mvp_lit.cpp digest=b0c3ccff6d399c26
  SCHED+GLOBREGS fn1: sched1=10 sched2=10 IDENTICAL
  SCHED+GLOBREGS fn2: sched1=10 sched2=10 IDENTICAL
  SCHED+GLOBREGS fn3: sched1=10 sched2=10 IDENTICAL
  COLOR fn1: sched2=10 sched3=4 DIFFERS
  COLOR fn2: sched2=10 sched3=4 DIFFERS
  COLOR fn3: sched2=10 sched3=10 IDENTICAL
  LOWERING fn1: sched3=4 sched0=9 DIFFERS
  LOWERING fn2: sched3=4 sched0=9 DIFFERS
  LOWERING fn3: sched3=10 sched0=9 DIFFERS
  gap-metric stage-snap-tuples 105
  gap-metric stage-snap-regions 22
  gap-metric stage-snap-walk-refusals 0
  gap-metric stage-snap-tuples-distinct 65
  gap-metric stage-snap-tuple-groups 12
  gap-metric stage-snap-suffix-violations 0
  gap-metric stage-color-pairs 3
  gap-metric stage-color-pairs-differing 2
  PAYLOAD 105 rows over 12 (phase,function) groups; 65 DISTINCT tuple positions (38.1% of the rows are suffix re-reads, inflation 1.62x). The nested-suffix model holds on every block, so DISTINCT is exact.
  RAW WINDOW 128B, 10 tuple pairs aligned across sched2/sched3 (2 function(s) skipped on a length mismatch).
                   offsets COLOR writes: NONE — the allocator wrote nothing in this window
== mvp_plus0.cpp digest=9605578187d19f14
  SCHED+GLOBREGS fn1: sched1=12 sched2=11 DIFFERS
  COLOR fn1: sched2=11 sched3=11 IDENTICAL
  LOWERING fn1: sched3=11 sched0=7 DIFFERS
  gap-metric stage-snap-tuples 41
  gap-metric stage-snap-regions 8
  gap-metric stage-snap-walk-refusals 0
  gap-metric stage-snap-tuples-distinct 26
  gap-metric stage-snap-tuple-groups 4
  gap-metric stage-snap-suffix-violations 0
  gap-metric stage-color-pairs 1
  gap-metric stage-color-pairs-differing 0
  PAYLOAD 41 rows over 4 (phase,function) groups; 26 DISTINCT tuple positions (36.6% of the rows are suffix re-reads, inflation 1.58x). The nested-suffix model holds on every block, so DISTINCT is exact.
  RAW WINDOW 128B, 11 tuple pairs aligned across sched2/sched3 (0 function(s) skipped on a length mismatch).
                   offsets COLOR writes: NONE — the allocator wrote nothing in this window
  FINDING, not a green: the pre/post-COLOR snapshots are IDENTICAL on every
                   function here. The walk is reading fields COLOR does not write — it shows THAT
                   the allocator ran, not WHAT it did.
== mvp_sub.cpp digest=72a5fefa0b651fea
  SCHED+GLOBREGS fn1: sched1=11 sched2=4 DIFFERS
  SCHED+GLOBREGS fn2: sched1=11 sched2=10 DIFFERS
  SCHED+GLOBREGS fn3: sched1=11 sched2=10 DIFFERS
  COLOR fn1: sched2=4 sched3=4 IDENTICAL
  COLOR fn2: sched2=10 sched3=10 IDENTICAL
  COLOR fn3: sched2=10 sched3=4 DIFFERS
  LOWERING fn1: sched3=4 sched0=10 DIFFERS
  LOWERING fn2: sched3=10 sched0=10 DIFFERS
  LOWERING fn3: sched3=4 sched0=10 DIFFERS
  gap-metric stage-snap-tuples 105
  gap-metric stage-snap-regions 21
  gap-metric stage-snap-walk-refusals 0
  gap-metric stage-snap-tuples-distinct 69
  gap-metric stage-snap-tuple-groups 12
  gap-metric stage-snap-suffix-violations 0
  gap-metric stage-color-pairs 3
  gap-metric stage-color-pairs-differing 1
  PAYLOAD 105 rows over 12 (phase,function) groups; 69 DISTINCT tuple positions (34.3% of the rows are suffix re-reads, inflation 1.52x). The nested-suffix model holds on every block, so DISTINCT is exact.
  RAW WINDOW 128B, 14 tuple pairs aligned across sched2/sched3 (1 function(s) skipped on a length mismatch).
                   offsets COLOR writes: NONE — the allocator wrote nothing in this window
== mvp_tailret.cpp digest=9605578187d19f14
  SCHED+GLOBREGS fn1: sched1=12 sched2=11 DIFFERS
  COLOR fn1: sched2=11 sched3=11 IDENTICAL
  LOWERING fn1: sched3=11 sched0=7 DIFFERS
  gap-metric stage-snap-tuples 41
  gap-metric stage-snap-regions 8
  gap-metric stage-snap-walk-refusals 0
  gap-metric stage-snap-tuples-distinct 26
  gap-metric stage-snap-tuple-groups 4
  gap-metric stage-snap-suffix-violations 0
  gap-metric stage-color-pairs 1
  gap-metric stage-color-pairs-differing 0
  PAYLOAD 41 rows over 4 (phase,function) groups; 26 DISTINCT tuple positions (36.6% of the rows are suffix re-reads, inflation 1.58x). The nested-suffix model holds on every block, so DISTINCT is exact.
  RAW WINDOW 128B, 11 tuple pairs aligned across sched2/sched3 (0 function(s) skipped on a length mismatch).
                   offsets COLOR writes: NONE — the allocator wrote nothing in this window
  FINDING, not a green: the pre/post-COLOR snapshots are IDENTICAL on every
                   function here. The walk is reading fields COLOR does not write — it shows THAT
                   the allocator ran, not WHAT it did.
== mvp_two.cpp digest=93f5aa1b7dc0d073
  SCHED+GLOBREGS fn1: sched1=10 sched2=10 IDENTICAL
  SCHED+GLOBREGS fn2: sched1=12 sched2=12 IDENTICAL
  COLOR fn1: sched2=10 sched3=4 DIFFERS
  COLOR fn2: sched2=12 sched3=4 DIFFERS
  LOWERING fn1: sched3=4 sched0=9 DIFFERS
  LOWERING fn2: sched3=4 sched0=11 DIFFERS
  gap-metric stage-snap-tuples 72
  gap-metric stage-snap-regions 14
  gap-metric stage-snap-walk-refusals 0
  gap-metric stage-snap-tuples-distinct 48
  gap-metric stage-snap-tuple-groups 8
  gap-metric stage-snap-suffix-violations 0
  gap-metric stage-color-pairs 2
  gap-metric stage-color-pairs-differing 2
  PAYLOAD 72 rows over 8 (phase,function) groups; 48 DISTINCT tuple positions (33.3% of the rows are suffix re-reads, inflation 1.50x). The nested-suffix model holds on every block, so DISTINCT is exact.
  RAW WINDOW VACUOUS — 0 pairs aligned across sched2/sched3 (2 function(s) skipped on a length mismatch, window 128B).
                   NOTHING WAS COMPARED. This says nothing about what COLOR writes.
== mvp_wide.cpp digest=66959279aca5dd2b
  SCHED+GLOBREGS fn1: sched1=11 sched2=11 IDENTICAL
  SCHED+GLOBREGS fn2: sched1=11 sched2=11 IDENTICAL
  SCHED+GLOBREGS fn3: sched1=10 sched2=10 IDENTICAL
  COLOR fn1: sched2=11 sched3=11 IDENTICAL
  COLOR fn2: sched2=11 sched3=11 IDENTICAL
  COLOR fn3: sched2=10 sched3=10 IDENTICAL
  LOWERING fn1: sched3=11 sched0=10 DIFFERS
  LOWERING fn2: sched3=11 sched0=10 DIFFERS
  LOWERING fn3: sched3=10 sched0=10 DIFFERS
  gap-metric stage-snap-tuples 126
  gap-metric stage-snap-regions 24
  gap-metric stage-snap-walk-refusals 0
  gap-metric stage-snap-tuples-distinct 78
  gap-metric stage-snap-tuple-groups 12
  gap-metric stage-snap-suffix-violations 0
  gap-metric stage-color-pairs 3
  gap-metric stage-color-pairs-differing 0
  PAYLOAD 126 rows over 12 (phase,function) groups; 78 DISTINCT tuple positions (38.1% of the rows are suffix re-reads, inflation 1.62x). The nested-suffix model holds on every block, so DISTINCT is exact.
  RAW WINDOW 128B, 32 tuple pairs aligned across sched2/sched3 (0 function(s) skipped on a length mismatch).
                   offsets COLOR writes: NONE — the allocator wrote nothing in this window
  FINDING, not a green: the pre/post-COLOR snapshots are IDENTICAL on every
                   function here. The walk is reading fields COLOR does not write — it shows THAT
                   the allocator ran, not WHAT it did.
== w10_empty_fn.cpp digest=3c928f5be1e58d27
  SCHED+GLOBREGS fn1: sched1=4 sched2=4 IDENTICAL
  SCHED+GLOBREGS fn2: sched1=4 sched2=4 IDENTICAL
  COLOR fn1: sched2=4 sched3=4 IDENTICAL
  COLOR fn2: sched2=4 sched3=4 IDENTICAL
  LOWERING fn1: sched3=4 sched0=4 DIFFERS
  LOWERING fn2: sched3=4 sched0=4 DIFFERS
  gap-metric stage-snap-tuples 32
  gap-metric stage-snap-regions 8
  gap-metric stage-snap-walk-refusals 0
  gap-metric stage-snap-tuples-distinct 32
  gap-metric stage-snap-tuple-groups 8
  gap-metric stage-snap-suffix-violations 0
  gap-metric stage-color-pairs 2
  gap-metric stage-color-pairs-differing 0
  PAYLOAD 32 rows over 8 (phase,function) groups; 32 DISTINCT tuple positions (0.0% of the rows are suffix re-reads, inflation 1.00x). The nested-suffix model holds on every block, so DISTINCT is exact.
  RAW WINDOW 128B, 8 tuple pairs aligned across sched2/sched3 (0 function(s) skipped on a length mismatch).
                   offsets COLOR writes: NONE — the allocator wrote nothing in this window
  FINDING, not a green: the pre/post-COLOR snapshots are IDENTICAL on every
                   function here. The walk is reading fields COLOR does not write — it shows THAT
                   the allocator ran, not WHAT it did.
== w10_guarded_seq.cpp digest=00ca5dc0ea6b5766
  SCHED+GLOBREGS fn1: sched1=29 sched2=28 DIFFERS
  SCHED+GLOBREGS fn2: sched1=31 sched2=30 DIFFERS
  SCHED+GLOBREGS fn3: sched1=31 sched2=30 DIFFERS
  SCHED+GLOBREGS fn4: sched1=31 sched2=31 IDENTICAL
  SCHED+GLOBREGS fn5: sched1=31 sched2=30 DIFFERS
  SCHED+GLOBREGS fn6: sched1=32 sched2=31 DIFFERS
  SCHED+GLOBREGS fn7: sched1=35 sched2=34 DIFFERS
  SCHED+GLOBREGS fn8: sched1=29 sched2=28 DIFFERS
  SCHED+GLOBREGS fn9: sched1=29 sched2=28 DIFFERS
  SCHED+GLOBREGS fn10: sched1=29 sched2=28 DIFFERS
  SCHED+GLOBREGS fn11: sched1=35 sched2=34 DIFFERS
  SCHED+GLOBREGS fn12: sched1=35 sched2=34 DIFFERS
  COLOR fn1: sched2=28 sched3=28 IDENTICAL
  COLOR fn2: sched2=30 sched3=30 IDENTICAL
  COLOR fn3: sched2=30 sched3=30 IDENTICAL
  COLOR fn4: sched2=31 sched3=30 DIFFERS
  COLOR fn5: sched2=30 sched3=30 IDENTICAL
  COLOR fn6: sched2=31 sched3=31 IDENTICAL
  COLOR fn7: sched2=34 sched3=34 IDENTICAL
  COLOR fn8: sched2=28 sched3=28 IDENTICAL
  COLOR fn9: sched2=28 sched3=28 IDENTICAL
  COLOR fn10: sched2=28 sched3=28 IDENTICAL
  COLOR fn11: sched2=34 sched3=34 IDENTICAL
  COLOR fn12: sched2=34 sched3=34 IDENTICAL
  LOWERING fn1: sched3=28 sched0=37 DIFFERS
  LOWERING fn2: sched3=30 sched0=39 DIFFERS
  LOWERING fn3: sched3=30 sched0=39 DIFFERS
  LOWERING fn4: sched3=30 sched0=39 DIFFERS
  LOWERING fn5: sched3=30 sched0=37 DIFFERS
  LOWERING fn6: sched3=31 sched0=40 DIFFERS
  LOWERING fn7: sched3=34 sched0=43 DIFFERS
  LOWERING fn8: sched3=28 sched0=37 DIFFERS
  LOWERING fn9: sched3=28 sched0=37 DIFFERS
  LOWERING fn10: sched3=28 sched0=37 DIFFERS
  LOWERING fn11: sched3=34 sched0=40 DIFFERS
  LOWERING fn12: sched3=34 sched0=37 DIFFERS
  gap-metric stage-snap-tuples 1570
  gap-metric stage-snap-regions 192
  gap-metric stage-snap-walk-refusals 0
  gap-metric stage-snap-tuples-distinct 557
  gap-metric stage-snap-tuple-groups 48
  gap-metric stage-snap-suffix-violations 0
  gap-metric stage-color-pairs 12
  gap-metric stage-color-pairs-differing 1
  PAYLOAD 1570 rows over 48 (phase,function) groups; 557 DISTINCT tuple positions (64.5% of the rows are suffix re-reads, inflation 2.82x). The nested-suffix model holds on every block, so DISTINCT is exact.
  RAW WINDOW 128B, 335 tuple pairs aligned across sched2/sched3 (1 function(s) skipped on a length mismatch).
                   offsets COLOR writes: +0x3d(4) +0x44(14) +0x45(8) +0x46(12) +0x47(8) +0x49(4) +0x79(4)
== w10_guarded_seq_neg.cpp digest=6f7694842f5661c3
  SCHED+GLOBREGS fn1: sched1=55 sched2=54 DIFFERS
  SCHED+GLOBREGS fn2: sched1=33 sched2=33 IDENTICAL
  SCHED+GLOBREGS fn3: sched1=32 sched2=31 DIFFERS
  SCHED+GLOBREGS fn4: sched1=22 sched2=21 DIFFERS
  COLOR fn1: sched2=54 sched3=54 IDENTICAL
  COLOR fn2: sched2=33 sched3=32 DIFFERS
  COLOR fn3: sched2=31 sched3=31 IDENTICAL
  COLOR fn4: sched2=21 sched3=21 IDENTICAL
  LOWERING fn1: sched3=54 sched0=64 DIFFERS
  LOWERING fn2: sched3=32 sched0=41 DIFFERS
  LOWERING fn3: sched3=31 sched0=45 DIFFERS
  LOWERING fn4: sched3=21 sched0=23 DIFFERS
  gap-metric stage-snap-tuples 592
  gap-metric stage-snap-regions 69
  gap-metric stage-snap-walk-refusals 0
  gap-metric stage-snap-tuples-distinct 196
  gap-metric stage-snap-tuple-groups 16
  gap-metric stage-snap-suffix-violations 0
  gap-metric stage-color-pairs 4
  gap-metric stage-color-pairs-differing 1
  PAYLOAD 592 rows over 16 (phase,function) groups; 196 DISTINCT tuple positions (66.9% of the rows are suffix re-reads, inflation 3.02x). The nested-suffix model holds on every block, so DISTINCT is exact.
  RAW WINDOW 128B, 106 tuple pairs aligned across sched2/sched3 (1 function(s) skipped on a length mismatch).
                   offsets COLOR writes: +0x3d(4) +0x44(10) +0x45(8) +0x46(11) +0x47(8) +0x49(3) +0x79(3)
== w1199_bind_run.cpp digest=43474cbde3e1f365
  SCHED+GLOBREGS fn1: sched1=11 sched2=11 IDENTICAL
  SCHED+GLOBREGS fn2: sched1=11 sched2=11 IDENTICAL
  SCHED+GLOBREGS fn3: sched1=13 sched2=13 DIFFERS
  SCHED+GLOBREGS fn4: sched1=12 sched2=12 IDENTICAL
  SCHED+GLOBREGS fn5: sched1=12 sched2=11 DIFFERS
  SCHED+GLOBREGS fn6: sched1=11 sched2=11 IDENTICAL
  SCHED+GLOBREGS fn7: sched1=13 sched2=13 IDENTICAL
  SCHED+GLOBREGS fn8: sched1=13 sched2=13 IDENTICAL
  SCHED+GLOBREGS fn9: sched1=13 sched2=13 DIFFERS
  SCHED+GLOBREGS fn10: sched1=12 sched2=12 IDENTICAL
  SCHED+GLOBREGS fn11: sched1=11 sched2=11 IDENTICAL
  SCHED+GLOBREGS fn12: sched1=10 sched2=10 IDENTICAL
  SCHED+GLOBREGS fn13: sched1=13 sched2=13 DIFFERS
  SCHED+GLOBREGS fn14: sched1=15 sched2=15 DIFFERS
  SCHED+GLOBREGS fn15: sched1=14 sched2=14 DIFFERS
  COLOR fn1: sched2=11 sched3=11 IDENTICAL
  COLOR fn2: sched2=11 sched3=11 IDENTICAL
  COLOR fn3: sched2=13 sched3=13 IDENTICAL
  COLOR fn4: sched2=12 sched3=12 IDENTICAL
  COLOR fn5: sched2=11 sched3=11 IDENTICAL
  COLOR fn6: sched2=11 sched3=11 IDENTICAL
  COLOR fn7: sched2=13 sched3=13 IDENTICAL
  COLOR fn8: sched2=13 sched3=13 IDENTICAL
  COLOR fn9: sched2=13 sched3=13 IDENTICAL
  COLOR fn10: sched2=12 sched3=12 IDENTICAL
  COLOR fn11: sched2=11 sched3=11 IDENTICAL
  COLOR fn12: sched2=10 sched3=10 IDENTICAL
  COLOR fn13: sched2=13 sched3=13 IDENTICAL
  COLOR fn14: sched2=15 sched3=12 DIFFERS
  COLOR fn15: sched2=14 sched3=14 IDENTICAL
  LOWERING fn1: sched3=11 sched0=11 DIFFERS
  LOWERING fn2: sched3=11 sched0=11 DIFFERS
  LOWERING fn3: sched3=13 sched0=12 DIFFERS
  LOWERING fn4: sched3=12 sched0=12 DIFFERS
  LOWERING fn5: sched3=11 sched0=11 DIFFERS
  LOWERING fn6: sched3=11 sched0=11 DIFFERS
  LOWERING fn7: sched3=13 sched0=13 DIFFERS
  LOWERING fn8: sched3=13 sched0=13 DIFFERS
  LOWERING fn9: sched3=13 sched0=12 DIFFERS
  LOWERING fn10: sched3=12 sched0=12 DIFFERS
  LOWERING fn11: sched3=11 sched0=11 DIFFERS
  LOWERING fn12: sched3=10 sched0=10 DIFFERS
  LOWERING fn13: sched3=13 sched0=12 DIFFERS
  LOWERING fn14: sched3=12 sched0=12 DIFFERS
  LOWERING fn15: sched3=14 sched0=13 DIFFERS
  gap-metric stage-snap-tuples 723
  gap-metric stage-snap-regions 120
  gap-metric stage-snap-walk-refusals 0
  gap-metric stage-snap-tuples-distinct 483
  gap-metric stage-snap-tuple-groups 60
  gap-metric stage-snap-suffix-violations 0
  gap-metric stage-color-pairs 15
  gap-metric stage-color-pairs-differing 1
  PAYLOAD 723 rows over 60 (phase,function) groups; 483 DISTINCT tuple positions (33.2% of the rows are suffix re-reads, inflation 1.50x). The nested-suffix model holds on every block, so DISTINCT is exact.
  RAW WINDOW 128B, 168 tuple pairs aligned across sched2/sched3 (1 function(s) skipped on a length mismatch).
                   offsets COLOR writes: +0x14(9) +0x5c(3)
== w1199_bind_run_neg.cpp digest=c6865c951cf5f3ce
  SCHED+GLOBREGS fn1: sched1=13 sched2=13 DIFFERS
  SCHED+GLOBREGS fn2: sched1=12 sched2=12 DIFFERS
  SCHED+GLOBREGS fn3: sched1=13 sched2=13 DIFFERS
  SCHED+GLOBREGS fn4: sched1=14 sched2=14 DIFFERS
  COLOR fn1: sched2=13 sched3=12 DIFFERS
  COLOR fn2: sched2=12 sched3=10 DIFFERS
  COLOR fn3: sched2=13 sched3=13 IDENTICAL
  COLOR fn4: sched2=14 sched3=14 IDENTICAL
  LOWERING fn1: sched3=12 sched0=13 DIFFERS
  LOWERING fn2: sched3=10 sched0=12 DIFFERS
  LOWERING fn3: sched3=13 sched0=13 DIFFERS
  LOWERING fn4: sched3=14 sched0=13 DIFFERS
  gap-metric stage-snap-tuples 204
  gap-metric stage-snap-regions 32
  gap-metric stage-snap-walk-refusals 0
  gap-metric stage-snap-tuples-distinct 140
  gap-metric stage-snap-tuple-groups 16
  gap-metric stage-snap-suffix-violations 0
  gap-metric stage-color-pairs 4
  gap-metric stage-color-pairs-differing 2
  PAYLOAD 204 rows over 16 (phase,function) groups; 140 DISTINCT tuple positions (31.4% of the rows are suffix re-reads, inflation 1.46x). The nested-suffix model holds on every block, so DISTINCT is exact.
  RAW WINDOW 128B, 27 tuple pairs aligned across sched2/sched3 (2 function(s) skipped on a length mismatch).
                   offsets COLOR writes: +0x14(3)
== w11_early_return.cpp digest=ee4b17eab9149145
  SCHED+GLOBREGS fn1: sched1=56 sched2=55 DIFFERS
  SCHED+GLOBREGS fn2: sched1=123 sched2=122 DIFFERS
  SCHED+GLOBREGS fn3: sched1=214 sched2=213 DIFFERS
  SCHED+GLOBREGS fn4: sched1=24 sched2=23 DIFFERS
  SCHED+GLOBREGS fn5: sched1=39 sched2=38 DIFFERS
  SCHED+GLOBREGS fn6: sched1=24 sched2=23 DIFFERS
  SCHED+GLOBREGS fn7: sched1=24 sched2=23 DIFFERS
  SCHED+GLOBREGS fn8: sched1=60 sched2=59 DIFFERS
  SCHED+GLOBREGS fn9: sched1=68 sched2=67 DIFFERS
  SCHED+GLOBREGS fn10: sched1=56 sched2=55 DIFFERS
  SCHED+GLOBREGS fn11: sched1=56 sched2=55 DIFFERS
  SCHED+GLOBREGS fn12: sched1=123 sched2=122 DIFFERS
  SCHED+GLOBREGS fn13: sched1=56 sched2=55 DIFFERS
  SCHED+GLOBREGS fn14: sched1=56 sched2=55 DIFFERS
  SCHED+GLOBREGS fn15: sched1=123 sched2=122 DIFFERS
  COLOR fn1: sched2=55 sched3=55 IDENTICAL
  COLOR fn2: sched2=122 sched3=122 IDENTICAL
  COLOR fn3: sched2=213 sched3=213 IDENTICAL
  COLOR fn4: sched2=23 sched3=23 IDENTICAL
  COLOR fn5: sched2=38 sched3=38 IDENTICAL
  COLOR fn6: sched2=23 sched3=23 IDENTICAL
  COLOR fn7: sched2=23 sched3=23 IDENTICAL
  COLOR fn8: sched2=59 sched3=59 IDENTICAL
  COLOR fn9: sched2=67 sched3=67 IDENTICAL
  COLOR fn10: sched2=55 sched3=55 IDENTICAL
  COLOR fn11: sched2=55 sched3=55 IDENTICAL
  COLOR fn12: sched2=122 sched3=122 IDENTICAL
  COLOR fn13: sched2=55 sched3=55 IDENTICAL
  COLOR fn14: sched2=55 sched3=55 IDENTICAL
  COLOR fn15: sched2=122 sched3=122 IDENTICAL
  LOWERING fn1: sched3=55 sched0=56 DIFFERS
  LOWERING fn2: sched3=122 sched0=110 DIFFERS
  LOWERING fn3: sched3=213 sched0=179 DIFFERS
  LOWERING fn4: sched3=23 sched0=29 DIFFERS
  LOWERING fn5: sched3=38 sched0=43 DIFFERS
  LOWERING fn6: sched3=23 sched0=29 DIFFERS
  LOWERING fn7: sched3=23 sched0=29 DIFFERS
  LOWERING fn8: sched3=59 sched0=60 DIFFERS
  LOWERING fn9: sched3=67 sched0=68 DIFFERS
  LOWERING fn10: sched3=55 sched0=56 DIFFERS
  LOWERING fn11: sched3=55 sched0=56 DIFFERS
  LOWERING fn12: sched3=122 sched0=110 DIFFERS
  LOWERING fn13: sched3=55 sched0=56 DIFFERS
  LOWERING fn14: sched3=55 sched0=56 DIFFERS
  LOWERING fn15: sched3=122 sched0=110 DIFFERS
  gap-metric stage-snap-tuples 4323
  gap-metric stage-snap-regions 332
  gap-metric stage-snap-walk-refusals 0
  gap-metric stage-snap-tuples-distinct 1048
  gap-metric stage-snap-tuple-groups 60
  gap-metric stage-snap-suffix-violations 0
  gap-metric stage-color-pairs 15
  gap-metric stage-color-pairs-differing 0
  PAYLOAD 4323 rows over 60 (phase,function) groups; 1048 DISTINCT tuple positions (75.8% of the rows are suffix re-reads, inflation 4.12x). The nested-suffix model holds on every block, so DISTINCT is exact.
  RAW WINDOW 128B, 1087 tuple pairs aligned across sched2/sched3 (0 function(s) skipped on a length mismatch).
                   offsets COLOR writes: +0x49(2)
  FINDING, not a green: the pre/post-COLOR snapshots are IDENTICAL on every
                   function here. The walk is reading fields COLOR does not write — it shows THAT
                   the allocator ran, not WHAT it did.
== w11_early_return_neg.cpp digest=fe8a9cdd7c02c2cd
  SCHED+GLOBREGS fn1: sched1=123 sched2=122 DIFFERS
  SCHED+GLOBREGS fn2: sched1=56 sched2=55 DIFFERS
  SCHED+GLOBREGS fn3: sched1=15 sched2=15 DIFFERS
  SCHED+GLOBREGS fn4: sched1=58 sched2=57 DIFFERS
  SCHED+GLOBREGS fn5: sched1=102 sched2=101 DIFFERS
  SCHED+GLOBREGS fn6: sched1=53 sched2=52 DIFFERS
  COLOR fn1: sched2=122 sched3=122 IDENTICAL
  COLOR fn2: sched2=55 sched3=55 IDENTICAL
  COLOR fn3: sched2=15 sched3=15 IDENTICAL
  COLOR fn4: sched2=57 sched3=57 IDENTICAL
  COLOR fn5: sched2=101 sched3=101 IDENTICAL
  COLOR fn6: sched2=52 sched3=52 IDENTICAL
  LOWERING fn1: sched3=122 sched0=91 DIFFERS
  LOWERING fn2: sched3=55 sched0=37 DIFFERS
  LOWERING fn3: sched3=15 sched0=22 DIFFERS
  LOWERING fn4: sched3=57 sched0=58 DIFFERS
  LOWERING fn5: sched3=101 sched0=94 DIFFERS
  LOWERING fn6: sched3=52 sched0=45 DIFFERS
  gap-metric stage-snap-tuples 1558
  gap-metric stage-snap-regions 127
  gap-metric stage-snap-walk-refusals 0
  gap-metric stage-snap-tuples-distinct 411
  gap-metric stage-snap-tuple-groups 24
  gap-metric stage-snap-suffix-violations 0
  gap-metric stage-color-pairs 6
  gap-metric stage-color-pairs-differing 0
  PAYLOAD 1558 rows over 24 (phase,function) groups; 411 DISTINCT tuple positions (73.6% of the rows are suffix re-reads, inflation 3.79x). The nested-suffix model holds on every block, so DISTINCT is exact.
  RAW WINDOW 128B, 402 tuple pairs aligned across sched2/sched3 (0 function(s) skipped on a length mismatch).
                   offsets COLOR writes: +0x65(5) +0x6c(10) +0x6d(10) +0x6e(10) +0x6f(10)
  FINDING, not a green: the pre/post-COLOR snapshots are IDENTICAL on every
                   function here. The walk is reading fields COLOR does not write — it shows THAT
                   the allocator ran, not WHAT it did.
== w1212_bind_run_call.cpp digest=e7538642fb87f994
  SCHED+GLOBREGS fn1: sched1=15 sched2=15 DIFFERS
  SCHED+GLOBREGS fn2: sched1=15 sched2=15 DIFFERS
  SCHED+GLOBREGS fn3: sched1=17 sched2=16 DIFFERS
  SCHED+GLOBREGS fn4: sched1=16 sched2=16 DIFFERS
  SCHED+GLOBREGS fn5: sched1=16 sched2=16 DIFFERS
  SCHED+GLOBREGS fn6: sched1=14 sched2=14 DIFFERS
  SCHED+GLOBREGS fn7: sched1=16 sched2=16 DIFFERS
  SCHED+GLOBREGS fn8: sched1=16 sched2=16 DIFFERS
  SCHED+GLOBREGS fn9: sched1=15 sched2=15 DIFFERS
  COLOR fn1: sched2=15 sched3=15 IDENTICAL
  COLOR fn2: sched2=15 sched3=15 IDENTICAL
  COLOR fn3: sched2=16 sched3=16 IDENTICAL
  COLOR fn4: sched2=16 sched3=16 IDENTICAL
  COLOR fn5: sched2=16 sched3=16 IDENTICAL
  COLOR fn6: sched2=14 sched3=14 IDENTICAL
  COLOR fn7: sched2=16 sched3=16 IDENTICAL
  COLOR fn8: sched2=16 sched3=16 IDENTICAL
  COLOR fn9: sched2=15 sched3=15 IDENTICAL
  LOWERING fn1: sched3=15 sched0=22 DIFFERS
  LOWERING fn2: sched3=15 sched0=22 DIFFERS
  LOWERING fn3: sched3=16 sched0=23 DIFFERS
  LOWERING fn4: sched3=16 sched0=23 DIFFERS
  LOWERING fn5: sched3=16 sched0=23 DIFFERS
  LOWERING fn6: sched3=14 sched0=21 DIFFERS
  LOWERING fn7: sched3=16 sched0=22 DIFFERS
  LOWERING fn8: sched3=16 sched0=22 DIFFERS
  LOWERING fn9: sched3=15 sched0=22 DIFFERS
  gap-metric stage-snap-tuples 618
  gap-metric stage-snap-regions 72
  gap-metric stage-snap-walk-refusals 0
  gap-metric stage-snap-tuples-distinct 438
  gap-metric stage-snap-tuple-groups 36
  gap-metric stage-snap-suffix-violations 0
  gap-metric stage-color-pairs 9
  gap-metric stage-color-pairs-differing 0
  PAYLOAD 618 rows over 36 (phase,function) groups; 438 DISTINCT tuple positions (29.1% of the rows are suffix re-reads, inflation 1.41x). The nested-suffix model holds on every block, so DISTINCT is exact.
  RAW WINDOW 128B, 139 tuple pairs aligned across sched2/sched3 (0 function(s) skipped on a length mismatch).
                   offsets COLOR writes: NONE — the allocator wrote nothing in this window
  FINDING, not a green: the pre/post-COLOR snapshots are IDENTICAL on every
                   function here. The walk is reading fields COLOR does not write — it shows THAT
                   the allocator ran, not WHAT it did.
== w1274_addr_producer.cpp digest=96f0853740aee7b5
  SCHED+GLOBREGS fn1: sched1=11 sched2=11 IDENTICAL
  SCHED+GLOBREGS fn2: sched1=11 sched2=11 IDENTICAL
  SCHED+GLOBREGS fn3: sched1=12 sched2=12 IDENTICAL
  SCHED+GLOBREGS fn4: sched1=12 sched2=12 IDENTICAL
  SCHED+GLOBREGS fn5: sched1=16 sched2=16 DIFFERS
  COLOR fn1: sched2=11 sched3=4 DIFFERS
  COLOR fn2: sched2=11 sched3=4 DIFFERS
  COLOR fn3: sched2=12 sched3=4 DIFFERS
  COLOR fn4: sched2=12 sched3=4 DIFFERS
  COLOR fn5: sched2=16 sched3=11 DIFFERS
  LOWERING fn1: sched3=4 sched0=11 DIFFERS
  LOWERING fn2: sched3=4 sched0=11 DIFFERS
  LOWERING fn3: sched3=4 sched0=12 DIFFERS
  LOWERING fn4: sched3=4 sched0=12 DIFFERS
  LOWERING fn5: sched3=11 sched0=22 DIFFERS
  gap-metric stage-snap-tuples 219
  gap-metric stage-snap-regions 36
  gap-metric stage-snap-walk-refusals 0
  gap-metric stage-snap-tuples-distinct 151
  gap-metric stage-snap-tuple-groups 20
  gap-metric stage-snap-suffix-violations 0
  gap-metric stage-color-pairs 5
  gap-metric stage-color-pairs-differing 5
  PAYLOAD 219 rows over 20 (phase,function) groups; 151 DISTINCT tuple positions (31.1% of the rows are suffix re-reads, inflation 1.45x). The nested-suffix model holds on every block, so DISTINCT is exact.
  RAW WINDOW VACUOUS — 0 pairs aligned across sched2/sched3 (5 function(s) skipped on a length mismatch, window 128B).
                   NOTHING WAS COMPARED. This says nothing about what COLOR writes.
== w12_aggr_type.cpp digest=4b1e7e45928bb306
  SCHED+GLOBREGS fn1: sched1=12 sched2=12 IDENTICAL
  SCHED+GLOBREGS fn2: sched1=12 sched2=12 IDENTICAL
  SCHED+GLOBREGS fn3: sched1=12 sched2=12 IDENTICAL
  SCHED+GLOBREGS fn4: sched1=12 sched2=12 IDENTICAL
  COLOR fn1: sched2=12 sched3=12 IDENTICAL
  COLOR fn2: sched2=12 sched3=12 IDENTICAL
  COLOR fn3: sched2=12 sched3=12 IDENTICAL
  COLOR fn4: sched2=12 sched3=12 IDENTICAL
  LOWERING fn1: sched3=12 sched0=8 DIFFERS
  LOWERING fn2: sched3=12 sched0=8 DIFFERS
  LOWERING fn3: sched3=12 sched0=8 DIFFERS
  LOWERING fn4: sched3=12 sched0=8 DIFFERS
  gap-metric stage-snap-tuples 176
  gap-metric stage-snap-regions 32
  gap-metric stage-snap-walk-refusals 0
  gap-metric stage-snap-tuples-distinct 116
  gap-metric stage-snap-tuple-groups 16
  gap-metric stage-snap-suffix-violations 0
  gap-metric stage-color-pairs 4
  gap-metric stage-color-pairs-differing 0
  PAYLOAD 176 rows over 16 (phase,function) groups; 116 DISTINCT tuple positions (34.1% of the rows are suffix re-reads, inflation 1.52x). The nested-suffix model holds on every block, so DISTINCT is exact.
  RAW WINDOW 128B, 48 tuple pairs aligned across sched2/sched3 (0 function(s) skipped on a length mismatch).
                   offsets COLOR writes: NONE — the allocator wrote nothing in this window
  FINDING, not a green: the pre/post-COLOR snapshots are IDENTICAL on every
                   function here. The walk is reading fields COLOR does not write — it shows THAT
                   the allocator ran, not WHAT it did.
== w12_narrow_getters.cpp digest=a8abe846e4a52b90
  SCHED+GLOBREGS fn1: sched1=10 sched2=10 IDENTICAL
  SCHED+GLOBREGS fn2: sched1=10 sched2=10 IDENTICAL
  SCHED+GLOBREGS fn3: sched1=10 sched2=10 IDENTICAL
  SCHED+GLOBREGS fn4: sched1=10 sched2=10 IDENTICAL
  SCHED+GLOBREGS fn5: sched1=10 sched2=10 IDENTICAL
  SCHED+GLOBREGS fn6: sched1=10 sched2=10 IDENTICAL
  SCHED+GLOBREGS fn7: sched1=10 sched2=10 IDENTICAL
  SCHED+GLOBREGS fn8: sched1=10 sched2=10 IDENTICAL
  SCHED+GLOBREGS fn9: sched1=10 sched2=10 IDENTICAL
  SCHED+GLOBREGS fn10: sched1=11 sched2=11 IDENTICAL
  SCHED+GLOBREGS fn11: sched1=11 sched2=11 IDENTICAL
  SCHED+GLOBREGS fn12: sched1=11 sched2=11 IDENTICAL
  SCHED+GLOBREGS fn13: sched1=10 sched2=10 IDENTICAL
  SCHED+GLOBREGS fn14: sched1=10 sched2=10 IDENTICAL
  SCHED+GLOBREGS fn15: sched1=10 sched2=10 IDENTICAL
  SCHED+GLOBREGS fn16: sched1=10 sched2=10 IDENTICAL
  SCHED+GLOBREGS fn17: sched1=10 sched2=10 IDENTICAL
  SCHED+GLOBREGS fn18: sched1=11 sched2=11 IDENTICAL
  SCHED+GLOBREGS fn19: sched1=10 sched2=10 IDENTICAL
  SCHED+GLOBREGS fn20: sched1=10 sched2=10 IDENTICAL
  SCHED+GLOBREGS fn21: sched1=10 sched2=10 IDENTICAL
  SCHED+GLOBREGS fn22: sched1=10 sched2=10 IDENTICAL
  SCHED+GLOBREGS fn23: sched1=10 sched2=10 IDENTICAL
  SCHED+GLOBREGS fn24: sched1=10 sched2=10 IDENTICAL
  SCHED+GLOBREGS fn25: sched1=10 sched2=10 IDENTICAL
  SCHED+GLOBREGS fn26: sched1=10 sched2=10 IDENTICAL
  SCHED+GLOBREGS fn27: sched1=10 sched2=10 IDENTICAL
  SCHED+GLOBREGS fn28: sched1=10 sched2=10 IDENTICAL
  SCHED+GLOBREGS fn29: sched1=10 sched2=10 IDENTICAL
  SCHED+GLOBREGS fn30: sched1=10 sched2=10 IDENTICAL
  SCHED+GLOBREGS fn31: sched1=11 sched2=11 IDENTICAL
  SCHED+GLOBREGS fn32: sched1=10 sched2=10 IDENTICAL
  SCHED+GLOBREGS fn33: sched1=10 sched2=10 IDENTICAL
  SCHED+GLOBREGS fn34: sched1=10 sched2=10 IDENTICAL
  SCHED+GLOBREGS fn35: sched1=10 sched2=10 IDENTICAL
  SCHED+GLOBREGS fn36: sched1=10 sched2=10 IDENTICAL
  SCHED+GLOBREGS fn37: sched1=10 sched2=10 IDENTICAL
  SCHED+GLOBREGS fn38: sched1=10 sched2=10 IDENTICAL
  SCHED+GLOBREGS fn39: sched1=10 sched2=10 IDENTICAL
  SCHED+GLOBREGS fn40: sched1=10 sched2=10 IDENTICAL
  SCHED+GLOBREGS fn41: sched1=10 sched2=10 IDENTICAL
  SCHED+GLOBREGS fn42: sched1=10 sched2=10 IDENTICAL
  SCHED+GLOBREGS fn43: sched1=10 sched2=10 IDENTICAL
  SCHED+GLOBREGS fn44: sched1=10 sched2=10 IDENTICAL
  SCHED+GLOBREGS fn45: sched1=11 sched2=11 IDENTICAL
  SCHED+GLOBREGS fn46: sched1=10 sched2=10 IDENTICAL
  SCHED+GLOBREGS fn47: sched1=10 sched2=10 IDENTICAL
  SCHED+GLOBREGS fn48: sched1=10 sched2=10 IDENTICAL
  SCHED+GLOBREGS fn49: sched1=10 sched2=10 IDENTICAL
  SCHED+GLOBREGS fn50: sched1=10 sched2=10 IDENTICAL
  SCHED+GLOBREGS fn51: sched1=10 sched2=10 IDENTICAL
  COLOR fn1: sched2=10 sched3=10 IDENTICAL
  COLOR fn2: sched2=10 sched3=10 IDENTICAL
  COLOR fn3: sched2=10 sched3=10 IDENTICAL
  COLOR fn4: sched2=10 sched3=10 IDENTICAL
  COLOR fn5: sched2=10 sched3=10 IDENTICAL
  COLOR fn6: sched2=10 sched3=10 IDENTICAL
  COLOR fn7: sched2=10 sched3=10 IDENTICAL
  COLOR fn8: sched2=10 sched3=10 IDENTICAL
  COLOR fn9: sched2=10 sched3=10 IDENTICAL
  COLOR fn10: sched2=11 sched3=11 IDENTICAL
  COLOR fn11: sched2=11 sched3=11 IDENTICAL
  COLOR fn12: sched2=11 sched3=11 IDENTICAL
  COLOR fn13: sched2=10 sched3=10 IDENTICAL
  COLOR fn14: sched2=10 sched3=10 IDENTICAL
  COLOR fn15: sched2=10 sched3=10 IDENTICAL
  COLOR fn16: sched2=10 sched3=10 IDENTICAL
  COLOR fn17: sched2=10 sched3=10 IDENTICAL
  COLOR fn18: sched2=11 sched3=11 IDENTICAL
  COLOR fn19: sched2=10 sched3=10 IDENTICAL
  COLOR fn20: sched2=10 sched3=10 IDENTICAL
  COLOR fn21: sched2=10 sched3=10 IDENTICAL
  COLOR fn22: sched2=10 sched3=10 IDENTICAL
  COLOR fn23: sched2=10 sched3=10 IDENTICAL
  COLOR fn24: sched2=10 sched3=10 IDENTICAL
  COLOR fn25: sched2=10 sched3=10 IDENTICAL
  COLOR fn26: sched2=10 sched3=10 IDENTICAL
  COLOR fn27: sched2=10 sched3=10 IDENTICAL
  COLOR fn28: sched2=10 sched3=10 IDENTICAL
  COLOR fn29: sched2=10 sched3=10 IDENTICAL
  COLOR fn30: sched2=10 sched3=10 IDENTICAL
  COLOR fn31: sched2=11 sched3=11 IDENTICAL
  COLOR fn32: sched2=10 sched3=10 IDENTICAL
  COLOR fn33: sched2=10 sched3=10 IDENTICAL
  COLOR fn34: sched2=10 sched3=10 IDENTICAL
  COLOR fn35: sched2=10 sched3=10 IDENTICAL
  COLOR fn36: sched2=10 sched3=10 IDENTICAL
  COLOR fn37: sched2=10 sched3=10 IDENTICAL
  COLOR fn38: sched2=10 sched3=10 IDENTICAL
  COLOR fn39: sched2=10 sched3=10 IDENTICAL
  COLOR fn40: sched2=10 sched3=10 IDENTICAL
  COLOR fn41: sched2=10 sched3=10 IDENTICAL
  COLOR fn42: sched2=10 sched3=10 IDENTICAL
  COLOR fn43: sched2=10 sched3=10 IDENTICAL
  COLOR fn44: sched2=10 sched3=10 IDENTICAL
  COLOR fn45: sched2=11 sched3=11 IDENTICAL
  COLOR fn46: sched2=10 sched3=10 IDENTICAL
  COLOR fn47: sched2=10 sched3=10 IDENTICAL
  COLOR fn48: sched2=10 sched3=10 IDENTICAL
  COLOR fn49: sched2=10 sched3=10 IDENTICAL
  COLOR fn50: sched2=10 sched3=10 IDENTICAL
  COLOR fn51: sched2=10 sched3=10 IDENTICAL
  LOWERING fn1: sched3=10 sched0=9 DIFFERS
  LOWERING fn2: sched3=10 sched0=9 DIFFERS
  LOWERING fn3: sched3=10 sched0=9 DIFFERS
  LOWERING fn4: sched3=10 sched0=9 DIFFERS
  LOWERING fn5: sched3=10 sched0=9 DIFFERS
  LOWERING fn6: sched3=10 sched0=9 DIFFERS
  LOWERING fn7: sched3=10 sched0=9 DIFFERS
  LOWERING fn8: sched3=10 sched0=9 DIFFERS
  LOWERING fn9: sched3=10 sched0=9 DIFFERS
  LOWERING fn10: sched3=11 sched0=10 DIFFERS
  LOWERING fn11: sched3=11 sched0=10 DIFFERS
  LOWERING fn12: sched3=11 sched0=10 DIFFERS
  LOWERING fn13: sched3=10 sched0=9 DIFFERS
  LOWERING fn14: sched3=10 sched0=9 DIFFERS
  LOWERING fn15: sched3=10 sched0=9 DIFFERS
  LOWERING fn16: sched3=10 sched0=9 DIFFERS
  LOWERING fn17: sched3=10 sched0=9 DIFFERS
  LOWERING fn18: sched3=11 sched0=10 DIFFERS
  LOWERING fn19: sched3=10 sched0=9 DIFFERS
  LOWERING fn20: sched3=10 sched0=9 DIFFERS
  LOWERING fn21: sched3=10 sched0=9 DIFFERS
  LOWERING fn22: sched3=10 sched0=9 DIFFERS
  LOWERING fn23: sched3=10 sched0=9 DIFFERS
  LOWERING fn24: sched3=10 sched0=9 DIFFERS
  LOWERING fn25: sched3=10 sched0=9 DIFFERS
  LOWERING fn26: sched3=10 sched0=9 DIFFERS
  LOWERING fn27: sched3=10 sched0=9 DIFFERS
  LOWERING fn28: sched3=10 sched0=9 DIFFERS
  LOWERING fn29: sched3=10 sched0=9 DIFFERS
  LOWERING fn30: sched3=10 sched0=9 DIFFERS
  LOWERING fn31: sched3=11 sched0=10 DIFFERS
  LOWERING fn32: sched3=10 sched0=9 DIFFERS
  LOWERING fn33: sched3=10 sched0=9 DIFFERS
  LOWERING fn34: sched3=10 sched0=9 DIFFERS
  LOWERING fn35: sched3=10 sched0=9 DIFFERS
  LOWERING fn36: sched3=10 sched0=9 DIFFERS
  LOWERING fn37: sched3=10 sched0=9 DIFFERS
  LOWERING fn38: sched3=10 sched0=9 DIFFERS
  LOWERING fn39: sched3=10 sched0=9 DIFFERS
  LOWERING fn40: sched3=10 sched0=9 DIFFERS
  LOWERING fn41: sched3=10 sched0=9 DIFFERS
  LOWERING fn42: sched3=10 sched0=9 DIFFERS
  LOWERING fn43: sched3=10 sched0=9 DIFFERS
  LOWERING fn44: sched3=10 sched0=9 DIFFERS
  LOWERING fn45: sched3=11 sched0=10 DIFFERS
  LOWERING fn46: sched3=10 sched0=9 DIFFERS
  LOWERING fn47: sched3=10 sched0=9 DIFFERS
  LOWERING fn48: sched3=10 sched0=9 DIFFERS
  LOWERING fn49: sched3=10 sched0=9 DIFFERS
  LOWERING fn50: sched3=10 sched0=9 DIFFERS
  LOWERING fn51: sched3=10 sched0=9 DIFFERS
  gap-metric stage-snap-tuples 2013
  gap-metric stage-snap-regions 408
  gap-metric stage-snap-walk-refusals 0
  gap-metric stage-snap-tuples-distinct 1197
  gap-metric stage-snap-tuple-groups 204
  gap-metric stage-snap-suffix-violations 0
  gap-metric stage-color-pairs 51
  gap-metric stage-color-pairs-differing 0
  PAYLOAD 2013 rows over 204 (phase,function) groups; 1197 DISTINCT tuple positions (40.5% of the rows are suffix re-reads, inflation 1.68x). The nested-suffix model holds on every block, so DISTINCT is exact.
  RAW WINDOW 128B, 516 tuple pairs aligned across sched2/sched3 (0 function(s) skipped on a length mismatch).
                   offsets COLOR writes: NONE — the allocator wrote nothing in this window
  FINDING, not a green: the pre/post-COLOR snapshots are IDENTICAL on every
                   function here. The walk is reading fields COLOR does not write — it shows THAT
                   the allocator ran, not WHAT it did.
== w12_narrow_neg.cpp digest=d7a48c94f6951af6
  SCHED+GLOBREGS fn1: sched1=11 sched2=11 IDENTICAL
  SCHED+GLOBREGS fn2: sched1=11 sched2=11 IDENTICAL
  SCHED+GLOBREGS fn3: sched1=10 sched2=10 IDENTICAL
  SCHED+GLOBREGS fn4: sched1=11 sched2=11 IDENTICAL
  SCHED+GLOBREGS fn5: sched1=11 sched2=11 IDENTICAL
  SCHED+GLOBREGS fn6: sched1=11 sched2=11 IDENTICAL
  SCHED+GLOBREGS fn7: sched1=12 sched2=12 IDENTICAL
  SCHED+GLOBREGS fn8: sched1=11 sched2=11 IDENTICAL
  SCHED+GLOBREGS fn9: sched1=10 sched2=10 IDENTICAL
  SCHED+GLOBREGS fn10: sched1=12 sched2=12 IDENTICAL
  SCHED+GLOBREGS fn11: sched1=10 sched2=4 DIFFERS
  SCHED+GLOBREGS fn12: sched1=17 sched2=14 DIFFERS
  SCHED+GLOBREGS fn13: sched1=10 sched2=10 IDENTICAL
  SCHED+GLOBREGS fn14: sched1=10 sched2=10 IDENTICAL
  SCHED+GLOBREGS fn15: sched1=11 sched2=10 DIFFERS
  SCHED+GLOBREGS fn16: sched1=83 sched2=83 IDENTICAL
  COLOR fn1: sched2=11 sched3=11 IDENTICAL
  COLOR fn2: sched2=11 sched3=11 IDENTICAL
  COLOR fn3: sched2=10 sched3=10 IDENTICAL
  COLOR fn4: sched2=11 sched3=11 IDENTICAL
  COLOR fn5: sched2=11 sched3=11 IDENTICAL
  COLOR fn6: sched2=11 sched3=11 IDENTICAL
  COLOR fn7: sched2=12 sched3=12 IDENTICAL
  COLOR fn8: sched2=11 sched3=11 IDENTICAL
  COLOR fn9: sched2=10 sched3=10 IDENTICAL
  COLOR fn10: sched2=12 sched3=12 IDENTICAL
  COLOR fn11: sched2=4 sched3=4 IDENTICAL
  COLOR fn12: sched2=14 sched3=14 IDENTICAL
  COLOR fn13: sched2=10 sched3=10 IDENTICAL
  COLOR fn14: sched2=10 sched3=10 IDENTICAL
  COLOR fn15: sched2=10 sched3=10 IDENTICAL
  COLOR fn16: sched2=83 sched3=83 IDENTICAL
  LOWERING fn1: sched3=11 sched0=9 DIFFERS
  LOWERING fn2: sched3=11 sched0=10 DIFFERS
  LOWERING fn3: sched3=10 sched0=9 DIFFERS
  LOWERING fn4: sched3=11 sched0=10 DIFFERS
  LOWERING fn5: sched3=11 sched0=10 DIFFERS
  LOWERING fn6: sched3=11 sched0=9 DIFFERS
  LOWERING fn7: sched3=12 sched0=11 DIFFERS
  LOWERING fn8: sched3=11 sched0=10 DIFFERS
  LOWERING fn9: sched3=10 sched0=9 DIFFERS
  LOWERING fn10: sched3=12 sched0=11 DIFFERS
  LOWERING fn11: sched3=4 sched0=9 DIFFERS
  LOWERING fn12: sched3=14 sched0=15 DIFFERS
  LOWERING fn13: sched3=10 sched0=9 DIFFERS
  LOWERING fn14: sched3=10 sched0=9 DIFFERS
  LOWERING fn15: sched3=10 sched0=10 DIFFERS
  LOWERING fn16: sched3=83 sched0=51 DIFFERS
  gap-metric stage-snap-tuples 934
  gap-metric stage-snap-regions 145
  gap-metric stage-snap-walk-refusals 0
  gap-metric stage-snap-tuples-distinct 480
  gap-metric stage-snap-tuple-groups 64
  gap-metric stage-snap-suffix-violations 0
  gap-metric stage-color-pairs 16
  gap-metric stage-color-pairs-differing 0
  PAYLOAD 934 rows over 64 (phase,function) groups; 480 DISTINCT tuple positions (48.6% of the rows are suffix re-reads, inflation 1.95x). The nested-suffix model holds on every block, so DISTINCT is exact.
  RAW WINDOW 128B, 241 tuple pairs aligned across sched2/sched3 (0 function(s) skipped on a length mismatch).
                   offsets COLOR writes: +0x3d(2) +0x49(6) +0x50(2) +0x51(4) +0x52(4) +0x53(4) +0x64(1) +0x70(1) +0x71(2) +0x72(2) +0x73(2)
  FINDING, not a green: the pre/post-COLOR snapshots are IDENTICAL on every
                   function here. The walk is reading fields COLOR does not write — it shows THAT
                   the allocator ran, not WHAT it did.
== w12_ptr_leaf.cpp digest=a693986c43c0b683
  SCHED+GLOBREGS fn1: sched1=10 sched2=4 DIFFERS
  SCHED+GLOBREGS fn2: sched1=10 sched2=4 DIFFERS
  SCHED+GLOBREGS fn3: sched1=10 sched2=10 IDENTICAL
  SCHED+GLOBREGS fn4: sched1=10 sched2=10 IDENTICAL
  SCHED+GLOBREGS fn5: sched1=10 sched2=10 IDENTICAL
  SCHED+GLOBREGS fn6: sched1=10 sched2=10 IDENTICAL
  SCHED+GLOBREGS fn7: sched1=10 sched2=10 IDENTICAL
  SCHED+GLOBREGS fn8: sched1=10 sched2=10 IDENTICAL
  SCHED+GLOBREGS fn9: sched1=10 sched2=10 IDENTICAL
  SCHED+GLOBREGS fn10: sched1=10 sched2=10 IDENTICAL
  SCHED+GLOBREGS fn11: sched1=10 sched2=4 DIFFERS
  SCHED+GLOBREGS fn12: sched1=10 sched2=4 DIFFERS
  SCHED+GLOBREGS fn13: sched1=10 sched2=10 IDENTICAL
  COLOR fn1: sched2=4 sched3=4 IDENTICAL
  COLOR fn2: sched2=4 sched3=4 IDENTICAL
  COLOR fn3: sched2=10 sched3=10 IDENTICAL
  COLOR fn4: sched2=10 sched3=10 IDENTICAL
  COLOR fn5: sched2=10 sched3=10 IDENTICAL
  COLOR fn6: sched2=10 sched3=10 IDENTICAL
  COLOR fn7: sched2=10 sched3=10 IDENTICAL
  COLOR fn8: sched2=10 sched3=10 IDENTICAL
  COLOR fn9: sched2=10 sched3=10 IDENTICAL
  COLOR fn10: sched2=10 sched3=10 IDENTICAL
  COLOR fn11: sched2=4 sched3=4 IDENTICAL
  COLOR fn12: sched2=4 sched3=4 IDENTICAL
  COLOR fn13: sched2=10 sched3=10 IDENTICAL
  LOWERING fn1: sched3=4 sched0=4 DIFFERS
  LOWERING fn2: sched3=4 sched0=4 DIFFERS
  LOWERING fn3: sched3=10 sched0=9 DIFFERS
  LOWERING fn4: sched3=10 sched0=9 DIFFERS
  LOWERING fn5: sched3=10 sched0=9 DIFFERS
  LOWERING fn6: sched3=10 sched0=9 DIFFERS
  LOWERING fn7: sched3=10 sched0=9 DIFFERS
  LOWERING fn8: sched3=10 sched0=9 DIFFERS
  LOWERING fn9: sched3=10 sched0=9 DIFFERS
  LOWERING fn10: sched3=10 sched0=9 DIFFERS
  LOWERING fn11: sched3=4 sched0=4 DIFFERS
  LOWERING fn12: sched3=4 sched0=4 DIFFERS
  LOWERING fn13: sched3=10 sched0=9 DIFFERS
  gap-metric stage-snap-tuples 439
  gap-metric stage-snap-regions 92
  gap-metric stage-snap-walk-refusals 0
  gap-metric stage-snap-tuples-distinct 279
  gap-metric stage-snap-tuple-groups 52
  gap-metric stage-snap-suffix-violations 0
  gap-metric stage-color-pairs 13
  gap-metric stage-color-pairs-differing 0
  PAYLOAD 439 rows over 52 (phase,function) groups; 279 DISTINCT tuple positions (36.4% of the rows are suffix re-reads, inflation 1.57x). The nested-suffix model holds on every block, so DISTINCT is exact.
  RAW WINDOW 128B, 106 tuple pairs aligned across sched2/sched3 (0 function(s) skipped on a length mismatch).
                   offsets COLOR writes: NONE — the allocator wrote nothing in this window
  FINDING, not a green: the pre/post-COLOR snapshots are IDENTICAL on every
                   function here. The walk is reading fields COLOR does not write — it shows THAT
                   the allocator ran, not WHAT it did.
== w12_ptr_leaf_neg.cpp digest=62468dc93a833acf
  SCHED+GLOBREGS fn1: sched1=11 sched2=11 IDENTICAL
  SCHED+GLOBREGS fn2: sched1=10 sched2=10 IDENTICAL
  SCHED+GLOBREGS fn3: sched1=11 sched2=10 DIFFERS
  SCHED+GLOBREGS fn4: sched1=60 sched2=60 IDENTICAL
  SCHED+GLOBREGS fn5: sched1=10 sched2=12 DIFFERS
  SCHED+GLOBREGS fn6: sched1=10 sched2=4 DIFFERS
  SCHED+GLOBREGS fn7: sched1=11 sched2=11 IDENTICAL
  SCHED+GLOBREGS fn8: sched1=10 sched2=10 IDENTICAL
  SCHED+GLOBREGS fn9: sched1=9 sched2=4 DIFFERS
  SCHED+GLOBREGS fn10: sched1=10 sched2=10 IDENTICAL
  SCHED+GLOBREGS fn11: sched1=11 sched2=10 DIFFERS
  COLOR fn1: sched2=11 sched3=11 IDENTICAL
  COLOR fn2: sched2=10 sched3=4 DIFFERS
  COLOR fn3: sched2=10 sched3=4 DIFFERS
  COLOR fn4: sched2=60 sched3=59 DIFFERS
  COLOR fn5: sched2=12 sched3=12 IDENTICAL
  COLOR fn6: sched2=4 sched3=4 IDENTICAL
  COLOR fn7: sched2=11 sched3=11 IDENTICAL
  COLOR fn8: sched2=10 sched3=10 IDENTICAL
  COLOR fn9: sched2=4 sched3=4 IDENTICAL
  COLOR fn10: sched2=10 sched3=10 IDENTICAL
  COLOR fn11: sched2=10 sched3=10 IDENTICAL
  LOWERING fn1: sched3=11 sched0=10 DIFFERS
  LOWERING fn2: sched3=4 sched0=9 DIFFERS
  LOWERING fn3: sched3=4 sched0=10 DIFFERS
  LOWERING fn4: sched3=59 sched0=19 DIFFERS
  LOWERING fn5: sched3=12 sched0=10 DIFFERS
  LOWERING fn6: sched3=4 sched0=9 DIFFERS
  LOWERING fn7: sched3=11 sched0=11 DIFFERS
  LOWERING fn8: sched3=10 sched0=9 DIFFERS
  LOWERING fn9: sched3=4 sched0=9 DIFFERS
  LOWERING fn10: sched3=10 sched0=9 DIFFERS
  LOWERING fn11: sched3=10 sched0=10 DIFFERS
  gap-metric stage-snap-tuples 569
  gap-metric stage-snap-regions 95
  gap-metric stage-snap-walk-refusals 0
  gap-metric stage-snap-tuples-distinct 291
  gap-metric stage-snap-tuple-groups 44
  gap-metric stage-snap-suffix-violations 0
  gap-metric stage-color-pairs 11
  gap-metric stage-color-pairs-differing 3
  PAYLOAD 569 rows over 44 (phase,function) groups; 291 DISTINCT tuple positions (48.9% of the rows are suffix re-reads, inflation 1.96x). The nested-suffix model holds on every block, so DISTINCT is exact.
  RAW WINDOW 128B, 72 tuple pairs aligned across sched2/sched3 (3 function(s) skipped on a length mismatch).
                   offsets COLOR writes: NONE — the allocator wrote nothing in this window
== w13_fabi.cpp digest=8c25eddf9c0bb164
  SCHED+GLOBREGS fn1: sched1=10 sched2=4 DIFFERS
  SCHED+GLOBREGS fn2: sched1=10 sched2=4 DIFFERS
  SCHED+GLOBREGS fn3: sched1=10 sched2=4 DIFFERS
  SCHED+GLOBREGS fn4: sched1=10 sched2=4 DIFFERS
  SCHED+GLOBREGS fn5: sched1=10 sched2=4 DIFFERS
  SCHED+GLOBREGS fn6: sched1=10 sched2=4 DIFFERS
  SCHED+GLOBREGS fn7: sched1=10 sched2=4 DIFFERS
  SCHED+GLOBREGS fn8: sched1=10 sched2=10 DIFFERS
  SCHED+GLOBREGS fn9: sched1=10 sched2=10 DIFFERS
  COLOR fn1: sched2=4 sched3=4 IDENTICAL
  COLOR fn2: sched2=4 sched3=4 IDENTICAL
  COLOR fn3: sched2=4 sched3=4 IDENTICAL
  COLOR fn4: sched2=4 sched3=4 IDENTICAL
  COLOR fn5: sched2=4 sched3=4 IDENTICAL
  COLOR fn6: sched2=4 sched3=4 IDENTICAL
  COLOR fn7: sched2=4 sched3=4 IDENTICAL
  COLOR fn8: sched2=10 sched3=10 IDENTICAL
  COLOR fn9: sched2=10 sched3=10 IDENTICAL
  LOWERING fn1: sched3=4 sched0=4 DIFFERS
  LOWERING fn2: sched3=4 sched0=9 DIFFERS
  LOWERING fn3: sched3=4 sched0=9 DIFFERS
  LOWERING fn4: sched3=4 sched0=9 DIFFERS
  LOWERING fn5: sched3=4 sched0=9 DIFFERS
  LOWERING fn6: sched3=4 sched0=9 DIFFERS
  LOWERING fn7: sched3=4 sched0=9 DIFFERS
  LOWERING fn8: sched3=10 sched0=9 DIFFERS
  LOWERING fn9: sched3=10 sched0=9 DIFFERS
  gap-metric stage-snap-tuples 262
  gap-metric stage-snap-regions 57
  gap-metric stage-snap-walk-refusals 0
  gap-metric stage-snap-tuples-distinct 178
  gap-metric stage-snap-tuple-groups 36
  gap-metric stage-snap-suffix-violations 0
  gap-metric stage-color-pairs 9
  gap-metric stage-color-pairs-differing 0
  PAYLOAD 262 rows over 36 (phase,function) groups; 178 DISTINCT tuple positions (32.1% of the rows are suffix re-reads, inflation 1.47x). The nested-suffix model holds on every block, so DISTINCT is exact.
  RAW WINDOW 128B, 48 tuple pairs aligned across sched2/sched3 (0 function(s) skipped on a length mismatch).
                   offsets COLOR writes: NONE — the allocator wrote nothing in this window
  FINDING, not a green: the pre/post-COLOR snapshots are IDENTICAL on every
                   function here. The walk is reading fields COLOR does not write — it shows THAT
                   the allocator ran, not WHAT it did.
== w13_fneg.cpp digest=d9a9f4a691af1e17
  SCHED+GLOBREGS fn1: sched1=10 sched2=4 DIFFERS
  SCHED+GLOBREGS fn2: sched1=10 sched2=4 DIFFERS
  SCHED+GLOBREGS fn3: sched1=10 sched2=4 DIFFERS
  SCHED+GLOBREGS fn4: sched1=10 sched2=4 DIFFERS
  SCHED+GLOBREGS fn5: sched1=11 sched2=4 DIFFERS
  SCHED+GLOBREGS fn6: sched1=11 sched2=4 DIFFERS
  SCHED+GLOBREGS fn7: sched1=11 sched2=10 DIFFERS
  SCHED+GLOBREGS fn8: sched1=15 sched2=15 IDENTICAL
  SCHED+GLOBREGS fn9: sched1=10 sched2=12 DIFFERS
  SCHED+GLOBREGS fn10: sched1=10 sched2=12 DIFFERS
  SCHED+GLOBREGS fn11: sched1=10 sched2=12 DIFFERS
  SCHED+GLOBREGS fn12: sched1=12 sched2=16 DIFFERS
  SCHED+GLOBREGS fn13: sched1=10 sched2=12 DIFFERS
  SCHED+GLOBREGS fn14: sched1=10 sched2=12 DIFFERS
  SCHED+GLOBREGS fn15: sched1=10 sched2=12 DIFFERS
  SCHED+GLOBREGS fn16: sched1=10 sched2=4 DIFFERS
  SCHED+GLOBREGS fn17: sched1=10 sched2=4 DIFFERS
  SCHED+GLOBREGS fn18: sched1=14 sched2=13 DIFFERS
  SCHED+GLOBREGS fn19: sched1=12 sched2=11 DIFFERS
  SCHED+GLOBREGS fn20: sched1=33 sched2=33 DIFFERS
  COLOR fn1: sched2=4 sched3=4 IDENTICAL
  COLOR fn2: sched2=4 sched3=4 IDENTICAL
  COLOR fn3: sched2=4 sched3=4 IDENTICAL
  COLOR fn4: sched2=4 sched3=4 IDENTICAL
  COLOR fn5: sched2=4 sched3=4 IDENTICAL
  COLOR fn6: sched2=4 sched3=4 IDENTICAL
  COLOR fn7: sched2=10 sched3=10 IDENTICAL
  COLOR fn8: sched2=15 sched3=15 IDENTICAL
  COLOR fn9: sched2=12 sched3=12 IDENTICAL
  COLOR fn10: sched2=12 sched3=12 IDENTICAL
  COLOR fn11: sched2=12 sched3=12 IDENTICAL
  COLOR fn12: sched2=16 sched3=16 DIFFERS
  COLOR fn13: sched2=12 sched3=12 IDENTICAL
  COLOR fn14: sched2=12 sched3=12 IDENTICAL
  COLOR fn15: sched2=12 sched3=12 IDENTICAL
  COLOR fn16: sched2=4 sched3=4 IDENTICAL
  COLOR fn17: sched2=4 sched3=4 IDENTICAL
  COLOR fn18: sched2=13 sched3=13 IDENTICAL
  COLOR fn19: sched2=11 sched3=11 IDENTICAL
  COLOR fn20: sched2=33 sched3=33 IDENTICAL
  LOWERING fn1: sched3=4 sched0=9 DIFFERS
  LOWERING fn2: sched3=4 sched0=9 DIFFERS
  LOWERING fn3: sched3=4 sched0=9 DIFFERS
  LOWERING fn4: sched3=4 sched0=9 DIFFERS
  LOWERING fn5: sched3=4 sched0=10 DIFFERS
  LOWERING fn6: sched3=4 sched0=10 DIFFERS
  LOWERING fn7: sched3=10 sched0=10 DIFFERS
  LOWERING fn8: sched3=15 sched0=14 DIFFERS
  LOWERING fn9: sched3=12 sched0=11 DIFFERS
  LOWERING fn10: sched3=12 sched0=11 DIFFERS
  LOWERING fn11: sched3=12 sched0=10 DIFFERS
  LOWERING fn12: sched3=16 sched0=15 DIFFERS
  LOWERING fn13: sched3=12 sched0=11 DIFFERS
  LOWERING fn14: sched3=12 sched0=11 DIFFERS
  LOWERING fn15: sched3=12 sched0=11 DIFFERS
  LOWERING fn16: sched3=4 sched0=4 DIFFERS
  LOWERING fn17: sched3=4 sched0=4 DIFFERS
  LOWERING fn18: sched3=13 sched0=13 DIFFERS
  LOWERING fn19: sched3=11 sched0=11 DIFFERS
  LOWERING fn20: sched3=33 sched0=38 DIFFERS
  gap-metric stage-snap-tuples 873
  gap-metric stage-snap-regions 142
  gap-metric stage-snap-walk-refusals 0
  gap-metric stage-snap-tuples-distinct 622
  gap-metric stage-snap-tuple-groups 80
  gap-metric stage-snap-suffix-violations 0
  gap-metric stage-color-pairs 20
  gap-metric stage-color-pairs-differing 1
  PAYLOAD 873 rows over 80 (phase,function) groups; 622 DISTINCT tuple positions (28.8% of the rows are suffix re-reads, inflation 1.40x). The nested-suffix model holds on every block, so DISTINCT is exact.
  RAW WINDOW 128B, 202 tuple pairs aligned across sched2/sched3 (0 function(s) skipped on a length mismatch).
                   offsets COLOR writes: +0x0(7) +0x1(6) +0x2(2) +0x4(8) +0x5(2) +0xb(2) +0x10(7) +0x11(6) +0x12(2) +0x28(7) +0x29(4) +0x2a(2) +0x2c(6) +0x2d(3) +0x2e(2) +0x34(4) +0x35(4) +0x36(4) +0x37(4) +0x38(4) +0x39(2) +0x3c(4) +0x3d(2) +0x49(3) +0x4c(6) +0x4d(8) +0x4e(5) +0x4f(4) +0x50(10) +0x51(10) +0x52(10) +0x53(8) +0x54(8) +0x55(4) +0x56(5) +0x57(4) +0x58(7) +0x59(5) +0x5a(4) +0x5b(4) +0x5c(6) +0x5e(2) +0x5f(2) +0x60(5) +0x61(7) +0x62(5) +0x63(4) +0x64(2) +0x65(2) +0x68(5) +0x69(6) +0x6a(4) +0x6b(4) +0x6c(6) +0x6d(7) +0x6e(4) +0x6f(4) +0x70(3) +0x71(4) +0x72(4) +0x73(5) +0x74(6) +0x75(9) +0x76(5) +0x77(4) +0x78(6) +0x79(2) +0x7c(5) +0x7d(2) +0x7e(2) +0x7f(2)
== w13_fops.cpp digest=a406c3ca4df75626
  SCHED+GLOBREGS fn1: sched1=10 sched2=4 DIFFERS
  SCHED+GLOBREGS fn2: sched1=10 sched2=4 DIFFERS
  SCHED+GLOBREGS fn3: sched1=10 sched2=4 DIFFERS
  SCHED+GLOBREGS fn4: sched1=10 sched2=4 DIFFERS
  SCHED+GLOBREGS fn5: sched1=10 sched2=4 DIFFERS
  SCHED+GLOBREGS fn6: sched1=10 sched2=4 DIFFERS
  SCHED+GLOBREGS fn7: sched1=10 sched2=4 DIFFERS
  SCHED+GLOBREGS fn8: sched1=10 sched2=4 DIFFERS
  SCHED+GLOBREGS fn9: sched1=10 sched2=4 DIFFERS
  SCHED+GLOBREGS fn10: sched1=10 sched2=4 DIFFERS
  SCHED+GLOBREGS fn11: sched1=10 sched2=4 DIFFERS
  SCHED+GLOBREGS fn12: sched1=10 sched2=4 DIFFERS
  SCHED+GLOBREGS fn13: sched1=11 sched2=4 DIFFERS
  COLOR fn1: sched2=4 sched3=4 IDENTICAL
  COLOR fn2: sched2=4 sched3=4 IDENTICAL
  COLOR fn3: sched2=4 sched3=4 IDENTICAL
  COLOR fn4: sched2=4 sched3=4 IDENTICAL
  COLOR fn5: sched2=4 sched3=4 IDENTICAL
  COLOR fn6: sched2=4 sched3=4 IDENTICAL
  COLOR fn7: sched2=4 sched3=4 IDENTICAL
  COLOR fn8: sched2=4 sched3=4 IDENTICAL
  COLOR fn9: sched2=4 sched3=4 IDENTICAL
  COLOR fn10: sched2=4 sched3=4 IDENTICAL
  COLOR fn11: sched2=4 sched3=4 IDENTICAL
  COLOR fn12: sched2=4 sched3=4 IDENTICAL
  COLOR fn13: sched2=4 sched3=4 IDENTICAL
  LOWERING fn1: sched3=4 sched0=9 DIFFERS
  LOWERING fn2: sched3=4 sched0=9 DIFFERS
  LOWERING fn3: sched3=4 sched0=9 DIFFERS
  LOWERING fn4: sched3=4 sched0=9 DIFFERS
  LOWERING fn5: sched3=4 sched0=9 DIFFERS
  LOWERING fn6: sched3=4 sched0=9 DIFFERS
  LOWERING fn7: sched3=4 sched0=9 DIFFERS
  LOWERING fn8: sched3=4 sched0=9 DIFFERS
  LOWERING fn9: sched3=4 sched0=9 DIFFERS
  LOWERING fn10: sched3=4 sched0=9 DIFFERS
  LOWERING fn11: sched3=4 sched0=9 DIFFERS
  LOWERING fn12: sched3=4 sched0=4 DIFFERS
  LOWERING fn13: sched3=4 sched0=9 DIFFERS
  gap-metric stage-snap-tuples 347
  gap-metric stage-snap-regions 77
  gap-metric stage-snap-walk-refusals 0
  gap-metric stage-snap-tuples-distinct 247
  gap-metric stage-snap-tuple-groups 52
  gap-metric stage-snap-suffix-violations 0
  gap-metric stage-color-pairs 13
  gap-metric stage-color-pairs-differing 0
  PAYLOAD 347 rows over 52 (phase,function) groups; 247 DISTINCT tuple positions (28.8% of the rows are suffix re-reads, inflation 1.40x). The nested-suffix model holds on every block, so DISTINCT is exact.
  RAW WINDOW 128B, 52 tuple pairs aligned across sched2/sched3 (0 function(s) skipped on a length mismatch).
                   offsets COLOR writes: NONE — the allocator wrote nothing in this window
  FINDING, not a green: the pre/post-COLOR snapshots are IDENTICAL on every
                   function here. The walk is reading fields COLOR does not write — it shows THAT
                   the allocator ran, not WHAT it did.
== w13_fparam_neg.cpp digest=4a07595ca759a16e
  SCHED+GLOBREGS fn1: sched1=10 sched2=10 IDENTICAL
  SCHED+GLOBREGS fn2: sched1=10 sched2=10 IDENTICAL
  SCHED+GLOBREGS fn3: sched1=10 sched2=10 IDENTICAL
  COLOR fn1: sched2=10 sched3=10 IDENTICAL
  COLOR fn2: sched2=10 sched3=10 IDENTICAL
  COLOR fn3: sched2=10 sched3=10 IDENTICAL
  LOWERING fn1: sched3=10 sched0=9 DIFFERS
  LOWERING fn2: sched3=10 sched0=9 DIFFERS
  LOWERING fn3: sched3=10 sched0=9 DIFFERS
  gap-metric stage-snap-tuples 117
  gap-metric stage-snap-regions 24
  gap-metric stage-snap-walk-refusals 0
  gap-metric stage-snap-tuples-distinct 69
  gap-metric stage-snap-tuple-groups 12
  gap-metric stage-snap-suffix-violations 0
  gap-metric stage-color-pairs 3
  gap-metric stage-color-pairs-differing 0
  PAYLOAD 117 rows over 12 (phase,function) groups; 69 DISTINCT tuple positions (41.0% of the rows are suffix re-reads, inflation 1.70x). The nested-suffix model holds on every block, so DISTINCT is exact.
  RAW WINDOW 128B, 30 tuple pairs aligned across sched2/sched3 (0 function(s) skipped on a length mismatch).
                   offsets COLOR writes: NONE — the allocator wrote nothing in this window
  FINDING, not a green: the pre/post-COLOR snapshots are IDENTICAL on every
                   function here. The walk is reading fields COLOR does not write — it shows THAT
                   the allocator ran, not WHAT it did.
== w13_freassoc.cpp digest=4a7d94406904af81
  SCHED+GLOBREGS fn1: sched1=10 sched2=4 DIFFERS
  SCHED+GLOBREGS fn2: sched1=10 sched2=4 DIFFERS
  SCHED+GLOBREGS fn3: sched1=11 sched2=10 DIFFERS
  SCHED+GLOBREGS fn4: sched1=11 sched2=10 DIFFERS
  SCHED+GLOBREGS fn5: sched1=11 sched2=10 DIFFERS
  SCHED+GLOBREGS fn6: sched1=11 sched2=10 DIFFERS
  SCHED+GLOBREGS fn7: sched1=12 sched2=14 DIFFERS
  SCHED+GLOBREGS fn8: sched1=11 sched2=10 DIFFERS
  SCHED+GLOBREGS fn9: sched1=11 sched2=10 DIFFERS
  SCHED+GLOBREGS fn10: sched1=10 sched2=4 DIFFERS
  SCHED+GLOBREGS fn11: sched1=11 sched2=10 DIFFERS
  SCHED+GLOBREGS fn12: sched1=12 sched2=14 DIFFERS
  COLOR fn1: sched2=4 sched3=4 IDENTICAL
  COLOR fn2: sched2=4 sched3=4 IDENTICAL
  COLOR fn3: sched2=10 sched3=10 IDENTICAL
  COLOR fn4: sched2=10 sched3=10 IDENTICAL
  COLOR fn5: sched2=10 sched3=10 IDENTICAL
  COLOR fn6: sched2=10 sched3=10 IDENTICAL
  COLOR fn7: sched2=14 sched3=14 IDENTICAL
  COLOR fn8: sched2=10 sched3=10 IDENTICAL
  COLOR fn9: sched2=10 sched3=10 IDENTICAL
  COLOR fn10: sched2=4 sched3=4 IDENTICAL
  COLOR fn11: sched2=10 sched3=10 IDENTICAL
  COLOR fn12: sched2=14 sched3=14 IDENTICAL
  LOWERING fn1: sched3=4 sched0=9 DIFFERS
  LOWERING fn2: sched3=4 sched0=9 DIFFERS
  LOWERING fn3: sched3=10 sched0=10 DIFFERS
  LOWERING fn4: sched3=10 sched0=10 DIFFERS
  LOWERING fn5: sched3=10 sched0=10 DIFFERS
  LOWERING fn6: sched3=10 sched0=10 DIFFERS
  LOWERING fn7: sched3=14 sched0=13 DIFFERS
  LOWERING fn8: sched3=10 sched0=10 DIFFERS
  LOWERING fn9: sched3=10 sched0=10 DIFFERS
  LOWERING fn10: sched3=4 sched0=9 DIFFERS
  LOWERING fn11: sched3=10 sched0=10 DIFFERS
  LOWERING fn12: sched3=14 sched0=13 DIFFERS
  gap-metric stage-snap-tuples 474
  gap-metric stage-snap-regions 90
  gap-metric stage-snap-walk-refusals 0
  gap-metric stage-snap-tuples-distinct 306
  gap-metric stage-snap-tuple-groups 48
  gap-metric stage-snap-suffix-violations 0
  gap-metric stage-color-pairs 12
  gap-metric stage-color-pairs-differing 0
  PAYLOAD 474 rows over 48 (phase,function) groups; 306 DISTINCT tuple positions (35.4% of the rows are suffix re-reads, inflation 1.55x). The nested-suffix model holds on every block, so DISTINCT is exact.
  RAW WINDOW 128B, 110 tuple pairs aligned across sched2/sched3 (0 function(s) skipped on a length mismatch).
                   offsets COLOR writes: +0x39(4) +0x61(4) +0x69(2)
  FINDING, not a green: the pre/post-COLOR snapshots are IDENTICAL on every
                   function here. The walk is reading fields COLOR does not write — it shows THAT
                   the allocator ran, not WHAT it did.
== w13_fscratch.cpp digest=f999c39d6b4ca199
  SCHED+GLOBREGS fn1: sched1=11 sched2=10 DIFFERS
  SCHED+GLOBREGS fn2: sched1=12 sched2=11 DIFFERS
  SCHED+GLOBREGS fn3: sched1=13 sched2=12 DIFFERS
  SCHED+GLOBREGS fn4: sched1=14 sched2=13 DIFFERS
  SCHED+GLOBREGS fn5: sched1=12 sched2=11 DIFFERS
  SCHED+GLOBREGS fn6: sched1=12 sched2=11 DIFFERS
  SCHED+GLOBREGS fn7: sched1=12 sched2=10 DIFFERS
  SCHED+GLOBREGS fn8: sched1=12 sched2=10 DIFFERS
  SCHED+GLOBREGS fn9: sched1=21 sched2=20 DIFFERS
  SCHED+GLOBREGS fn10: sched1=21 sched2=20 DIFFERS
  SCHED+GLOBREGS fn11: sched1=13 sched2=11 DIFFERS
  COLOR fn1: sched2=10 sched3=10 IDENTICAL
  COLOR fn2: sched2=11 sched3=11 IDENTICAL
  COLOR fn3: sched2=12 sched3=12 IDENTICAL
  COLOR fn4: sched2=13 sched3=13 IDENTICAL
  COLOR fn5: sched2=11 sched3=11 IDENTICAL
  COLOR fn6: sched2=11 sched3=11 IDENTICAL
  COLOR fn7: sched2=10 sched3=10 IDENTICAL
  COLOR fn8: sched2=10 sched3=10 IDENTICAL
  COLOR fn9: sched2=20 sched3=20 IDENTICAL
  COLOR fn10: sched2=20 sched3=20 IDENTICAL
  COLOR fn11: sched2=11 sched3=11 IDENTICAL
  LOWERING fn1: sched3=10 sched0=10 DIFFERS
  LOWERING fn2: sched3=11 sched0=11 DIFFERS
  LOWERING fn3: sched3=12 sched0=12 DIFFERS
  LOWERING fn4: sched3=13 sched0=13 DIFFERS
  LOWERING fn5: sched3=11 sched0=11 DIFFERS
  LOWERING fn6: sched3=11 sched0=11 DIFFERS
  LOWERING fn7: sched3=10 sched0=11 DIFFERS
  LOWERING fn8: sched3=10 sched0=11 DIFFERS
  LOWERING fn9: sched3=20 sched0=20 DIFFERS
  LOWERING fn10: sched3=20 sched0=20 DIFFERS
  LOWERING fn11: sched3=11 sched0=12 DIFFERS
  gap-metric stage-snap-tuples 573
  gap-metric stage-snap-regions 88
  gap-metric stage-snap-walk-refusals 0
  gap-metric stage-snap-tuples-distinct 397
  gap-metric stage-snap-tuple-groups 44
  gap-metric stage-snap-suffix-violations 0
  gap-metric stage-color-pairs 11
  gap-metric stage-color-pairs-differing 0
  PAYLOAD 573 rows over 44 (phase,function) groups; 397 DISTINCT tuple positions (30.7% of the rows are suffix re-reads, inflation 1.44x). The nested-suffix model holds on every block, so DISTINCT is exact.
  RAW WINDOW 128B, 139 tuple pairs aligned across sched2/sched3 (0 function(s) skipped on a length mismatch).
                   offsets COLOR writes: NONE — the allocator wrote nothing in this window
  FINDING, not a green: the pre/post-COLOR snapshots are IDENTICAL on every
                   function here. The walk is reading fields COLOR does not write — it shows THAT
                   the allocator ran, not WHAT it did.
== w13b_fconst.cpp digest=0f1c331e58746856
  SCHED+GLOBREGS fn1: sched1=10 sched2=12 DIFFERS
  COLOR fn1: sched2=12 sched3=12 IDENTICAL
  LOWERING fn1: sched3=12 sched0=11 DIFFERS
  gap-metric stage-snap-tuples 45
  gap-metric stage-snap-regions 8
  gap-metric stage-snap-walk-refusals 0
  gap-metric stage-snap-tuples-distinct 29
  gap-metric stage-snap-tuple-groups 4
  gap-metric stage-snap-suffix-violations 0
  gap-metric stage-color-pairs 1
  gap-metric stage-color-pairs-differing 0
  PAYLOAD 45 rows over 4 (phase,function) groups; 29 DISTINCT tuple positions (35.6% of the rows are suffix re-reads, inflation 1.55x). The nested-suffix model holds on every block, so DISTINCT is exact.
  RAW WINDOW 128B, 12 tuple pairs aligned across sched2/sched3 (0 function(s) skipped on a length mismatch).
                   offsets COLOR writes: +0x75(1)
  FINDING, not a green: the pre/post-COLOR snapshots are IDENTICAL on every
                   function here. The walk is reading fields COLOR does not write — it shows THAT
                   the allocator ran, not WHAT it did.
== w13b_fdedup.cpp digest=4148231c8eecd082
  SCHED+GLOBREGS fn1: sched1=10 sched2=12 DIFFERS
  SCHED+GLOBREGS fn2: sched1=10 sched2=12 DIFFERS
  SCHED+GLOBREGS fn3: sched1=10 sched2=12 DIFFERS
  SCHED+GLOBREGS fn4: sched1=10 sched2=12 DIFFERS
  COLOR fn1: sched2=12 sched3=12 IDENTICAL
  COLOR fn2: sched2=12 sched3=12 IDENTICAL
  COLOR fn3: sched2=12 sched3=12 IDENTICAL
  COLOR fn4: sched2=12 sched3=12 IDENTICAL
  LOWERING fn1: sched3=12 sched0=11 DIFFERS
  LOWERING fn2: sched3=12 sched0=11 DIFFERS
  LOWERING fn3: sched3=12 sched0=11 DIFFERS
  LOWERING fn4: sched3=12 sched0=11 DIFFERS
  gap-metric stage-snap-tuples 180
  gap-metric stage-snap-regions 32
  gap-metric stage-snap-walk-refusals 0
  gap-metric stage-snap-tuples-distinct 116
  gap-metric stage-snap-tuple-groups 16
  gap-metric stage-snap-suffix-violations 0
  gap-metric stage-color-pairs 4
  gap-metric stage-color-pairs-differing 0
  PAYLOAD 180 rows over 16 (phase,function) groups; 116 DISTINCT tuple positions (35.6% of the rows are suffix re-reads, inflation 1.55x). The nested-suffix model holds on every block, so DISTINCT is exact.
  RAW WINDOW 128B, 48 tuple pairs aligned across sched2/sched3 (0 function(s) skipped on a length mismatch).
                   offsets COLOR writes: +0x75(4)
  FINDING, not a green: the pre/post-COLOR snapshots are IDENTICAL on every
                   function here. The walk is reading fields COLOR does not write — it shows THAT
                   the allocator ran, not WHAT it did.
== w13b_ffold.cpp digest=0d37d40241db9d23
  SCHED+GLOBREGS fn1: sched1=10 sched2=4 DIFFERS
  SCHED+GLOBREGS fn2: sched1=10 sched2=4 DIFFERS
  SCHED+GLOBREGS fn3: sched1=10 sched2=12 DIFFERS
  SCHED+GLOBREGS fn4: sched1=10 sched2=4 DIFFERS
  SCHED+GLOBREGS fn5: sched1=10 sched2=12 DIFFERS
  COLOR fn1: sched2=4 sched3=4 IDENTICAL
  COLOR fn2: sched2=4 sched3=4 IDENTICAL
  COLOR fn3: sched2=12 sched3=12 IDENTICAL
  COLOR fn4: sched2=4 sched3=4 IDENTICAL
  COLOR fn5: sched2=12 sched3=12 IDENTICAL
  LOWERING fn1: sched3=4 sched0=4 DIFFERS
  LOWERING fn2: sched3=4 sched0=4 DIFFERS
  LOWERING fn3: sched3=12 sched0=11 DIFFERS
  LOWERING fn4: sched3=4 sched0=4 DIFFERS
  LOWERING fn5: sched3=12 sched0=11 DIFFERS
  gap-metric stage-snap-tuples 156
  gap-metric stage-snap-regions 31
  gap-metric stage-snap-walk-refusals 0
  gap-metric stage-snap-tuples-distinct 112
  gap-metric stage-snap-tuple-groups 20
  gap-metric stage-snap-suffix-violations 0
  gap-metric stage-color-pairs 5
  gap-metric stage-color-pairs-differing 0
  PAYLOAD 156 rows over 20 (phase,function) groups; 112 DISTINCT tuple positions (28.2% of the rows are suffix re-reads, inflation 1.39x). The nested-suffix model holds on every block, so DISTINCT is exact.
  RAW WINDOW 128B, 36 tuple pairs aligned across sched2/sched3 (0 function(s) skipped on a length mismatch).
                   offsets COLOR writes: +0x75(1)
  FINDING, not a green: the pre/post-COLOR snapshots are IDENTICAL on every
                   function here. The walk is reading fields COLOR does not write — it shows THAT
                   the allocator ran, not WHAT it did.
== w13b_fpool.cpp digest=7f88c971ca47e7b3
  SCHED+GLOBREGS fn1: sched1=11 sched2=12 DIFFERS
  SCHED+GLOBREGS fn2: sched1=10 sched2=12 DIFFERS
  COLOR fn1: sched2=12 sched3=12 IDENTICAL
  COLOR fn2: sched2=12 sched3=12 IDENTICAL
  LOWERING fn1: sched3=12 sched0=12 DIFFERS
  LOWERING fn2: sched3=12 sched0=11 DIFFERS
  gap-metric stage-snap-tuples 92
  gap-metric stage-snap-regions 16
  gap-metric stage-snap-walk-refusals 0
  gap-metric stage-snap-tuples-distinct 60
  gap-metric stage-snap-tuple-groups 8
  gap-metric stage-snap-suffix-violations 0
  gap-metric stage-color-pairs 2
  gap-metric stage-color-pairs-differing 0
  PAYLOAD 92 rows over 8 (phase,function) groups; 60 DISTINCT tuple positions (34.8% of the rows are suffix re-reads, inflation 1.53x). The nested-suffix model holds on every block, so DISTINCT is exact.
  RAW WINDOW 128B, 24 tuple pairs aligned across sched2/sched3 (0 function(s) skipped on a length mismatch).
                   offsets COLOR writes: +0x49(1) +0x69(1)
  FINDING, not a green: the pre/post-COLOR snapshots are IDENTICAL on every
                   function here. The walk is reading fields COLOR does not write — it shows THAT
                   the allocator ran, not WHAT it did.
== w14_dtor_delegate.cpp digest=891c443404038949
  SCHED+GLOBREGS fn1: sched1=10 sched2=9 DIFFERS
  SCHED+GLOBREGS fn2: sched1=10 sched2=9 DIFFERS
  SCHED+GLOBREGS fn3: sched1=10 sched2=9 DIFFERS
  SCHED+GLOBREGS fn4: sched1=10 sched2=9 DIFFERS
  SCHED+GLOBREGS fn5: sched1=10 sched2=9 DIFFERS
  SCHED+GLOBREGS fn6: sched1=10 sched2=9 DIFFERS
  SCHED+GLOBREGS fn7: sched1=10 sched2=9 DIFFERS
  SCHED+GLOBREGS fn8: sched1=10 sched2=9 DIFFERS
  SCHED+GLOBREGS fn9: sched1=10 sched2=9 DIFFERS
  COLOR fn1: sched2=9 sched3=9 IDENTICAL
  COLOR fn2: sched2=9 sched3=9 IDENTICAL
  COLOR fn3: sched2=9 sched3=9 IDENTICAL
  COLOR fn4: sched2=9 sched3=9 IDENTICAL
  COLOR fn5: sched2=9 sched3=9 IDENTICAL
  COLOR fn6: sched2=9 sched3=9 IDENTICAL
  COLOR fn7: sched2=9 sched3=9 IDENTICAL
  COLOR fn8: sched2=9 sched3=9 IDENTICAL
  COLOR fn9: sched2=9 sched3=9 IDENTICAL
  LOWERING fn1: sched3=9 sched0=7 DIFFERS
  LOWERING fn2: sched3=9 sched0=7 DIFFERS
  LOWERING fn3: sched3=9 sched0=7 DIFFERS
  LOWERING fn4: sched3=9 sched0=7 DIFFERS
  LOWERING fn5: sched3=9 sched0=7 DIFFERS
  LOWERING fn6: sched3=9 sched0=7 DIFFERS
  LOWERING fn7: sched3=9 sched0=7 DIFFERS
  LOWERING fn8: sched3=9 sched0=7 DIFFERS
  LOWERING fn9: sched3=9 sched0=7 DIFFERS
  gap-metric stage-snap-tuples 315
  gap-metric stage-snap-regions 72
  gap-metric stage-snap-walk-refusals 0
  gap-metric stage-snap-tuples-distinct 180
  gap-metric stage-snap-tuple-groups 36
  gap-metric stage-snap-suffix-violations 0
  gap-metric stage-color-pairs 9
  gap-metric stage-color-pairs-differing 0
  PAYLOAD 315 rows over 36 (phase,function) groups; 180 DISTINCT tuple positions (42.9% of the rows are suffix re-reads, inflation 1.75x). The nested-suffix model holds on every block, so DISTINCT is exact.
  RAW WINDOW 128B, 81 tuple pairs aligned across sched2/sched3 (0 function(s) skipped on a length mismatch).
                   offsets COLOR writes: NONE — the allocator wrote nothing in this window
  FINDING, not a green: the pre/post-COLOR snapshots are IDENTICAL on every
                   function here. The walk is reading fields COLOR does not write — it shows THAT
                   the allocator ran, not WHAT it did.
== w14_dtor_delegate_neg.cpp digest=6c91f273d25e930d
  SCHED+GLOBREGS fn1: sched1=15 sched2=16 DIFFERS
  SCHED+GLOBREGS fn2: sched1=15 sched2=16 DIFFERS
  SCHED+GLOBREGS fn3: sched1=13 sched2=13 IDENTICAL
  SCHED+GLOBREGS fn4: sched1=40 sched2=40 IDENTICAL
  SCHED+GLOBREGS fn5: sched1=15 sched2=16 DIFFERS
  COLOR fn1: sched2=16 sched3=15 DIFFERS
  COLOR fn2: sched2=16 sched3=15 DIFFERS
  COLOR fn3: sched2=13 sched3=13 IDENTICAL
  COLOR fn4: sched2=40 sched3=40 IDENTICAL
  COLOR fn5: sched2=16 sched3=15 DIFFERS
  LOWERING fn1: sched3=15 sched0=29 DIFFERS
  LOWERING fn2: sched3=15 sched0=28 DIFFERS
  LOWERING fn3: sched3=13 sched0=10 DIFFERS
  LOWERING fn4: sched3=40 sched0=53 DIFFERS
  LOWERING fn5: sched3=15 sched0=29 DIFFERS
  gap-metric stage-snap-tuples 446
  gap-metric stage-snap-regions 48
  gap-metric stage-snap-walk-refusals 0
  gap-metric stage-snap-tuples-distinct 270
  gap-metric stage-snap-tuple-groups 20
  gap-metric stage-snap-suffix-violations 0
  gap-metric stage-color-pairs 5
  gap-metric stage-color-pairs-differing 3
  PAYLOAD 446 rows over 20 (phase,function) groups; 270 DISTINCT tuple positions (39.5% of the rows are suffix re-reads, inflation 1.65x). The nested-suffix model holds on every block, so DISTINCT is exact.
  RAW WINDOW 128B, 53 tuple pairs aligned across sched2/sched3 (3 function(s) skipped on a length mismatch).
                   offsets COLOR writes: +0x44(8) +0x45(8) +0x46(10) +0x47(8) +0x49(4) +0x64(3) +0x65(6) +0x66(6) +0x67(6) +0x69(2)
== w15_dtor_member.cpp digest=cf39385e6cff8e63
  SCHED+GLOBREGS fn1: sched1=10 sched2=9 DIFFERS
  SCHED+GLOBREGS fn2: sched1=10 sched2=10 IDENTICAL
  SCHED+GLOBREGS fn3: sched1=10 sched2=10 IDENTICAL
  SCHED+GLOBREGS fn4: sched1=10 sched2=10 IDENTICAL
  SCHED+GLOBREGS fn5: sched1=10 sched2=9 DIFFERS
  SCHED+GLOBREGS fn6: sched1=10 sched2=10 IDENTICAL
  SCHED+GLOBREGS fn7: sched1=10 sched2=10 IDENTICAL
  SCHED+GLOBREGS fn8: sched1=10 sched2=10 IDENTICAL
  SCHED+GLOBREGS fn9: sched1=10 sched2=10 IDENTICAL
  SCHED+GLOBREGS fn10: sched1=10 sched2=10 IDENTICAL
  COLOR fn1: sched2=9 sched3=9 IDENTICAL
  COLOR fn2: sched2=10 sched3=9 DIFFERS
  COLOR fn3: sched2=10 sched3=9 DIFFERS
  COLOR fn4: sched2=10 sched3=9 DIFFERS
  COLOR fn5: sched2=9 sched3=9 IDENTICAL
  COLOR fn6: sched2=10 sched3=9 DIFFERS
  COLOR fn7: sched2=10 sched3=9 DIFFERS
  COLOR fn8: sched2=10 sched3=9 DIFFERS
  COLOR fn9: sched2=10 sched3=9 DIFFERS
  COLOR fn10: sched2=10 sched3=9 DIFFERS
  LOWERING fn1: sched3=9 sched0=7 DIFFERS
  LOWERING fn2: sched3=9 sched0=8 DIFFERS
  LOWERING fn3: sched3=9 sched0=8 DIFFERS
  LOWERING fn4: sched3=9 sched0=8 DIFFERS
  LOWERING fn5: sched3=9 sched0=7 DIFFERS
  LOWERING fn6: sched3=9 sched0=8 DIFFERS
  LOWERING fn7: sched3=9 sched0=8 DIFFERS
  LOWERING fn8: sched3=9 sched0=8 DIFFERS
  LOWERING fn9: sched3=9 sched0=8 DIFFERS
  LOWERING fn10: sched3=9 sched0=8 DIFFERS
  gap-metric stage-snap-tuples 366
  gap-metric stage-snap-regions 80
  gap-metric stage-snap-walk-refusals 0
  gap-metric stage-snap-tuples-distinct 216
  gap-metric stage-snap-tuple-groups 40
  gap-metric stage-snap-suffix-violations 0
  gap-metric stage-color-pairs 10
  gap-metric stage-color-pairs-differing 8
  PAYLOAD 366 rows over 40 (phase,function) groups; 216 DISTINCT tuple positions (41.0% of the rows are suffix re-reads, inflation 1.69x). The nested-suffix model holds on every block, so DISTINCT is exact.
  RAW WINDOW 128B, 18 tuple pairs aligned across sched2/sched3 (8 function(s) skipped on a length mismatch).
                   offsets COLOR writes: NONE — the allocator wrote nothing in this window
== w16_addr_leaf.cpp digest=fd9736abaae8cad6
  SCHED+GLOBREGS fn1: sched1=10 sched2=4 DIFFERS
  SCHED+GLOBREGS fn2: sched1=10 sched2=10 IDENTICAL
  SCHED+GLOBREGS fn3: sched1=10 sched2=10 IDENTICAL
  SCHED+GLOBREGS fn4: sched1=10 sched2=10 IDENTICAL
  SCHED+GLOBREGS fn5: sched1=10 sched2=10 IDENTICAL
  SCHED+GLOBREGS fn6: sched1=10 sched2=10 IDENTICAL
  SCHED+GLOBREGS fn7: sched1=10 sched2=10 IDENTICAL
  SCHED+GLOBREGS fn8: sched1=10 sched2=10 IDENTICAL
  SCHED+GLOBREGS fn9: sched1=10 sched2=10 IDENTICAL
  SCHED+GLOBREGS fn10: sched1=10 sched2=10 IDENTICAL
  SCHED+GLOBREGS fn11: sched1=10 sched2=10 IDENTICAL
  SCHED+GLOBREGS fn12: sched1=10 sched2=10 IDENTICAL
  SCHED+GLOBREGS fn13: sched1=10 sched2=10 IDENTICAL
  SCHED+GLOBREGS fn14: sched1=10 sched2=10 IDENTICAL
  SCHED+GLOBREGS fn15: sched1=10 sched2=10 IDENTICAL
  SCHED+GLOBREGS fn16: sched1=10 sched2=4 DIFFERS
  SCHED+GLOBREGS fn17: sched1=10 sched2=4 DIFFERS
  SCHED+GLOBREGS fn18: sched1=10 sched2=10 IDENTICAL
  SCHED+GLOBREGS fn19: sched1=10 sched2=10 IDENTICAL
  SCHED+GLOBREGS fn20: sched1=10 sched2=10 IDENTICAL
  SCHED+GLOBREGS fn21: sched1=10 sched2=10 IDENTICAL
  SCHED+GLOBREGS fn22: sched1=10 sched2=10 IDENTICAL
  SCHED+GLOBREGS fn23: sched1=10 sched2=10 IDENTICAL
  SCHED+GLOBREGS fn24: sched1=10 sched2=10 IDENTICAL
  SCHED+GLOBREGS fn25: sched1=10 sched2=10 IDENTICAL
  SCHED+GLOBREGS fn26: sched1=10 sched2=10 IDENTICAL
  SCHED+GLOBREGS fn27: sched1=10 sched2=10 IDENTICAL
  SCHED+GLOBREGS fn28: sched1=10 sched2=10 IDENTICAL
  SCHED+GLOBREGS fn29: sched1=10 sched2=10 IDENTICAL
  COLOR fn1: sched2=4 sched3=4 IDENTICAL
  COLOR fn2: sched2=10 sched3=4 DIFFERS
  COLOR fn3: sched2=10 sched3=4 DIFFERS
  COLOR fn4: sched2=10 sched3=4 DIFFERS
  COLOR fn5: sched2=10 sched3=4 DIFFERS
  COLOR fn6: sched2=10 sched3=4 DIFFERS
  COLOR fn7: sched2=10 sched3=4 DIFFERS
  COLOR fn8: sched2=10 sched3=4 DIFFERS
  COLOR fn9: sched2=10 sched3=4 DIFFERS
  COLOR fn10: sched2=10 sched3=4 DIFFERS
  COLOR fn11: sched2=10 sched3=4 DIFFERS
  COLOR fn12: sched2=10 sched3=4 DIFFERS
  COLOR fn13: sched2=10 sched3=4 DIFFERS
  COLOR fn14: sched2=10 sched3=4 DIFFERS
  COLOR fn15: sched2=10 sched3=10 IDENTICAL
  COLOR fn16: sched2=4 sched3=4 IDENTICAL
  COLOR fn17: sched2=4 sched3=4 IDENTICAL
  COLOR fn18: sched2=10 sched3=4 DIFFERS
  COLOR fn19: sched2=10 sched3=4 DIFFERS
  COLOR fn20: sched2=10 sched3=4 DIFFERS
  COLOR fn21: sched2=10 sched3=4 DIFFERS
  COLOR fn22: sched2=10 sched3=4 DIFFERS
  COLOR fn23: sched2=10 sched3=4 DIFFERS
  COLOR fn24: sched2=10 sched3=4 DIFFERS
  COLOR fn25: sched2=10 sched3=4 DIFFERS
  COLOR fn26: sched2=10 sched3=4 DIFFERS
  COLOR fn27: sched2=10 sched3=4 DIFFERS
  COLOR fn28: sched2=10 sched3=4 DIFFERS
  COLOR fn29: sched2=10 sched3=4 DIFFERS
  LOWERING fn1: sched3=4 sched0=4 DIFFERS
  LOWERING fn2: sched3=4 sched0=9 DIFFERS
  LOWERING fn3: sched3=4 sched0=9 DIFFERS
  LOWERING fn4: sched3=4 sched0=9 DIFFERS
  LOWERING fn5: sched3=4 sched0=9 DIFFERS
  LOWERING fn6: sched3=4 sched0=9 DIFFERS
  LOWERING fn7: sched3=4 sched0=9 DIFFERS
  LOWERING fn8: sched3=4 sched0=9 DIFFERS
  LOWERING fn9: sched3=4 sched0=9 DIFFERS
  LOWERING fn10: sched3=4 sched0=9 DIFFERS
  LOWERING fn11: sched3=4 sched0=9 DIFFERS
  LOWERING fn12: sched3=4 sched0=9 DIFFERS
  LOWERING fn13: sched3=4 sched0=9 DIFFERS
  LOWERING fn14: sched3=4 sched0=9 DIFFERS
  LOWERING fn15: sched3=10 sched0=9 DIFFERS
  LOWERING fn16: sched3=4 sched0=4 DIFFERS
  LOWERING fn17: sched3=4 sched0=4 DIFFERS
  LOWERING fn18: sched3=4 sched0=9 DIFFERS
  LOWERING fn19: sched3=4 sched0=9 DIFFERS
  LOWERING fn20: sched3=4 sched0=9 DIFFERS
  LOWERING fn21: sched3=4 sched0=9 DIFFERS
  LOWERING fn22: sched3=4 sched0=9 DIFFERS
  LOWERING fn23: sched3=4 sched0=9 DIFFERS
  LOWERING fn24: sched3=4 sched0=9 DIFFERS
  LOWERING fn25: sched3=4 sched0=9 DIFFERS
  LOWERING fn26: sched3=4 sched0=9 DIFFERS
  LOWERING fn27: sched3=4 sched0=9 DIFFERS
  LOWERING fn28: sched3=4 sched0=9 DIFFERS
  LOWERING fn29: sched3=4 sched0=9 DIFFERS
  gap-metric stage-snap-tuples 930
  gap-metric stage-snap-regions 198
  gap-metric stage-snap-walk-refusals 0
  gap-metric stage-snap-tuples-distinct 602
  gap-metric stage-snap-tuple-groups 116
  gap-metric stage-snap-suffix-violations 0
  gap-metric stage-color-pairs 29
  gap-metric stage-color-pairs-differing 25
  PAYLOAD 930 rows over 116 (phase,function) groups; 602 DISTINCT tuple positions (35.3% of the rows are suffix re-reads, inflation 1.54x). The nested-suffix model holds on every block, so DISTINCT is exact.
  RAW WINDOW 128B, 22 tuple pairs aligned across sched2/sched3 (25 function(s) skipped on a length mismatch).
                   offsets COLOR writes: NONE — the allocator wrote nothing in this window
== w16_addr_leaf_neg.cpp digest=625865716ab12f11
  SCHED+GLOBREGS fn1: sched1=11 sched2=11 IDENTICAL
  SCHED+GLOBREGS fn2: sched1=10 sched2=4 DIFFERS
  SCHED+GLOBREGS fn3: sched1=10 sched2=4 DIFFERS
  SCHED+GLOBREGS fn4: sched1=12 sched2=12 IDENTICAL
  SCHED+GLOBREGS fn5: sched1=9 sched2=4 DIFFERS
  SCHED+GLOBREGS fn6: sched1=10 sched2=10 IDENTICAL
  SCHED+GLOBREGS fn7: sched1=12 sched2=12 IDENTICAL
  SCHED+GLOBREGS fn8: sched1=12 sched2=12 IDENTICAL
  SCHED+GLOBREGS fn9: sched1=10 sched2=10 IDENTICAL
  SCHED+GLOBREGS fn10: sched1=10 sched2=10 IDENTICAL
  SCHED+GLOBREGS fn11: sched1=12 sched2=12 DIFFERS
  COLOR fn1: sched2=11 sched3=11 IDENTICAL
  COLOR fn2: sched2=4 sched3=4 IDENTICAL
  COLOR fn3: sched2=4 sched3=4 IDENTICAL
  COLOR fn4: sched2=12 sched3=12 IDENTICAL
  COLOR fn5: sched2=4 sched3=4 IDENTICAL
  COLOR fn6: sched2=10 sched3=10 IDENTICAL
  COLOR fn7: sched2=12 sched3=11 DIFFERS
  COLOR fn8: sched2=12 sched3=12 IDENTICAL
  COLOR fn9: sched2=10 sched3=4 DIFFERS
  COLOR fn10: sched2=10 sched3=4 DIFFERS
  COLOR fn11: sched2=12 sched3=12 IDENTICAL
  LOWERING fn1: sched3=11 sched0=10 DIFFERS
  LOWERING fn2: sched3=4 sched0=9 DIFFERS
  LOWERING fn3: sched3=4 sched0=9 DIFFERS
  LOWERING fn4: sched3=12 sched0=11 DIFFERS
  LOWERING fn5: sched3=4 sched0=9 DIFFERS
  LOWERING fn6: sched3=10 sched0=9 DIFFERS
  LOWERING fn7: sched3=11 sched0=11 DIFFERS
  LOWERING fn8: sched3=12 sched0=11 DIFFERS
  LOWERING fn9: sched3=4 sched0=9 DIFFERS
  LOWERING fn10: sched3=4 sched0=9 DIFFERS
  LOWERING fn11: sched3=12 sched0=11 DIFFERS
  gap-metric stage-snap-tuples 415
  gap-metric stage-snap-regions 80
  gap-metric stage-snap-walk-refusals 0
  gap-metric stage-snap-tuples-distinct 271
  gap-metric stage-snap-tuple-groups 44
  gap-metric stage-snap-suffix-violations 0
  gap-metric stage-color-pairs 11
  gap-metric stage-color-pairs-differing 3
  PAYLOAD 415 rows over 44 (phase,function) groups; 271 DISTINCT tuple positions (34.7% of the rows are suffix re-reads, inflation 1.53x). The nested-suffix model holds on every block, so DISTINCT is exact.
  RAW WINDOW 128B, 69 tuple pairs aligned across sched2/sched3 (3 function(s) skipped on a length mismatch).
                   offsets COLOR writes: +0x38(2) +0x44(2) +0x45(4) +0x46(4) +0x47(4) +0x49(2) +0x50(1) +0x51(2) +0x52(2) +0x53(2) +0x64(1) +0x65(4) +0x69(1) +0x6c(4) +0x6d(4) +0x6e(4) +0x6f(4) +0x70(2) +0x71(3) +0x72(2) +0x73(2) +0x7d(1)
== w17_ptr_operand.cpp digest=5dde75fac6eca1d7
  SCHED+GLOBREGS fn1: sched1=12 sched2=11 DIFFERS
  SCHED+GLOBREGS fn2: sched1=12 sched2=11 DIFFERS
  SCHED+GLOBREGS fn3: sched1=12 sched2=11 DIFFERS
  SCHED+GLOBREGS fn4: sched1=12 sched2=11 DIFFERS
  SCHED+GLOBREGS fn5: sched1=12 sched2=11 DIFFERS
  SCHED+GLOBREGS fn6: sched1=12 sched2=11 DIFFERS
  SCHED+GLOBREGS fn7: sched1=12 sched2=11 DIFFERS
  SCHED+GLOBREGS fn8: sched1=12 sched2=11 DIFFERS
  SCHED+GLOBREGS fn9: sched1=12 sched2=11 DIFFERS
  SCHED+GLOBREGS fn10: sched1=12 sched2=11 DIFFERS
  SCHED+GLOBREGS fn11: sched1=12 sched2=11 DIFFERS
  SCHED+GLOBREGS fn12: sched1=12 sched2=12 IDENTICAL
  SCHED+GLOBREGS fn13: sched1=10 sched2=10 IDENTICAL
  SCHED+GLOBREGS fn14: sched1=10 sched2=10 IDENTICAL
  SCHED+GLOBREGS fn15: sched1=10 sched2=10 IDENTICAL
  SCHED+GLOBREGS fn16: sched1=13 sched2=11 DIFFERS
  SCHED+GLOBREGS fn17: sched1=13 sched2=11 DIFFERS
  SCHED+GLOBREGS fn18: sched1=13 sched2=11 DIFFERS
  SCHED+GLOBREGS fn19: sched1=14 sched2=11 DIFFERS
  SCHED+GLOBREGS fn20: sched1=12 sched2=11 DIFFERS
  SCHED+GLOBREGS fn21: sched1=10 sched2=4 DIFFERS
  SCHED+GLOBREGS fn22: sched1=10 sched2=4 DIFFERS
  SCHED+GLOBREGS fn23: sched1=10 sched2=4 DIFFERS
  COLOR fn1: sched2=11 sched3=11 IDENTICAL
  COLOR fn2: sched2=11 sched3=11 IDENTICAL
  COLOR fn3: sched2=11 sched3=11 IDENTICAL
  COLOR fn4: sched2=11 sched3=11 IDENTICAL
  COLOR fn5: sched2=11 sched3=11 IDENTICAL
  COLOR fn6: sched2=11 sched3=11 IDENTICAL
  COLOR fn7: sched2=11 sched3=11 IDENTICAL
  COLOR fn8: sched2=11 sched3=11 IDENTICAL
  COLOR fn9: sched2=11 sched3=11 IDENTICAL
  COLOR fn10: sched2=11 sched3=11 IDENTICAL
  COLOR fn11: sched2=11 sched3=11 IDENTICAL
  COLOR fn12: sched2=12 sched3=12 IDENTICAL
  COLOR fn13: sched2=10 sched3=10 IDENTICAL
  COLOR fn14: sched2=10 sched3=10 IDENTICAL
  COLOR fn15: sched2=10 sched3=10 IDENTICAL
  COLOR fn16: sched2=11 sched3=11 IDENTICAL
  COLOR fn17: sched2=11 sched3=11 IDENTICAL
  COLOR fn18: sched2=11 sched3=11 IDENTICAL
  COLOR fn19: sched2=11 sched3=11 IDENTICAL
  COLOR fn20: sched2=11 sched3=11 IDENTICAL
  COLOR fn21: sched2=4 sched3=4 IDENTICAL
  COLOR fn22: sched2=4 sched3=4 IDENTICAL
  COLOR fn23: sched2=4 sched3=4 IDENTICAL
  LOWERING fn1: sched3=11 sched0=7 DIFFERS
  LOWERING fn2: sched3=11 sched0=7 DIFFERS
  LOWERING fn3: sched3=11 sched0=7 DIFFERS
  LOWERING fn4: sched3=11 sched0=7 DIFFERS
  LOWERING fn5: sched3=11 sched0=7 DIFFERS
  LOWERING fn6: sched3=11 sched0=7 DIFFERS
  LOWERING fn7: sched3=11 sched0=7 DIFFERS
  LOWERING fn8: sched3=11 sched0=7 DIFFERS
  LOWERING fn9: sched3=11 sched0=7 DIFFERS
  LOWERING fn10: sched3=11 sched0=7 DIFFERS
  LOWERING fn11: sched3=11 sched0=7 DIFFERS
  LOWERING fn12: sched3=12 sched0=8 DIFFERS
  LOWERING fn13: sched3=10 sched0=9 DIFFERS
  LOWERING fn14: sched3=10 sched0=9 DIFFERS
  LOWERING fn15: sched3=10 sched0=9 DIFFERS
  LOWERING fn16: sched3=11 sched0=7 DIFFERS
  LOWERING fn17: sched3=11 sched0=7 DIFFERS
  LOWERING fn18: sched3=11 sched0=7 DIFFERS
  LOWERING fn19: sched3=11 sched0=7 DIFFERS
  LOWERING fn20: sched3=11 sched0=7 DIFFERS
  LOWERING fn21: sched3=4 sched0=4 DIFFERS
  LOWERING fn22: sched3=4 sched0=4 DIFFERS
  LOWERING fn23: sched3=4 sched0=4 DIFFERS
  gap-metric stage-snap-tuples 888
  gap-metric stage-snap-regions 175
  gap-metric stage-snap-walk-refusals 0
  gap-metric stage-snap-tuples-distinct 573
  gap-metric stage-snap-tuple-groups 92
  gap-metric stage-snap-suffix-violations 0
  gap-metric stage-color-pairs 23
  gap-metric stage-color-pairs-differing 0
  PAYLOAD 888 rows over 92 (phase,function) groups; 573 DISTINCT tuple positions (35.5% of the rows are suffix re-reads, inflation 1.55x). The nested-suffix model holds on every block, so DISTINCT is exact.
  RAW WINDOW 128B, 230 tuple pairs aligned across sched2/sched3 (0 function(s) skipped on a length mismatch).
                   offsets COLOR writes: NONE — the allocator wrote nothing in this window
  FINDING, not a green: the pre/post-COLOR snapshots are IDENTICAL on every
                   function here. The walk is reading fields COLOR does not write — it shows THAT
                   the allocator ran, not WHAT it did.
== w17_ptr_operand_neg.cpp digest=cb35c5abf25d6e7f
  SCHED+GLOBREGS fn1: sched1=10 sched2=10 IDENTICAL
  SCHED+GLOBREGS fn2: sched1=10 sched2=10 IDENTICAL
  SCHED+GLOBREGS fn3: sched1=10 sched2=10 IDENTICAL
  SCHED+GLOBREGS fn4: sched1=10 sched2=10 IDENTICAL
  SCHED+GLOBREGS fn5: sched1=10 sched2=10 IDENTICAL
  SCHED+GLOBREGS fn6: sched1=10 sched2=10 IDENTICAL
  SCHED+GLOBREGS fn7: sched1=10 sched2=10 IDENTICAL
  SCHED+GLOBREGS fn8: sched1=10 sched2=10 IDENTICAL
  SCHED+GLOBREGS fn9: sched1=11 sched2=10 DIFFERS
  SCHED+GLOBREGS fn10: sched1=11 sched2=10 DIFFERS
  SCHED+GLOBREGS fn11: sched1=10 sched2=10 IDENTICAL
  SCHED+GLOBREGS fn12: sched1=10 sched2=4 DIFFERS
  SCHED+GLOBREGS fn13: sched1=11 sched2=10 DIFFERS
  SCHED+GLOBREGS fn14: sched1=12 sched2=12 IDENTICAL
  SCHED+GLOBREGS fn15: sched1=14 sched2=14 DIFFERS
  SCHED+GLOBREGS fn16: sched1=13 sched2=13 IDENTICAL
  SCHED+GLOBREGS fn17: sched1=13 sched2=11 DIFFERS
  SCHED+GLOBREGS fn18: sched1=12 sched2=11 DIFFERS
  SCHED+GLOBREGS fn19: sched1=12 sched2=11 DIFFERS
  SCHED+GLOBREGS fn20: sched1=11 sched2=11 IDENTICAL
  SCHED+GLOBREGS fn21: sched1=12 sched2=11 DIFFERS
  SCHED+GLOBREGS fn22: sched1=12 sched2=12 IDENTICAL
  SCHED+GLOBREGS fn23: sched1=12 sched2=11 DIFFERS
  SCHED+GLOBREGS fn24: sched1=10 sched2=4 DIFFERS
  SCHED+GLOBREGS fn25: sched1=20 sched2=20 DIFFERS
  COLOR fn1: sched2=10 sched3=4 DIFFERS
  COLOR fn2: sched2=10 sched3=4 DIFFERS
  COLOR fn3: sched2=10 sched3=4 DIFFERS
  COLOR fn4: sched2=10 sched3=4 DIFFERS
  COLOR fn5: sched2=10 sched3=4 DIFFERS
  COLOR fn6: sched2=10 sched3=4 DIFFERS
  COLOR fn7: sched2=10 sched3=4 DIFFERS
  COLOR fn8: sched2=10 sched3=4 DIFFERS
  COLOR fn9: sched2=10 sched3=4 DIFFERS
  COLOR fn10: sched2=10 sched3=10 IDENTICAL
  COLOR fn11: sched2=10 sched3=4 DIFFERS
  COLOR fn12: sched2=4 sched3=4 IDENTICAL
  COLOR fn13: sched2=10 sched3=10 IDENTICAL
  COLOR fn14: sched2=12 sched3=11 DIFFERS
  COLOR fn15: sched2=14 sched3=14 IDENTICAL
  COLOR fn16: sched2=13 sched3=11 DIFFERS
  COLOR fn17: sched2=11 sched3=11 IDENTICAL
  COLOR fn18: sched2=11 sched3=11 IDENTICAL
  COLOR fn19: sched2=11 sched3=11 IDENTICAL
  COLOR fn20: sched2=11 sched3=11 IDENTICAL
  COLOR fn21: sched2=11 sched3=11 IDENTICAL
  COLOR fn22: sched2=12 sched3=12 IDENTICAL
  COLOR fn23: sched2=11 sched3=11 IDENTICAL
  COLOR fn24: sched2=4 sched3=4 IDENTICAL
  COLOR fn25: sched2=20 sched3=20 DIFFERS
  LOWERING fn1: sched3=4 sched0=9 DIFFERS
  LOWERING fn2: sched3=4 sched0=9 DIFFERS
  LOWERING fn3: sched3=4 sched0=9 DIFFERS
  LOWERING fn4: sched3=4 sched0=9 DIFFERS
  LOWERING fn5: sched3=4 sched0=9 DIFFERS
  LOWERING fn6: sched3=4 sched0=9 DIFFERS
  LOWERING fn7: sched3=4 sched0=9 DIFFERS
  LOWERING fn8: sched3=4 sched0=9 DIFFERS
  LOWERING fn9: sched3=4 sched0=10 DIFFERS
  LOWERING fn10: sched3=10 sched0=10 DIFFERS
  LOWERING fn11: sched3=4 sched0=9 DIFFERS
  LOWERING fn12: sched3=4 sched0=4 DIFFERS
  LOWERING fn13: sched3=10 sched0=10 DIFFERS
  LOWERING fn14: sched3=11 sched0=8 DIFFERS
  LOWERING fn15: sched3=14 sched0=9 DIFFERS
  LOWERING fn16: sched3=11 sched0=8 DIFFERS
  LOWERING fn17: sched3=11 sched0=8 DIFFERS
  LOWERING fn18: sched3=11 sched0=7 DIFFERS
  LOWERING fn19: sched3=11 sched0=7 DIFFERS
  LOWERING fn20: sched3=11 sched0=10 DIFFERS
  LOWERING fn21: sched3=11 sched0=11 DIFFERS
  LOWERING fn22: sched3=12 sched0=17 DIFFERS
  LOWERING fn23: sched3=11 sched0=7 DIFFERS
  LOWERING fn24: sched3=4 sched0=4 DIFFERS
  LOWERING fn25: sched3=20 sched0=17 DIFFERS
  gap-metric stage-snap-tuples 981
  gap-metric stage-snap-regions 184
  gap-metric stage-snap-walk-refusals 0
  gap-metric stage-snap-tuples-distinct 646
  gap-metric stage-snap-tuple-groups 100
  gap-metric stage-snap-suffix-violations 0
  gap-metric stage-color-pairs 25
  gap-metric stage-color-pairs-differing 13
  PAYLOAD 981 rows over 100 (phase,function) groups; 646 DISTINCT tuple positions (34.1% of the rows are suffix re-reads, inflation 1.52x). The nested-suffix model holds on every block, so DISTINCT is exact.
  RAW WINDOW 128B, 140 tuple pairs aligned across sched2/sched3 (12 function(s) skipped on a length mismatch).
                   offsets COLOR writes: +0x0(14) +0x1(5) +0x4(2) +0x5(2) +0x10(14) +0x11(5) +0x28(14) +0x29(5) +0x2c(9) +0x2d(6) +0x44(4) +0x45(4) +0x46(4) +0x47(4) +0x49(1) +0x4c(7) +0x4d(3) +0x50(8) +0x51(5) +0x52(2) +0x53(2) +0x54(12) +0x55(12) +0x56(2) +0x58(5) +0x59(1) +0x5c(2) +0x64(6) +0x65(6) +0x66(4) +0x67(4) +0x74(5) +0x75(5) +0x76(4) +0x77(4) +0x7c(6) +0x7d(5) +0x7e(5) +0x7f(4)
== w18_reg_move.cpp digest=e35c9b7e7e6a859c
  SCHED+GLOBREGS fn1: sched1=10 sched2=4 DIFFERS
  SCHED+GLOBREGS fn2: sched1=10 sched2=4 DIFFERS
  SCHED+GLOBREGS fn3: sched1=10 sched2=4 DIFFERS
  SCHED+GLOBREGS fn4: sched1=10 sched2=4 DIFFERS
  SCHED+GLOBREGS fn5: sched1=10 sched2=4 DIFFERS
  SCHED+GLOBREGS fn6: sched1=10 sched2=4 DIFFERS
  SCHED+GLOBREGS fn7: sched1=10 sched2=4 DIFFERS
  SCHED+GLOBREGS fn8: sched1=10 sched2=4 DIFFERS
  SCHED+GLOBREGS fn9: sched1=10 sched2=4 DIFFERS
  SCHED+GLOBREGS fn10: sched1=10 sched2=4 DIFFERS
  SCHED+GLOBREGS fn11: sched1=10 sched2=4 DIFFERS
  SCHED+GLOBREGS fn12: sched1=10 sched2=4 DIFFERS
  SCHED+GLOBREGS fn13: sched1=10 sched2=4 DIFFERS
  SCHED+GLOBREGS fn14: sched1=10 sched2=4 DIFFERS
  SCHED+GLOBREGS fn15: sched1=10 sched2=4 DIFFERS
  SCHED+GLOBREGS fn16: sched1=10 sched2=4 DIFFERS
  SCHED+GLOBREGS fn17: sched1=10 sched2=4 DIFFERS
  SCHED+GLOBREGS fn18: sched1=10 sched2=4 DIFFERS
  SCHED+GLOBREGS fn19: sched1=10 sched2=4 DIFFERS
  SCHED+GLOBREGS fn20: sched1=10 sched2=4 DIFFERS
  SCHED+GLOBREGS fn21: sched1=10 sched2=4 DIFFERS
  SCHED+GLOBREGS fn22: sched1=10 sched2=4 DIFFERS
  SCHED+GLOBREGS fn23: sched1=10 sched2=4 DIFFERS
  SCHED+GLOBREGS fn24: sched1=10 sched2=10 IDENTICAL
  SCHED+GLOBREGS fn25: sched1=10 sched2=10 IDENTICAL
  SCHED+GLOBREGS fn26: sched1=10 sched2=4 DIFFERS
  SCHED+GLOBREGS fn27: sched1=10 sched2=4 DIFFERS
  SCHED+GLOBREGS fn28: sched1=10 sched2=4 DIFFERS
  SCHED+GLOBREGS fn29: sched1=10 sched2=4 DIFFERS
  SCHED+GLOBREGS fn30: sched1=10 sched2=4 DIFFERS
  SCHED+GLOBREGS fn31: sched1=10 sched2=4 DIFFERS
  SCHED+GLOBREGS fn32: sched1=12 sched2=11 DIFFERS
  SCHED+GLOBREGS fn33: sched1=12 sched2=11 DIFFERS
  SCHED+GLOBREGS fn34: sched1=12 sched2=11 DIFFERS
  SCHED+GLOBREGS fn35: sched1=10 sched2=10 IDENTICAL
  SCHED+GLOBREGS fn36: sched1=10 sched2=10 IDENTICAL
  SCHED+GLOBREGS fn37: sched1=10 sched2=10 IDENTICAL
  SCHED+GLOBREGS fn38: sched1=10 sched2=4 DIFFERS
  COLOR fn1: sched2=4 sched3=4 IDENTICAL
  COLOR fn2: sched2=4 sched3=4 IDENTICAL
  COLOR fn3: sched2=4 sched3=4 IDENTICAL
  COLOR fn4: sched2=4 sched3=4 IDENTICAL
  COLOR fn5: sched2=4 sched3=4 IDENTICAL
  COLOR fn6: sched2=4 sched3=4 IDENTICAL
  COLOR fn7: sched2=4 sched3=4 IDENTICAL
  COLOR fn8: sched2=4 sched3=4 IDENTICAL
  COLOR fn9: sched2=4 sched3=4 IDENTICAL
  COLOR fn10: sched2=4 sched3=4 IDENTICAL
  COLOR fn11: sched2=4 sched3=4 IDENTICAL
  COLOR fn12: sched2=4 sched3=4 IDENTICAL
  COLOR fn13: sched2=4 sched3=4 IDENTICAL
  COLOR fn14: sched2=4 sched3=4 IDENTICAL
  COLOR fn15: sched2=4 sched3=4 IDENTICAL
  COLOR fn16: sched2=4 sched3=4 IDENTICAL
  COLOR fn17: sched2=4 sched3=4 IDENTICAL
  COLOR fn18: sched2=4 sched3=4 IDENTICAL
  COLOR fn19: sched2=4 sched3=4 IDENTICAL
  COLOR fn20: sched2=4 sched3=4 IDENTICAL
  COLOR fn21: sched2=4 sched3=4 IDENTICAL
  COLOR fn22: sched2=4 sched3=4 IDENTICAL
  COLOR fn23: sched2=4 sched3=4 IDENTICAL
  COLOR fn24: sched2=10 sched3=4 DIFFERS
  COLOR fn25: sched2=10 sched3=4 DIFFERS
  COLOR fn26: sched2=4 sched3=4 IDENTICAL
  COLOR fn27: sched2=4 sched3=4 IDENTICAL
  COLOR fn28: sched2=4 sched3=4 IDENTICAL
  COLOR fn29: sched2=4 sched3=4 IDENTICAL
  COLOR fn30: sched2=4 sched3=4 IDENTICAL
  COLOR fn31: sched2=4 sched3=4 IDENTICAL
  COLOR fn32: sched2=11 sched3=11 IDENTICAL
  COLOR fn33: sched2=11 sched3=11 IDENTICAL
  COLOR fn34: sched2=11 sched3=11 IDENTICAL
  COLOR fn35: sched2=10 sched3=4 DIFFERS
  COLOR fn36: sched2=10 sched3=10 IDENTICAL
  COLOR fn37: sched2=10 sched3=4 DIFFERS
  COLOR fn38: sched2=4 sched3=4 IDENTICAL
  LOWERING fn1: sched3=4 sched0=4 DIFFERS
  LOWERING fn2: sched3=4 sched0=9 DIFFERS
  LOWERING fn3: sched3=4 sched0=9 DIFFERS
  LOWERING fn4: sched3=4 sched0=9 DIFFERS
  LOWERING fn5: sched3=4 sched0=9 DIFFERS
  LOWERING fn6: sched3=4 sched0=9 DIFFERS
  LOWERING fn7: sched3=4 sched0=9 DIFFERS
  LOWERING fn8: sched3=4 sched0=9 DIFFERS
  LOWERING fn9: sched3=4 sched0=9 DIFFERS
  LOWERING fn10: sched3=4 sched0=9 DIFFERS
  LOWERING fn11: sched3=4 sched0=9 DIFFERS
  LOWERING fn12: sched3=4 sched0=9 DIFFERS
  LOWERING fn13: sched3=4 sched0=9 DIFFERS
  LOWERING fn14: sched3=4 sched0=9 DIFFERS
  LOWERING fn15: sched3=4 sched0=9 DIFFERS
  LOWERING fn16: sched3=4 sched0=9 DIFFERS
  LOWERING fn17: sched3=4 sched0=9 DIFFERS
  LOWERING fn18: sched3=4 sched0=9 DIFFERS
  LOWERING fn19: sched3=4 sched0=9 DIFFERS
  LOWERING fn20: sched3=4 sched0=9 DIFFERS
  LOWERING fn21: sched3=4 sched0=9 DIFFERS
  LOWERING fn22: sched3=4 sched0=9 DIFFERS
  LOWERING fn23: sched3=4 sched0=9 DIFFERS
  LOWERING fn24: sched3=4 sched0=9 DIFFERS
  LOWERING fn25: sched3=4 sched0=9 DIFFERS
  LOWERING fn26: sched3=4 sched0=9 DIFFERS
  LOWERING fn27: sched3=4 sched0=9 DIFFERS
  LOWERING fn28: sched3=4 sched0=9 DIFFERS
  LOWERING fn29: sched3=4 sched0=9 DIFFERS
  LOWERING fn30: sched3=4 sched0=9 DIFFERS
  LOWERING fn31: sched3=4 sched0=9 DIFFERS
  LOWERING fn32: sched3=11 sched0=8 DIFFERS
  LOWERING fn33: sched3=11 sched0=8 DIFFERS
  LOWERING fn34: sched3=11 sched0=7 DIFFERS
  LOWERING fn35: sched3=4 sched0=9 DIFFERS
  LOWERING fn36: sched3=10 sched0=9 DIFFERS
  LOWERING fn37: sched3=4 sched0=9 DIFFERS
  LOWERING fn38: sched3=4 sched0=9 DIFFERS
  gap-metric stage-snap-tuples 1101
  gap-metric stage-snap-regions 239
  gap-metric stage-snap-walk-refusals 0
  gap-metric stage-snap-tuples-distinct 756
  gap-metric stage-snap-tuple-groups 152
  gap-metric stage-snap-suffix-violations 0
  gap-metric stage-color-pairs 38
  gap-metric stage-color-pairs-differing 4
  PAYLOAD 1101 rows over 152 (phase,function) groups; 756 DISTINCT tuple positions (31.3% of the rows are suffix re-reads, inflation 1.46x). The nested-suffix model holds on every block, so DISTINCT is exact.
  RAW WINDOW 128B, 163 tuple pairs aligned across sched2/sched3 (4 function(s) skipped on a length mismatch).
                   offsets COLOR writes: NONE — the allocator wrote nothing in this window
== w18_reg_move_neg.cpp digest=cf80dfbf8c938ac8
  SCHED+GLOBREGS fn1: sched1=10 sched2=4 DIFFERS
  SCHED+GLOBREGS fn2: sched1=10 sched2=4 DIFFERS
  SCHED+GLOBREGS fn3: sched1=10 sched2=4 DIFFERS
  SCHED+GLOBREGS fn4: sched1=10 sched2=4 DIFFERS
  SCHED+GLOBREGS fn5: sched1=10 sched2=4 DIFFERS
  SCHED+GLOBREGS fn6: sched1=10 sched2=4 DIFFERS
  SCHED+GLOBREGS fn7: sched1=10 sched2=4 DIFFERS
  SCHED+GLOBREGS fn8: sched1=10 sched2=4 DIFFERS
  SCHED+GLOBREGS fn9: sched1=10 sched2=4 DIFFERS
  SCHED+GLOBREGS fn10: sched1=10 sched2=10 DIFFERS
  SCHED+GLOBREGS fn11: sched1=10 sched2=12 DIFFERS
  SCHED+GLOBREGS fn12: sched1=10 sched2=12 DIFFERS
  SCHED+GLOBREGS fn13: sched1=60 sched2=59 DIFFERS
  SCHED+GLOBREGS fn14: sched1=11 sched2=11 IDENTICAL
  SCHED+GLOBREGS fn15: sched1=10 sched2=10 IDENTICAL
  COLOR fn1: sched2=4 sched3=4 IDENTICAL
  COLOR fn2: sched2=4 sched3=4 IDENTICAL
  COLOR fn3: sched2=4 sched3=4 IDENTICAL
  COLOR fn4: sched2=4 sched3=4 IDENTICAL
  COLOR fn5: sched2=4 sched3=4 IDENTICAL
  COLOR fn6: sched2=4 sched3=4 IDENTICAL
  COLOR fn7: sched2=4 sched3=4 IDENTICAL
  COLOR fn8: sched2=4 sched3=4 IDENTICAL
  COLOR fn9: sched2=4 sched3=4 IDENTICAL
  COLOR fn10: sched2=10 sched3=10 IDENTICAL
  COLOR fn11: sched2=12 sched3=12 IDENTICAL
  COLOR fn12: sched2=12 sched3=12 IDENTICAL
  COLOR fn13: sched2=59 sched3=59 IDENTICAL
  COLOR fn14: sched2=11 sched3=11 IDENTICAL
  COLOR fn15: sched2=10 sched3=4 DIFFERS
  LOWERING fn1: sched3=4 sched0=9 DIFFERS
  LOWERING fn2: sched3=4 sched0=9 DIFFERS
  LOWERING fn3: sched3=4 sched0=4 DIFFERS
  LOWERING fn4: sched3=4 sched0=4 DIFFERS
  LOWERING fn5: sched3=4 sched0=9 DIFFERS
  LOWERING fn6: sched3=4 sched0=9 DIFFERS
  LOWERING fn7: sched3=4 sched0=9 DIFFERS
  LOWERING fn8: sched3=4 sched0=9 DIFFERS
  LOWERING fn9: sched3=4 sched0=9 DIFFERS
  LOWERING fn10: sched3=10 sched0=9 DIFFERS
  LOWERING fn11: sched3=12 sched0=10 DIFFERS
  LOWERING fn12: sched3=12 sched0=10 DIFFERS
  LOWERING fn13: sched3=59 sched0=19 DIFFERS
  LOWERING fn14: sched3=11 sched0=10 DIFFERS
  LOWERING fn15: sched3=4 sched0=9 DIFFERS
  gap-metric stage-snap-tuples 633
  gap-metric stage-snap-regions 112
  gap-metric stage-snap-walk-refusals 0
  gap-metric stage-snap-tuples-distinct 351
  gap-metric stage-snap-tuple-groups 60
  gap-metric stage-snap-suffix-violations 0
  gap-metric stage-color-pairs 15
  gap-metric stage-color-pairs-differing 1
  PAYLOAD 633 rows over 60 (phase,function) groups; 351 DISTINCT tuple positions (44.5% of the rows are suffix re-reads, inflation 1.80x). The nested-suffix model holds on every block, so DISTINCT is exact.
  RAW WINDOW 128B, 140 tuple pairs aligned across sched2/sched3 (1 function(s) skipped on a length mismatch).
                   offsets COLOR writes: +0x3d(4) +0x44(8) +0x45(12) +0x46(12) +0x47(12) +0x50(5) +0x51(10) +0x52(10) +0x53(10)
== w19_ctor_this.cpp digest=cc08ebeabc85782b
  SCHED+GLOBREGS fn1: sched1=10 sched2=4 DIFFERS
  SCHED+GLOBREGS fn2: sched1=10 sched2=4 DIFFERS
  SCHED+GLOBREGS fn3: sched1=10 sched2=4 DIFFERS
  SCHED+GLOBREGS fn4: sched1=10 sched2=4 DIFFERS
  SCHED+GLOBREGS fn5: sched1=10 sched2=4 DIFFERS
  SCHED+GLOBREGS fn6: sched1=10 sched2=4 DIFFERS
  SCHED+GLOBREGS fn7: sched1=10 sched2=4 DIFFERS
  SCHED+GLOBREGS fn8: sched1=10 sched2=4 DIFFERS
  SCHED+GLOBREGS fn9: sched1=10 sched2=4 DIFFERS
  SCHED+GLOBREGS fn10: sched1=10 sched2=4 DIFFERS
  SCHED+GLOBREGS fn11: sched1=10 sched2=4 DIFFERS
  SCHED+GLOBREGS fn12: sched1=10 sched2=4 DIFFERS
  SCHED+GLOBREGS fn13: sched1=10 sched2=4 DIFFERS
  SCHED+GLOBREGS fn14: sched1=10 sched2=4 DIFFERS
  SCHED+GLOBREGS fn15: sched1=4 sched2=4 IDENTICAL
  SCHED+GLOBREGS fn16: sched1=4 sched2=4 IDENTICAL
  SCHED+GLOBREGS fn17: sched1=4 sched2=4 IDENTICAL
  COLOR fn1: sched2=4 sched3=4 IDENTICAL
  COLOR fn2: sched2=4 sched3=4 IDENTICAL
  COLOR fn3: sched2=4 sched3=4 IDENTICAL
  COLOR fn4: sched2=4 sched3=4 IDENTICAL
  COLOR fn5: sched2=4 sched3=4 IDENTICAL
  COLOR fn6: sched2=4 sched3=4 IDENTICAL
  COLOR fn7: sched2=4 sched3=4 IDENTICAL
  COLOR fn8: sched2=4 sched3=4 IDENTICAL
  COLOR fn9: sched2=4 sched3=4 IDENTICAL
  COLOR fn10: sched2=4 sched3=4 IDENTICAL
  COLOR fn11: sched2=4 sched3=4 IDENTICAL
  COLOR fn12: sched2=4 sched3=4 IDENTICAL
  COLOR fn13: sched2=4 sched3=4 IDENTICAL
  COLOR fn14: sched2=4 sched3=4 IDENTICAL
  COLOR fn15: sched2=4 sched3=4 IDENTICAL
  COLOR fn16: sched2=4 sched3=4 IDENTICAL
  COLOR fn17: sched2=4 sched3=4 IDENTICAL
  LOWERING fn1: sched3=4 sched0=4 DIFFERS
  LOWERING fn2: sched3=4 sched0=4 DIFFERS
  LOWERING fn3: sched3=4 sched0=4 DIFFERS
  LOWERING fn4: sched3=4 sched0=4 DIFFERS
  LOWERING fn5: sched3=4 sched0=4 DIFFERS
  LOWERING fn6: sched3=4 sched0=4 DIFFERS
  LOWERING fn7: sched3=4 sched0=4 DIFFERS
  LOWERING fn8: sched3=4 sched0=4 DIFFERS
  LOWERING fn9: sched3=4 sched0=4 DIFFERS
  LOWERING fn10: sched3=4 sched0=4 DIFFERS
  LOWERING fn11: sched3=4 sched0=4 DIFFERS
  LOWERING fn12: sched3=4 sched0=4 DIFFERS
  LOWERING fn13: sched3=4 sched0=4 DIFFERS
  LOWERING fn14: sched3=4 sched0=4 DIFFERS
  LOWERING fn15: sched3=4 sched0=4 DIFFERS
  LOWERING fn16: sched3=4 sched0=4 DIFFERS
  LOWERING fn17: sched3=4 sched0=4 DIFFERS
  gap-metric stage-snap-tuples 356
  gap-metric stage-snap-regions 82
  gap-metric stage-snap-walk-refusals 0
  gap-metric stage-snap-tuples-distinct 300
  gap-metric stage-snap-tuple-groups 68
  gap-metric stage-snap-suffix-violations 0
  gap-metric stage-color-pairs 17
  gap-metric stage-color-pairs-differing 0
  PAYLOAD 356 rows over 68 (phase,function) groups; 300 DISTINCT tuple positions (15.7% of the rows are suffix re-reads, inflation 1.19x). The nested-suffix model holds on every block, so DISTINCT is exact.
  RAW WINDOW 128B, 68 tuple pairs aligned across sched2/sched3 (0 function(s) skipped on a length mismatch).
                   offsets COLOR writes: NONE — the allocator wrote nothing in this window
  FINDING, not a green: the pre/post-COLOR snapshots are IDENTICAL on every
                   function here. The walk is reading fields COLOR does not write — it shows THAT
                   the allocator ran, not WHAT it did.
== w19_ctor_this_neg.cpp digest=77f406ae5e66dee9
  SCHED+GLOBREGS fn1: sched1=12 sched2=12 IDENTICAL
  SCHED+GLOBREGS fn2: sched1=11 sched2=11 IDENTICAL
  SCHED+GLOBREGS fn3: sched1=12 sched2=12 IDENTICAL
  SCHED+GLOBREGS fn4: sched1=11 sched2=10 DIFFERS
  SCHED+GLOBREGS fn5: sched1=11 sched2=10 DIFFERS
  SCHED+GLOBREGS fn6: sched1=12 sched2=10 DIFFERS
  SCHED+GLOBREGS fn7: sched1=13 sched2=13 IDENTICAL
  SCHED+GLOBREGS fn8: sched1=12 sched2=12 IDENTICAL
  COLOR fn1: sched2=12 sched3=12 IDENTICAL
  COLOR fn2: sched2=11 sched3=11 IDENTICAL
  COLOR fn3: sched2=12 sched3=12 IDENTICAL
  COLOR fn4: sched2=10 sched3=10 IDENTICAL
  COLOR fn5: sched2=10 sched3=10 IDENTICAL
  COLOR fn6: sched2=10 sched3=10 IDENTICAL
  COLOR fn7: sched2=13 sched3=13 IDENTICAL
  COLOR fn8: sched2=12 sched3=12 IDENTICAL
  LOWERING fn1: sched3=12 sched0=19 DIFFERS
  LOWERING fn2: sched3=11 sched0=19 DIFFERS
  LOWERING fn3: sched3=12 sched0=19 DIFFERS
  LOWERING fn4: sched3=10 sched0=9 DIFFERS
  LOWERING fn5: sched3=10 sched0=9 DIFFERS
  LOWERING fn6: sched3=10 sched0=10 DIFFERS
  LOWERING fn7: sched3=13 sched0=11 DIFFERS
  LOWERING fn8: sched3=12 sched0=19 DIFFERS
  gap-metric stage-snap-tuples 389
  gap-metric stage-snap-regions 64
  gap-metric stage-snap-walk-refusals 0
  gap-metric stage-snap-tuples-distinct 245
  gap-metric stage-snap-tuple-groups 32
  gap-metric stage-snap-suffix-violations 0
  gap-metric stage-color-pairs 8
  gap-metric stage-color-pairs-differing 0
  PAYLOAD 389 rows over 32 (phase,function) groups; 245 DISTINCT tuple positions (37.0% of the rows are suffix re-reads, inflation 1.59x). The nested-suffix model holds on every block, so DISTINCT is exact.
  RAW WINDOW 128B, 90 tuple pairs aligned across sched2/sched3 (0 function(s) skipped on a length mismatch).
                   offsets COLOR writes: NONE — the allocator wrote nothing in this window
  FINDING, not a green: the pre/post-COLOR snapshots are IDENTICAL on every
                   function here. The walk is reading fields COLOR does not write — it shows THAT
                   the allocator ran, not WHAT it did.
== w20_convert.cpp digest=50824f9e04d713da
  SCHED+GLOBREGS fn1: sched1=10 sched2=4 DIFFERS
  SCHED+GLOBREGS fn2: sched1=10 sched2=4 DIFFERS
  SCHED+GLOBREGS fn3: sched1=10 sched2=4 DIFFERS
  SCHED+GLOBREGS fn4: sched1=10 sched2=4 DIFFERS
  SCHED+GLOBREGS fn5: sched1=10 sched2=4 DIFFERS
  SCHED+GLOBREGS fn6: sched1=10 sched2=4 DIFFERS
  SCHED+GLOBREGS fn7: sched1=10 sched2=4 DIFFERS
  SCHED+GLOBREGS fn8: sched1=10 sched2=4 DIFFERS
  SCHED+GLOBREGS fn9: sched1=10 sched2=10 IDENTICAL
  SCHED+GLOBREGS fn10: sched1=10 sched2=10 IDENTICAL
  SCHED+GLOBREGS fn11: sched1=10 sched2=10 IDENTICAL
  SCHED+GLOBREGS fn12: sched1=10 sched2=10 IDENTICAL
  SCHED+GLOBREGS fn13: sched1=10 sched2=4 DIFFERS
  SCHED+GLOBREGS fn14: sched1=10 sched2=4 DIFFERS
  SCHED+GLOBREGS fn15: sched1=11 sched2=11 IDENTICAL
  SCHED+GLOBREGS fn16: sched1=11 sched2=11 IDENTICAL
  SCHED+GLOBREGS fn17: sched1=11 sched2=10 DIFFERS
  SCHED+GLOBREGS fn18: sched1=10 sched2=10 IDENTICAL
  SCHED+GLOBREGS fn19: sched1=10 sched2=10 IDENTICAL
  SCHED+GLOBREGS fn20: sched1=10 sched2=10 IDENTICAL
  SCHED+GLOBREGS fn21: sched1=10 sched2=10 IDENTICAL
  SCHED+GLOBREGS fn22: sched1=10 sched2=10 IDENTICAL
  SCHED+GLOBREGS fn23: sched1=10 sched2=4 DIFFERS
  SCHED+GLOBREGS fn24: sched1=10 sched2=4 DIFFERS
  SCHED+GLOBREGS fn25: sched1=10 sched2=10 IDENTICAL
  SCHED+GLOBREGS fn26: sched1=10 sched2=4 DIFFERS
  SCHED+GLOBREGS fn27: sched1=10 sched2=4 DIFFERS
  SCHED+GLOBREGS fn28: sched1=10 sched2=4 DIFFERS
  SCHED+GLOBREGS fn29: sched1=12 sched2=11 DIFFERS
  SCHED+GLOBREGS fn30: sched1=12 sched2=12 IDENTICAL
  SCHED+GLOBREGS fn31: sched1=13 sched2=11 DIFFERS
  SCHED+GLOBREGS fn32: sched1=13 sched2=11 DIFFERS
  SCHED+GLOBREGS fn33: sched1=12 sched2=11 DIFFERS
  SCHED+GLOBREGS fn34: sched1=12 sched2=11 DIFFERS
  SCHED+GLOBREGS fn35: sched1=12 sched2=11 DIFFERS
  SCHED+GLOBREGS fn36: sched1=13 sched2=11 DIFFERS
  SCHED+GLOBREGS fn37: sched1=10 sched2=4 DIFFERS
  SCHED+GLOBREGS fn38: sched1=10 sched2=4 DIFFERS
  SCHED+GLOBREGS fn39: sched1=10 sched2=4 DIFFERS
  SCHED+GLOBREGS fn40: sched1=12 sched2=11 DIFFERS
  SCHED+GLOBREGS fn41: sched1=10 sched2=4 DIFFERS
  SCHED+GLOBREGS fn42: sched1=10 sched2=10 IDENTICAL
  SCHED+GLOBREGS fn43: sched1=10 sched2=4 DIFFERS
  SCHED+GLOBREGS fn44: sched1=10 sched2=10 IDENTICAL
  COLOR fn1: sched2=4 sched3=4 IDENTICAL
  COLOR fn2: sched2=4 sched3=4 IDENTICAL
  COLOR fn3: sched2=4 sched3=4 IDENTICAL
  COLOR fn4: sched2=4 sched3=4 IDENTICAL
  COLOR fn5: sched2=4 sched3=4 IDENTICAL
  COLOR fn6: sched2=4 sched3=4 IDENTICAL
  COLOR fn7: sched2=4 sched3=4 IDENTICAL
  COLOR fn8: sched2=4 sched3=4 IDENTICAL
  COLOR fn9: sched2=10 sched3=4 DIFFERS
  COLOR fn10: sched2=10 sched3=4 DIFFERS
  COLOR fn11: sched2=10 sched3=4 DIFFERS
  COLOR fn12: sched2=10 sched3=4 DIFFERS
  COLOR fn13: sched2=4 sched3=4 IDENTICAL
  COLOR fn14: sched2=4 sched3=4 IDENTICAL
  COLOR fn15: sched2=11 sched3=4 DIFFERS
  COLOR fn16: sched2=11 sched3=4 DIFFERS
  COLOR fn17: sched2=10 sched3=4 DIFFERS
  COLOR fn18: sched2=10 sched3=4 DIFFERS
  COLOR fn19: sched2=10 sched3=4 DIFFERS
  COLOR fn20: sched2=10 sched3=10 IDENTICAL
  COLOR fn21: sched2=10 sched3=4 DIFFERS
  COLOR fn22: sched2=10 sched3=10 IDENTICAL
  COLOR fn23: sched2=4 sched3=4 IDENTICAL
  COLOR fn24: sched2=4 sched3=4 IDENTICAL
  COLOR fn25: sched2=10 sched3=4 DIFFERS
  COLOR fn26: sched2=4 sched3=4 IDENTICAL
  COLOR fn27: sched2=4 sched3=4 IDENTICAL
  COLOR fn28: sched2=4 sched3=4 IDENTICAL
  COLOR fn29: sched2=11 sched3=11 IDENTICAL
  COLOR fn30: sched2=12 sched3=11 DIFFERS
  COLOR fn31: sched2=11 sched3=11 IDENTICAL
  COLOR fn32: sched2=11 sched3=11 IDENTICAL
  COLOR fn33: sched2=11 sched3=11 IDENTICAL
  COLOR fn34: sched2=11 sched3=11 IDENTICAL
  COLOR fn35: sched2=11 sched3=11 IDENTICAL
  COLOR fn36: sched2=11 sched3=11 IDENTICAL
  COLOR fn37: sched2=4 sched3=4 IDENTICAL
  COLOR fn38: sched2=4 sched3=4 IDENTICAL
  COLOR fn39: sched2=4 sched3=4 IDENTICAL
  COLOR fn40: sched2=11 sched3=11 IDENTICAL
  COLOR fn41: sched2=4 sched3=4 IDENTICAL
  COLOR fn42: sched2=10 sched3=4 DIFFERS
  COLOR fn43: sched2=4 sched3=4 IDENTICAL
  COLOR fn44: sched2=10 sched3=4 DIFFERS
  LOWERING fn1: sched3=4 sched0=4 DIFFERS
  LOWERING fn2: sched3=4 sched0=4 DIFFERS
  LOWERING fn3: sched3=4 sched0=4 DIFFERS
  LOWERING fn4: sched3=4 sched0=4 DIFFERS
  LOWERING fn5: sched3=4 sched0=4 DIFFERS
  LOWERING fn6: sched3=4 sched0=4 DIFFERS
  LOWERING fn7: sched3=4 sched0=4 DIFFERS
  LOWERING fn8: sched3=4 sched0=4 DIFFERS
  LOWERING fn9: sched3=4 sched0=9 DIFFERS
  LOWERING fn10: sched3=4 sched0=9 DIFFERS
  LOWERING fn11: sched3=4 sched0=9 DIFFERS
  LOWERING fn12: sched3=4 sched0=9 DIFFERS
  LOWERING fn13: sched3=4 sched0=9 DIFFERS
  LOWERING fn14: sched3=4 sched0=9 DIFFERS
  LOWERING fn15: sched3=4 sched0=10 DIFFERS
  LOWERING fn16: sched3=4 sched0=10 DIFFERS
  LOWERING fn17: sched3=4 sched0=10 DIFFERS
  LOWERING fn18: sched3=4 sched0=9 DIFFERS
  LOWERING fn19: sched3=4 sched0=9 DIFFERS
  LOWERING fn20: sched3=10 sched0=9 DIFFERS
  LOWERING fn21: sched3=4 sched0=9 DIFFERS
  LOWERING fn22: sched3=10 sched0=9 DIFFERS
  LOWERING fn23: sched3=4 sched0=4 DIFFERS
  LOWERING fn24: sched3=4 sched0=4 DIFFERS
  LOWERING fn25: sched3=4 sched0=9 DIFFERS
  LOWERING fn26: sched3=4 sched0=9 DIFFERS
  LOWERING fn27: sched3=4 sched0=9 DIFFERS
  LOWERING fn28: sched3=4 sched0=9 DIFFERS
  LOWERING fn29: sched3=11 sched0=7 DIFFERS
  LOWERING fn30: sched3=11 sched0=8 DIFFERS
  LOWERING fn31: sched3=11 sched0=7 DIFFERS
  LOWERING fn32: sched3=11 sched0=7 DIFFERS
  LOWERING fn33: sched3=11 sched0=7 DIFFERS
  LOWERING fn34: sched3=11 sched0=7 DIFFERS
  LOWERING fn35: sched3=11 sched0=7 DIFFERS
  LOWERING fn36: sched3=11 sched0=7 DIFFERS
  LOWERING fn37: sched3=4 sched0=4 DIFFERS
  LOWERING fn38: sched3=4 sched0=4 DIFFERS
  LOWERING fn39: sched3=4 sched0=9 DIFFERS
  LOWERING fn40: sched3=11 sched0=7 DIFFERS
  LOWERING fn41: sched3=4 sched0=9 DIFFERS
  LOWERING fn42: sched3=4 sched0=9 DIFFERS
  LOWERING fn43: sched3=4 sched0=9 DIFFERS
  LOWERING fn44: sched3=4 sched0=9 DIFFERS
  gap-metric stage-snap-tuples 1369
  gap-metric stage-snap-regions 287
  gap-metric stage-snap-walk-refusals 0
  gap-metric stage-snap-tuples-distinct 934
  gap-metric stage-snap-tuple-groups 176
  gap-metric stage-snap-suffix-violations 0
  gap-metric stage-color-pairs 44
  gap-metric stage-color-pairs-differing 14
  PAYLOAD 1369 rows over 176 (phase,function) groups; 934 DISTINCT tuple positions (31.8% of the rows are suffix re-reads, inflation 1.47x). The nested-suffix model holds on every block, so DISTINCT is exact.
  RAW WINDOW 128B, 188 tuple pairs aligned across sched2/sched3 (14 function(s) skipped on a length mismatch).
                   offsets COLOR writes: NONE — the allocator wrote nothing in this window
== w20_convert_neg.cpp digest=5fe4d4049a9cccb7
  SCHED+GLOBREGS fn1: sched1=10 sched2=4 DIFFERS
  SCHED+GLOBREGS fn2: sched1=10 sched2=4 DIFFERS
  SCHED+GLOBREGS fn3: sched1=10 sched2=4 DIFFERS
  SCHED+GLOBREGS fn4: sched1=10 sched2=4 DIFFERS
  SCHED+GLOBREGS fn5: sched1=10 sched2=4 DIFFERS
  SCHED+GLOBREGS fn6: sched1=10 sched2=4 DIFFERS
  SCHED+GLOBREGS fn7: sched1=14 sched2=13 DIFFERS
  SCHED+GLOBREGS fn8: sched1=13 sched2=12 DIFFERS
  SCHED+GLOBREGS fn9: sched1=11 sched2=11 IDENTICAL
  SCHED+GLOBREGS fn10: sched1=12 sched2=11 DIFFERS
  SCHED+GLOBREGS fn11: sched1=10 sched2=4 DIFFERS
  SCHED+GLOBREGS fn12: sched1=10 sched2=4 DIFFERS
  SCHED+GLOBREGS fn13: sched1=10 sched2=4 DIFFERS
  SCHED+GLOBREGS fn14: sched1=12 sched2=11 DIFFERS
  SCHED+GLOBREGS fn15: sched1=10 sched2=10 IDENTICAL
  SCHED+GLOBREGS fn16: sched1=11 sched2=10 DIFFERS
  SCHED+GLOBREGS fn17: sched1=10 sched2=4 DIFFERS
  SCHED+GLOBREGS fn18: sched1=12 sched2=11 DIFFERS
  SCHED+GLOBREGS fn19: sched1=12 sched2=11 DIFFERS
  COLOR fn1: sched2=4 sched3=4 IDENTICAL
  COLOR fn2: sched2=4 sched3=4 IDENTICAL
  COLOR fn3: sched2=4 sched3=4 IDENTICAL
  COLOR fn4: sched2=4 sched3=4 IDENTICAL
  COLOR fn5: sched2=4 sched3=4 IDENTICAL
  COLOR fn6: sched2=4 sched3=4 IDENTICAL
  COLOR fn7: sched2=13 sched3=13 IDENTICAL
  COLOR fn8: sched2=12 sched3=12 IDENTICAL
  COLOR fn9: sched2=11 sched3=10 DIFFERS
  COLOR fn10: sched2=11 sched3=11 IDENTICAL
  COLOR fn11: sched2=4 sched3=4 IDENTICAL
  COLOR fn12: sched2=4 sched3=4 IDENTICAL
  COLOR fn13: sched2=4 sched3=4 IDENTICAL
  COLOR fn14: sched2=11 sched3=11 IDENTICAL
  COLOR fn15: sched2=10 sched3=4 DIFFERS
  COLOR fn16: sched2=10 sched3=10 IDENTICAL
  COLOR fn17: sched2=4 sched3=4 IDENTICAL
  COLOR fn18: sched2=11 sched3=11 IDENTICAL
  COLOR fn19: sched2=11 sched3=11 IDENTICAL
  LOWERING fn1: sched3=4 sched0=9 DIFFERS
  LOWERING fn2: sched3=4 sched0=9 DIFFERS
  LOWERING fn3: sched3=4 sched0=9 DIFFERS
  LOWERING fn4: sched3=4 sched0=9 DIFFERS
  LOWERING fn5: sched3=4 sched0=9 DIFFERS
  LOWERING fn6: sched3=4 sched0=9 DIFFERS
  LOWERING fn7: sched3=13 sched0=13 DIFFERS
  LOWERING fn8: sched3=12 sched0=12 DIFFERS
  LOWERING fn9: sched3=10 sched0=10 DIFFERS
  LOWERING fn10: sched3=11 sched0=16 DIFFERS
  LOWERING fn11: sched3=4 sched0=4 DIFFERS
  LOWERING fn12: sched3=4 sched0=4 DIFFERS
  LOWERING fn13: sched3=4 sched0=4 DIFFERS
  LOWERING fn14: sched3=11 sched0=7 DIFFERS
  LOWERING fn15: sched3=4 sched0=9 DIFFERS
  LOWERING fn16: sched3=10 sched0=10 DIFFERS
  LOWERING fn17: sched3=4 sched0=4 DIFFERS
  LOWERING fn18: sched3=11 sched0=11 DIFFERS
  LOWERING fn19: sched3=11 sched0=11 DIFFERS
  gap-metric stage-snap-tuples 649
  gap-metric stage-snap-regions 127
  gap-metric stage-snap-walk-refusals 0
  gap-metric stage-snap-tuples-distinct 443
  gap-metric stage-snap-tuple-groups 76
  gap-metric stage-snap-suffix-violations 0
  gap-metric stage-color-pairs 19
  gap-metric stage-color-pairs-differing 2
  PAYLOAD 649 rows over 76 (phase,function) groups; 443 DISTINCT tuple positions (31.7% of the rows are suffix re-reads, inflation 1.47x). The nested-suffix model holds on every block, so DISTINCT is exact.
  RAW WINDOW 128B, 119 tuple pairs aligned across sched2/sched3 (2 function(s) skipped on a length mismatch).
                   offsets COLOR writes: NONE — the allocator wrote nothing in this window
== w21_census_gate.cpp digest=a717365d49045623
  SCHED+GLOBREGS fn1: sched1=11 sched2=10 DIFFERS
  SCHED+GLOBREGS fn2: sched1=11 sched2=4 DIFFERS
  SCHED+GLOBREGS fn3: sched1=12 sched2=12 IDENTICAL
  SCHED+GLOBREGS fn4: sched1=12 sched2=12 IDENTICAL
  SCHED+GLOBREGS fn5: sched1=12 sched2=10 DIFFERS
  SCHED+GLOBREGS fn6: sched1=12 sched2=12 IDENTICAL
  SCHED+GLOBREGS fn7: sched1=12 sched2=12 IDENTICAL
  SCHED+GLOBREGS fn8: sched1=12 sched2=12 IDENTICAL
  SCHED+GLOBREGS fn9: sched1=13 sched2=12 DIFFERS
  COLOR fn1: sched2=10 sched3=4 DIFFERS
  COLOR fn2: sched2=4 sched3=4 IDENTICAL
  COLOR fn3: sched2=12 sched3=4 DIFFERS
  COLOR fn4: sched2=12 sched3=10 DIFFERS
  COLOR fn5: sched2=10 sched3=4 DIFFERS
  COLOR fn6: sched2=12 sched3=11 DIFFERS
  COLOR fn7: sched2=12 sched3=10 DIFFERS
  COLOR fn8: sched2=12 sched3=11 DIFFERS
  COLOR fn9: sched2=12 sched3=12 IDENTICAL
  LOWERING fn1: sched3=4 sched0=10 DIFFERS
  LOWERING fn2: sched3=4 sched0=10 DIFFERS
  LOWERING fn3: sched3=4 sched0=11 DIFFERS
  LOWERING fn4: sched3=10 sched0=11 DIFFERS
  LOWERING fn5: sched3=4 sched0=11 DIFFERS
  LOWERING fn6: sched3=11 sched0=11 DIFFERS
  LOWERING fn7: sched3=10 sched0=11 DIFFERS
  LOWERING fn8: sched3=11 sched0=11 DIFFERS
  LOWERING fn9: sched3=12 sched0=11 DIFFERS
  gap-metric stage-snap-tuples 370
  gap-metric stage-snap-regions 67
  gap-metric stage-snap-walk-refusals 0
  gap-metric stage-snap-tuples-distinct 246
  gap-metric stage-snap-tuple-groups 36
  gap-metric stage-snap-suffix-violations 0
  gap-metric stage-color-pairs 9
  gap-metric stage-color-pairs-differing 7
  PAYLOAD 370 rows over 36 (phase,function) groups; 246 DISTINCT tuple positions (33.5% of the rows are suffix re-reads, inflation 1.50x). The nested-suffix model holds on every block, so DISTINCT is exact.
  RAW WINDOW 128B, 16 tuple pairs aligned across sched2/sched3 (7 function(s) skipped on a length mismatch).
                   offsets COLOR writes: NONE — the allocator wrote nothing in this window
== w21_census_gate_neg.cpp digest=90cab9a404037091
  SCHED+GLOBREGS fn1: sched1=11 sched2=10 DIFFERS
  SCHED+GLOBREGS fn2: sched1=11 sched2=10 DIFFERS
  SCHED+GLOBREGS fn3: sched1=13 sched2=13 IDENTICAL
  SCHED+GLOBREGS fn4: sched1=12 sched2=11 DIFFERS
  SCHED+GLOBREGS fn5: sched1=12 sched2=12 IDENTICAL
  SCHED+GLOBREGS fn6: sched1=13 sched2=13 IDENTICAL
  SCHED+GLOBREGS fn7: sched1=13 sched2=13 IDENTICAL
  SCHED+GLOBREGS fn8: sched1=13 sched2=13 IDENTICAL
  COLOR fn1: sched2=10 sched3=4 DIFFERS
  COLOR fn2: sched2=10 sched3=10 IDENTICAL
  COLOR fn3: sched2=13 sched3=11 DIFFERS
  COLOR fn4: sched2=11 sched3=11 IDENTICAL
  COLOR fn5: sched2=12 sched3=4 DIFFERS
  COLOR fn6: sched2=13 sched3=13 IDENTICAL
  COLOR fn7: sched2=13 sched3=13 IDENTICAL
  COLOR fn8: sched2=13 sched3=13 IDENTICAL
  LOWERING fn1: sched3=4 sched0=10 DIFFERS
  LOWERING fn2: sched3=10 sched0=10 DIFFERS
  LOWERING fn3: sched3=11 sched0=12 DIFFERS
  LOWERING fn4: sched3=11 sched0=11 DIFFERS
  LOWERING fn5: sched3=4 sched0=11 DIFFERS
  LOWERING fn6: sched3=13 sched0=12 DIFFERS
  LOWERING fn7: sched3=13 sched0=12 DIFFERS
  LOWERING fn8: sched3=13 sched0=12 DIFFERS
  gap-metric stage-snap-tuples 362
  gap-metric stage-snap-regions 62
  gap-metric stage-snap-walk-refusals 0
  gap-metric stage-snap-tuples-distinct 242
  gap-metric stage-snap-tuple-groups 32
  gap-metric stage-snap-suffix-violations 0
  gap-metric stage-color-pairs 8
  gap-metric stage-color-pairs-differing 3
  PAYLOAD 362 rows over 32 (phase,function) groups; 242 DISTINCT tuple positions (33.1% of the rows are suffix re-reads, inflation 1.50x). The nested-suffix model holds on every block, so DISTINCT is exact.
  RAW WINDOW 128B, 60 tuple pairs aligned across sched2/sched3 (3 function(s) skipped on a length mismatch).
                   offsets COLOR writes: NONE — the allocator wrote nothing in this window
== w22_int_spelling.cpp digest=e77f0fc57b4eca74
  SCHED+GLOBREGS fn1: sched1=10 sched2=10 IDENTICAL
  SCHED+GLOBREGS fn2: sched1=10 sched2=10 IDENTICAL
  SCHED+GLOBREGS fn3: sched1=10 sched2=10 IDENTICAL
  SCHED+GLOBREGS fn4: sched1=10 sched2=10 IDENTICAL
  SCHED+GLOBREGS fn5: sched1=10 sched2=10 IDENTICAL
  SCHED+GLOBREGS fn6: sched1=10 sched2=10 IDENTICAL
  SCHED+GLOBREGS fn7: sched1=10 sched2=4 DIFFERS
  SCHED+GLOBREGS fn8: sched1=10 sched2=4 DIFFERS
  SCHED+GLOBREGS fn9: sched1=10 sched2=4 DIFFERS
  SCHED+GLOBREGS fn10: sched1=10 sched2=10 IDENTICAL
  SCHED+GLOBREGS fn11: sched1=10 sched2=10 IDENTICAL
  SCHED+GLOBREGS fn12: sched1=10 sched2=10 IDENTICAL
  SCHED+GLOBREGS fn13: sched1=10 sched2=10 IDENTICAL
  COLOR fn1: sched2=10 sched3=10 IDENTICAL
  COLOR fn2: sched2=10 sched3=10 IDENTICAL
  COLOR fn3: sched2=10 sched3=10 IDENTICAL
  COLOR fn4: sched2=10 sched3=10 IDENTICAL
  COLOR fn5: sched2=10 sched3=10 IDENTICAL
  COLOR fn6: sched2=10 sched3=10 IDENTICAL
  COLOR fn7: sched2=4 sched3=4 IDENTICAL
  COLOR fn8: sched2=4 sched3=4 IDENTICAL
  COLOR fn9: sched2=4 sched3=4 IDENTICAL
  COLOR fn10: sched2=10 sched3=4 DIFFERS
  COLOR fn11: sched2=10 sched3=4 DIFFERS
  COLOR fn12: sched2=10 sched3=4 DIFFERS
  COLOR fn13: sched2=10 sched3=4 DIFFERS
  LOWERING fn1: sched3=10 sched0=9 DIFFERS
  LOWERING fn2: sched3=10 sched0=9 DIFFERS
  LOWERING fn3: sched3=10 sched0=9 DIFFERS
  LOWERING fn4: sched3=10 sched0=9 DIFFERS
  LOWERING fn5: sched3=10 sched0=9 DIFFERS
  LOWERING fn6: sched3=10 sched0=9 DIFFERS
  LOWERING fn7: sched3=4 sched0=4 DIFFERS
  LOWERING fn8: sched3=4 sched0=4 DIFFERS
  LOWERING fn9: sched3=4 sched0=4 DIFFERS
  LOWERING fn10: sched3=4 sched0=9 DIFFERS
  LOWERING fn11: sched3=4 sched0=9 DIFFERS
  LOWERING fn12: sched3=4 sched0=9 DIFFERS
  LOWERING fn13: sched3=4 sched0=9 DIFFERS
  gap-metric stage-snap-tuples 432
  gap-metric stage-snap-regions 91
  gap-metric stage-snap-walk-refusals 0
  gap-metric stage-snap-tuples-distinct 276
  gap-metric stage-snap-tuple-groups 52
  gap-metric stage-snap-suffix-violations 0
  gap-metric stage-color-pairs 13
  gap-metric stage-color-pairs-differing 4
  PAYLOAD 432 rows over 52 (phase,function) groups; 276 DISTINCT tuple positions (36.1% of the rows are suffix re-reads, inflation 1.57x). The nested-suffix model holds on every block, so DISTINCT is exact.
  RAW WINDOW 128B, 72 tuple pairs aligned across sched2/sched3 (4 function(s) skipped on a length mismatch).
                   offsets COLOR writes: NONE — the allocator wrote nothing in this window
== w22_int_spelling_neg.cpp digest=71011c5cb1cf27e3
  SCHED+GLOBREGS fn1: sched1=10 sched2=10 IDENTICAL
  SCHED+GLOBREGS fn2: sched1=10 sched2=10 IDENTICAL
  SCHED+GLOBREGS fn3: sched1=10 sched2=4 DIFFERS
  SCHED+GLOBREGS fn4: sched1=10 sched2=4 DIFFERS
  SCHED+GLOBREGS fn5: sched1=10 sched2=4 DIFFERS
  SCHED+GLOBREGS fn6: sched1=10 sched2=4 DIFFERS
  SCHED+GLOBREGS fn7: sched1=13 sched2=11 DIFFERS
  COLOR fn1: sched2=10 sched3=10 IDENTICAL
  COLOR fn2: sched2=10 sched3=10 IDENTICAL
  COLOR fn3: sched2=4 sched3=4 IDENTICAL
  COLOR fn4: sched2=4 sched3=4 IDENTICAL
  COLOR fn5: sched2=4 sched3=4 IDENTICAL
  COLOR fn6: sched2=4 sched3=4 IDENTICAL
  COLOR fn7: sched2=11 sched3=10 DIFFERS
  LOWERING fn1: sched3=10 sched0=9 DIFFERS
  LOWERING fn2: sched3=10 sched0=9 DIFFERS
  LOWERING fn3: sched3=4 sched0=4 DIFFERS
  LOWERING fn4: sched3=4 sched0=4 DIFFERS
  LOWERING fn5: sched3=4 sched0=4 DIFFERS
  LOWERING fn6: sched3=4 sched0=4 DIFFERS
  LOWERING fn7: sched3=10 sched0=10 DIFFERS
  gap-metric stage-snap-tuples 210
  gap-metric stage-snap-regions 44
  gap-metric stage-snap-walk-refusals 0
  gap-metric stage-snap-tuples-distinct 146
  gap-metric stage-snap-tuple-groups 28
  gap-metric stage-snap-suffix-violations 0
  gap-metric stage-color-pairs 7
  gap-metric stage-color-pairs-differing 1
  PAYLOAD 210 rows over 28 (phase,function) groups; 146 DISTINCT tuple positions (30.5% of the rows are suffix re-reads, inflation 1.44x). The nested-suffix model holds on every block, so DISTINCT is exact.
  RAW WINDOW 128B, 36 tuple pairs aligned across sched2/sched3 (1 function(s) skipped on a length mismatch).
                   offsets COLOR writes: NONE — the allocator wrote nothing in this window
== w232_gl_sep26_implicit.cpp digest=a1a05dcf67c4caef
  SCHED+GLOBREGS fn1: sched1=10 sched2=9 DIFFERS
  SCHED+GLOBREGS fn2: sched1=12 sched2=12 IDENTICAL
  COLOR fn1: sched2=9 sched3=9 IDENTICAL
  COLOR fn2: sched2=12 sched3=12 IDENTICAL
  LOWERING fn1: sched3=9 sched0=7 DIFFERS
  LOWERING fn2: sched3=12 sched0=19 DIFFERS
  gap-metric stage-snap-tuples 90
  gap-metric stage-snap-regions 16
  gap-metric stage-snap-walk-refusals 0
  gap-metric stage-snap-tuples-distinct 55
  gap-metric stage-snap-tuple-groups 8
  gap-metric stage-snap-suffix-violations 0
  gap-metric stage-color-pairs 2
  gap-metric stage-color-pairs-differing 0
  PAYLOAD 90 rows over 8 (phase,function) groups; 55 DISTINCT tuple positions (38.9% of the rows are suffix re-reads, inflation 1.64x). The nested-suffix model holds on every block, so DISTINCT is exact.
  RAW WINDOW 128B, 21 tuple pairs aligned across sched2/sched3 (0 function(s) skipped on a length mismatch).
                   offsets COLOR writes: NONE — the allocator wrote nothing in this window
  FINDING, not a green: the pre/post-COLOR snapshots are IDENTICAL on every
                   function here. The walk is reading fields COLOR does not write — it shows THAT
                   the allocator ran, not WHAT it did.
== w23_gl_callee_bind.cpp digest=070669a2dcea1204
  SCHED+GLOBREGS fn1: sched1=9 sched2=9 IDENTICAL
  SCHED+GLOBREGS fn2: sched1=9 sched2=9 IDENTICAL
  SCHED+GLOBREGS fn3: sched1=10 sched2=9 DIFFERS
  SCHED+GLOBREGS fn4: sched1=10 sched2=9 DIFFERS
  SCHED+GLOBREGS fn5: sched1=10 sched2=10 IDENTICAL
  COLOR fn1: sched2=9 sched3=9 IDENTICAL
  COLOR fn2: sched2=9 sched3=9 IDENTICAL
  COLOR fn3: sched2=9 sched3=9 IDENTICAL
  COLOR fn4: sched2=9 sched3=9 IDENTICAL
  COLOR fn5: sched2=10 sched3=9 DIFFERS
  LOWERING fn1: sched3=9 sched0=7 DIFFERS
  LOWERING fn2: sched3=9 sched0=7 DIFFERS
  LOWERING fn3: sched3=9 sched0=7 DIFFERS
  LOWERING fn4: sched3=9 sched0=7 DIFFERS
  LOWERING fn5: sched3=9 sched0=8 DIFFERS
  gap-metric stage-snap-tuples 175
  gap-metric stage-snap-regions 40
  gap-metric stage-snap-walk-refusals 0
  gap-metric stage-snap-tuples-distinct 100
  gap-metric stage-snap-tuple-groups 20
  gap-metric stage-snap-suffix-violations 0
  gap-metric stage-color-pairs 5
  gap-metric stage-color-pairs-differing 1
  PAYLOAD 175 rows over 20 (phase,function) groups; 100 DISTINCT tuple positions (42.9% of the rows are suffix re-reads, inflation 1.75x). The nested-suffix model holds on every block, so DISTINCT is exact.
  RAW WINDOW 128B, 36 tuple pairs aligned across sched2/sched3 (1 function(s) skipped on a length mismatch).
                   offsets COLOR writes: NONE — the allocator wrote nothing in this window
== w23_gl_callee_bind_neg.cpp digest=aa9e777e3a994d1b
  SCHED+GLOBREGS fn1: sched1=9 sched2=9 IDENTICAL
  SCHED+GLOBREGS fn2: sched1=4 sched2=4 IDENTICAL
  SCHED+GLOBREGS fn3: sched1=4 sched2=4 IDENTICAL
  COLOR fn1: sched2=9 sched3=9 IDENTICAL
  COLOR fn2: sched2=4 sched3=4 IDENTICAL
  COLOR fn3: sched2=4 sched3=4 IDENTICAL
  LOWERING fn1: sched3=9 sched0=7 DIFFERS
  LOWERING fn2: sched3=4 sched0=4 DIFFERS
  LOWERING fn3: sched3=4 sched0=4 DIFFERS
  gap-metric stage-snap-tuples 66
  gap-metric stage-snap-regions 16
  gap-metric stage-snap-walk-refusals 0
  gap-metric stage-snap-tuples-distinct 51
  gap-metric stage-snap-tuple-groups 12
  gap-metric stage-snap-suffix-violations 0
  gap-metric stage-color-pairs 3
  gap-metric stage-color-pairs-differing 0
  PAYLOAD 66 rows over 12 (phase,function) groups; 51 DISTINCT tuple positions (22.7% of the rows are suffix re-reads, inflation 1.29x). The nested-suffix model holds on every block, so DISTINCT is exact.
  RAW WINDOW 128B, 17 tuple pairs aligned across sched2/sched3 (0 function(s) skipped on a length mismatch).
                   offsets COLOR writes: NONE — the allocator wrote nothing in this window
  FINDING, not a green: the pre/post-COLOR snapshots are IDENTICAL on every
                   function here. The walk is reading fields COLOR does not write — it shows THAT
                   the allocator ran, not WHAT it did.
== w25_store_leaf.cpp digest=0e3ecfb7cd284729
  SCHED+GLOBREGS fn1: sched1=9 sched2=4 DIFFERS
  SCHED+GLOBREGS fn2: sched1=9 sched2=4 DIFFERS
  SCHED+GLOBREGS fn3: sched1=9 sched2=4 DIFFERS
  SCHED+GLOBREGS fn4: sched1=9 sched2=4 DIFFERS
  SCHED+GLOBREGS fn5: sched1=9 sched2=4 DIFFERS
  SCHED+GLOBREGS fn6: sched1=9 sched2=4 DIFFERS
  SCHED+GLOBREGS fn7: sched1=9 sched2=4 DIFFERS
  SCHED+GLOBREGS fn8: sched1=9 sched2=4 DIFFERS
  SCHED+GLOBREGS fn9: sched1=9 sched2=4 DIFFERS
  SCHED+GLOBREGS fn10: sched1=9 sched2=4 DIFFERS
  SCHED+GLOBREGS fn11: sched1=9 sched2=4 DIFFERS
  SCHED+GLOBREGS fn12: sched1=9 sched2=4 DIFFERS
  SCHED+GLOBREGS fn13: sched1=10 sched2=10 IDENTICAL
  SCHED+GLOBREGS fn14: sched1=10 sched2=10 IDENTICAL
  SCHED+GLOBREGS fn15: sched1=10 sched2=10 IDENTICAL
  SCHED+GLOBREGS fn16: sched1=10 sched2=10 IDENTICAL
  SCHED+GLOBREGS fn17: sched1=10 sched2=10 IDENTICAL
  SCHED+GLOBREGS fn18: sched1=9 sched2=4 DIFFERS
  SCHED+GLOBREGS fn19: sched1=9 sched2=4 DIFFERS
  SCHED+GLOBREGS fn20: sched1=9 sched2=4 DIFFERS
  SCHED+GLOBREGS fn21: sched1=10 sched2=10 IDENTICAL
  SCHED+GLOBREGS fn22: sched1=10 sched2=10 IDENTICAL
  SCHED+GLOBREGS fn23: sched1=10 sched2=4 DIFFERS
  SCHED+GLOBREGS fn24: sched1=9 sched2=4 DIFFERS
  SCHED+GLOBREGS fn25: sched1=9 sched2=4 DIFFERS
  SCHED+GLOBREGS fn26: sched1=9 sched2=4 DIFFERS
  SCHED+GLOBREGS fn27: sched1=9 sched2=4 DIFFERS
  SCHED+GLOBREGS fn28: sched1=9 sched2=4 DIFFERS
  SCHED+GLOBREGS fn29: sched1=9 sched2=4 DIFFERS
  SCHED+GLOBREGS fn30: sched1=10 sched2=10 IDENTICAL
  SCHED+GLOBREGS fn31: sched1=9 sched2=4 DIFFERS
  SCHED+GLOBREGS fn32: sched1=9 sched2=4 DIFFERS
  SCHED+GLOBREGS fn33: sched1=9 sched2=4 DIFFERS
  SCHED+GLOBREGS fn34: sched1=9 sched2=4 DIFFERS
  SCHED+GLOBREGS fn35: sched1=9 sched2=4 DIFFERS
  SCHED+GLOBREGS fn36: sched1=9 sched2=4 DIFFERS
  SCHED+GLOBREGS fn37: sched1=9 sched2=4 DIFFERS
  SCHED+GLOBREGS fn38: sched1=10 sched2=10 IDENTICAL
  SCHED+GLOBREGS fn39: sched1=9 sched2=4 DIFFERS
  SCHED+GLOBREGS fn40: sched1=10 sched2=4 DIFFERS
  SCHED+GLOBREGS fn41: sched1=9 sched2=4 DIFFERS
  COLOR fn1: sched2=4 sched3=4 IDENTICAL
  COLOR fn2: sched2=4 sched3=4 IDENTICAL
  COLOR fn3: sched2=4 sched3=4 IDENTICAL
  COLOR fn4: sched2=4 sched3=4 IDENTICAL
  COLOR fn5: sched2=4 sched3=4 IDENTICAL
  COLOR fn6: sched2=4 sched3=4 IDENTICAL
  COLOR fn7: sched2=4 sched3=4 IDENTICAL
  COLOR fn8: sched2=4 sched3=4 IDENTICAL
  COLOR fn9: sched2=4 sched3=4 IDENTICAL
  COLOR fn10: sched2=4 sched3=4 IDENTICAL
  COLOR fn11: sched2=4 sched3=4 IDENTICAL
  COLOR fn12: sched2=4 sched3=4 IDENTICAL
  COLOR fn13: sched2=10 sched3=10 IDENTICAL
  COLOR fn14: sched2=10 sched3=10 IDENTICAL
  COLOR fn15: sched2=10 sched3=10 IDENTICAL
  COLOR fn16: sched2=10 sched3=10 IDENTICAL
  COLOR fn17: sched2=10 sched3=10 IDENTICAL
  COLOR fn18: sched2=4 sched3=4 IDENTICAL
  COLOR fn19: sched2=4 sched3=4 IDENTICAL
  COLOR fn20: sched2=4 sched3=4 IDENTICAL
  COLOR fn21: sched2=10 sched3=10 IDENTICAL
  COLOR fn22: sched2=10 sched3=4 DIFFERS
  COLOR fn23: sched2=4 sched3=4 IDENTICAL
  COLOR fn24: sched2=4 sched3=4 IDENTICAL
  COLOR fn25: sched2=4 sched3=4 IDENTICAL
  COLOR fn26: sched2=4 sched3=4 IDENTICAL
  COLOR fn27: sched2=4 sched3=4 IDENTICAL
  COLOR fn28: sched2=4 sched3=4 IDENTICAL
  COLOR fn29: sched2=4 sched3=4 IDENTICAL
  COLOR fn30: sched2=10 sched3=10 IDENTICAL
  COLOR fn31: sched2=4 sched3=4 IDENTICAL
  COLOR fn32: sched2=4 sched3=4 IDENTICAL
  COLOR fn33: sched2=4 sched3=4 IDENTICAL
  COLOR fn34: sched2=4 sched3=4 IDENTICAL
  COLOR fn35: sched2=4 sched3=4 IDENTICAL
  COLOR fn36: sched2=4 sched3=4 IDENTICAL
  COLOR fn37: sched2=4 sched3=4 IDENTICAL
  COLOR fn38: sched2=10 sched3=4 DIFFERS
  COLOR fn39: sched2=4 sched3=4 IDENTICAL
  COLOR fn40: sched2=4 sched3=4 IDENTICAL
  COLOR fn41: sched2=4 sched3=4 IDENTICAL
  LOWERING fn1: sched3=4 sched0=9 DIFFERS
  LOWERING fn2: sched3=4 sched0=9 DIFFERS
  LOWERING fn3: sched3=4 sched0=9 DIFFERS
  LOWERING fn4: sched3=4 sched0=9 DIFFERS
  LOWERING fn5: sched3=4 sched0=9 DIFFERS
  LOWERING fn6: sched3=4 sched0=9 DIFFERS
  LOWERING fn7: sched3=4 sched0=9 DIFFERS
  LOWERING fn8: sched3=4 sched0=9 DIFFERS
  LOWERING fn9: sched3=4 sched0=9 DIFFERS
  LOWERING fn10: sched3=4 sched0=9 DIFFERS
  LOWERING fn11: sched3=4 sched0=9 DIFFERS
  LOWERING fn12: sched3=4 sched0=9 DIFFERS
  LOWERING fn13: sched3=10 sched0=10 DIFFERS
  LOWERING fn14: sched3=10 sched0=10 DIFFERS
  LOWERING fn15: sched3=10 sched0=10 DIFFERS
  LOWERING fn16: sched3=10 sched0=11 DIFFERS
  LOWERING fn17: sched3=10 sched0=10 DIFFERS
  LOWERING fn18: sched3=4 sched0=9 DIFFERS
  LOWERING fn19: sched3=4 sched0=9 DIFFERS
  LOWERING fn20: sched3=4 sched0=9 DIFFERS
  LOWERING fn21: sched3=10 sched0=9 DIFFERS
  LOWERING fn22: sched3=4 sched0=9 DIFFERS
  LOWERING fn23: sched3=4 sched0=4 DIFFERS
  LOWERING fn24: sched3=4 sched0=9 DIFFERS
  LOWERING fn25: sched3=4 sched0=9 DIFFERS
  LOWERING fn26: sched3=4 sched0=9 DIFFERS
  LOWERING fn27: sched3=4 sched0=9 DIFFERS
  LOWERING fn28: sched3=4 sched0=9 DIFFERS
  LOWERING fn29: sched3=4 sched0=9 DIFFERS
  LOWERING fn30: sched3=10 sched0=10 DIFFERS
  LOWERING fn31: sched3=4 sched0=9 DIFFERS
  LOWERING fn32: sched3=4 sched0=9 DIFFERS
  LOWERING fn33: sched3=4 sched0=9 DIFFERS
  LOWERING fn34: sched3=4 sched0=9 DIFFERS
  LOWERING fn35: sched3=4 sched0=9 DIFFERS
  LOWERING fn36: sched3=4 sched0=9 DIFFERS
  LOWERING fn37: sched3=4 sched0=9 DIFFERS
  LOWERING fn38: sched3=4 sched0=9 DIFFERS
  LOWERING fn39: sched3=4 sched0=9 DIFFERS
  LOWERING fn40: sched3=4 sched0=9 DIFFERS
  LOWERING fn41: sched3=4 sched0=9 DIFFERS
  gap-metric stage-snap-tuples 1175
  gap-metric stage-snap-regions 261
  gap-metric stage-snap-walk-refusals 0
  gap-metric stage-snap-tuples-distinct 787
  gap-metric stage-snap-tuple-groups 164
  gap-metric stage-snap-suffix-violations 0
  gap-metric stage-color-pairs 41
  gap-metric stage-color-pairs-differing 2
  PAYLOAD 1175 rows over 164 (phase,function) groups; 787 DISTINCT tuple positions (33.0% of the rows are suffix re-reads, inflation 1.49x). The nested-suffix model holds on every block, so DISTINCT is exact.
  RAW WINDOW 128B, 198 tuple pairs aligned across sched2/sched3 (2 function(s) skipped on a length mismatch).
                   offsets COLOR writes: NONE — the allocator wrote nothing in this window
== w25_store_leaf_neg.cpp digest=1e20bf8472e5e346
  SCHED+GLOBREGS fn1: sched1=9 sched2=4 DIFFERS
  SCHED+GLOBREGS fn2: sched1=9 sched2=4 DIFFERS
  SCHED+GLOBREGS fn3: sched1=10 sched2=9 DIFFERS
  SCHED+GLOBREGS fn4: sched1=10 sched2=10 IDENTICAL
  SCHED+GLOBREGS fn5: sched1=10 sched2=10 IDENTICAL
  SCHED+GLOBREGS fn6: sched1=10 sched2=10 IDENTICAL
  SCHED+GLOBREGS fn7: sched1=11 sched2=11 IDENTICAL
  SCHED+GLOBREGS fn8: sched1=11 sched2=11 IDENTICAL
  SCHED+GLOBREGS fn9: sched1=9 sched2=4 DIFFERS
  SCHED+GLOBREGS fn10: sched1=10 sched2=10 IDENTICAL
  SCHED+GLOBREGS fn11: sched1=9 sched2=11 DIFFERS
  SCHED+GLOBREGS fn12: sched1=10 sched2=9 DIFFERS
  SCHED+GLOBREGS fn13: sched1=10 sched2=10 IDENTICAL
  SCHED+GLOBREGS fn14: sched1=9 sched2=11 DIFFERS
  SCHED+GLOBREGS fn15: sched1=10 sched2=10 IDENTICAL
  COLOR fn1: sched2=4 sched3=4 IDENTICAL
  COLOR fn2: sched2=4 sched3=4 IDENTICAL
  COLOR fn3: sched2=9 sched3=9 IDENTICAL
  COLOR fn4: sched2=10 sched3=9 DIFFERS
  COLOR fn5: sched2=10 sched3=9 DIFFERS
  COLOR fn6: sched2=10 sched3=10 IDENTICAL
  COLOR fn7: sched2=11 sched3=11 IDENTICAL
  COLOR fn8: sched2=11 sched3=10 DIFFERS
  COLOR fn9: sched2=4 sched3=4 IDENTICAL
  COLOR fn10: sched2=10 sched3=10 IDENTICAL
  COLOR fn11: sched2=11 sched3=11 IDENTICAL
  COLOR fn12: sched2=9 sched3=9 IDENTICAL
  COLOR fn13: sched2=10 sched3=10 IDENTICAL
  COLOR fn14: sched2=11 sched3=10 DIFFERS
  COLOR fn15: sched2=10 sched3=10 IDENTICAL
  LOWERING fn1: sched3=4 sched0=9 DIFFERS
  LOWERING fn2: sched3=4 sched0=9 DIFFERS
  LOWERING fn3: sched3=9 sched0=9 DIFFERS
  LOWERING fn4: sched3=9 sched0=10 DIFFERS
  LOWERING fn5: sched3=9 sched0=10 DIFFERS
  LOWERING fn6: sched3=10 sched0=10 DIFFERS
  LOWERING fn7: sched3=11 sched0=10 DIFFERS
  LOWERING fn8: sched3=10 sched0=11 DIFFERS
  LOWERING fn9: sched3=4 sched0=9 DIFFERS
  LOWERING fn10: sched3=10 sched0=10 DIFFERS
  LOWERING fn11: sched3=11 sched0=11 DIFFERS
  LOWERING fn12: sched3=9 sched0=10 DIFFERS
  LOWERING fn13: sched3=10 sched0=11 DIFFERS
  LOWERING fn14: sched3=10 sched0=10 DIFFERS
  LOWERING fn15: sched3=10 sched0=11 DIFFERS
  gap-metric stage-snap-tuples 561
  gap-metric stage-snap-regions 114
  gap-metric stage-snap-walk-refusals 0
  gap-metric stage-snap-tuples-distinct 345
  gap-metric stage-snap-tuple-groups 60
  gap-metric stage-snap-suffix-violations 0
  gap-metric stage-color-pairs 15
  gap-metric stage-color-pairs-differing 4
  PAYLOAD 561 rows over 60 (phase,function) groups; 345 DISTINCT tuple positions (38.5% of the rows are suffix re-reads, inflation 1.63x). The nested-suffix model holds on every block, so DISTINCT is exact.
  RAW WINDOW 128B, 92 tuple pairs aligned across sched2/sched3 (4 function(s) skipped on a length mismatch).
                   offsets COLOR writes: NONE — the allocator wrote nothing in this window
== w26_bool_value.cpp digest=d4b03a13669357bd
  SCHED+GLOBREGS fn1: sched1=10 sched2=10 IDENTICAL
  SCHED+GLOBREGS fn2: sched1=10 sched2=10 IDENTICAL
  SCHED+GLOBREGS fn3: sched1=10 sched2=10 IDENTICAL
  SCHED+GLOBREGS fn4: sched1=10 sched2=10 IDENTICAL
  SCHED+GLOBREGS fn5: sched1=10 sched2=10 IDENTICAL
  SCHED+GLOBREGS fn6: sched1=10 sched2=4 DIFFERS
  SCHED+GLOBREGS fn7: sched1=10 sched2=4 DIFFERS
  SCHED+GLOBREGS fn8: sched1=10 sched2=4 DIFFERS
  SCHED+GLOBREGS fn9: sched1=10 sched2=4 DIFFERS
  SCHED+GLOBREGS fn10: sched1=10 sched2=4 DIFFERS
  SCHED+GLOBREGS fn11: sched1=10 sched2=4 DIFFERS
  SCHED+GLOBREGS fn12: sched1=10 sched2=4 DIFFERS
  SCHED+GLOBREGS fn13: sched1=10 sched2=10 IDENTICAL
  SCHED+GLOBREGS fn14: sched1=9 sched2=4 DIFFERS
  SCHED+GLOBREGS fn15: sched1=10 sched2=10 IDENTICAL
  COLOR fn1: sched2=10 sched3=10 IDENTICAL
  COLOR fn2: sched2=10 sched3=10 IDENTICAL
  COLOR fn3: sched2=10 sched3=10 IDENTICAL
  COLOR fn4: sched2=10 sched3=10 IDENTICAL
  COLOR fn5: sched2=10 sched3=10 IDENTICAL
  COLOR fn6: sched2=4 sched3=4 IDENTICAL
  COLOR fn7: sched2=4 sched3=4 IDENTICAL
  COLOR fn8: sched2=4 sched3=4 IDENTICAL
  COLOR fn9: sched2=4 sched3=4 IDENTICAL
  COLOR fn10: sched2=4 sched3=4 IDENTICAL
  COLOR fn11: sched2=4 sched3=4 IDENTICAL
  COLOR fn12: sched2=4 sched3=4 IDENTICAL
  COLOR fn13: sched2=10 sched3=10 IDENTICAL
  COLOR fn14: sched2=4 sched3=4 IDENTICAL
  COLOR fn15: sched2=10 sched3=10 IDENTICAL
  LOWERING fn1: sched3=10 sched0=9 DIFFERS
  LOWERING fn2: sched3=10 sched0=9 DIFFERS
  LOWERING fn3: sched3=10 sched0=9 DIFFERS
  LOWERING fn4: sched3=10 sched0=9 DIFFERS
  LOWERING fn5: sched3=10 sched0=9 DIFFERS
  LOWERING fn6: sched3=4 sched0=4 DIFFERS
  LOWERING fn7: sched3=4 sched0=4 DIFFERS
  LOWERING fn8: sched3=4 sched0=9 DIFFERS
  LOWERING fn9: sched3=4 sched0=9 DIFFERS
  LOWERING fn10: sched3=4 sched0=9 DIFFERS
  LOWERING fn11: sched3=4 sched0=9 DIFFERS
  LOWERING fn12: sched3=4 sched0=9 DIFFERS
  LOWERING fn13: sched3=10 sched0=9 DIFFERS
  LOWERING fn14: sched3=4 sched0=9 DIFFERS
  LOWERING fn15: sched3=10 sched0=9 DIFFERS
  gap-metric stage-snap-tuples 478
  gap-metric stage-snap-regions 102
  gap-metric stage-snap-walk-refusals 0
  gap-metric stage-snap-tuples-distinct 310
  gap-metric stage-snap-tuple-groups 60
  gap-metric stage-snap-suffix-violations 0
  gap-metric stage-color-pairs 15
  gap-metric stage-color-pairs-differing 0
  PAYLOAD 478 rows over 60 (phase,function) groups; 310 DISTINCT tuple positions (35.1% of the rows are suffix re-reads, inflation 1.54x). The nested-suffix model holds on every block, so DISTINCT is exact.
  RAW WINDOW 128B, 102 tuple pairs aligned across sched2/sched3 (0 function(s) skipped on a length mismatch).
                   offsets COLOR writes: NONE — the allocator wrote nothing in this window
  FINDING, not a green: the pre/post-COLOR snapshots are IDENTICAL on every
                   function here. The walk is reading fields COLOR does not write — it shows THAT
                   the allocator ran, not WHAT it did.
== w26_bool_value_neg.cpp digest=c62c4ff962d97f88
  SCHED+GLOBREGS fn1: sched1=10 sched2=4 DIFFERS
  SCHED+GLOBREGS fn2: sched1=10 sched2=4 DIFFERS
  SCHED+GLOBREGS fn3: sched1=13 sched2=11 DIFFERS
  SCHED+GLOBREGS fn4: sched1=12 sched2=11 DIFFERS
  SCHED+GLOBREGS fn5: sched1=83 sched2=82 DIFFERS
  SCHED+GLOBREGS fn6: sched1=10 sched2=4 DIFFERS
  SCHED+GLOBREGS fn7: sched1=10 sched2=4 DIFFERS
  SCHED+GLOBREGS fn8: sched1=10 sched2=4 DIFFERS
  SCHED+GLOBREGS fn9: sched1=11 sched2=11 IDENTICAL
  SCHED+GLOBREGS fn10: sched1=11 sched2=11 IDENTICAL
  COLOR fn1: sched2=4 sched3=4 IDENTICAL
  COLOR fn2: sched2=4 sched3=4 IDENTICAL
  COLOR fn3: sched2=11 sched3=10 DIFFERS
  COLOR fn4: sched2=11 sched3=11 IDENTICAL
  COLOR fn5: sched2=82 sched3=82 IDENTICAL
  COLOR fn6: sched2=4 sched3=4 IDENTICAL
  COLOR fn7: sched2=4 sched3=4 IDENTICAL
  COLOR fn8: sched2=4 sched3=4 IDENTICAL
  COLOR fn9: sched2=11 sched3=11 IDENTICAL
  COLOR fn10: sched2=11 sched3=11 IDENTICAL
  LOWERING fn1: sched3=4 sched0=9 DIFFERS
  LOWERING fn2: sched3=4 sched0=9 DIFFERS
  LOWERING fn3: sched3=10 sched0=12 DIFFERS
  LOWERING fn4: sched3=11 sched0=11 DIFFERS
  LOWERING fn5: sched3=82 sched0=48 DIFFERS
  LOWERING fn6: sched3=4 sched0=4 DIFFERS
  LOWERING fn7: sched3=4 sched0=4 DIFFERS
  LOWERING fn8: sched3=4 sched0=4 DIFFERS
  LOWERING fn9: sched3=11 sched0=7 DIFFERS
  LOWERING fn10: sched3=11 sched0=10 DIFFERS
  gap-metric stage-snap-tuples 589
  gap-metric stage-snap-regions 86
  gap-metric stage-snap-walk-refusals 0
  gap-metric stage-snap-tuples-distinct 277
  gap-metric stage-snap-tuple-groups 40
  gap-metric stage-snap-suffix-violations 0
  gap-metric stage-color-pairs 10
  gap-metric stage-color-pairs-differing 1
  PAYLOAD 589 rows over 40 (phase,function) groups; 277 DISTINCT tuple positions (53.0% of the rows are suffix re-reads, inflation 2.13x). The nested-suffix model holds on every block, so DISTINCT is exact.
  RAW WINDOW 128B, 135 tuple pairs aligned across sched2/sched3 (1 function(s) skipped on a length mismatch).
                   offsets COLOR writes: +0x44(2) +0x45(4) +0x46(4) +0x47(4) +0x49(7)
== w275_entry_park.cpp digest=c2f50f1fcceb812c
  SCHED+GLOBREGS fn1: sched1=64 sched2=64 IDENTICAL
  SCHED+GLOBREGS fn2: sched1=137 sched2=137 IDENTICAL
  SCHED+GLOBREGS fn3: sched1=68 sched2=68 IDENTICAL
  SCHED+GLOBREGS fn4: sched1=68 sched2=68 IDENTICAL
  SCHED+GLOBREGS fn5: sched1=68 sched2=68 IDENTICAL
  SCHED+GLOBREGS fn6: sched1=68 sched2=68 IDENTICAL
  SCHED+GLOBREGS fn7: sched1=13 sched2=12 DIFFERS
  COLOR fn1: sched2=64 sched3=63 DIFFERS
  COLOR fn2: sched2=137 sched3=136 DIFFERS
  COLOR fn3: sched2=68 sched3=67 DIFFERS
  COLOR fn4: sched2=68 sched3=67 DIFFERS
  COLOR fn5: sched2=68 sched3=67 DIFFERS
  COLOR fn6: sched2=68 sched3=67 DIFFERS
  COLOR fn7: sched2=12 sched3=12 IDENTICAL
  LOWERING fn1: sched3=63 sched0=62 DIFFERS
  LOWERING fn2: sched3=136 sched0=119 DIFFERS
  LOWERING fn3: sched3=67 sched0=63 DIFFERS
  LOWERING fn4: sched3=67 sched0=66 DIFFERS
  LOWERING fn5: sched3=67 sched0=69 DIFFERS
  LOWERING fn6: sched3=67 sched0=62 DIFFERS
  LOWERING fn7: sched3=12 sched0=19 DIFFERS
  gap-metric stage-snap-tuples 1910
  gap-metric stage-snap-regions 140
  gap-metric stage-snap-walk-refusals 0
  gap-metric stage-snap-tuples-distinct 525
  gap-metric stage-snap-tuple-groups 28
  gap-metric stage-snap-suffix-violations 0
  gap-metric stage-color-pairs 7
  gap-metric stage-color-pairs-differing 6
  PAYLOAD 1910 rows over 28 (phase,function) groups; 525 DISTINCT tuple positions (72.5% of the rows are suffix re-reads, inflation 3.64x). The nested-suffix model holds on every block, so DISTINCT is exact.
  RAW WINDOW 128B, 12 tuple pairs aligned across sched2/sched3 (6 function(s) skipped on a length mismatch).
                   offsets COLOR writes: NONE — the allocator wrote nothing in this window
== w27_fp_reg.cpp digest=ff1115edbef2b094
  SCHED+GLOBREGS fn1: sched1=10 sched2=4 DIFFERS
  SCHED+GLOBREGS fn2: sched1=10 sched2=4 DIFFERS
  SCHED+GLOBREGS fn3: sched1=10 sched2=4 DIFFERS
  SCHED+GLOBREGS fn4: sched1=10 sched2=4 DIFFERS
  SCHED+GLOBREGS fn5: sched1=10 sched2=4 DIFFERS
  SCHED+GLOBREGS fn6: sched1=10 sched2=4 DIFFERS
  SCHED+GLOBREGS fn7: sched1=10 sched2=4 DIFFERS
  SCHED+GLOBREGS fn8: sched1=10 sched2=4 DIFFERS
  SCHED+GLOBREGS fn9: sched1=10 sched2=4 DIFFERS
  SCHED+GLOBREGS fn10: sched1=10 sched2=4 DIFFERS
  SCHED+GLOBREGS fn11: sched1=10 sched2=4 DIFFERS
  SCHED+GLOBREGS fn12: sched1=10 sched2=4 DIFFERS
  SCHED+GLOBREGS fn13: sched1=10 sched2=4 DIFFERS
  SCHED+GLOBREGS fn14: sched1=10 sched2=4 DIFFERS
  SCHED+GLOBREGS fn15: sched1=10 sched2=4 DIFFERS
  SCHED+GLOBREGS fn16: sched1=10 sched2=4 DIFFERS
  SCHED+GLOBREGS fn17: sched1=10 sched2=4 DIFFERS
  SCHED+GLOBREGS fn18: sched1=10 sched2=4 DIFFERS
  SCHED+GLOBREGS fn19: sched1=10 sched2=4 DIFFERS
  SCHED+GLOBREGS fn20: sched1=10 sched2=4 DIFFERS
  SCHED+GLOBREGS fn21: sched1=10 sched2=4 DIFFERS
  SCHED+GLOBREGS fn22: sched1=10 sched2=4 DIFFERS
  SCHED+GLOBREGS fn23: sched1=10 sched2=4 DIFFERS
  SCHED+GLOBREGS fn24: sched1=10 sched2=4 DIFFERS
  SCHED+GLOBREGS fn25: sched1=10 sched2=4 DIFFERS
  SCHED+GLOBREGS fn26: sched1=10 sched2=4 DIFFERS
  SCHED+GLOBREGS fn27: sched1=10 sched2=4 DIFFERS
  SCHED+GLOBREGS fn28: sched1=10 sched2=4 DIFFERS
  SCHED+GLOBREGS fn29: sched1=10 sched2=4 DIFFERS
  SCHED+GLOBREGS fn30: sched1=10 sched2=4 DIFFERS
  SCHED+GLOBREGS fn31: sched1=10 sched2=4 DIFFERS
  SCHED+GLOBREGS fn32: sched1=10 sched2=4 DIFFERS
  SCHED+GLOBREGS fn33: sched1=10 sched2=4 DIFFERS
  COLOR fn1: sched2=4 sched3=4 IDENTICAL
  COLOR fn2: sched2=4 sched3=4 IDENTICAL
  COLOR fn3: sched2=4 sched3=4 IDENTICAL
  COLOR fn4: sched2=4 sched3=4 IDENTICAL
  COLOR fn5: sched2=4 sched3=4 IDENTICAL
  COLOR fn6: sched2=4 sched3=4 IDENTICAL
  COLOR fn7: sched2=4 sched3=4 IDENTICAL
  COLOR fn8: sched2=4 sched3=4 IDENTICAL
  COLOR fn9: sched2=4 sched3=4 IDENTICAL
  COLOR fn10: sched2=4 sched3=4 IDENTICAL
  COLOR fn11: sched2=4 sched3=4 IDENTICAL
  COLOR fn12: sched2=4 sched3=4 IDENTICAL
  COLOR fn13: sched2=4 sched3=4 IDENTICAL
  COLOR fn14: sched2=4 sched3=4 IDENTICAL
  COLOR fn15: sched2=4 sched3=4 IDENTICAL
  COLOR fn16: sched2=4 sched3=4 IDENTICAL
  COLOR fn17: sched2=4 sched3=4 IDENTICAL
  COLOR fn18: sched2=4 sched3=4 IDENTICAL
  COLOR fn19: sched2=4 sched3=4 IDENTICAL
  COLOR fn20: sched2=4 sched3=4 IDENTICAL
  COLOR fn21: sched2=4 sched3=4 IDENTICAL
  COLOR fn22: sched2=4 sched3=4 IDENTICAL
  COLOR fn23: sched2=4 sched3=4 IDENTICAL
  COLOR fn24: sched2=4 sched3=4 IDENTICAL
  COLOR fn25: sched2=4 sched3=4 IDENTICAL
  COLOR fn26: sched2=4 sched3=4 IDENTICAL
  COLOR fn27: sched2=4 sched3=4 IDENTICAL
  COLOR fn28: sched2=4 sched3=4 IDENTICAL
  COLOR fn29: sched2=4 sched3=4 IDENTICAL
  COLOR fn30: sched2=4 sched3=4 IDENTICAL
  COLOR fn31: sched2=4 sched3=4 IDENTICAL
  COLOR fn32: sched2=4 sched3=4 IDENTICAL
  COLOR fn33: sched2=4 sched3=4 IDENTICAL
  LOWERING fn1: sched3=4 sched0=4 DIFFERS
  LOWERING fn2: sched3=4 sched0=9 DIFFERS
  LOWERING fn3: sched3=4 sched0=9 DIFFERS
  LOWERING fn4: sched3=4 sched0=9 DIFFERS
  LOWERING fn5: sched3=4 sched0=4 DIFFERS
  LOWERING fn6: sched3=4 sched0=9 DIFFERS
  LOWERING fn7: sched3=4 sched0=9 DIFFERS
  LOWERING fn8: sched3=4 sched0=9 DIFFERS
  LOWERING fn9: sched3=4 sched0=9 DIFFERS
  LOWERING fn10: sched3=4 sched0=9 DIFFERS
  LOWERING fn11: sched3=4 sched0=9 DIFFERS
  LOWERING fn12: sched3=4 sched0=9 DIFFERS
  LOWERING fn13: sched3=4 sched0=9 DIFFERS
  LOWERING fn14: sched3=4 sched0=9 DIFFERS
  LOWERING fn15: sched3=4 sched0=4 DIFFERS
  LOWERING fn16: sched3=4 sched0=9 DIFFERS
  LOWERING fn17: sched3=4 sched0=9 DIFFERS
  LOWERING fn18: sched3=4 sched0=9 DIFFERS
  LOWERING fn19: sched3=4 sched0=9 DIFFERS
  LOWERING fn20: sched3=4 sched0=9 DIFFERS
  LOWERING fn21: sched3=4 sched0=9 DIFFERS
  LOWERING fn22: sched3=4 sched0=9 DIFFERS
  LOWERING fn23: sched3=4 sched0=9 DIFFERS
  LOWERING fn24: sched3=4 sched0=9 DIFFERS
  LOWERING fn25: sched3=4 sched0=9 DIFFERS
  LOWERING fn26: sched3=4 sched0=9 DIFFERS
  LOWERING fn27: sched3=4 sched0=9 DIFFERS
  LOWERING fn28: sched3=4 sched0=9 DIFFERS
  LOWERING fn29: sched3=4 sched0=9 DIFFERS
  LOWERING fn30: sched3=4 sched0=4 DIFFERS
  LOWERING fn31: sched3=4 sched0=9 DIFFERS
  LOWERING fn32: sched3=4 sched0=9 DIFFERS
  LOWERING fn33: sched3=4 sched0=9 DIFFERS
  gap-metric stage-snap-tuples 871
  gap-metric stage-snap-regions 194
  gap-metric stage-snap-walk-refusals 0
  gap-metric stage-snap-tuples-distinct 623
  gap-metric stage-snap-tuple-groups 132
  gap-metric stage-snap-suffix-violations 0
  gap-metric stage-color-pairs 33
  gap-metric stage-color-pairs-differing 0
  PAYLOAD 871 rows over 132 (phase,function) groups; 623 DISTINCT tuple positions (28.5% of the rows are suffix re-reads, inflation 1.40x). The nested-suffix model holds on every block, so DISTINCT is exact.
  RAW WINDOW 128B, 132 tuple pairs aligned across sched2/sched3 (0 function(s) skipped on a length mismatch).
                   offsets COLOR writes: NONE — the allocator wrote nothing in this window
  FINDING, not a green: the pre/post-COLOR snapshots are IDENTICAL on every
                   function here. The walk is reading fields COLOR does not write — it shows THAT
                   the allocator ran, not WHAT it did.
== w27_fp_reg_qual.cpp digest=db12da21077e3168
  SCHED+GLOBREGS fn1: sched1=10 sched2=4 DIFFERS
  SCHED+GLOBREGS fn2: sched1=10 sched2=4 DIFFERS
  SCHED+GLOBREGS fn3: sched1=10 sched2=4 DIFFERS
  SCHED+GLOBREGS fn4: sched1=10 sched2=4 DIFFERS
  SCHED+GLOBREGS fn5: sched1=10 sched2=4 DIFFERS
  SCHED+GLOBREGS fn6: sched1=10 sched2=4 DIFFERS
  SCHED+GLOBREGS fn7: sched1=9 sched2=4 DIFFERS
  SCHED+GLOBREGS fn8: sched1=10 sched2=4 DIFFERS
  SCHED+GLOBREGS fn9: sched1=10 sched2=4 DIFFERS
  SCHED+GLOBREGS fn10: sched1=9 sched2=4 DIFFERS
  COLOR fn1: sched2=4 sched3=4 IDENTICAL
  COLOR fn2: sched2=4 sched3=4 IDENTICAL
  COLOR fn3: sched2=4 sched3=4 IDENTICAL
  COLOR fn4: sched2=4 sched3=4 IDENTICAL
  COLOR fn5: sched2=4 sched3=4 IDENTICAL
  COLOR fn6: sched2=4 sched3=4 IDENTICAL
  COLOR fn7: sched2=4 sched3=4 IDENTICAL
  COLOR fn8: sched2=4 sched3=4 IDENTICAL
  COLOR fn9: sched2=4 sched3=4 IDENTICAL
  COLOR fn10: sched2=4 sched3=4 IDENTICAL
  LOWERING fn1: sched3=4 sched0=9 DIFFERS
  LOWERING fn2: sched3=4 sched0=9 DIFFERS
  LOWERING fn3: sched3=4 sched0=9 DIFFERS
  LOWERING fn4: sched3=4 sched0=9 DIFFERS
  LOWERING fn5: sched3=4 sched0=9 DIFFERS
  LOWERING fn6: sched3=4 sched0=9 DIFFERS
  LOWERING fn7: sched3=4 sched0=9 DIFFERS
  LOWERING fn8: sched3=4 sched0=4 DIFFERS
  LOWERING fn9: sched3=4 sched0=4 DIFFERS
  LOWERING fn10: sched3=4 sched0=9 DIFFERS
  gap-metric stage-snap-tuples 258
  gap-metric stage-snap-regions 58
  gap-metric stage-snap-walk-refusals 0
  gap-metric stage-snap-tuples-distinct 186
  gap-metric stage-snap-tuple-groups 40
  gap-metric stage-snap-suffix-violations 0
  gap-metric stage-color-pairs 10
  gap-metric stage-color-pairs-differing 0
  PAYLOAD 258 rows over 40 (phase,function) groups; 186 DISTINCT tuple positions (27.9% of the rows are suffix re-reads, inflation 1.39x). The nested-suffix model holds on every block, so DISTINCT is exact.
  RAW WINDOW 128B, 40 tuple pairs aligned across sched2/sched3 (0 function(s) skipped on a length mismatch).
                   offsets COLOR writes: NONE — the allocator wrote nothing in this window
  FINDING, not a green: the pre/post-COLOR snapshots are IDENTICAL on every
                   function here. The walk is reading fields COLOR does not write — it shows THAT
                   the allocator ran, not WHAT it did.
== w28_fltused_order.cpp digest=4bfbf3ae70a66b57
  SCHED+GLOBREGS fn1: sched1=10 sched2=10 IDENTICAL
  SCHED+GLOBREGS fn2: sched1=9 sched2=4 DIFFERS
  SCHED+GLOBREGS fn3: sched1=10 sched2=10 IDENTICAL
  SCHED+GLOBREGS fn4: sched1=9 sched2=4 DIFFERS
  SCHED+GLOBREGS fn5: sched1=10 sched2=4 DIFFERS
  COLOR fn1: sched2=10 sched3=4 DIFFERS
  COLOR fn2: sched2=4 sched3=4 IDENTICAL
  COLOR fn3: sched2=10 sched3=4 DIFFERS
  COLOR fn4: sched2=4 sched3=4 IDENTICAL
  COLOR fn5: sched2=4 sched3=4 IDENTICAL
  LOWERING fn1: sched3=4 sched0=9 DIFFERS
  LOWERING fn2: sched3=4 sched0=9 DIFFERS
  LOWERING fn3: sched3=4 sched0=9 DIFFERS
  LOWERING fn4: sched3=4 sched0=9 DIFFERS
  LOWERING fn5: sched3=4 sched0=9 DIFFERS
  gap-metric stage-snap-tuples 145
  gap-metric stage-snap-regions 32
  gap-metric stage-snap-walk-refusals 0
  gap-metric stage-snap-tuples-distinct 97
  gap-metric stage-snap-tuple-groups 20
  gap-metric stage-snap-suffix-violations 0
  gap-metric stage-color-pairs 5
  gap-metric stage-color-pairs-differing 2
  PAYLOAD 145 rows over 20 (phase,function) groups; 97 DISTINCT tuple positions (33.1% of the rows are suffix re-reads, inflation 1.49x). The nested-suffix model holds on every block, so DISTINCT is exact.
  RAW WINDOW 128B, 12 tuple pairs aligned across sched2/sched3 (2 function(s) skipped on a length mismatch).
                   offsets COLOR writes: NONE — the allocator wrote nothing in this window
== w28_fp_store.cpp digest=03c708bdc5df7ad9
  SCHED+GLOBREGS fn1: sched1=9 sched2=4 DIFFERS
  SCHED+GLOBREGS fn2: sched1=9 sched2=4 DIFFERS
  SCHED+GLOBREGS fn3: sched1=9 sched2=4 DIFFERS
  SCHED+GLOBREGS fn4: sched1=9 sched2=4 DIFFERS
  SCHED+GLOBREGS fn5: sched1=9 sched2=4 DIFFERS
  SCHED+GLOBREGS fn6: sched1=9 sched2=4 DIFFERS
  SCHED+GLOBREGS fn7: sched1=9 sched2=4 DIFFERS
  SCHED+GLOBREGS fn8: sched1=9 sched2=4 DIFFERS
  SCHED+GLOBREGS fn9: sched1=9 sched2=4 DIFFERS
  SCHED+GLOBREGS fn10: sched1=9 sched2=4 DIFFERS
  SCHED+GLOBREGS fn11: sched1=9 sched2=4 DIFFERS
  SCHED+GLOBREGS fn12: sched1=9 sched2=4 DIFFERS
  SCHED+GLOBREGS fn13: sched1=9 sched2=4 DIFFERS
  SCHED+GLOBREGS fn14: sched1=9 sched2=4 DIFFERS
  COLOR fn1: sched2=4 sched3=4 IDENTICAL
  COLOR fn2: sched2=4 sched3=4 IDENTICAL
  COLOR fn3: sched2=4 sched3=4 IDENTICAL
  COLOR fn4: sched2=4 sched3=4 IDENTICAL
  COLOR fn5: sched2=4 sched3=4 IDENTICAL
  COLOR fn6: sched2=4 sched3=4 IDENTICAL
  COLOR fn7: sched2=4 sched3=4 IDENTICAL
  COLOR fn8: sched2=4 sched3=4 IDENTICAL
  COLOR fn9: sched2=4 sched3=4 IDENTICAL
  COLOR fn10: sched2=4 sched3=4 IDENTICAL
  COLOR fn11: sched2=4 sched3=4 IDENTICAL
  COLOR fn12: sched2=4 sched3=4 IDENTICAL
  COLOR fn13: sched2=4 sched3=4 IDENTICAL
  COLOR fn14: sched2=4 sched3=4 IDENTICAL
  LOWERING fn1: sched3=4 sched0=9 DIFFERS
  LOWERING fn2: sched3=4 sched0=9 DIFFERS
  LOWERING fn3: sched3=4 sched0=9 DIFFERS
  LOWERING fn4: sched3=4 sched0=9 DIFFERS
  LOWERING fn5: sched3=4 sched0=9 DIFFERS
  LOWERING fn6: sched3=4 sched0=9 DIFFERS
  LOWERING fn7: sched3=4 sched0=9 DIFFERS
  LOWERING fn8: sched3=4 sched0=9 DIFFERS
  LOWERING fn9: sched3=4 sched0=9 DIFFERS
  LOWERING fn10: sched3=4 sched0=9 DIFFERS
  LOWERING fn11: sched3=4 sched0=9 DIFFERS
  LOWERING fn12: sched3=4 sched0=9 DIFFERS
  LOWERING fn13: sched3=4 sched0=9 DIFFERS
  LOWERING fn14: sched3=4 sched0=9 DIFFERS
  gap-metric stage-snap-tuples 364
  gap-metric stage-snap-regions 84
  gap-metric stage-snap-walk-refusals 0
  gap-metric stage-snap-tuples-distinct 252
  gap-metric stage-snap-tuple-groups 56
  gap-metric stage-snap-suffix-violations 0
  gap-metric stage-color-pairs 14
  gap-metric stage-color-pairs-differing 0
  PAYLOAD 364 rows over 56 (phase,function) groups; 252 DISTINCT tuple positions (30.8% of the rows are suffix re-reads, inflation 1.44x). The nested-suffix model holds on every block, so DISTINCT is exact.
  RAW WINDOW 128B, 56 tuple pairs aligned across sched2/sched3 (0 function(s) skipped on a length mismatch).
                   offsets COLOR writes: NONE — the allocator wrote nothing in this window
  FINDING, not a green: the pre/post-COLOR snapshots are IDENTICAL on every
                   function here. The walk is reading fields COLOR does not write — it shows THAT
                   the allocator ran, not WHAT it did.
== w28_fp_store_framed.cpp digest=3a23d2c86d74a207
  SCHED+GLOBREGS fn1: sched1=9 sched2=4 DIFFERS
  SCHED+GLOBREGS fn2: sched1=9 sched2=4 DIFFERS
  SCHED+GLOBREGS fn3: sched1=10 sched2=10 IDENTICAL
  SCHED+GLOBREGS fn4: sched1=12 sched2=11 DIFFERS
  SCHED+GLOBREGS fn5: sched1=9 sched2=4 DIFFERS
  SCHED+GLOBREGS fn6: sched1=10 sched2=4 DIFFERS
  SCHED+GLOBREGS fn7: sched1=10 sched2=4 DIFFERS
  COLOR fn1: sched2=4 sched3=4 IDENTICAL
  COLOR fn2: sched2=4 sched3=4 IDENTICAL
  COLOR fn3: sched2=10 sched3=10 IDENTICAL
  COLOR fn4: sched2=11 sched3=11 IDENTICAL
  COLOR fn5: sched2=4 sched3=4 IDENTICAL
  COLOR fn6: sched2=4 sched3=4 IDENTICAL
  COLOR fn7: sched2=4 sched3=4 IDENTICAL
  LOWERING fn1: sched3=4 sched0=9 DIFFERS
  LOWERING fn2: sched3=4 sched0=9 DIFFERS
  LOWERING fn3: sched3=10 sched0=16 DIFFERS
  LOWERING fn4: sched3=11 sched0=20 DIFFERS
  LOWERING fn5: sched3=4 sched0=9 DIFFERS
  LOWERING fn6: sched3=4 sched0=9 DIFFERS
  LOWERING fn7: sched3=4 sched0=9 DIFFERS
  gap-metric stage-snap-tuples 232
  gap-metric stage-snap-regions 46
  gap-metric stage-snap-walk-refusals 0
  gap-metric stage-snap-tuples-distinct 153
  gap-metric stage-snap-tuple-groups 28
  gap-metric stage-snap-suffix-violations 0
  gap-metric stage-color-pairs 7
  gap-metric stage-color-pairs-differing 0
  PAYLOAD 232 rows over 28 (phase,function) groups; 153 DISTINCT tuple positions (34.1% of the rows are suffix re-reads, inflation 1.52x). The nested-suffix model holds on every block, so DISTINCT is exact.
  RAW WINDOW 128B, 41 tuple pairs aligned across sched2/sched3 (0 function(s) skipped on a length mismatch).
                   offsets COLOR writes: NONE — the allocator wrote nothing in this window
  FINDING, not a green: the pre/post-COLOR snapshots are IDENTICAL on every
                   function here. The walk is reading fields COLOR does not write — it shows THAT
                   the allocator ran, not WHAT it did.
== w28_fp_store_framed_neg.cpp digest=c6a96648f4a48f71
  SCHED+GLOBREGS fn1: sched1=10 sched2=12 DIFFERS
  SCHED+GLOBREGS fn2: sched1=10 sched2=12 DIFFERS
  SCHED+GLOBREGS fn3: sched1=10 sched2=10 IDENTICAL
  SCHED+GLOBREGS fn4: sched1=10 sched2=10 IDENTICAL
  COLOR fn1: sched2=12 sched3=12 IDENTICAL
  COLOR fn2: sched2=12 sched3=12 IDENTICAL
  COLOR fn3: sched2=10 sched3=4 DIFFERS
  COLOR fn4: sched2=10 sched3=10 IDENTICAL
  LOWERING fn1: sched3=12 sched0=11 DIFFERS
  LOWERING fn2: sched3=12 sched0=11 DIFFERS
  LOWERING fn3: sched3=4 sched0=9 DIFFERS
  LOWERING fn4: sched3=10 sched0=16 DIFFERS
  gap-metric stage-snap-tuples 169
  gap-metric stage-snap-regions 31
  gap-metric stage-snap-walk-refusals 0
  gap-metric stage-snap-tuples-distinct 106
  gap-metric stage-snap-tuple-groups 16
  gap-metric stage-snap-suffix-violations 0
  gap-metric stage-color-pairs 4
  gap-metric stage-color-pairs-differing 1
  PAYLOAD 169 rows over 16 (phase,function) groups; 106 DISTINCT tuple positions (37.3% of the rows are suffix re-reads, inflation 1.59x). The nested-suffix model holds on every block, so DISTINCT is exact.
  RAW WINDOW 128B, 34 tuple pairs aligned across sched2/sched3 (1 function(s) skipped on a length mismatch).
                   offsets COLOR writes: +0x75(2)
== w28_fp_store_neg.cpp digest=012a18fa53a92a57
  SCHED+GLOBREGS fn1: sched1=10 sched2=9 DIFFERS
  SCHED+GLOBREGS fn2: sched1=10 sched2=4 DIFFERS
  SCHED+GLOBREGS fn3: sched1=10 sched2=9 DIFFERS
  SCHED+GLOBREGS fn4: sched1=14 sched2=13 DIFFERS
  SCHED+GLOBREGS fn5: sched1=10 sched2=9 DIFFERS
  SCHED+GLOBREGS fn6: sched1=9 sched2=11 DIFFERS
  SCHED+GLOBREGS fn7: sched1=9 sched2=11 DIFFERS
  SCHED+GLOBREGS fn8: sched1=9 sched2=11 DIFFERS
  SCHED+GLOBREGS fn9: sched1=10 sched2=9 DIFFERS
  SCHED+GLOBREGS fn10: sched1=10 sched2=9 DIFFERS
  SCHED+GLOBREGS fn11: sched1=10 sched2=9 DIFFERS
  COLOR fn1: sched2=9 sched3=9 IDENTICAL
  COLOR fn2: sched2=4 sched3=4 IDENTICAL
  COLOR fn3: sched2=9 sched3=9 IDENTICAL
  COLOR fn4: sched2=13 sched3=13 IDENTICAL
  COLOR fn5: sched2=9 sched3=9 IDENTICAL
  COLOR fn6: sched2=11 sched3=11 IDENTICAL
  COLOR fn7: sched2=11 sched3=11 IDENTICAL
  COLOR fn8: sched2=11 sched3=11 IDENTICAL
  COLOR fn9: sched2=9 sched3=9 IDENTICAL
  COLOR fn10: sched2=9 sched3=9 IDENTICAL
  COLOR fn11: sched2=9 sched3=9 IDENTICAL
  LOWERING fn1: sched3=9 sched0=10 DIFFERS
  LOWERING fn2: sched3=4 sched0=9 DIFFERS
  LOWERING fn3: sched3=9 sched0=10 DIFFERS
  LOWERING fn4: sched3=13 sched0=14 DIFFERS
  LOWERING fn5: sched3=9 sched0=10 DIFFERS
  LOWERING fn6: sched3=11 sched0=11 DIFFERS
  LOWERING fn7: sched3=11 sched0=11 DIFFERS
  LOWERING fn8: sched3=11 sched0=11 DIFFERS
  LOWERING fn9: sched3=9 sched0=10 DIFFERS
  LOWERING fn10: sched3=9 sched0=10 DIFFERS
  LOWERING fn11: sched3=9 sched0=10 DIFFERS
  gap-metric stage-snap-tuples 435
  gap-metric stage-snap-regions 86
  gap-metric stage-snap-walk-refusals 0
  gap-metric stage-snap-tuples-distinct 267
  gap-metric stage-snap-tuple-groups 44
  gap-metric stage-snap-suffix-violations 0
  gap-metric stage-color-pairs 11
  gap-metric stage-color-pairs-differing 0
  PAYLOAD 435 rows over 44 (phase,function) groups; 267 DISTINCT tuple positions (38.6% of the rows are suffix re-reads, inflation 1.63x). The nested-suffix model holds on every block, so DISTINCT is exact.
  RAW WINDOW 128B, 104 tuple pairs aligned across sched2/sched3 (0 function(s) skipped on a length mismatch).
                   offsets COLOR writes: +0x40(12) +0x41(12) +0x42(12) +0x43(12) +0x68(12) +0x69(12) +0x6a(12) +0x6b(12)
  FINDING, not a green: the pre/post-COLOR snapshots are IDENTICAL on every
                   function here. The walk is reading fields COLOR does not write — it shows THAT
                   the allocator ran, not WHAT it did.
== w29_fp_contract.cpp digest=e59b8558f126d3ba
  SCHED+GLOBREGS fn1: sched1=10 sched2=10 IDENTICAL
  SCHED+GLOBREGS fn2: sched1=10 sched2=10 IDENTICAL
  SCHED+GLOBREGS fn3: sched1=10 sched2=4 DIFFERS
  SCHED+GLOBREGS fn4: sched1=16 sched2=15 DIFFERS
  SCHED+GLOBREGS fn5: sched1=10 sched2=4 DIFFERS
  SCHED+GLOBREGS fn6: sched1=10 sched2=10 IDENTICAL
  SCHED+GLOBREGS fn7: sched1=9 sched2=4 DIFFERS
  SCHED+GLOBREGS fn8: sched1=4 sched2=4 IDENTICAL
  SCHED+GLOBREGS fn9: sched1=10 sched2=4 DIFFERS
  SCHED+GLOBREGS fn10: sched1=10 sched2=4 DIFFERS
  SCHED+GLOBREGS fn11: sched1=10 sched2=4 DIFFERS
  SCHED+GLOBREGS fn12: sched1=10 sched2=4 DIFFERS
  SCHED+GLOBREGS fn13: sched1=10 sched2=4 DIFFERS
  SCHED+GLOBREGS fn14: sched1=10 sched2=4 DIFFERS
  SCHED+GLOBREGS fn15: sched1=9 sched2=4 DIFFERS
  SCHED+GLOBREGS fn16: sched1=9 sched2=4 DIFFERS
  COLOR fn1: sched2=10 sched3=4 DIFFERS
  COLOR fn2: sched2=10 sched3=4 DIFFERS
  COLOR fn3: sched2=4 sched3=4 IDENTICAL
  COLOR fn4: sched2=15 sched3=15 IDENTICAL
  COLOR fn5: sched2=4 sched3=4 IDENTICAL
  COLOR fn6: sched2=10 sched3=10 IDENTICAL
  COLOR fn7: sched2=4 sched3=4 IDENTICAL
  COLOR fn8: sched2=4 sched3=4 IDENTICAL
  COLOR fn9: sched2=4 sched3=4 IDENTICAL
  COLOR fn10: sched2=4 sched3=4 IDENTICAL
  COLOR fn11: sched2=4 sched3=4 IDENTICAL
  COLOR fn12: sched2=4 sched3=4 IDENTICAL
  COLOR fn13: sched2=4 sched3=4 IDENTICAL
  COLOR fn14: sched2=4 sched3=4 IDENTICAL
  COLOR fn15: sched2=4 sched3=4 IDENTICAL
  COLOR fn16: sched2=4 sched3=4 IDENTICAL
  LOWERING fn1: sched3=4 sched0=9 DIFFERS
  LOWERING fn2: sched3=4 sched0=9 DIFFERS
  LOWERING fn3: sched3=4 sched0=9 DIFFERS
  LOWERING fn4: sched3=15 sched0=14 DIFFERS
  LOWERING fn5: sched3=4 sched0=4 DIFFERS
  LOWERING fn6: sched3=10 sched0=9 DIFFERS
  LOWERING fn7: sched3=4 sched0=9 DIFFERS
  LOWERING fn8: sched3=4 sched0=4 DIFFERS
  LOWERING fn9: sched3=4 sched0=4 DIFFERS
  LOWERING fn10: sched3=4 sched0=9 DIFFERS
  LOWERING fn11: sched3=4 sched0=9 DIFFERS
  LOWERING fn12: sched3=4 sched0=9 DIFFERS
  LOWERING fn13: sched3=4 sched0=9 DIFFERS
  LOWERING fn14: sched3=4 sched0=9 DIFFERS
  LOWERING fn15: sched3=4 sched0=9 DIFFERS
  LOWERING fn16: sched3=4 sched0=9 DIFFERS
  gap-metric stage-snap-tuples 465
  gap-metric stage-snap-regions 98
  gap-metric stage-snap-walk-refusals 0
  gap-metric stage-snap-tuples-distinct 329
  gap-metric stage-snap-tuple-groups 64
  gap-metric stage-snap-suffix-violations 0
  gap-metric stage-color-pairs 16
  gap-metric stage-color-pairs-differing 2
  PAYLOAD 465 rows over 64 (phase,function) groups; 329 DISTINCT tuple positions (29.2% of the rows are suffix re-reads, inflation 1.41x). The nested-suffix model holds on every block, so DISTINCT is exact.
  RAW WINDOW 128B, 73 tuple pairs aligned across sched2/sched3 (2 function(s) skipped on a length mismatch).
                   offsets COLOR writes: +0x3d(2) +0x49(2) +0x65(2) +0x69(2)
== w30_callseq_tail_intlike.cpp digest=64cef7ed0b2e0ddd
  SCHED+GLOBREGS fn1: sched1=11 sched2=11 IDENTICAL
  SCHED+GLOBREGS fn2: sched1=11 sched2=11 IDENTICAL
  SCHED+GLOBREGS fn3: sched1=11 sched2=11 IDENTICAL
  SCHED+GLOBREGS fn4: sched1=11 sched2=11 IDENTICAL
  SCHED+GLOBREGS fn5: sched1=11 sched2=11 IDENTICAL
  SCHED+GLOBREGS fn6: sched1=11 sched2=11 IDENTICAL
  SCHED+GLOBREGS fn7: sched1=11 sched2=11 IDENTICAL
  SCHED+GLOBREGS fn8: sched1=11 sched2=11 IDENTICAL
  SCHED+GLOBREGS fn9: sched1=11 sched2=11 IDENTICAL
  SCHED+GLOBREGS fn10: sched1=11 sched2=11 IDENTICAL
  SCHED+GLOBREGS fn11: sched1=11 sched2=11 IDENTICAL
  SCHED+GLOBREGS fn12: sched1=12 sched2=12 IDENTICAL
  SCHED+GLOBREGS fn13: sched1=13 sched2=13 IDENTICAL
  SCHED+GLOBREGS fn14: sched1=13 sched2=13 IDENTICAL
  SCHED+GLOBREGS fn15: sched1=14 sched2=13 DIFFERS
  SCHED+GLOBREGS fn16: sched1=12 sched2=11 DIFFERS
  SCHED+GLOBREGS fn17: sched1=12 sched2=11 DIFFERS
  SCHED+GLOBREGS fn18: sched1=13 sched2=12 DIFFERS
  SCHED+GLOBREGS fn19: sched1=12 sched2=12 IDENTICAL
  SCHED+GLOBREGS fn20: sched1=13 sched2=12 DIFFERS
  SCHED+GLOBREGS fn21: sched1=13 sched2=13 IDENTICAL
  COLOR fn1: sched2=11 sched3=11 IDENTICAL
  COLOR fn2: sched2=11 sched3=11 IDENTICAL
  COLOR fn3: sched2=11 sched3=11 IDENTICAL
  COLOR fn4: sched2=11 sched3=11 IDENTICAL
  COLOR fn5: sched2=11 sched3=11 IDENTICAL
  COLOR fn6: sched2=11 sched3=11 IDENTICAL
  COLOR fn7: sched2=11 sched3=11 IDENTICAL
  COLOR fn8: sched2=11 sched3=11 IDENTICAL
  COLOR fn9: sched2=11 sched3=11 IDENTICAL
  COLOR fn10: sched2=11 sched3=11 IDENTICAL
  COLOR fn11: sched2=11 sched3=11 IDENTICAL
  COLOR fn12: sched2=12 sched3=12 IDENTICAL
  COLOR fn13: sched2=13 sched3=13 IDENTICAL
  COLOR fn14: sched2=13 sched3=12 DIFFERS
  COLOR fn15: sched2=13 sched3=13 IDENTICAL
  COLOR fn16: sched2=11 sched3=11 IDENTICAL
  COLOR fn17: sched2=11 sched3=11 IDENTICAL
  COLOR fn18: sched2=12 sched3=12 IDENTICAL
  COLOR fn19: sched2=12 sched3=12 IDENTICAL
  COLOR fn20: sched2=12 sched3=12 IDENTICAL
  COLOR fn21: sched2=13 sched3=13 IDENTICAL
  LOWERING fn1: sched3=11 sched0=16 DIFFERS
  LOWERING fn2: sched3=11 sched0=16 DIFFERS
  LOWERING fn3: sched3=11 sched0=16 DIFFERS
  LOWERING fn4: sched3=11 sched0=16 DIFFERS
  LOWERING fn5: sched3=11 sched0=16 DIFFERS
  LOWERING fn6: sched3=11 sched0=16 DIFFERS
  LOWERING fn7: sched3=11 sched0=16 DIFFERS
  LOWERING fn8: sched3=11 sched0=16 DIFFERS
  LOWERING fn9: sched3=11 sched0=16 DIFFERS
  LOWERING fn10: sched3=11 sched0=16 DIFFERS
  LOWERING fn11: sched3=11 sched0=16 DIFFERS
  LOWERING fn12: sched3=12 sched0=17 DIFFERS
  LOWERING fn13: sched3=13 sched0=18 DIFFERS
  LOWERING fn14: sched3=12 sched0=18 DIFFERS
  LOWERING fn15: sched3=13 sched0=20 DIFFERS
  LOWERING fn16: sched3=11 sched0=16 DIFFERS
  LOWERING fn17: sched3=11 sched0=16 DIFFERS
  LOWERING fn18: sched3=12 sched0=16 DIFFERS
  LOWERING fn19: sched3=12 sched0=17 DIFFERS
  LOWERING fn20: sched3=12 sched0=17 DIFFERS
  LOWERING fn21: sched3=13 sched0=18 DIFFERS
  gap-metric stage-snap-tuples 1082
  gap-metric stage-snap-regions 168
  gap-metric stage-snap-walk-refusals 0
  gap-metric stage-snap-tuples-distinct 683
  gap-metric stage-snap-tuple-groups 84
  gap-metric stage-snap-suffix-violations 0
  gap-metric stage-color-pairs 21
  gap-metric stage-color-pairs-differing 1
  PAYLOAD 1082 rows over 84 (phase,function) groups; 683 DISTINCT tuple positions (36.9% of the rows are suffix re-reads, inflation 1.58x). The nested-suffix model holds on every block, so DISTINCT is exact.
  RAW WINDOW 128B, 230 tuple pairs aligned across sched2/sched3 (1 function(s) skipped on a length mismatch).
                   offsets COLOR writes: NONE — the allocator wrote nothing in this window
== w30_callseq_tail_intlike_neg.cpp digest=4b1c9b0973acbfcb
  SCHED+GLOBREGS fn1: sched1=11 sched2=11 IDENTICAL
  SCHED+GLOBREGS fn2: sched1=11 sched2=11 IDENTICAL
  SCHED+GLOBREGS fn3: sched1=11 sched2=11 IDENTICAL
  SCHED+GLOBREGS fn4: sched1=11 sched2=11 IDENTICAL
  SCHED+GLOBREGS fn5: sched1=11 sched2=11 IDENTICAL
  SCHED+GLOBREGS fn6: sched1=11 sched2=11 IDENTICAL
  SCHED+GLOBREGS fn7: sched1=11 sched2=11 IDENTICAL
  SCHED+GLOBREGS fn8: sched1=11 sched2=13 DIFFERS
  SCHED+GLOBREGS fn9: sched1=11 sched2=13 DIFFERS
  SCHED+GLOBREGS fn10: sched1=11 sched2=11 IDENTICAL
  SCHED+GLOBREGS fn11: sched1=11 sched2=11 IDENTICAL
  SCHED+GLOBREGS fn12: sched1=11 sched2=11 IDENTICAL
  SCHED+GLOBREGS fn13: sched1=13 sched2=12 DIFFERS
  COLOR fn1: sched2=11 sched3=11 IDENTICAL
  COLOR fn2: sched2=11 sched3=11 IDENTICAL
  COLOR fn3: sched2=11 sched3=11 IDENTICAL
  COLOR fn4: sched2=11 sched3=11 IDENTICAL
  COLOR fn5: sched2=11 sched3=11 IDENTICAL
  COLOR fn6: sched2=11 sched3=11 IDENTICAL
  COLOR fn7: sched2=11 sched3=11 IDENTICAL
  COLOR fn8: sched2=13 sched3=13 IDENTICAL
  COLOR fn9: sched2=13 sched3=13 IDENTICAL
  COLOR fn10: sched2=11 sched3=11 IDENTICAL
  COLOR fn11: sched2=11 sched3=11 IDENTICAL
  COLOR fn12: sched2=11 sched3=11 IDENTICAL
  COLOR fn13: sched2=12 sched3=12 IDENTICAL
  LOWERING fn1: sched3=11 sched0=16 DIFFERS
  LOWERING fn2: sched3=11 sched0=16 DIFFERS
  LOWERING fn3: sched3=11 sched0=16 DIFFERS
  LOWERING fn4: sched3=11 sched0=16 DIFFERS
  LOWERING fn5: sched3=11 sched0=16 DIFFERS
  LOWERING fn6: sched3=11 sched0=16 DIFFERS
  LOWERING fn7: sched3=11 sched0=16 DIFFERS
  LOWERING fn8: sched3=13 sched0=17 DIFFERS
  LOWERING fn9: sched3=13 sched0=17 DIFFERS
  LOWERING fn10: sched3=11 sched0=16 DIFFERS
  LOWERING fn11: sched3=11 sched0=17 DIFFERS
  LOWERING fn12: sched3=11 sched0=17 DIFFERS
  LOWERING fn13: sched3=12 sched0=17 DIFFERS
  gap-metric stage-snap-tuples 654
  gap-metric stage-snap-regions 104
  gap-metric stage-snap-walk-refusals 0
  gap-metric stage-snap-tuples-distinct 407
  gap-metric stage-snap-tuple-groups 52
  gap-metric stage-snap-suffix-violations 0
  gap-metric stage-color-pairs 13
  gap-metric stage-color-pairs-differing 0
  PAYLOAD 654 rows over 52 (phase,function) groups; 407 DISTINCT tuple positions (37.8% of the rows are suffix re-reads, inflation 1.61x). The nested-suffix model holds on every block, so DISTINCT is exact.
  RAW WINDOW 128B, 148 tuple pairs aligned across sched2/sched3 (0 function(s) skipped on a length mismatch).
                   offsets COLOR writes: +0x51(2)
  FINDING, not a green: the pre/post-COLOR snapshots are IDENTICAL on every
                   function here. The walk is reading fields COLOR does not write — it shows THAT
                   the allocator ran, not WHAT it did.
== w31_fp_tail.cpp digest=c929fb125de6505a
  SCHED+GLOBREGS fn1: sched1=12 sched2=11 DIFFERS
  SCHED+GLOBREGS fn2: sched1=12 sched2=11 DIFFERS
  SCHED+GLOBREGS fn3: sched1=12 sched2=11 DIFFERS
  SCHED+GLOBREGS fn4: sched1=12 sched2=11 DIFFERS
  SCHED+GLOBREGS fn5: sched1=12 sched2=11 DIFFERS
  SCHED+GLOBREGS fn6: sched1=12 sched2=11 DIFFERS
  SCHED+GLOBREGS fn7: sched1=12 sched2=11 DIFFERS
  SCHED+GLOBREGS fn8: sched1=12 sched2=11 DIFFERS
  SCHED+GLOBREGS fn9: sched1=12 sched2=11 DIFFERS
  SCHED+GLOBREGS fn10: sched1=12 sched2=11 DIFFERS
  SCHED+GLOBREGS fn11: sched1=12 sched2=11 DIFFERS
  SCHED+GLOBREGS fn12: sched1=12 sched2=11 DIFFERS
  SCHED+GLOBREGS fn13: sched1=12 sched2=11 DIFFERS
  SCHED+GLOBREGS fn14: sched1=12 sched2=11 DIFFERS
  SCHED+GLOBREGS fn15: sched1=10 sched2=9 DIFFERS
  SCHED+GLOBREGS fn16: sched1=12 sched2=11 DIFFERS
  COLOR fn1: sched2=11 sched3=11 IDENTICAL
  COLOR fn2: sched2=11 sched3=11 IDENTICAL
  COLOR fn3: sched2=11 sched3=11 IDENTICAL
  COLOR fn4: sched2=11 sched3=11 IDENTICAL
  COLOR fn5: sched2=11 sched3=11 IDENTICAL
  COLOR fn6: sched2=11 sched3=11 IDENTICAL
  COLOR fn7: sched2=11 sched3=11 IDENTICAL
  COLOR fn8: sched2=11 sched3=11 IDENTICAL
  COLOR fn9: sched2=11 sched3=11 IDENTICAL
  COLOR fn10: sched2=11 sched3=11 IDENTICAL
  COLOR fn11: sched2=11 sched3=11 IDENTICAL
  COLOR fn12: sched2=11 sched3=11 IDENTICAL
  COLOR fn13: sched2=11 sched3=11 IDENTICAL
  COLOR fn14: sched2=11 sched3=11 IDENTICAL
  COLOR fn15: sched2=9 sched3=9 IDENTICAL
  COLOR fn16: sched2=11 sched3=11 IDENTICAL
  LOWERING fn1: sched3=11 sched0=7 DIFFERS
  LOWERING fn2: sched3=11 sched0=8 DIFFERS
  LOWERING fn3: sched3=11 sched0=8 DIFFERS
  LOWERING fn4: sched3=11 sched0=7 DIFFERS
  LOWERING fn5: sched3=11 sched0=8 DIFFERS
  LOWERING fn6: sched3=11 sched0=7 DIFFERS
  LOWERING fn7: sched3=11 sched0=8 DIFFERS
  LOWERING fn8: sched3=11 sched0=8 DIFFERS
  LOWERING fn9: sched3=11 sched0=8 DIFFERS
  LOWERING fn10: sched3=11 sched0=7 DIFFERS
  LOWERING fn11: sched3=11 sched0=8 DIFFERS
  LOWERING fn12: sched3=11 sched0=8 DIFFERS
  LOWERING fn13: sched3=11 sched0=8 DIFFERS
  LOWERING fn14: sched3=11 sched0=8 DIFFERS
  LOWERING fn15: sched3=9 sched0=8 DIFFERS
  LOWERING fn16: sched3=11 sched0=8 DIFFERS
  gap-metric stage-snap-tuples 662
  gap-metric stage-snap-regions 128
  gap-metric stage-snap-walk-refusals 0
  gap-metric stage-snap-tuples-distinct 422
  gap-metric stage-snap-tuple-groups 64
  gap-metric stage-snap-suffix-violations 0
  gap-metric stage-color-pairs 16
  gap-metric stage-color-pairs-differing 0
  PAYLOAD 662 rows over 64 (phase,function) groups; 422 DISTINCT tuple positions (36.3% of the rows are suffix re-reads, inflation 1.57x). The nested-suffix model holds on every block, so DISTINCT is exact.
  RAW WINDOW 128B, 174 tuple pairs aligned across sched2/sched3 (0 function(s) skipped on a length mismatch).
                   offsets COLOR writes: NONE — the allocator wrote nothing in this window
  FINDING, not a green: the pre/post-COLOR snapshots are IDENTICAL on every
                   function here. The walk is reading fields COLOR does not write — it shows THAT
                   the allocator ran, not WHAT it did.
== w31_fp_tail_neg.cpp digest=351307ae892fd764
  SCHED+GLOBREGS fn1: sched1=12 sched2=11 DIFFERS
  SCHED+GLOBREGS fn2: sched1=12 sched2=11 DIFFERS
  SCHED+GLOBREGS fn3: sched1=16 sched2=15 DIFFERS
  SCHED+GLOBREGS fn4: sched1=14 sched2=13 DIFFERS
  SCHED+GLOBREGS fn5: sched1=12 sched2=11 DIFFERS
  SCHED+GLOBREGS fn6: sched1=12 sched2=12 IDENTICAL
  SCHED+GLOBREGS fn7: sched1=12 sched2=14 DIFFERS
  SCHED+GLOBREGS fn8: sched1=15 sched2=13 DIFFERS
  SCHED+GLOBREGS fn9: sched1=12 sched2=13 DIFFERS
  SCHED+GLOBREGS fn10: sched1=12 sched2=14 DIFFERS
  COLOR fn1: sched2=11 sched3=11 IDENTICAL
  COLOR fn2: sched2=11 sched3=11 IDENTICAL
  COLOR fn3: sched2=15 sched3=15 IDENTICAL
  COLOR fn4: sched2=13 sched3=13 IDENTICAL
  COLOR fn5: sched2=11 sched3=11 IDENTICAL
  COLOR fn6: sched2=12 sched3=12 IDENTICAL
  COLOR fn7: sched2=14 sched3=14 IDENTICAL
  COLOR fn8: sched2=13 sched3=13 IDENTICAL
  COLOR fn9: sched2=13 sched3=13 IDENTICAL
  COLOR fn10: sched2=14 sched3=14 IDENTICAL
  LOWERING fn1: sched3=11 sched0=7 DIFFERS
  LOWERING fn2: sched3=11 sched0=16 DIFFERS
  LOWERING fn3: sched3=15 sched0=20 DIFFERS
  LOWERING fn4: sched3=13 sched0=18 DIFFERS
  LOWERING fn5: sched3=11 sched0=8 DIFFERS
  LOWERING fn6: sched3=12 sched0=8 DIFFERS
  LOWERING fn7: sched3=14 sched0=9 DIFFERS
  LOWERING fn8: sched3=13 sched0=13 DIFFERS
  LOWERING fn9: sched3=13 sched0=18 DIFFERS
  LOWERING fn10: sched3=14 sched0=9 DIFFERS
  gap-metric stage-snap-tuples 509
  gap-metric stage-snap-regions 80
  gap-metric stage-snap-walk-refusals 0
  gap-metric stage-snap-tuples-distinct 343
  gap-metric stage-snap-tuple-groups 40
  gap-metric stage-snap-suffix-violations 0
  gap-metric stage-color-pairs 10
  gap-metric stage-color-pairs-differing 0
  PAYLOAD 509 rows over 40 (phase,function) groups; 343 DISTINCT tuple positions (32.6% of the rows are suffix re-reads, inflation 1.48x). The nested-suffix model holds on every block, so DISTINCT is exact.
  RAW WINDOW 128B, 127 tuple pairs aligned across sched2/sched3 (0 function(s) skipped on a length mismatch).
                   offsets COLOR writes: +0x3d(2) +0x44(6) +0x45(5) +0x46(6) +0x47(4) +0x79(1)
  FINDING, not a green: the pre/post-COLOR snapshots are IDENTICAL on every
                   function here. The walk is reading fields COLOR does not write — it shows THAT
                   the allocator ran, not WHAT it did.
== w32_volatile_formal_neg.cpp digest=0985efea70337667
  SCHED+GLOBREGS fn1: sched1=12 sched2=12 IDENTICAL
  SCHED+GLOBREGS fn2: sched1=12 sched2=12 IDENTICAL
  SCHED+GLOBREGS fn3: sched1=10 sched2=10 IDENTICAL
  SCHED+GLOBREGS fn4: sched1=11 sched2=11 IDENTICAL
  SCHED+GLOBREGS fn5: sched1=11 sched2=11 IDENTICAL
  SCHED+GLOBREGS fn6: sched1=12 sched2=12 IDENTICAL
  SCHED+GLOBREGS fn7: sched1=10 sched2=10 IDENTICAL
  SCHED+GLOBREGS fn8: sched1=13 sched2=12 DIFFERS
  SCHED+GLOBREGS fn9: sched1=12 sched2=12 IDENTICAL
  SCHED+GLOBREGS fn10: sched1=10 sched2=10 IDENTICAL
  SCHED+GLOBREGS fn11: sched1=12 sched2=12 IDENTICAL
  SCHED+GLOBREGS fn12: sched1=13 sched2=13 IDENTICAL
  SCHED+GLOBREGS fn13: sched1=11 sched2=11 IDENTICAL
  SCHED+GLOBREGS fn14: sched1=10 sched2=10 IDENTICAL
  COLOR fn1: sched2=12 sched3=12 IDENTICAL
  COLOR fn2: sched2=12 sched3=12 IDENTICAL
  COLOR fn3: sched2=10 sched3=10 IDENTICAL
  COLOR fn4: sched2=11 sched3=11 IDENTICAL
  COLOR fn5: sched2=11 sched3=11 IDENTICAL
  COLOR fn6: sched2=12 sched3=12 IDENTICAL
  COLOR fn7: sched2=10 sched3=10 IDENTICAL
  COLOR fn8: sched2=12 sched3=12 IDENTICAL
  COLOR fn9: sched2=12 sched3=12 IDENTICAL
  COLOR fn10: sched2=10 sched3=10 IDENTICAL
  COLOR fn11: sched2=12 sched3=12 IDENTICAL
  COLOR fn12: sched2=13 sched3=13 IDENTICAL
  COLOR fn13: sched2=11 sched3=11 IDENTICAL
  COLOR fn14: sched2=10 sched3=10 IDENTICAL
  LOWERING fn1: sched3=12 sched0=17 DIFFERS
  LOWERING fn2: sched3=12 sched0=17 DIFFERS
  LOWERING fn3: sched3=10 sched0=10 DIFFERS
  LOWERING fn4: sched3=11 sched0=11 DIFFERS
  LOWERING fn5: sched3=11 sched0=11 DIFFERS
  LOWERING fn6: sched3=12 sched0=18 DIFFERS
  LOWERING fn7: sched3=10 sched0=17 DIFFERS
  LOWERING fn8: sched3=12 sched0=18 DIFFERS
  LOWERING fn9: sched3=12 sched0=17 DIFFERS
  LOWERING fn10: sched3=10 sched0=10 DIFFERS
  LOWERING fn11: sched3=12 sched0=17 DIFFERS
  LOWERING fn12: sched3=13 sched0=18 DIFFERS
  LOWERING fn13: sched3=11 sched0=11 DIFFERS
  LOWERING fn14: sched3=10 sched0=10 DIFFERS
  gap-metric stage-snap-tuples 677
  gap-metric stage-snap-regions 112
  gap-metric stage-snap-walk-refusals 0
  gap-metric stage-snap-tuples-distinct 429
  gap-metric stage-snap-tuple-groups 56
  gap-metric stage-snap-suffix-violations 0
  gap-metric stage-color-pairs 14
  gap-metric stage-color-pairs-differing 0
  PAYLOAD 677 rows over 56 (phase,function) groups; 429 DISTINCT tuple positions (36.6% of the rows are suffix re-reads, inflation 1.58x). The nested-suffix model holds on every block, so DISTINCT is exact.
  RAW WINDOW 128B, 158 tuple pairs aligned across sched2/sched3 (0 function(s) skipped on a length mismatch).
                   offsets COLOR writes: +0x49(2) +0x50(2) +0x51(4) +0x52(4) +0x53(4)
  FINDING, not a green: the pre/post-COLOR snapshots are IDENTICAL on every
                   function here. The walk is reading fields COLOR does not write — it shows THAT
                   the allocator ran, not WHAT it did.
== w32_volatile_free.cpp digest=9502c84b596b55d9
  SCHED+GLOBREGS fn1: sched1=10 sched2=10 IDENTICAL
  SCHED+GLOBREGS fn2: sched1=10 sched2=10 IDENTICAL
  SCHED+GLOBREGS fn3: sched1=10 sched2=10 IDENTICAL
  SCHED+GLOBREGS fn4: sched1=10 sched2=4 DIFFERS
  SCHED+GLOBREGS fn5: sched1=12 sched2=11 DIFFERS
  SCHED+GLOBREGS fn6: sched1=12 sched2=11 DIFFERS
  SCHED+GLOBREGS fn7: sched1=10 sched2=10 IDENTICAL
  COLOR fn1: sched2=10 sched3=10 IDENTICAL
  COLOR fn2: sched2=10 sched3=10 IDENTICAL
  COLOR fn3: sched2=10 sched3=10 IDENTICAL
  COLOR fn4: sched2=4 sched3=4 IDENTICAL
  COLOR fn5: sched2=11 sched3=11 IDENTICAL
  COLOR fn6: sched2=11 sched3=11 IDENTICAL
  COLOR fn7: sched2=10 sched3=10 IDENTICAL
  LOWERING fn1: sched3=10 sched0=9 DIFFERS
  LOWERING fn2: sched3=10 sched0=9 DIFFERS
  LOWERING fn3: sched3=10 sched0=9 DIFFERS
  LOWERING fn4: sched3=4 sched0=4 DIFFERS
  LOWERING fn5: sched3=11 sched0=8 DIFFERS
  LOWERING fn6: sched3=11 sched0=8 DIFFERS
  LOWERING fn7: sched3=10 sched0=9 DIFFERS
  gap-metric stage-snap-tuples 262
  gap-metric stage-snap-regions 53
  gap-metric stage-snap-walk-refusals 0
  gap-metric stage-snap-tuples-distinct 164
  gap-metric stage-snap-tuple-groups 28
  gap-metric stage-snap-suffix-violations 0
  gap-metric stage-color-pairs 7
  gap-metric stage-color-pairs-differing 0
  PAYLOAD 262 rows over 28 (phase,function) groups; 164 DISTINCT tuple positions (37.4% of the rows are suffix re-reads, inflation 1.60x). The nested-suffix model holds on every block, so DISTINCT is exact.
  RAW WINDOW 128B, 66 tuple pairs aligned across sched2/sched3 (0 function(s) skipped on a length mismatch).
                   offsets COLOR writes: NONE — the allocator wrote nothing in this window
  FINDING, not a green: the pre/post-COLOR snapshots are IDENTICAL on every
                   function here. The walk is reading fields COLOR does not write — it shows THAT
                   the allocator ran, not WHAT it did.
== w34_fp_multi.cpp digest=83f199f77abf4464
  SCHED+GLOBREGS fn1: sched1=13 sched2=11 DIFFERS
  SCHED+GLOBREGS fn2: sched1=14 sched2=11 DIFFERS
  SCHED+GLOBREGS fn3: sched1=13 sched2=12 DIFFERS
  SCHED+GLOBREGS fn4: sched1=14 sched2=12 DIFFERS
  SCHED+GLOBREGS fn5: sched1=14 sched2=12 DIFFERS
  SCHED+GLOBREGS fn6: sched1=14 sched2=13 DIFFERS
  SCHED+GLOBREGS fn7: sched1=15 sched2=12 DIFFERS
  SCHED+GLOBREGS fn8: sched1=16 sched2=12 DIFFERS
  SCHED+GLOBREGS fn9: sched1=13 sched2=12 DIFFERS
  SCHED+GLOBREGS fn10: sched1=13 sched2=12 DIFFERS
  SCHED+GLOBREGS fn11: sched1=14 sched2=12 DIFFERS
  SCHED+GLOBREGS fn12: sched1=13 sched2=12 DIFFERS
  SCHED+GLOBREGS fn13: sched1=13 sched2=12 DIFFERS
  SCHED+GLOBREGS fn14: sched1=13 sched2=12 DIFFERS
  SCHED+GLOBREGS fn15: sched1=13 sched2=12 DIFFERS
  SCHED+GLOBREGS fn16: sched1=11 sched2=10 DIFFERS
  SCHED+GLOBREGS fn17: sched1=13 sched2=12 DIFFERS
  SCHED+GLOBREGS fn18: sched1=14 sched2=12 DIFFERS
  SCHED+GLOBREGS fn19: sched1=11 sched2=9 DIFFERS
  SCHED+GLOBREGS fn20: sched1=12 sched2=9 DIFFERS
  SCHED+GLOBREGS fn21: sched1=12 sched2=9 DIFFERS
  SCHED+GLOBREGS fn22: sched1=12 sched2=9 DIFFERS
  SCHED+GLOBREGS fn23: sched1=13 sched2=9 DIFFERS
  SCHED+GLOBREGS fn24: sched1=13 sched2=9 DIFFERS
  SCHED+GLOBREGS fn25: sched1=13 sched2=10 DIFFERS
  SCHED+GLOBREGS fn26: sched1=12 sched2=10 DIFFERS
  SCHED+GLOBREGS fn27: sched1=14 sched2=12 DIFFERS
  COLOR fn1: sched2=11 sched3=11 IDENTICAL
  COLOR fn2: sched2=11 sched3=11 IDENTICAL
  COLOR fn3: sched2=12 sched3=12 IDENTICAL
  COLOR fn4: sched2=12 sched3=12 IDENTICAL
  COLOR fn5: sched2=12 sched3=12 IDENTICAL
  COLOR fn6: sched2=13 sched3=13 IDENTICAL
  COLOR fn7: sched2=12 sched3=12 IDENTICAL
  COLOR fn8: sched2=12 sched3=12 IDENTICAL
  COLOR fn9: sched2=12 sched3=12 IDENTICAL
  COLOR fn10: sched2=12 sched3=12 IDENTICAL
  COLOR fn11: sched2=12 sched3=12 IDENTICAL
  COLOR fn12: sched2=12 sched3=12 IDENTICAL
  COLOR fn13: sched2=12 sched3=12 IDENTICAL
  COLOR fn14: sched2=12 sched3=12 IDENTICAL
  COLOR fn15: sched2=12 sched3=12 IDENTICAL
  COLOR fn16: sched2=10 sched3=10 IDENTICAL
  COLOR fn17: sched2=12 sched3=12 IDENTICAL
  COLOR fn18: sched2=12 sched3=12 IDENTICAL
  COLOR fn19: sched2=9 sched3=9 IDENTICAL
  COLOR fn20: sched2=9 sched3=9 IDENTICAL
  COLOR fn21: sched2=9 sched3=9 IDENTICAL
  COLOR fn22: sched2=9 sched3=9 IDENTICAL
  COLOR fn23: sched2=9 sched3=9 IDENTICAL
  COLOR fn24: sched2=9 sched3=9 IDENTICAL
  COLOR fn25: sched2=10 sched3=10 IDENTICAL
  COLOR fn26: sched2=10 sched3=10 IDENTICAL
  COLOR fn27: sched2=12 sched3=12 IDENTICAL
  LOWERING fn1: sched3=11 sched0=7 DIFFERS
  LOWERING fn2: sched3=11 sched0=7 DIFFERS
  LOWERING fn3: sched3=12 sched0=10 DIFFERS
  LOWERING fn4: sched3=12 sched0=11 DIFFERS
  LOWERING fn5: sched3=12 sched0=11 DIFFERS
  LOWERING fn6: sched3=13 sched0=10 DIFFERS
  LOWERING fn7: sched3=12 sched0=12 DIFFERS
  LOWERING fn8: sched3=12 sched0=13 DIFFERS
  LOWERING fn9: sched3=12 sched0=10 DIFFERS
  LOWERING fn10: sched3=12 sched0=10 DIFFERS
  LOWERING fn11: sched3=12 sched0=11 DIFFERS
  LOWERING fn12: sched3=12 sched0=10 DIFFERS
  LOWERING fn13: sched3=12 sched0=10 DIFFERS
  LOWERING fn14: sched3=12 sched0=10 DIFFERS
  LOWERING fn15: sched3=12 sched0=10 DIFFERS
  LOWERING fn16: sched3=10 sched0=10 DIFFERS
  LOWERING fn17: sched3=12 sched0=10 DIFFERS
  LOWERING fn18: sched3=12 sched0=11 DIFFERS
  LOWERING fn19: sched3=9 sched0=7 DIFFERS
  LOWERING fn20: sched3=9 sched0=7 DIFFERS
  LOWERING fn21: sched3=9 sched0=7 DIFFERS
  LOWERING fn22: sched3=9 sched0=7 DIFFERS
  LOWERING fn23: sched3=9 sched0=7 DIFFERS
  LOWERING fn24: sched3=9 sched0=7 DIFFERS
  LOWERING fn25: sched3=10 sched0=10 DIFFERS
  LOWERING fn26: sched3=10 sched0=10 DIFFERS
  LOWERING fn27: sched3=12 sched0=10 DIFFERS
  gap-metric stage-snap-tuples 1208
  gap-metric stage-snap-regions 216
  gap-metric stage-snap-walk-refusals 0
  gap-metric stage-snap-tuples-distinct 803
  gap-metric stage-snap-tuple-groups 108
  gap-metric stage-snap-suffix-violations 0
  gap-metric stage-color-pairs 27
  gap-metric stage-color-pairs-differing 0
  PAYLOAD 1208 rows over 108 (phase,function) groups; 803 DISTINCT tuple positions (33.5% of the rows are suffix re-reads, inflation 1.50x). The nested-suffix model holds on every block, so DISTINCT is exact.
  RAW WINDOW 128B, 299 tuple pairs aligned across sched2/sched3 (0 function(s) skipped on a length mismatch).
                   offsets COLOR writes: NONE — the allocator wrote nothing in this window
  FINDING, not a green: the pre/post-COLOR snapshots are IDENTICAL on every
                   function here. The walk is reading fields COLOR does not write — it shows THAT
                   the allocator ran, not WHAT it did.
== w34_fp_multi_neg.cpp digest=b438312bd55365bd
  SCHED+GLOBREGS fn1: sched1=15 sched2=13 DIFFERS
  SCHED+GLOBREGS fn2: sched1=15 sched2=11 DIFFERS
  SCHED+GLOBREGS fn3: sched1=15 sched2=14 DIFFERS
  SCHED+GLOBREGS fn4: sched1=15 sched2=13 DIFFERS
  SCHED+GLOBREGS fn5: sched1=14 sched2=13 DIFFERS
  SCHED+GLOBREGS fn6: sched1=13 sched2=13 IDENTICAL
  SCHED+GLOBREGS fn7: sched1=13 sched2=11 DIFFERS
  SCHED+GLOBREGS fn8: sched1=13 sched2=12 DIFFERS
  SCHED+GLOBREGS fn9: sched1=13 sched2=15 DIFFERS
  SCHED+GLOBREGS fn10: sched1=13 sched2=12 DIFFERS
  SCHED+GLOBREGS fn11: sched1=12 sched2=9 DIFFERS
  COLOR fn1: sched2=13 sched3=13 IDENTICAL
  COLOR fn2: sched2=11 sched3=11 IDENTICAL
  COLOR fn3: sched2=14 sched3=13 DIFFERS
  COLOR fn4: sched2=13 sched3=13 IDENTICAL
  COLOR fn5: sched2=13 sched3=13 IDENTICAL
  COLOR fn6: sched2=13 sched3=13 IDENTICAL
  COLOR fn7: sched2=11 sched3=11 IDENTICAL
  COLOR fn8: sched2=12 sched3=12 IDENTICAL
  COLOR fn9: sched2=15 sched3=15 DIFFERS
  COLOR fn10: sched2=12 sched3=12 IDENTICAL
  COLOR fn11: sched2=9 sched3=9 IDENTICAL
  LOWERING fn1: sched3=13 sched0=13 DIFFERS
  LOWERING fn2: sched3=11 sched0=8 DIFFERS
  LOWERING fn3: sched3=13 sched0=13 DIFFERS
  LOWERING fn4: sched3=13 sched0=13 DIFFERS
  LOWERING fn5: sched3=13 sched0=12 DIFFERS
  LOWERING fn6: sched3=13 sched0=8 DIFFERS
  LOWERING fn7: sched3=11 sched0=9 DIFFERS
  LOWERING fn8: sched3=12 sched0=10 DIFFERS
  LOWERING fn9: sched3=15 sched0=9 DIFFERS
  LOWERING fn10: sched3=12 sched0=10 DIFFERS
  LOWERING fn11: sched3=9 sched0=8 DIFFERS
  gap-metric stage-snap-tuples 535
  gap-metric stage-snap-regions 88
  gap-metric stage-snap-walk-refusals 0
  gap-metric stage-snap-tuples-distinct 370
  gap-metric stage-snap-tuple-groups 44
  gap-metric stage-snap-suffix-violations 0
  gap-metric stage-color-pairs 11
  gap-metric stage-color-pairs-differing 2
  PAYLOAD 535 rows over 44 (phase,function) groups; 370 DISTINCT tuple positions (30.8% of the rows are suffix re-reads, inflation 1.45x). The nested-suffix model holds on every block, so DISTINCT is exact.
  RAW WINDOW 128B, 122 tuple pairs aligned across sched2/sched3 (1 function(s) skipped on a length mismatch).
                   offsets COLOR writes: +0x0(6) +0x1(5) +0x2(2) +0x4(4) +0x10(6) +0x11(5) +0x12(2) +0x28(5) +0x29(5) +0x2a(2) +0x2c(5) +0x2d(4) +0x2e(2) +0x34(6) +0x35(4) +0x36(4) +0x37(4) +0x38(2) +0x3c(2) +0x3d(2) +0x3f(2) +0x44(6) +0x45(4) +0x46(5) +0x47(4) +0x48(4) +0x49(2) +0x4c(4) +0x4d(5) +0x4e(4) +0x4f(4) +0x50(5) +0x51(5) +0x52(6) +0x53(5) +0x54(5) +0x55(5) +0x56(5) +0x57(4) +0x58(7) +0x59(7) +0x5a(5) +0x5b(4) +0x5c(5) +0x5e(2) +0x5f(2) +0x60(4) +0x61(2) +0x62(4) +0x63(4) +0x64(4) +0x65(4) +0x66(4) +0x67(4) +0x68(2) +0x69(1) +0x6c(2) +0x6d(4) +0x6e(4) +0x6f(4) +0x70(2) +0x71(4) +0x72(4) +0x73(2) +0x74(2) +0x75(4) +0x76(4) +0x77(4) +0x78(4) +0x7c(2) +0x7d(2) +0x7e(2) +0x7f(2)
== w35_offset_run.cpp digest=58b6492d42284a69
  SCHED+GLOBREGS fn1: sched1=10 sched2=10 IDENTICAL
  SCHED+GLOBREGS fn2: sched1=10 sched2=10 IDENTICAL
  SCHED+GLOBREGS fn3: sched1=10 sched2=10 IDENTICAL
  SCHED+GLOBREGS fn4: sched1=10 sched2=10 IDENTICAL
  SCHED+GLOBREGS fn5: sched1=10 sched2=10 IDENTICAL
  SCHED+GLOBREGS fn6: sched1=10 sched2=10 IDENTICAL
  SCHED+GLOBREGS fn7: sched1=10 sched2=10 IDENTICAL
  SCHED+GLOBREGS fn8: sched1=10 sched2=10 IDENTICAL
  SCHED+GLOBREGS fn9: sched1=10 sched2=10 IDENTICAL
  SCHED+GLOBREGS fn10: sched1=10 sched2=10 IDENTICAL
  SCHED+GLOBREGS fn11: sched1=10 sched2=10 IDENTICAL
  SCHED+GLOBREGS fn12: sched1=10 sched2=10 IDENTICAL
  SCHED+GLOBREGS fn13: sched1=10 sched2=10 IDENTICAL
  SCHED+GLOBREGS fn14: sched1=10 sched2=10 IDENTICAL
  SCHED+GLOBREGS fn15: sched1=10 sched2=10 IDENTICAL
  SCHED+GLOBREGS fn16: sched1=10 sched2=10 IDENTICAL
  SCHED+GLOBREGS fn17: sched1=10 sched2=10 IDENTICAL
  SCHED+GLOBREGS fn18: sched1=10 sched2=10 IDENTICAL
  SCHED+GLOBREGS fn19: sched1=10 sched2=10 IDENTICAL
  SCHED+GLOBREGS fn20: sched1=10 sched2=10 IDENTICAL
  SCHED+GLOBREGS fn21: sched1=10 sched2=10 IDENTICAL
  SCHED+GLOBREGS fn22: sched1=10 sched2=10 IDENTICAL
  COLOR fn1: sched2=10 sched3=10 IDENTICAL
  COLOR fn2: sched2=10 sched3=10 IDENTICAL
  COLOR fn3: sched2=10 sched3=10 IDENTICAL
  COLOR fn4: sched2=10 sched3=10 IDENTICAL
  COLOR fn5: sched2=10 sched3=10 IDENTICAL
  COLOR fn6: sched2=10 sched3=10 IDENTICAL
  COLOR fn7: sched2=10 sched3=10 IDENTICAL
  COLOR fn8: sched2=10 sched3=10 IDENTICAL
  COLOR fn9: sched2=10 sched3=10 IDENTICAL
  COLOR fn10: sched2=10 sched3=10 IDENTICAL
  COLOR fn11: sched2=10 sched3=10 IDENTICAL
  COLOR fn12: sched2=10 sched3=10 IDENTICAL
  COLOR fn13: sched2=10 sched3=10 IDENTICAL
  COLOR fn14: sched2=10 sched3=10 IDENTICAL
  COLOR fn15: sched2=10 sched3=10 IDENTICAL
  COLOR fn16: sched2=10 sched3=10 IDENTICAL
  COLOR fn17: sched2=10 sched3=10 IDENTICAL
  COLOR fn18: sched2=10 sched3=10 IDENTICAL
  COLOR fn19: sched2=10 sched3=10 IDENTICAL
  COLOR fn20: sched2=10 sched3=10 IDENTICAL
  COLOR fn21: sched2=10 sched3=10 IDENTICAL
  COLOR fn22: sched2=10 sched3=10 IDENTICAL
  LOWERING fn1: sched3=10 sched0=9 DIFFERS
  LOWERING fn2: sched3=10 sched0=9 DIFFERS
  LOWERING fn3: sched3=10 sched0=9 DIFFERS
  LOWERING fn4: sched3=10 sched0=9 DIFFERS
  LOWERING fn5: sched3=10 sched0=9 DIFFERS
  LOWERING fn6: sched3=10 sched0=9 DIFFERS
  LOWERING fn7: sched3=10 sched0=9 DIFFERS
  LOWERING fn8: sched3=10 sched0=9 DIFFERS
  LOWERING fn9: sched3=10 sched0=9 DIFFERS
  LOWERING fn10: sched3=10 sched0=9 DIFFERS
  LOWERING fn11: sched3=10 sched0=9 DIFFERS
  LOWERING fn12: sched3=10 sched0=9 DIFFERS
  LOWERING fn13: sched3=10 sched0=9 DIFFERS
  LOWERING fn14: sched3=10 sched0=9 DIFFERS
  LOWERING fn15: sched3=10 sched0=9 DIFFERS
  LOWERING fn16: sched3=10 sched0=9 DIFFERS
  LOWERING fn17: sched3=10 sched0=9 DIFFERS
  LOWERING fn18: sched3=10 sched0=9 DIFFERS
  LOWERING fn19: sched3=10 sched0=9 DIFFERS
  LOWERING fn20: sched3=10 sched0=9 DIFFERS
  LOWERING fn21: sched3=10 sched0=9 DIFFERS
  LOWERING fn22: sched3=10 sched0=9 DIFFERS
  gap-metric stage-snap-tuples 858
  gap-metric stage-snap-regions 176
  gap-metric stage-snap-walk-refusals 0
  gap-metric stage-snap-tuples-distinct 506
  gap-metric stage-snap-tuple-groups 88
  gap-metric stage-snap-suffix-violations 0
  gap-metric stage-color-pairs 22
  gap-metric stage-color-pairs-differing 0
  PAYLOAD 858 rows over 88 (phase,function) groups; 506 DISTINCT tuple positions (41.0% of the rows are suffix re-reads, inflation 1.70x). The nested-suffix model holds on every block, so DISTINCT is exact.
  RAW WINDOW 128B, 220 tuple pairs aligned across sched2/sched3 (0 function(s) skipped on a length mismatch).
                   offsets COLOR writes: NONE — the allocator wrote nothing in this window
  FINDING, not a green: the pre/post-COLOR snapshots are IDENTICAL on every
                   function here. The walk is reading fields COLOR does not write — it shows THAT
                   the allocator ran, not WHAT it did.
== w35_offset_run_neg.cpp digest=e3814bb7a94c84fc
  SCHED+GLOBREGS fn1: sched1=11 sched2=11 IDENTICAL
  SCHED+GLOBREGS fn2: sched1=10 sched2=10 IDENTICAL
  SCHED+GLOBREGS fn3: sched1=11 sched2=11 IDENTICAL
  SCHED+GLOBREGS fn4: sched1=12 sched2=12 IDENTICAL
  SCHED+GLOBREGS fn5: sched1=11 sched2=11 IDENTICAL
  SCHED+GLOBREGS fn6: sched1=10 sched2=10 IDENTICAL
  SCHED+GLOBREGS fn7: sched1=11 sched2=11 IDENTICAL
  SCHED+GLOBREGS fn8: sched1=10 sched2=10 IDENTICAL
  COLOR fn1: sched2=11 sched3=11 IDENTICAL
  COLOR fn2: sched2=10 sched3=10 IDENTICAL
  COLOR fn3: sched2=11 sched3=11 IDENTICAL
  COLOR fn4: sched2=12 sched3=11 DIFFERS
  COLOR fn5: sched2=11 sched3=11 IDENTICAL
  COLOR fn6: sched2=10 sched3=10 IDENTICAL
  COLOR fn7: sched2=11 sched3=11 IDENTICAL
  COLOR fn8: sched2=10 sched3=10 IDENTICAL
  LOWERING fn1: sched3=11 sched0=11 DIFFERS
  LOWERING fn2: sched3=10 sched0=9 DIFFERS
  LOWERING fn3: sched3=11 sched0=10 DIFFERS
  LOWERING fn4: sched3=11 sched0=11 DIFFERS
  LOWERING fn5: sched3=11 sched0=10 DIFFERS
  LOWERING fn6: sched3=10 sched0=9 DIFFERS
  LOWERING fn7: sched3=11 sched0=11 DIFFERS
  LOWERING fn8: sched3=10 sched0=9 DIFFERS
  gap-metric stage-snap-tuples 337
  gap-metric stage-snap-regions 64
  gap-metric stage-snap-walk-refusals 0
  gap-metric stage-snap-tuples-distinct 209
  gap-metric stage-snap-tuple-groups 32
  gap-metric stage-snap-suffix-violations 0
  gap-metric stage-color-pairs 8
  gap-metric stage-color-pairs-differing 1
  PAYLOAD 337 rows over 32 (phase,function) groups; 209 DISTINCT tuple positions (38.0% of the rows are suffix re-reads, inflation 1.61x). The nested-suffix model holds on every block, so DISTINCT is exact.
  RAW WINDOW 128B, 74 tuple pairs aligned across sched2/sched3 (1 function(s) skipped on a length mismatch).
                   offsets COLOR writes: +0x78(1)
== w36_member_call.cpp digest=9183ad65b6e9d481
  SCHED+GLOBREGS fn1: sched1=10 sched2=9 DIFFERS
  SCHED+GLOBREGS fn2: sched1=12 sched2=9 DIFFERS
  SCHED+GLOBREGS fn3: sched1=11 sched2=10 DIFFERS
  SCHED+GLOBREGS fn4: sched1=12 sched2=10 DIFFERS
  SCHED+GLOBREGS fn5: sched1=12 sched2=11 DIFFERS
  SCHED+GLOBREGS fn6: sched1=13 sched2=11 DIFFERS
  SCHED+GLOBREGS fn7: sched1=12 sched2=11 DIFFERS
  SCHED+GLOBREGS fn8: sched1=13 sched2=11 DIFFERS
  SCHED+GLOBREGS fn9: sched1=12 sched2=11 DIFFERS
  SCHED+GLOBREGS fn10: sched1=10 sched2=9 DIFFERS
  SCHED+GLOBREGS fn11: sched1=12 sched2=11 DIFFERS
  SCHED+GLOBREGS fn12: sched1=12 sched2=11 DIFFERS
  SCHED+GLOBREGS fn13: sched1=11 sched2=9 DIFFERS
  SCHED+GLOBREGS fn14: sched1=11 sched2=10 DIFFERS
  SCHED+GLOBREGS fn15: sched1=12 sched2=9 DIFFERS
  SCHED+GLOBREGS fn16: sched1=10 sched2=9 DIFFERS
  SCHED+GLOBREGS fn17: sched1=11 sched2=9 DIFFERS
  SCHED+GLOBREGS fn18: sched1=10 sched2=9 DIFFERS
  SCHED+GLOBREGS fn19: sched1=10 sched2=9 DIFFERS
  SCHED+GLOBREGS fn20: sched1=11 sched2=9 DIFFERS
  SCHED+GLOBREGS fn21: sched1=12 sched2=9 DIFFERS
  SCHED+GLOBREGS fn22: sched1=13 sched2=11 DIFFERS
  SCHED+GLOBREGS fn23: sched1=11 sched2=9 DIFFERS
  SCHED+GLOBREGS fn24: sched1=12 sched2=11 DIFFERS
  SCHED+GLOBREGS fn25: sched1=10 sched2=9 DIFFERS
  COLOR fn1: sched2=9 sched3=9 IDENTICAL
  COLOR fn2: sched2=9 sched3=9 IDENTICAL
  COLOR fn3: sched2=10 sched3=10 IDENTICAL
  COLOR fn4: sched2=10 sched3=10 IDENTICAL
  COLOR fn5: sched2=11 sched3=11 IDENTICAL
  COLOR fn6: sched2=11 sched3=11 IDENTICAL
  COLOR fn7: sched2=11 sched3=11 IDENTICAL
  COLOR fn8: sched2=11 sched3=11 IDENTICAL
  COLOR fn9: sched2=11 sched3=11 IDENTICAL
  COLOR fn10: sched2=9 sched3=9 IDENTICAL
  COLOR fn11: sched2=11 sched3=11 IDENTICAL
  COLOR fn12: sched2=11 sched3=11 IDENTICAL
  COLOR fn13: sched2=9 sched3=9 IDENTICAL
  COLOR fn14: sched2=10 sched3=10 IDENTICAL
  COLOR fn15: sched2=9 sched3=9 IDENTICAL
  COLOR fn16: sched2=9 sched3=9 IDENTICAL
  COLOR fn17: sched2=9 sched3=9 IDENTICAL
  COLOR fn18: sched2=9 sched3=9 IDENTICAL
  COLOR fn19: sched2=9 sched3=9 IDENTICAL
  COLOR fn20: sched2=9 sched3=9 IDENTICAL
  COLOR fn21: sched2=9 sched3=9 IDENTICAL
  COLOR fn22: sched2=11 sched3=11 IDENTICAL
  COLOR fn23: sched2=9 sched3=9 IDENTICAL
  COLOR fn24: sched2=11 sched3=11 IDENTICAL
  COLOR fn25: sched2=9 sched3=9 IDENTICAL
  LOWERING fn1: sched3=9 sched0=7 DIFFERS
  LOWERING fn2: sched3=9 sched0=7 DIFFERS
  LOWERING fn3: sched3=10 sched0=10 DIFFERS
  LOWERING fn4: sched3=10 sched0=11 DIFFERS
  LOWERING fn5: sched3=11 sched0=10 DIFFERS
  LOWERING fn6: sched3=11 sched0=11 DIFFERS
  LOWERING fn7: sched3=11 sched0=7 DIFFERS
  LOWERING fn8: sched3=11 sched0=7 DIFFERS
  LOWERING fn9: sched3=11 sched0=7 DIFFERS
  LOWERING fn10: sched3=9 sched0=7 DIFFERS
  LOWERING fn11: sched3=11 sched0=7 DIFFERS
  LOWERING fn12: sched3=11 sched0=7 DIFFERS
  LOWERING fn13: sched3=9 sched0=7 DIFFERS
  LOWERING fn14: sched3=10 sched0=10 DIFFERS
  LOWERING fn15: sched3=9 sched0=7 DIFFERS
  LOWERING fn16: sched3=9 sched0=7 DIFFERS
  LOWERING fn17: sched3=9 sched0=7 DIFFERS
  LOWERING fn18: sched3=9 sched0=7 DIFFERS
  LOWERING fn19: sched3=9 sched0=7 DIFFERS
  LOWERING fn20: sched3=9 sched0=7 DIFFERS
  LOWERING fn21: sched3=9 sched0=7 DIFFERS
  LOWERING fn22: sched3=11 sched0=7 DIFFERS
  LOWERING fn23: sched3=9 sched0=7 DIFFERS
  LOWERING fn24: sched3=11 sched0=7 DIFFERS
  LOWERING fn25: sched3=9 sched0=7 DIFFERS
  gap-metric stage-snap-tuples 969
  gap-metric stage-snap-regions 200
  gap-metric stage-snap-walk-refusals 0
  gap-metric stage-snap-tuples-distinct 594
  gap-metric stage-snap-tuple-groups 100
  gap-metric stage-snap-suffix-violations 0
  gap-metric stage-color-pairs 25
  gap-metric stage-color-pairs-differing 0
  PAYLOAD 969 rows over 100 (phase,function) groups; 594 DISTINCT tuple positions (38.7% of the rows are suffix re-reads, inflation 1.63x). The nested-suffix model holds on every block, so DISTINCT is exact.
  RAW WINDOW 128B, 246 tuple pairs aligned across sched2/sched3 (0 function(s) skipped on a length mismatch).
                   offsets COLOR writes: NONE — the allocator wrote nothing in this window
  FINDING, not a green: the pre/post-COLOR snapshots are IDENTICAL on every
                   function here. The walk is reading fields COLOR does not write — it shows THAT
                   the allocator ran, not WHAT it did.
== w36_member_call_neg.cpp digest=2ace2c38f46a2a3a
  SCHED+GLOBREGS fn1: sched1=13 sched2=13 IDENTICAL
  SCHED+GLOBREGS fn2: sched1=13 sched2=10 DIFFERS
  SCHED+GLOBREGS fn3: sched1=14 sched2=12 DIFFERS
  SCHED+GLOBREGS fn4: sched1=11 sched2=13 DIFFERS
  SCHED+GLOBREGS fn5: sched1=11 sched2=11 IDENTICAL
  SCHED+GLOBREGS fn6: sched1=10 sched2=10 IDENTICAL
  SCHED+GLOBREGS fn7: sched1=10 sched2=10 IDENTICAL
  SCHED+GLOBREGS fn8: sched1=12 sched2=11 DIFFERS
  SCHED+GLOBREGS fn9: sched1=10 sched2=9 DIFFERS
  SCHED+GLOBREGS fn10: sched1=13 sched2=13 IDENTICAL
  SCHED+GLOBREGS fn11: sched1=12 sched2=11 DIFFERS
  SCHED+GLOBREGS fn12: sched1=12 sched2=11 DIFFERS
  SCHED+GLOBREGS fn13: sched1=10 sched2=9 DIFFERS
  SCHED+GLOBREGS fn14: sched1=11 sched2=10 DIFFERS
  SCHED+GLOBREGS fn15: sched1=13 sched2=11 DIFFERS
  SCHED+GLOBREGS fn16: sched1=12 sched2=11 DIFFERS
  SCHED+GLOBREGS fn17: sched1=18 sched2=18 DIFFERS
  COLOR fn1: sched2=13 sched3=11 DIFFERS
  COLOR fn2: sched2=10 sched3=10 IDENTICAL
  COLOR fn3: sched2=12 sched3=12 IDENTICAL
  COLOR fn4: sched2=13 sched3=13 DIFFERS
  COLOR fn5: sched2=11 sched3=11 IDENTICAL
  COLOR fn6: sched2=10 sched3=10 IDENTICAL
  COLOR fn7: sched2=10 sched3=9 DIFFERS
  COLOR fn8: sched2=11 sched3=11 IDENTICAL
  COLOR fn9: sched2=9 sched3=9 IDENTICAL
  COLOR fn10: sched2=13 sched3=13 IDENTICAL
  COLOR fn11: sched2=11 sched3=11 IDENTICAL
  COLOR fn12: sched2=11 sched3=11 IDENTICAL
  COLOR fn13: sched2=9 sched3=9 IDENTICAL
  COLOR fn14: sched2=10 sched3=10 IDENTICAL
  COLOR fn15: sched2=11 sched3=11 IDENTICAL
  COLOR fn16: sched2=11 sched3=11 IDENTICAL
  COLOR fn17: sched2=18 sched3=18 DIFFERS
  LOWERING fn1: sched3=11 sched0=8 DIFFERS
  LOWERING fn2: sched3=10 sched0=12 DIFFERS
  LOWERING fn3: sched3=12 sched0=13 DIFFERS
  LOWERING fn4: sched3=13 sched0=9 DIFFERS
  LOWERING fn5: sched3=11 sched0=9 DIFFERS
  LOWERING fn6: sched3=10 sched0=8 DIFFERS
  LOWERING fn7: sched3=9 sched0=8 DIFFERS
  LOWERING fn8: sched3=11 sched0=16 DIFFERS
  LOWERING fn9: sched3=9 sched0=7 DIFFERS
  LOWERING fn10: sched3=13 sched0=10 DIFFERS
  LOWERING fn11: sched3=11 sched0=7 DIFFERS
  LOWERING fn12: sched3=11 sched0=7 DIFFERS
  LOWERING fn13: sched3=9 sched0=7 DIFFERS
  LOWERING fn14: sched3=10 sched0=17 DIFFERS
  LOWERING fn15: sched3=11 sched0=18 DIFFERS
  LOWERING fn16: sched3=11 sched0=20 DIFFERS
  LOWERING fn17: sched3=18 sched0=17 DIFFERS
  gap-metric stage-snap-tuples 781
  gap-metric stage-snap-regions 136
  gap-metric stage-snap-walk-refusals 0
  gap-metric stage-snap-tuples-distinct 505
  gap-metric stage-snap-tuple-groups 68
  gap-metric stage-snap-suffix-violations 0
  gap-metric stage-color-pairs 17
  gap-metric stage-color-pairs-differing 4
  PAYLOAD 781 rows over 68 (phase,function) groups; 505 DISTINCT tuple positions (35.3% of the rows are suffix re-reads, inflation 1.55x). The nested-suffix model holds on every block, so DISTINCT is exact.
  RAW WINDOW 128B, 170 tuple pairs aligned across sched2/sched3 (2 function(s) skipped on a length mismatch).
                   offsets COLOR writes: +0x0(18) +0x1(13) +0x4(6) +0x5(4) +0x10(18) +0x11(13) +0x28(18) +0x29(12) +0x2c(15) +0x2d(12) +0x34(9) +0x35(9) +0x36(4) +0x37(4) +0x38(5) +0x39(2) +0x3c(3) +0x3d(4) +0x3e(2) +0x3f(2) +0x44(12) +0x45(10) +0x46(11) +0x47(8) +0x48(6) +0x49(2) +0x4c(8) +0x4d(8) +0x4e(4) +0x4f(4) +0x50(11) +0x51(7) +0x52(4) +0x53(2) +0x54(14) +0x55(15) +0x56(4) +0x57(4) +0x58(12) +0x59(7) +0x5a(4) +0x5b(4) +0x5c(10) +0x5d(5) +0x5e(6) +0x5f(7) +0x60(5) +0x61(5) +0x62(4) +0x63(4) +0x64(10) +0x65(9) +0x66(9) +0x67(8) +0x68(7) +0x69(1) +0x6c(4) +0x6d(4) +0x6e(4) +0x6f(4) +0x70(8) +0x71(8) +0x72(8) +0x73(6) +0x74(9) +0x75(9) +0x76(8) +0x77(8) +0x78(6) +0x79(4) +0x7c(10) +0x7d(8) +0x7e(10) +0x7f(10)
== w37_bit_and_neg.cpp digest=8fcb39e5a7d85717
  SCHED+GLOBREGS fn1: sched1=59 sched2=58 DIFFERS
  SCHED+GLOBREGS fn2: sched1=59 sched2=57 DIFFERS
  SCHED+GLOBREGS fn3: sched1=57 sched2=56 DIFFERS
  SCHED+GLOBREGS fn4: sched1=10 sched2=4 DIFFERS
  SCHED+GLOBREGS fn5: sched1=12 sched2=11 DIFFERS
  SCHED+GLOBREGS fn6: sched1=10 sched2=4 DIFFERS
  SCHED+GLOBREGS fn7: sched1=10 sched2=4 DIFFERS
  SCHED+GLOBREGS fn8: sched1=10 sched2=4 DIFFERS
  SCHED+GLOBREGS fn9: sched1=10 sched2=4 DIFFERS
  SCHED+GLOBREGS fn10: sched1=10 sched2=4 DIFFERS
  COLOR fn1: sched2=58 sched3=58 IDENTICAL
  COLOR fn2: sched2=57 sched3=57 IDENTICAL
  COLOR fn3: sched2=56 sched3=56 IDENTICAL
  COLOR fn4: sched2=4 sched3=4 IDENTICAL
  COLOR fn5: sched2=11 sched3=11 IDENTICAL
  COLOR fn6: sched2=4 sched3=4 IDENTICAL
  COLOR fn7: sched2=4 sched3=4 IDENTICAL
  COLOR fn8: sched2=4 sched3=4 IDENTICAL
  COLOR fn9: sched2=4 sched3=4 IDENTICAL
  COLOR fn10: sched2=4 sched3=4 IDENTICAL
  LOWERING fn1: sched3=58 sched0=55 DIFFERS
  LOWERING fn2: sched3=57 sched0=56 DIFFERS
  LOWERING fn3: sched3=56 sched0=33 DIFFERS
  LOWERING fn4: sched3=4 sched0=9 DIFFERS
  LOWERING fn5: sched3=11 sched0=16 DIFFERS
  LOWERING fn6: sched3=4 sched0=9 DIFFERS
  LOWERING fn7: sched3=4 sched0=9 DIFFERS
  LOWERING fn8: sched3=4 sched0=9 DIFFERS
  LOWERING fn9: sched3=4 sched0=9 DIFFERS
  LOWERING fn10: sched3=4 sched0=9 DIFFERS
  gap-metric stage-snap-tuples 873
  gap-metric stage-snap-regions 104
  gap-metric stage-snap-walk-refusals 0
  gap-metric stage-snap-tuples-distinct 363
  gap-metric stage-snap-tuple-groups 40
  gap-metric stage-snap-suffix-violations 0
  gap-metric stage-color-pairs 10
  gap-metric stage-color-pairs-differing 0
  PAYLOAD 873 rows over 40 (phase,function) groups; 363 DISTINCT tuple positions (58.4% of the rows are suffix re-reads, inflation 2.40x). The nested-suffix model holds on every block, so DISTINCT is exact.
  RAW WINDOW 128B, 206 tuple pairs aligned across sched2/sched3 (0 function(s) skipped on a length mismatch).
                   offsets COLOR writes: NONE — the allocator wrote nothing in this window
  FINDING, not a green: the pre/post-COLOR snapshots are IDENTICAL on every
                   function here. The walk is reading fields COLOR does not write — it shows THAT
                   the allocator ran, not WHAT it did.
== w38_store_run.cpp digest=7a521a58273754c7
  SCHED+GLOBREGS fn1: sched1=10 sched2=4 DIFFERS
  SCHED+GLOBREGS fn2: sched1=11 sched2=4 DIFFERS
  SCHED+GLOBREGS fn3: sched1=15 sched2=4 DIFFERS
  SCHED+GLOBREGS fn4: sched1=10 sched2=4 DIFFERS
  SCHED+GLOBREGS fn5: sched1=10 sched2=10 IDENTICAL
  SCHED+GLOBREGS fn6: sched1=10 sched2=4 DIFFERS
  SCHED+GLOBREGS fn7: sched1=11 sched2=4 DIFFERS
  SCHED+GLOBREGS fn8: sched1=10 sched2=4 DIFFERS
  SCHED+GLOBREGS fn9: sched1=10 sched2=4 DIFFERS
  SCHED+GLOBREGS fn10: sched1=10 sched2=4 DIFFERS
  SCHED+GLOBREGS fn11: sched1=11 sched2=10 DIFFERS
  SCHED+GLOBREGS fn12: sched1=12 sched2=10 DIFFERS
  SCHED+GLOBREGS fn13: sched1=13 sched2=10 DIFFERS
  SCHED+GLOBREGS fn14: sched1=12 sched2=10 DIFFERS
  SCHED+GLOBREGS fn15: sched1=12 sched2=12 IDENTICAL
  SCHED+GLOBREGS fn16: sched1=10 sched2=4 DIFFERS
  SCHED+GLOBREGS fn17: sched1=12 sched2=10 DIFFERS
  SCHED+GLOBREGS fn18: sched1=11 sched2=4 DIFFERS
  SCHED+GLOBREGS fn19: sched1=10 sched2=4 DIFFERS
  SCHED+GLOBREGS fn20: sched1=12 sched2=10 DIFFERS
  SCHED+GLOBREGS fn21: sched1=10 sched2=4 DIFFERS
  SCHED+GLOBREGS fn22: sched1=10 sched2=4 DIFFERS
  SCHED+GLOBREGS fn23: sched1=10 sched2=4 DIFFERS
  SCHED+GLOBREGS fn24: sched1=11 sched2=10 DIFFERS
  SCHED+GLOBREGS fn25: sched1=12 sched2=10 DIFFERS
  SCHED+GLOBREGS fn26: sched1=13 sched2=10 DIFFERS
  COLOR fn1: sched2=4 sched3=4 IDENTICAL
  COLOR fn2: sched2=4 sched3=4 IDENTICAL
  COLOR fn3: sched2=4 sched3=4 IDENTICAL
  COLOR fn4: sched2=4 sched3=4 IDENTICAL
  COLOR fn5: sched2=10 sched3=10 IDENTICAL
  COLOR fn6: sched2=4 sched3=4 IDENTICAL
  COLOR fn7: sched2=4 sched3=4 IDENTICAL
  COLOR fn8: sched2=4 sched3=4 IDENTICAL
  COLOR fn9: sched2=4 sched3=4 IDENTICAL
  COLOR fn10: sched2=4 sched3=4 IDENTICAL
  COLOR fn11: sched2=10 sched3=10 IDENTICAL
  COLOR fn12: sched2=10 sched3=10 IDENTICAL
  COLOR fn13: sched2=10 sched3=10 IDENTICAL
  COLOR fn14: sched2=10 sched3=10 IDENTICAL
  COLOR fn15: sched2=12 sched3=12 IDENTICAL
  COLOR fn16: sched2=4 sched3=4 IDENTICAL
  COLOR fn17: sched2=10 sched3=10 IDENTICAL
  COLOR fn18: sched2=4 sched3=4 IDENTICAL
  COLOR fn19: sched2=4 sched3=4 IDENTICAL
  COLOR fn20: sched2=10 sched3=10 IDENTICAL
  COLOR fn21: sched2=4 sched3=4 IDENTICAL
  COLOR fn22: sched2=4 sched3=4 IDENTICAL
  COLOR fn23: sched2=4 sched3=4 IDENTICAL
  COLOR fn24: sched2=10 sched3=10 IDENTICAL
  COLOR fn25: sched2=10 sched3=10 IDENTICAL
  COLOR fn26: sched2=10 sched3=10 IDENTICAL
  LOWERING fn1: sched3=4 sched0=10 DIFFERS
  LOWERING fn2: sched3=4 sched0=11 DIFFERS
  LOWERING fn3: sched3=4 sched0=15 DIFFERS
  LOWERING fn4: sched3=4 sched0=10 DIFFERS
  LOWERING fn5: sched3=10 sched0=10 DIFFERS
  LOWERING fn6: sched3=4 sched0=10 DIFFERS
  LOWERING fn7: sched3=4 sched0=11 DIFFERS
  LOWERING fn8: sched3=4 sched0=10 DIFFERS
  LOWERING fn9: sched3=4 sched0=10 DIFFERS
  LOWERING fn10: sched3=4 sched0=10 DIFFERS
  LOWERING fn11: sched3=10 sched0=9 DIFFERS
  LOWERING fn12: sched3=10 sched0=10 DIFFERS
  LOWERING fn13: sched3=10 sched0=11 DIFFERS
  LOWERING fn14: sched3=10 sched0=10 DIFFERS
  LOWERING fn15: sched3=12 sched0=10 DIFFERS
  LOWERING fn16: sched3=4 sched0=10 DIFFERS
  LOWERING fn17: sched3=10 sched0=10 DIFFERS
  LOWERING fn18: sched3=4 sched0=9 DIFFERS
  LOWERING fn19: sched3=4 sched0=10 DIFFERS
  LOWERING fn20: sched3=10 sched0=10 DIFFERS
  LOWERING fn21: sched3=4 sched0=10 DIFFERS
  LOWERING fn22: sched3=4 sched0=10 DIFFERS
  LOWERING fn23: sched3=4 sched0=10 DIFFERS
  LOWERING fn24: sched3=10 sched0=9 DIFFERS
  LOWERING fn25: sched3=10 sched0=10 DIFFERS
  LOWERING fn26: sched3=10 sched0=11 DIFFERS
  gap-metric stage-snap-tuples 898
  gap-metric stage-snap-regions 178
  gap-metric stage-snap-walk-refusals 0
  gap-metric stage-snap-tuples-distinct 602
  gap-metric stage-snap-tuple-groups 104
  gap-metric stage-snap-suffix-violations 0
  gap-metric stage-color-pairs 26
  gap-metric stage-color-pairs-differing 0
  PAYLOAD 898 rows over 104 (phase,function) groups; 602 DISTINCT tuple positions (33.0% of the rows are suffix re-reads, inflation 1.49x). The nested-suffix model holds on every block, so DISTINCT is exact.
  RAW WINDOW 128B, 172 tuple pairs aligned across sched2/sched3 (0 function(s) skipped on a length mismatch).
                   offsets COLOR writes: NONE — the allocator wrote nothing in this window
  FINDING, not a green: the pre/post-COLOR snapshots are IDENTICAL on every
                   function here. The walk is reading fields COLOR does not write — it shows THAT
                   the allocator ran, not WHAT it did.
== w38_store_run_neg.cpp digest=659738de9aa58884
  SCHED+GLOBREGS fn1: sched1=12 sched2=12 DIFFERS
  SCHED+GLOBREGS fn2: sched1=9 sched2=4 DIFFERS
  SCHED+GLOBREGS fn3: sched1=12 sched2=12 DIFFERS
  SCHED+GLOBREGS fn4: sched1=11 sched2=10 DIFFERS
  SCHED+GLOBREGS fn5: sched1=11 sched2=11 IDENTICAL
  SCHED+GLOBREGS fn6: sched1=11 sched2=11 IDENTICAL
  SCHED+GLOBREGS fn7: sched1=13 sched2=12 DIFFERS
  SCHED+GLOBREGS fn8: sched1=11 sched2=9 DIFFERS
  SCHED+GLOBREGS fn9: sched1=10 sched2=11 DIFFERS
  SCHED+GLOBREGS fn10: sched1=10 sched2=10 IDENTICAL
  SCHED+GLOBREGS fn11: sched1=11 sched2=11 DIFFERS
  SCHED+GLOBREGS fn12: sched1=11 sched2=4 DIFFERS
  SCHED+GLOBREGS fn13: sched1=11 sched2=4 DIFFERS
  COLOR fn1: sched2=12 sched3=12 IDENTICAL
  COLOR fn2: sched2=4 sched3=4 IDENTICAL
  COLOR fn3: sched2=12 sched3=12 IDENTICAL
  COLOR fn4: sched2=10 sched3=10 IDENTICAL
  COLOR fn5: sched2=11 sched3=11 IDENTICAL
  COLOR fn6: sched2=11 sched3=9 DIFFERS
  COLOR fn7: sched2=12 sched3=12 IDENTICAL
  COLOR fn8: sched2=9 sched3=9 IDENTICAL
  COLOR fn9: sched2=11 sched3=11 DIFFERS
  COLOR fn10: sched2=10 sched3=10 IDENTICAL
  COLOR fn11: sched2=11 sched3=11 IDENTICAL
  COLOR fn12: sched2=4 sched3=4 IDENTICAL
  COLOR fn13: sched2=4 sched3=4 IDENTICAL
  LOWERING fn1: sched3=12 sched0=12 DIFFERS
  LOWERING fn2: sched3=4 sched0=9 DIFFERS
  LOWERING fn3: sched3=12 sched0=12 DIFFERS
  LOWERING fn4: sched3=10 sched0=10 DIFFERS
  LOWERING fn5: sched3=11 sched0=11 DIFFERS
  LOWERING fn6: sched3=9 sched0=11 DIFFERS
  LOWERING fn7: sched3=12 sched0=12 DIFFERS
  LOWERING fn8: sched3=9 sched0=11 DIFFERS
  LOWERING fn9: sched3=11 sched0=11 DIFFERS
  LOWERING fn10: sched3=10 sched0=11 DIFFERS
  LOWERING fn11: sched3=11 sched0=12 DIFFERS
  LOWERING fn12: sched3=4 sched0=11 DIFFERS
  LOWERING fn13: sched3=4 sched0=11 DIFFERS
  gap-metric stage-snap-tuples 527
  gap-metric stage-snap-regions 98
  gap-metric stage-snap-walk-refusals 0
  gap-metric stage-snap-tuples-distinct 343
  gap-metric stage-snap-tuple-groups 52
  gap-metric stage-snap-suffix-violations 0
  gap-metric stage-color-pairs 13
  gap-metric stage-color-pairs-differing 2
  PAYLOAD 527 rows over 52 (phase,function) groups; 343 DISTINCT tuple positions (34.9% of the rows are suffix re-reads, inflation 1.54x). The nested-suffix model holds on every block, so DISTINCT is exact.
  RAW WINDOW 128B, 110 tuple pairs aligned across sched2/sched3 (1 function(s) skipped on a length mismatch).
                   offsets COLOR writes: +0x4(2) +0x5(1) +0x10(2) +0x11(1) +0x28(1) +0x2c(2) +0x2d(1) +0x34(2) +0x35(2) +0x36(2) +0x37(2) +0x38(2) +0x39(1) +0x44(2) +0x45(1) +0x4d(2) +0x4e(2) +0x50(2) +0x51(2) +0x52(2) +0x53(2) +0x54(1) +0x55(2) +0x56(2) +0x57(2) +0x58(1) +0x5c(3) +0x5d(1) +0x60(1) +0x68(1) +0x6c(1) +0x6d(2) +0x6e(2) +0x6f(2) +0x70(1) +0x71(1) +0x72(2) +0x73(2) +0x74(2) +0x75(1) +0x76(2) +0x77(2) +0x78(2) +0x79(1) +0x7c(1) +0x7d(1) +0x7e(1) +0x7f(1)
== w41_framed_member_call.cpp digest=938d8b1eef53072b
  SCHED+GLOBREGS fn1: sched1=12 sched2=11 DIFFERS
  SCHED+GLOBREGS fn2: sched1=12 sched2=11 DIFFERS
  SCHED+GLOBREGS fn3: sched1=12 sched2=11 DIFFERS
  SCHED+GLOBREGS fn4: sched1=12 sched2=11 DIFFERS
  SCHED+GLOBREGS fn5: sched1=12 sched2=11 DIFFERS
  SCHED+GLOBREGS fn6: sched1=12 sched2=11 DIFFERS
  SCHED+GLOBREGS fn7: sched1=12 sched2=11 DIFFERS
  SCHED+GLOBREGS fn8: sched1=12 sched2=11 DIFFERS
  SCHED+GLOBREGS fn9: sched1=12 sched2=11 DIFFERS
  SCHED+GLOBREGS fn10: sched1=12 sched2=11 DIFFERS
  SCHED+GLOBREGS fn11: sched1=12 sched2=11 DIFFERS
  SCHED+GLOBREGS fn12: sched1=12 sched2=11 DIFFERS
  SCHED+GLOBREGS fn13: sched1=12 sched2=11 DIFFERS
  SCHED+GLOBREGS fn14: sched1=12 sched2=11 DIFFERS
  SCHED+GLOBREGS fn15: sched1=12 sched2=11 DIFFERS
  SCHED+GLOBREGS fn16: sched1=12 sched2=11 DIFFERS
  SCHED+GLOBREGS fn17: sched1=12 sched2=11 DIFFERS
  SCHED+GLOBREGS fn18: sched1=10 sched2=9 DIFFERS
  SCHED+GLOBREGS fn19: sched1=12 sched2=11 DIFFERS
  SCHED+GLOBREGS fn20: sched1=12 sched2=11 DIFFERS
  SCHED+GLOBREGS fn21: sched1=10 sched2=9 DIFFERS
  SCHED+GLOBREGS fn22: sched1=12 sched2=11 DIFFERS
  SCHED+GLOBREGS fn23: sched1=12 sched2=11 DIFFERS
  SCHED+GLOBREGS fn24: sched1=12 sched2=11 DIFFERS
  SCHED+GLOBREGS fn25: sched1=12 sched2=11 DIFFERS
  COLOR fn1: sched2=11 sched3=11 IDENTICAL
  COLOR fn2: sched2=11 sched3=11 IDENTICAL
  COLOR fn3: sched2=11 sched3=11 IDENTICAL
  COLOR fn4: sched2=11 sched3=11 IDENTICAL
  COLOR fn5: sched2=11 sched3=11 IDENTICAL
  COLOR fn6: sched2=11 sched3=11 IDENTICAL
  COLOR fn7: sched2=11 sched3=11 IDENTICAL
  COLOR fn8: sched2=11 sched3=11 IDENTICAL
  COLOR fn9: sched2=11 sched3=11 IDENTICAL
  COLOR fn10: sched2=11 sched3=11 IDENTICAL
  COLOR fn11: sched2=11 sched3=11 IDENTICAL
  COLOR fn12: sched2=11 sched3=11 IDENTICAL
  COLOR fn13: sched2=11 sched3=11 IDENTICAL
  COLOR fn14: sched2=11 sched3=11 IDENTICAL
  COLOR fn15: sched2=11 sched3=11 IDENTICAL
  COLOR fn16: sched2=11 sched3=11 IDENTICAL
  COLOR fn17: sched2=11 sched3=11 IDENTICAL
  COLOR fn18: sched2=9 sched3=9 IDENTICAL
  COLOR fn19: sched2=11 sched3=11 IDENTICAL
  COLOR fn20: sched2=11 sched3=11 IDENTICAL
  COLOR fn21: sched2=9 sched3=9 IDENTICAL
  COLOR fn22: sched2=11 sched3=11 IDENTICAL
  COLOR fn23: sched2=11 sched3=11 IDENTICAL
  COLOR fn24: sched2=11 sched3=11 IDENTICAL
  COLOR fn25: sched2=11 sched3=11 IDENTICAL
  LOWERING fn1: sched3=11 sched0=16 DIFFERS
  LOWERING fn2: sched3=11 sched0=16 DIFFERS
  LOWERING fn3: sched3=11 sched0=16 DIFFERS
  LOWERING fn4: sched3=11 sched0=16 DIFFERS
  LOWERING fn5: sched3=11 sched0=16 DIFFERS
  LOWERING fn6: sched3=11 sched0=16 DIFFERS
  LOWERING fn7: sched3=11 sched0=17 DIFFERS
  LOWERING fn8: sched3=11 sched0=17 DIFFERS
  LOWERING fn9: sched3=11 sched0=17 DIFFERS
  LOWERING fn10: sched3=11 sched0=16 DIFFERS
  LOWERING fn11: sched3=11 sched0=16 DIFFERS
  LOWERING fn12: sched3=11 sched0=16 DIFFERS
  LOWERING fn13: sched3=11 sched0=16 DIFFERS
  LOWERING fn14: sched3=11 sched0=16 DIFFERS
  LOWERING fn15: sched3=11 sched0=7 DIFFERS
  LOWERING fn16: sched3=11 sched0=7 DIFFERS
  LOWERING fn17: sched3=11 sched0=7 DIFFERS
  LOWERING fn18: sched3=9 sched0=7 DIFFERS
  LOWERING fn19: sched3=11 sched0=7 DIFFERS
  LOWERING fn20: sched3=11 sched0=16 DIFFERS
  LOWERING fn21: sched3=9 sched0=7 DIFFERS
  LOWERING fn22: sched3=11 sched0=17 DIFFERS
  LOWERING fn23: sched3=11 sched0=17 DIFFERS
  LOWERING fn24: sched3=11 sched0=16 DIFFERS
  LOWERING fn25: sched3=11 sched0=16 DIFFERS
  gap-metric stage-snap-tuples 1189
  gap-metric stage-snap-regions 200
  gap-metric stage-snap-walk-refusals 0
  gap-metric stage-snap-tuples-distinct 738
  gap-metric stage-snap-tuple-groups 100
  gap-metric stage-snap-suffix-violations 0
  gap-metric stage-color-pairs 25
  gap-metric stage-color-pairs-differing 0
  PAYLOAD 1189 rows over 100 (phase,function) groups; 738 DISTINCT tuple positions (37.9% of the rows are suffix re-reads, inflation 1.61x). The nested-suffix model holds on every block, so DISTINCT is exact.
  RAW WINDOW 128B, 271 tuple pairs aligned across sched2/sched3 (0 function(s) skipped on a length mismatch).
                   offsets COLOR writes: NONE — the allocator wrote nothing in this window
  FINDING, not a green: the pre/post-COLOR snapshots are IDENTICAL on every
                   function here. The walk is reading fields COLOR does not write — it shows THAT
                   the allocator ran, not WHAT it did.
== w41_framed_member_call_neg.cpp digest=0bacfdf87d01f709
  SCHED+GLOBREGS fn1: sched1=13 sched2=11 DIFFERS
  SCHED+GLOBREGS fn2: sched1=14 sched2=11 DIFFERS
  SCHED+GLOBREGS fn3: sched1=13 sched2=11 DIFFERS
  SCHED+GLOBREGS fn4: sched1=13 sched2=12 DIFFERS
  SCHED+GLOBREGS fn5: sched1=13 sched2=12 DIFFERS
  SCHED+GLOBREGS fn6: sched1=12 sched2=11 DIFFERS
  SCHED+GLOBREGS fn7: sched1=12 sched2=11 DIFFERS
  SCHED+GLOBREGS fn8: sched1=13 sched2=12 DIFFERS
  SCHED+GLOBREGS fn9: sched1=12 sched2=11 DIFFERS
  SCHED+GLOBREGS fn10: sched1=12 sched2=12 DIFFERS
  SCHED+GLOBREGS fn11: sched1=12 sched2=13 DIFFERS
  SCHED+GLOBREGS fn12: sched1=12 sched2=13 DIFFERS
  SCHED+GLOBREGS fn13: sched1=12 sched2=12 IDENTICAL
  SCHED+GLOBREGS fn14: sched1=12 sched2=14 DIFFERS
  SCHED+GLOBREGS fn15: sched1=12 sched2=11 DIFFERS
  COLOR fn1: sched2=11 sched3=11 IDENTICAL
  COLOR fn2: sched2=11 sched3=11 IDENTICAL
  COLOR fn3: sched2=11 sched3=11 IDENTICAL
  COLOR fn4: sched2=12 sched3=12 IDENTICAL
  COLOR fn5: sched2=12 sched3=12 IDENTICAL
  COLOR fn6: sched2=11 sched3=11 IDENTICAL
  COLOR fn7: sched2=11 sched3=11 IDENTICAL
  COLOR fn8: sched2=12 sched3=12 IDENTICAL
  COLOR fn9: sched2=11 sched3=11 IDENTICAL
  COLOR fn10: sched2=12 sched3=12 IDENTICAL
  COLOR fn11: sched2=13 sched3=13 IDENTICAL
  COLOR fn12: sched2=13 sched3=13 IDENTICAL
  COLOR fn13: sched2=12 sched3=12 IDENTICAL
  COLOR fn14: sched2=14 sched3=14 IDENTICAL
  COLOR fn15: sched2=11 sched3=11 IDENTICAL
  LOWERING fn1: sched3=11 sched0=16 DIFFERS
  LOWERING fn2: sched3=11 sched0=16 DIFFERS
  LOWERING fn3: sched3=11 sched0=17 DIFFERS
  LOWERING fn4: sched3=12 sched0=17 DIFFERS
  LOWERING fn5: sched3=12 sched0=17 DIFFERS
  LOWERING fn6: sched3=11 sched0=16 DIFFERS
  LOWERING fn7: sched3=11 sched0=16 DIFFERS
  LOWERING fn8: sched3=12 sched0=20 DIFFERS
  LOWERING fn9: sched3=11 sched0=19 DIFFERS
  LOWERING fn10: sched3=12 sched0=17 DIFFERS
  LOWERING fn11: sched3=13 sched0=18 DIFFERS
  LOWERING fn12: sched3=13 sched0=18 DIFFERS
  LOWERING fn13: sched3=12 sched0=18 DIFFERS
  LOWERING fn14: sched3=14 sched0=18 DIFFERS
  LOWERING fn15: sched3=11 sched0=16 DIFFERS
  gap-metric stage-snap-tuples 800
  gap-metric stage-snap-regions 120
  gap-metric stage-snap-walk-refusals 0
  gap-metric stage-snap-tuples-distinct 513
  gap-metric stage-snap-tuple-groups 60
  gap-metric stage-snap-suffix-violations 0
  gap-metric stage-color-pairs 15
  gap-metric stage-color-pairs-differing 0
  PAYLOAD 800 rows over 60 (phase,function) groups; 513 DISTINCT tuple positions (35.9% of the rows are suffix re-reads, inflation 1.56x). The nested-suffix model holds on every block, so DISTINCT is exact.
  RAW WINDOW 128B, 177 tuple pairs aligned across sched2/sched3 (0 function(s) skipped on a length mismatch).
                   offsets COLOR writes: +0x3d(2) +0x64(2) +0x65(1) +0x66(1)
  FINDING, not a green: the pre/post-COLOR snapshots are IDENTICAL on every
                   function here. The walk is reading fields COLOR does not write — it shows THAT
                   the allocator ran, not WHAT it did.
== w42_shift_mask.cpp digest=02f044d87e7ca713
REFUSE region arena-full
ARENA bytes=4194303 full=1
  SCHED+GLOBREGS fn1: sched1=74 sched2=74 IDENTICAL
  SCHED+GLOBREGS fn2: sched1=74 sched2=74 IDENTICAL
  SCHED+GLOBREGS fn3: sched1=74 sched2=74 IDENTICAL
  SCHED+GLOBREGS fn4: sched1=74 sched2=74 IDENTICAL
  SCHED+GLOBREGS fn5: sched1=74 sched2=74 IDENTICAL
  SCHED+GLOBREGS fn6: sched1=74 sched2=74 IDENTICAL
  SCHED+GLOBREGS fn7: sched1=74 sched2=74 IDENTICAL
  SCHED+GLOBREGS fn8: sched1=74 sched2=74 IDENTICAL
  SCHED+GLOBREGS fn9: sched1=74 sched2=74 IDENTICAL
  SCHED+GLOBREGS fn10: sched1=74 sched2=74 IDENTICAL
  SCHED+GLOBREGS fn11: sched1=74 sched2=74 IDENTICAL
  SCHED+GLOBREGS fn12: sched1=74 sched2=74 IDENTICAL
  SCHED+GLOBREGS fn13: sched1=74 sched2=74 IDENTICAL
  SCHED+GLOBREGS fn14: sched1=74 sched2=74 IDENTICAL
  SCHED+GLOBREGS fn15: sched1=74 sched2=74 IDENTICAL
  SCHED+GLOBREGS fn16: sched1=74 sched2=74 IDENTICAL
  SCHED+GLOBREGS fn17: sched1=74 sched2=74 IDENTICAL
  SCHED+GLOBREGS fn18: sched1=74 sched2=74 IDENTICAL
  SCHED+GLOBREGS fn19: sched1=74 sched2=74 IDENTICAL
  SCHED+GLOBREGS fn20: sched1=74 sched2=74 IDENTICAL
  SCHED+GLOBREGS fn21: sched1=74 sched2=74 IDENTICAL
  SCHED+GLOBREGS fn22: sched1=74 sched2=74 IDENTICAL
  SCHED+GLOBREGS fn23: sched1=74 sched2=74 IDENTICAL
  SCHED+GLOBREGS fn24: sched1=74 sched2=74 IDENTICAL
  SCHED+GLOBREGS fn25: sched1=74 sched2=74 IDENTICAL
  SCHED+GLOBREGS fn26: sched1=74 sched2=74 IDENTICAL
  SCHED+GLOBREGS fn27: sched1=74 sched2=74 IDENTICAL
  SCHED+GLOBREGS fn28: sched1=74 sched2=74 IDENTICAL
  SCHED+GLOBREGS fn29: sched1=74 sched2=74 IDENTICAL
  SCHED+GLOBREGS fn30: sched1=74 sched2=74 IDENTICAL
  SCHED+GLOBREGS fn31: sched1=74 sched2=74 IDENTICAL
  SCHED+GLOBREGS fn32: sched1=74 sched2=74 IDENTICAL
  SCHED+GLOBREGS fn33: sched1=74 sched2=74 IDENTICAL
  SCHED+GLOBREGS fn34: sched1=74 sched2=74 IDENTICAL
  SCHED+GLOBREGS fn35: sched1=74 sched2=74 IDENTICAL
  SCHED+GLOBREGS fn36: sched1=74 sched2=74 IDENTICAL
  SCHED+GLOBREGS fn37: sched1=74 sched2=74 IDENTICAL
  SCHED+GLOBREGS fn38: sched1=74 sched2=74 IDENTICAL
  SCHED+GLOBREGS fn39: sched1=74 sched2=74 IDENTICAL
  SCHED+GLOBREGS fn40: sched1=74 sched2=74 IDENTICAL
  SCHED+GLOBREGS fn41: sched1=74 sched2=74 IDENTICAL
  SCHED+GLOBREGS fn42: sched1=74 sched2=74 IDENTICAL
  SCHED+GLOBREGS fn43: sched1=74 sched2=74 IDENTICAL
  SCHED+GLOBREGS fn44: sched1=74 sched2=74 IDENTICAL
  SCHED+GLOBREGS fn45: sched1=74 sched2=74 IDENTICAL
  SCHED+GLOBREGS fn46: sched1=74 sched2=74 IDENTICAL
  SCHED+GLOBREGS fn47: sched1=74 sched2=74 IDENTICAL
  SCHED+GLOBREGS fn48: sched1=74 sched2=74 IDENTICAL
  SCHED+GLOBREGS fn49: sched1=74 sched2=74 IDENTICAL
  SCHED+GLOBREGS fn50: sched1=74 sched2=74 IDENTICAL
  SCHED+GLOBREGS fn51: sched1=74 sched2=74 IDENTICAL
  SCHED+GLOBREGS fn52: sched1=74 sched2=74 IDENTICAL
  SCHED+GLOBREGS fn53: sched1=74 sched2=74 IDENTICAL
  SCHED+GLOBREGS fn54: sched1=74 sched2=74 IDENTICAL
  SCHED+GLOBREGS fn55: sched1=74 sched2=74 IDENTICAL
  SCHED+GLOBREGS fn56: sched1=74 sched2=74 IDENTICAL
  COLOR fn1: sched2=74 sched3=73 DIFFERS
  COLOR fn2: sched2=74 sched3=73 DIFFERS
  COLOR fn3: sched2=74 sched3=73 DIFFERS
  COLOR fn4: sched2=74 sched3=73 DIFFERS
  COLOR fn5: sched2=74 sched3=73 DIFFERS
  COLOR fn6: sched2=74 sched3=73 DIFFERS
  COLOR fn7: sched2=74 sched3=73 DIFFERS
  COLOR fn8: sched2=74 sched3=73 DIFFERS
  COLOR fn9: sched2=74 sched3=73 DIFFERS
  COLOR fn10: sched2=74 sched3=73 DIFFERS
  COLOR fn11: sched2=74 sched3=73 DIFFERS
  COLOR fn12: sched2=74 sched3=73 DIFFERS
  COLOR fn13: sched2=74 sched3=73 DIFFERS
  COLOR fn14: sched2=74 sched3=73 DIFFERS
  COLOR fn15: sched2=74 sched3=73 DIFFERS
  COLOR fn16: sched2=74 sched3=73 DIFFERS
  COLOR fn17: sched2=74 sched3=73 DIFFERS
  COLOR fn18: sched2=74 sched3=73 DIFFERS
  COLOR fn19: sched2=74 sched3=73 DIFFERS
  COLOR fn20: sched2=74 sched3=73 DIFFERS
  COLOR fn21: sched2=74 sched3=73 DIFFERS
  COLOR fn22: sched2=74 sched3=73 DIFFERS
  COLOR fn23: sched2=74 sched3=73 DIFFERS
  COLOR fn24: sched2=74 sched3=73 DIFFERS
  COLOR fn25: sched2=74 sched3=73 DIFFERS
  COLOR fn26: sched2=74 sched3=73 DIFFERS
  COLOR fn27: sched2=74 sched3=73 DIFFERS
  COLOR fn28: sched2=74 sched3=73 DIFFERS
  COLOR fn29: sched2=74 sched3=73 DIFFERS
  COLOR fn30: sched2=74 sched3=73 DIFFERS
  COLOR fn31: sched2=74 sched3=73 DIFFERS
  COLOR fn32: sched2=74 sched3=73 DIFFERS
  COLOR fn33: sched2=74 sched3=73 DIFFERS
  COLOR fn34: sched2=74 sched3=73 DIFFERS
  COLOR fn35: sched2=74 sched3=73 DIFFERS
  COLOR fn36: sched2=74 sched3=73 DIFFERS
  COLOR fn37: sched2=74 sched3=73 DIFFERS
  COLOR fn38: sched2=74 sched3=73 DIFFERS
  COLOR fn39: sched2=74 sched3=73 DIFFERS
  COLOR fn40: sched2=74 sched3=73 DIFFERS
  COLOR fn41: sched2=74 sched3=73 DIFFERS
  COLOR fn42: sched2=74 sched3=73 DIFFERS
  COLOR fn43: sched2=74 sched3=73 DIFFERS
  COLOR fn44: sched2=74 sched3=73 DIFFERS
  COLOR fn45: sched2=74 sched3=73 DIFFERS
  COLOR fn46: sched2=74 sched3=73 DIFFERS
  COLOR fn47: sched2=74 sched3=73 DIFFERS
  COLOR fn48: sched2=74 sched3=73 DIFFERS
  COLOR fn49: sched2=74 sched3=73 DIFFERS
  COLOR fn50: sched2=74 sched3=73 DIFFERS
  COLOR fn51: sched2=74 sched3=73 DIFFERS
  COLOR fn52: sched2=74 sched3=73 DIFFERS
  COLOR fn53: sched2=74 sched3=73 DIFFERS
  COLOR fn54: sched2=74 sched3=73 DIFFERS
  COLOR fn55: sched2=74 sched3=73 DIFFERS
  COLOR fn56: sched2=74 sched3=51 DIFFERS
  LOWERING fn1: sched3=73 sched0=38 DIFFERS
  LOWERING fn2: sched3=73 sched0=38 DIFFERS
  LOWERING fn3: sched3=73 sched0=38 DIFFERS
  LOWERING fn4: sched3=73 sched0=38 DIFFERS
  LOWERING fn5: sched3=73 sched0=38 DIFFERS
  LOWERING fn6: sched3=73 sched0=38 DIFFERS
  LOWERING fn7: sched3=73 sched0=38 DIFFERS
  LOWERING fn8: sched3=73 sched0=38 DIFFERS
  LOWERING fn9: sched3=73 sched0=38 DIFFERS
  LOWERING fn10: sched3=73 sched0=38 DIFFERS
  LOWERING fn11: sched3=73 sched0=38 DIFFERS
  LOWERING fn12: sched3=73 sched0=38 DIFFERS
  LOWERING fn13: sched3=73 sched0=38 DIFFERS
  LOWERING fn14: sched3=73 sched0=38 DIFFERS
  LOWERING fn15: sched3=73 sched0=38 DIFFERS
  LOWERING fn16: sched3=73 sched0=38 DIFFERS
  LOWERING fn17: sched3=73 sched0=38 DIFFERS
  LOWERING fn18: sched3=73 sched0=38 DIFFERS
  LOWERING fn19: sched3=73 sched0=38 DIFFERS
  LOWERING fn20: sched3=73 sched0=38 DIFFERS
  LOWERING fn21: sched3=73 sched0=38 DIFFERS
  LOWERING fn22: sched3=73 sched0=38 DIFFERS
  LOWERING fn23: sched3=73 sched0=38 DIFFERS
  LOWERING fn24: sched3=73 sched0=38 DIFFERS
  LOWERING fn25: sched3=73 sched0=38 DIFFERS
  LOWERING fn26: sched3=73 sched0=38 DIFFERS
  LOWERING fn27: sched3=73 sched0=38 DIFFERS
  LOWERING fn28: sched3=73 sched0=38 DIFFERS
  LOWERING fn29: sched3=73 sched0=38 DIFFERS
  LOWERING fn30: sched3=73 sched0=38 DIFFERS
  LOWERING fn31: sched3=73 sched0=38 DIFFERS
  LOWERING fn32: sched3=73 sched0=38 DIFFERS
  LOWERING fn33: sched3=73 sched0=38 DIFFERS
  LOWERING fn34: sched3=73 sched0=38 DIFFERS
  LOWERING fn35: sched3=73 sched0=38 DIFFERS
  LOWERING fn36: sched3=73 sched0=38 DIFFERS
  LOWERING fn37: sched3=73 sched0=38 DIFFERS
  LOWERING fn38: sched3=73 sched0=38 DIFFERS
  LOWERING fn39: sched3=73 sched0=38 DIFFERS
  LOWERING fn40: sched3=73 sched0=38 DIFFERS
  LOWERING fn41: sched3=73 sched0=38 DIFFERS
  LOWERING fn42: sched3=73 sched0=38 DIFFERS
  LOWERING fn43: sched3=73 sched0=38 DIFFERS
  LOWERING fn44: sched3=73 sched0=38 DIFFERS
  LOWERING fn45: sched3=73 sched0=38 DIFFERS
  LOWERING fn46: sched3=73 sched0=38 DIFFERS
  LOWERING fn47: sched3=73 sched0=38 DIFFERS
  LOWERING fn48: sched3=73 sched0=38 DIFFERS
  LOWERING fn49: sched3=73 sched0=38 DIFFERS
  LOWERING fn50: sched3=73 sched0=38 DIFFERS
  LOWERING fn51: sched3=73 sched0=38 DIFFERS
  LOWERING fn52: sched3=73 sched0=38 DIFFERS
  LOWERING fn53: sched3=73 sched0=38 DIFFERS
  LOWERING fn54: sched3=73 sched0=38 DIFFERS
  LOWERING fn55: sched3=73 sched0=38 DIFFERS
  LOWERING fn56: sched3=51 sched0=0 DIFFERS
  gap-metric stage-snap-tuples 14444
  gap-metric stage-snap-regions 1113
  gap-metric stage-snap-walk-refusals 2
  gap-metric stage-snap-tuples-distinct 4523
  gap-metric stage-snap-tuple-groups 223
  gap-metric stage-snap-suffix-violations 1
  gap-metric stage-color-pairs 56
  gap-metric stage-color-pairs-differing 56
  PAYLOAD 14444 rows over 223 (phase,function) groups; 4523 DISTINCT tuple positions (68.7% of the rows are suffix re-reads, inflation 3.19x). SUFFIX MODEL VIOLATED on at least one block — DISTINCT is a FLOOR.
  RAW WINDOW VACUOUS — 0 pairs aligned across sched2/sched3 (56 function(s) skipped on a length mismatch, window 128B).
                   NOTHING WAS COMPARED. This says nothing about what COLOR writes.
  TRUNCATED — 2 walk refusal(s): REFUSE region arena-full; ARENA bytes=4194303 full=1.
                   Every count above is a FLOOR, and the phase comparisons below are
                   comparing partial lists. Nothing here is a measurement.
== w42_shift_mask_neg.cpp digest=e35dd31439a824c7
  SCHED+GLOBREGS fn1: sched1=74 sched2=74 IDENTICAL
  SCHED+GLOBREGS fn2: sched1=74 sched2=74 IDENTICAL
  SCHED+GLOBREGS fn3: sched1=74 sched2=74 IDENTICAL
  SCHED+GLOBREGS fn4: sched1=74 sched2=74 IDENTICAL
  SCHED+GLOBREGS fn5: sched1=74 sched2=74 IDENTICAL
  SCHED+GLOBREGS fn6: sched1=74 sched2=74 IDENTICAL
  SCHED+GLOBREGS fn7: sched1=78 sched2=78 DIFFERS
  COLOR fn1: sched2=74 sched3=73 DIFFERS
  COLOR fn2: sched2=74 sched3=73 DIFFERS
  COLOR fn3: sched2=74 sched3=73 DIFFERS
  COLOR fn4: sched2=74 sched3=73 DIFFERS
  COLOR fn5: sched2=74 sched3=73 DIFFERS
  COLOR fn6: sched2=74 sched3=73 DIFFERS
  COLOR fn7: sched2=78 sched3=77 DIFFERS
  LOWERING fn1: sched3=73 sched0=39 DIFFERS
  LOWERING fn2: sched3=73 sched0=39 DIFFERS
  LOWERING fn3: sched3=73 sched0=40 DIFFERS
  LOWERING fn4: sched3=73 sched0=38 DIFFERS
  LOWERING fn5: sched3=73 sched0=42 DIFFERS
  LOWERING fn6: sched3=73 sched0=38 DIFFERS
  LOWERING fn7: sched3=77 sched0=43 DIFFERS
  gap-metric stage-snap-tuples 1838
  gap-metric stage-snap-regions 140
  gap-metric stage-snap-walk-refusals 0
  gap-metric stage-snap-tuples-distinct 573
  gap-metric stage-snap-tuple-groups 28
  gap-metric stage-snap-suffix-violations 0
  gap-metric stage-color-pairs 7
  gap-metric stage-color-pairs-differing 7
  PAYLOAD 1838 rows over 28 (phase,function) groups; 573 DISTINCT tuple positions (68.8% of the rows are suffix re-reads, inflation 3.21x). The nested-suffix model holds on every block, so DISTINCT is exact.
  RAW WINDOW VACUOUS — 0 pairs aligned across sched2/sched3 (7 function(s) skipped on a length mismatch, window 128B).
                   NOTHING WAS COMPARED. This says nothing about what COLOR writes.
== w43_cmp_shift_or.cpp digest=67bbf653b5462316
  SCHED+GLOBREGS fn1: sched1=14 sched2=14 DIFFERS
  SCHED+GLOBREGS fn2: sched1=14 sched2=14 DIFFERS
  SCHED+GLOBREGS fn3: sched1=14 sched2=14 DIFFERS
  SCHED+GLOBREGS fn4: sched1=14 sched2=14 DIFFERS
  SCHED+GLOBREGS fn5: sched1=14 sched2=14 DIFFERS
  SCHED+GLOBREGS fn6: sched1=14 sched2=14 DIFFERS
  SCHED+GLOBREGS fn7: sched1=14 sched2=14 DIFFERS
  SCHED+GLOBREGS fn8: sched1=14 sched2=14 DIFFERS
  SCHED+GLOBREGS fn9: sched1=14 sched2=14 DIFFERS
  SCHED+GLOBREGS fn10: sched1=14 sched2=14 DIFFERS
  SCHED+GLOBREGS fn11: sched1=14 sched2=14 DIFFERS
  SCHED+GLOBREGS fn12: sched1=14 sched2=14 DIFFERS
  SCHED+GLOBREGS fn13: sched1=14 sched2=14 DIFFERS
  SCHED+GLOBREGS fn14: sched1=14 sched2=14 DIFFERS
  SCHED+GLOBREGS fn15: sched1=14 sched2=14 DIFFERS
  SCHED+GLOBREGS fn16: sched1=14 sched2=14 DIFFERS
  SCHED+GLOBREGS fn17: sched1=14 sched2=14 DIFFERS
  SCHED+GLOBREGS fn18: sched1=14 sched2=14 DIFFERS
  SCHED+GLOBREGS fn19: sched1=14 sched2=14 DIFFERS
  SCHED+GLOBREGS fn20: sched1=14 sched2=14 DIFFERS
  SCHED+GLOBREGS fn21: sched1=14 sched2=14 DIFFERS
  SCHED+GLOBREGS fn22: sched1=14 sched2=14 DIFFERS
  SCHED+GLOBREGS fn23: sched1=14 sched2=14 DIFFERS
  SCHED+GLOBREGS fn24: sched1=14 sched2=14 DIFFERS
  SCHED+GLOBREGS fn25: sched1=14 sched2=14 DIFFERS
  SCHED+GLOBREGS fn26: sched1=14 sched2=14 DIFFERS
  SCHED+GLOBREGS fn27: sched1=14 sched2=14 DIFFERS
  SCHED+GLOBREGS fn28: sched1=14 sched2=14 DIFFERS
  SCHED+GLOBREGS fn29: sched1=14 sched2=14 DIFFERS
  SCHED+GLOBREGS fn30: sched1=14 sched2=14 DIFFERS
  SCHED+GLOBREGS fn31: sched1=14 sched2=14 DIFFERS
  SCHED+GLOBREGS fn32: sched1=14 sched2=14 DIFFERS
  SCHED+GLOBREGS fn33: sched1=14 sched2=14 DIFFERS
  SCHED+GLOBREGS fn34: sched1=14 sched2=14 DIFFERS
  SCHED+GLOBREGS fn35: sched1=14 sched2=14 DIFFERS
  SCHED+GLOBREGS fn36: sched1=14 sched2=14 DIFFERS
  SCHED+GLOBREGS fn37: sched1=14 sched2=14 DIFFERS
  SCHED+GLOBREGS fn38: sched1=14 sched2=14 DIFFERS
  SCHED+GLOBREGS fn39: sched1=14 sched2=14 DIFFERS
  SCHED+GLOBREGS fn40: sched1=14 sched2=14 DIFFERS
  SCHED+GLOBREGS fn41: sched1=14 sched2=14 DIFFERS
  SCHED+GLOBREGS fn42: sched1=14 sched2=14 DIFFERS
  SCHED+GLOBREGS fn43: sched1=14 sched2=14 DIFFERS
  SCHED+GLOBREGS fn44: sched1=14 sched2=14 DIFFERS
  SCHED+GLOBREGS fn45: sched1=14 sched2=14 DIFFERS
  SCHED+GLOBREGS fn46: sched1=14 sched2=14 DIFFERS
  SCHED+GLOBREGS fn47: sched1=14 sched2=14 DIFFERS
  SCHED+GLOBREGS fn48: sched1=14 sched2=14 DIFFERS
  SCHED+GLOBREGS fn49: sched1=14 sched2=14 DIFFERS
  SCHED+GLOBREGS fn50: sched1=14 sched2=14 DIFFERS
  SCHED+GLOBREGS fn51: sched1=14 sched2=14 DIFFERS
  SCHED+GLOBREGS fn52: sched1=14 sched2=14 DIFFERS
  SCHED+GLOBREGS fn53: sched1=14 sched2=14 DIFFERS
  SCHED+GLOBREGS fn54: sched1=14 sched2=14 DIFFERS
  SCHED+GLOBREGS fn55: sched1=14 sched2=14 DIFFERS
  SCHED+GLOBREGS fn56: sched1=14 sched2=14 DIFFERS
  SCHED+GLOBREGS fn57: sched1=14 sched2=14 DIFFERS
  SCHED+GLOBREGS fn58: sched1=14 sched2=14 DIFFERS
  SCHED+GLOBREGS fn59: sched1=12 sched2=11 DIFFERS
  COLOR fn1: sched2=14 sched3=14 IDENTICAL
  COLOR fn2: sched2=14 sched3=14 IDENTICAL
  COLOR fn3: sched2=14 sched3=14 IDENTICAL
  COLOR fn4: sched2=14 sched3=14 IDENTICAL
  COLOR fn5: sched2=14 sched3=14 IDENTICAL
  COLOR fn6: sched2=14 sched3=14 IDENTICAL
  COLOR fn7: sched2=14 sched3=14 IDENTICAL
  COLOR fn8: sched2=14 sched3=14 IDENTICAL
  COLOR fn9: sched2=14 sched3=14 IDENTICAL
  COLOR fn10: sched2=14 sched3=14 IDENTICAL
  COLOR fn11: sched2=14 sched3=14 IDENTICAL
  COLOR fn12: sched2=14 sched3=14 IDENTICAL
  COLOR fn13: sched2=14 sched3=14 IDENTICAL
  COLOR fn14: sched2=14 sched3=14 IDENTICAL
  COLOR fn15: sched2=14 sched3=14 IDENTICAL
  COLOR fn16: sched2=14 sched3=14 IDENTICAL
  COLOR fn17: sched2=14 sched3=14 IDENTICAL
  COLOR fn18: sched2=14 sched3=14 IDENTICAL
  COLOR fn19: sched2=14 sched3=14 IDENTICAL
  COLOR fn20: sched2=14 sched3=14 IDENTICAL
  COLOR fn21: sched2=14 sched3=14 IDENTICAL
  COLOR fn22: sched2=14 sched3=14 IDENTICAL
  COLOR fn23: sched2=14 sched3=14 IDENTICAL
  COLOR fn24: sched2=14 sched3=14 IDENTICAL
  COLOR fn25: sched2=14 sched3=14 IDENTICAL
  COLOR fn26: sched2=14 sched3=14 IDENTICAL
  COLOR fn27: sched2=14 sched3=14 IDENTICAL
  COLOR fn28: sched2=14 sched3=14 IDENTICAL
  COLOR fn29: sched2=14 sched3=14 IDENTICAL
  COLOR fn30: sched2=14 sched3=14 IDENTICAL
  COLOR fn31: sched2=14 sched3=14 IDENTICAL
  COLOR fn32: sched2=14 sched3=14 IDENTICAL
  COLOR fn33: sched2=14 sched3=14 IDENTICAL
  COLOR fn34: sched2=14 sched3=14 IDENTICAL
  COLOR fn35: sched2=14 sched3=14 IDENTICAL
  COLOR fn36: sched2=14 sched3=14 IDENTICAL
  COLOR fn37: sched2=14 sched3=14 IDENTICAL
  COLOR fn38: sched2=14 sched3=14 IDENTICAL
  COLOR fn39: sched2=14 sched3=14 IDENTICAL
  COLOR fn40: sched2=14 sched3=14 IDENTICAL
  COLOR fn41: sched2=14 sched3=14 IDENTICAL
  COLOR fn42: sched2=14 sched3=14 IDENTICAL
  COLOR fn43: sched2=14 sched3=14 IDENTICAL
  COLOR fn44: sched2=14 sched3=14 IDENTICAL
  COLOR fn45: sched2=14 sched3=14 IDENTICAL
  COLOR fn46: sched2=14 sched3=14 IDENTICAL
  COLOR fn47: sched2=14 sched3=14 IDENTICAL
  COLOR fn48: sched2=14 sched3=14 IDENTICAL
  COLOR fn49: sched2=14 sched3=14 IDENTICAL
  COLOR fn50: sched2=14 sched3=14 IDENTICAL
  COLOR fn51: sched2=14 sched3=14 IDENTICAL
  COLOR fn52: sched2=14 sched3=14 IDENTICAL
  COLOR fn53: sched2=14 sched3=14 IDENTICAL
  COLOR fn54: sched2=14 sched3=14 IDENTICAL
  COLOR fn55: sched2=14 sched3=14 IDENTICAL
  COLOR fn56: sched2=14 sched3=14 IDENTICAL
  COLOR fn57: sched2=14 sched3=14 IDENTICAL
  COLOR fn58: sched2=14 sched3=14 IDENTICAL
  COLOR fn59: sched2=11 sched3=11 IDENTICAL
  LOWERING fn1: sched3=14 sched0=13 DIFFERS
  LOWERING fn2: sched3=14 sched0=13 DIFFERS
  LOWERING fn3: sched3=14 sched0=13 DIFFERS
  LOWERING fn4: sched3=14 sched0=13 DIFFERS
  LOWERING fn5: sched3=14 sched0=13 DIFFERS
  LOWERING fn6: sched3=14 sched0=13 DIFFERS
  LOWERING fn7: sched3=14 sched0=13 DIFFERS
  LOWERING fn8: sched3=14 sched0=13 DIFFERS
  LOWERING fn9: sched3=14 sched0=13 DIFFERS
  LOWERING fn10: sched3=14 sched0=13 DIFFERS
  LOWERING fn11: sched3=14 sched0=13 DIFFERS
  LOWERING fn12: sched3=14 sched0=13 DIFFERS
  LOWERING fn13: sched3=14 sched0=13 DIFFERS
  LOWERING fn14: sched3=14 sched0=13 DIFFERS
  LOWERING fn15: sched3=14 sched0=13 DIFFERS
  LOWERING fn16: sched3=14 sched0=13 DIFFERS
  LOWERING fn17: sched3=14 sched0=13 DIFFERS
  LOWERING fn18: sched3=14 sched0=13 DIFFERS
  LOWERING fn19: sched3=14 sched0=13 DIFFERS
  LOWERING fn20: sched3=14 sched0=13 DIFFERS
  LOWERING fn21: sched3=14 sched0=13 DIFFERS
  LOWERING fn22: sched3=14 sched0=13 DIFFERS
  LOWERING fn23: sched3=14 sched0=13 DIFFERS
  LOWERING fn24: sched3=14 sched0=13 DIFFERS
  LOWERING fn25: sched3=14 sched0=13 DIFFERS
  LOWERING fn26: sched3=14 sched0=13 DIFFERS
  LOWERING fn27: sched3=14 sched0=13 DIFFERS
  LOWERING fn28: sched3=14 sched0=13 DIFFERS
  LOWERING fn29: sched3=14 sched0=13 DIFFERS
  LOWERING fn30: sched3=14 sched0=13 DIFFERS
  LOWERING fn31: sched3=14 sched0=13 DIFFERS
  LOWERING fn32: sched3=14 sched0=13 DIFFERS
  LOWERING fn33: sched3=14 sched0=13 DIFFERS
  LOWERING fn34: sched3=14 sched0=13 DIFFERS
  LOWERING fn35: sched3=14 sched0=13 DIFFERS
  LOWERING fn36: sched3=14 sched0=13 DIFFERS
  LOWERING fn37: sched3=14 sched0=13 DIFFERS
  LOWERING fn38: sched3=14 sched0=13 DIFFERS
  LOWERING fn39: sched3=14 sched0=13 DIFFERS
  LOWERING fn40: sched3=14 sched0=13 DIFFERS
  LOWERING fn41: sched3=14 sched0=13 DIFFERS
  LOWERING fn42: sched3=14 sched0=13 DIFFERS
  LOWERING fn43: sched3=14 sched0=13 DIFFERS
  LOWERING fn44: sched3=14 sched0=13 DIFFERS
  LOWERING fn45: sched3=14 sched0=13 DIFFERS
  LOWERING fn46: sched3=14 sched0=13 DIFFERS
  LOWERING fn47: sched3=14 sched0=13 DIFFERS
  LOWERING fn48: sched3=14 sched0=13 DIFFERS
  LOWERING fn49: sched3=14 sched0=13 DIFFERS
  LOWERING fn50: sched3=14 sched0=13 DIFFERS
  LOWERING fn51: sched3=14 sched0=13 DIFFERS
  LOWERING fn52: sched3=14 sched0=13 DIFFERS
  LOWERING fn53: sched3=14 sched0=13 DIFFERS
  LOWERING fn54: sched3=14 sched0=13 DIFFERS
  LOWERING fn55: sched3=14 sched0=13 DIFFERS
  LOWERING fn56: sched3=14 sched0=13 DIFFERS
  LOWERING fn57: sched3=14 sched0=13 DIFFERS
  LOWERING fn58: sched3=14 sched0=13 DIFFERS
  LOWERING fn59: sched3=11 sched0=16 DIFFERS
  gap-metric stage-snap-tuples 3240
  gap-metric stage-snap-regions 472
  gap-metric stage-snap-walk-refusals 0
  gap-metric stage-snap-tuples-distinct 2293
  gap-metric stage-snap-tuple-groups 236
  gap-metric stage-snap-suffix-violations 0
  gap-metric stage-color-pairs 59
  gap-metric stage-color-pairs-differing 0
  PAYLOAD 3240 rows over 236 (phase,function) groups; 2293 DISTINCT tuple positions (29.2% of the rows are suffix re-reads, inflation 1.41x). The nested-suffix model holds on every block, so DISTINCT is exact.
  RAW WINDOW 128B, 823 tuple pairs aligned across sched2/sched3 (0 function(s) skipped on a length mismatch).
                   offsets COLOR writes: NONE — the allocator wrote nothing in this window
  FINDING, not a green: the pre/post-COLOR snapshots are IDENTICAL on every
                   function here. The walk is reading fields COLOR does not write — it shows THAT
                   the allocator ran, not WHAT it did.
== w43_cmp_shift_or_neg.cpp digest=e4dd3ee73cd7dbce
  SCHED+GLOBREGS fn1: sched1=13 sched2=13 IDENTICAL
  SCHED+GLOBREGS fn2: sched1=13 sched2=13 IDENTICAL
  SCHED+GLOBREGS fn3: sched1=12 sched2=12 IDENTICAL
  SCHED+GLOBREGS fn4: sched1=13 sched2=13 IDENTICAL
  SCHED+GLOBREGS fn5: sched1=14 sched2=14 DIFFERS
  SCHED+GLOBREGS fn6: sched1=14 sched2=14 DIFFERS
  SCHED+GLOBREGS fn7: sched1=14 sched2=14 DIFFERS
  SCHED+GLOBREGS fn8: sched1=10 sched2=10 IDENTICAL
  SCHED+GLOBREGS fn9: sched1=14 sched2=14 DIFFERS
  SCHED+GLOBREGS fn10: sched1=14 sched2=14 DIFFERS
  SCHED+GLOBREGS fn11: sched1=14 sched2=14 DIFFERS
  SCHED+GLOBREGS fn12: sched1=14 sched2=14 DIFFERS
  SCHED+GLOBREGS fn13: sched1=14 sched2=14 DIFFERS
  SCHED+GLOBREGS fn14: sched1=13 sched2=12 DIFFERS
  SCHED+GLOBREGS fn15: sched1=15 sched2=15 DIFFERS
  SCHED+GLOBREGS fn16: sched1=15 sched2=15 DIFFERS
  COLOR fn1: sched2=13 sched3=13 IDENTICAL
  COLOR fn2: sched2=13 sched3=13 IDENTICAL
  COLOR fn3: sched2=12 sched3=12 IDENTICAL
  COLOR fn4: sched2=13 sched3=13 IDENTICAL
  COLOR fn5: sched2=14 sched3=14 IDENTICAL
  COLOR fn6: sched2=14 sched3=14 IDENTICAL
  COLOR fn7: sched2=14 sched3=14 IDENTICAL
  COLOR fn8: sched2=10 sched3=10 IDENTICAL
  COLOR fn9: sched2=14 sched3=14 IDENTICAL
  COLOR fn10: sched2=14 sched3=14 IDENTICAL
  COLOR fn11: sched2=14 sched3=14 IDENTICAL
  COLOR fn12: sched2=14 sched3=14 IDENTICAL
  COLOR fn13: sched2=14 sched3=14 IDENTICAL
  COLOR fn14: sched2=12 sched3=12 IDENTICAL
  COLOR fn15: sched2=15 sched3=15 IDENTICAL
  COLOR fn16: sched2=15 sched3=14 DIFFERS
  LOWERING fn1: sched3=13 sched0=12 DIFFERS
  LOWERING fn2: sched3=13 sched0=12 DIFFERS
  LOWERING fn3: sched3=12 sched0=11 DIFFERS
  LOWERING fn4: sched3=13 sched0=12 DIFFERS
  LOWERING fn5: sched3=14 sched0=13 DIFFERS
  LOWERING fn6: sched3=14 sched0=14 DIFFERS
  LOWERING fn7: sched3=14 sched0=13 DIFFERS
  LOWERING fn8: sched3=10 sched0=9 DIFFERS
  LOWERING fn9: sched3=14 sched0=13 DIFFERS
  LOWERING fn10: sched3=14 sched0=13 DIFFERS
  LOWERING fn11: sched3=14 sched0=12 DIFFERS
  LOWERING fn12: sched3=14 sched0=12 DIFFERS
  LOWERING fn13: sched3=14 sched0=12 DIFFERS
  LOWERING fn14: sched3=12 sched0=11 DIFFERS
  LOWERING fn15: sched3=15 sched0=14 DIFFERS
  LOWERING fn16: sched3=14 sched0=13 DIFFERS
  gap-metric stage-snap-tuples 841
  gap-metric stage-snap-regions 128
  gap-metric stage-snap-walk-refusals 0
  gap-metric stage-snap-tuples-distinct 585
  gap-metric stage-snap-tuple-groups 64
  gap-metric stage-snap-suffix-violations 0
  gap-metric stage-color-pairs 16
  gap-metric stage-color-pairs-differing 1
  PAYLOAD 841 rows over 64 (phase,function) groups; 585 DISTINCT tuple positions (30.4% of the rows are suffix re-reads, inflation 1.44x). The nested-suffix model holds on every block, so DISTINCT is exact.
  RAW WINDOW 128B, 200 tuple pairs aligned across sched2/sched3 (1 function(s) skipped on a length mismatch).
                   offsets COLOR writes: NONE — the allocator wrote nothing in this window
== w45_store_run_scheduled.cpp digest=f8908aae9b0af16f
  SCHED+GLOBREGS fn1: sched1=12 sched2=12 DIFFERS
  SCHED+GLOBREGS fn2: sched1=14 sched2=14 DIFFERS
  SCHED+GLOBREGS fn3: sched1=16 sched2=18 DIFFERS
  SCHED+GLOBREGS fn4: sched1=18 sched2=20 DIFFERS
  SCHED+GLOBREGS fn5: sched1=14 sched2=15 DIFFERS
  SCHED+GLOBREGS fn6: sched1=18 sched2=20 DIFFERS
  SCHED+GLOBREGS fn7: sched1=11 sched2=11 IDENTICAL
  SCHED+GLOBREGS fn8: sched1=11 sched2=11 DIFFERS
  SCHED+GLOBREGS fn9: sched1=14 sched2=14 IDENTICAL
  SCHED+GLOBREGS fn10: sched1=14 sched2=14 DIFFERS
  SCHED+GLOBREGS fn11: sched1=14 sched2=14 DIFFERS
  SCHED+GLOBREGS fn12: sched1=12 sched2=13 DIFFERS
  SCHED+GLOBREGS fn13: sched1=16 sched2=17 DIFFERS
  SCHED+GLOBREGS fn14: sched1=14 sched2=15 DIFFERS
  COLOR fn1: sched2=12 sched3=12 IDENTICAL
  COLOR fn2: sched2=14 sched3=14 IDENTICAL
  COLOR fn3: sched2=18 sched3=14 DIFFERS
  COLOR fn4: sched2=20 sched3=16 DIFFERS
  COLOR fn5: sched2=15 sched3=13 DIFFERS
  COLOR fn6: sched2=20 sched3=15 DIFFERS
  COLOR fn7: sched2=11 sched3=11 IDENTICAL
  COLOR fn8: sched2=11 sched3=11 IDENTICAL
  COLOR fn9: sched2=14 sched3=14 IDENTICAL
  COLOR fn10: sched2=14 sched3=14 IDENTICAL
  COLOR fn11: sched2=14 sched3=14 IDENTICAL
  COLOR fn12: sched2=13 sched3=12 DIFFERS
  COLOR fn13: sched2=17 sched3=15 DIFFERS
  COLOR fn14: sched2=15 sched3=12 DIFFERS
  LOWERING fn1: sched3=12 sched0=12 DIFFERS
  LOWERING fn2: sched3=14 sched0=14 DIFFERS
  LOWERING fn3: sched3=14 sched0=14 DIFFERS
  LOWERING fn4: sched3=16 sched0=16 DIFFERS
  LOWERING fn5: sched3=13 sched0=13 DIFFERS
  LOWERING fn6: sched3=15 sched0=15 DIFFERS
  LOWERING fn7: sched3=11 sched0=11 DIFFERS
  LOWERING fn8: sched3=11 sched0=11 DIFFERS
  LOWERING fn9: sched3=14 sched0=14 DIFFERS
  LOWERING fn10: sched3=14 sched0=14 DIFFERS
  LOWERING fn11: sched3=14 sched0=14 DIFFERS
  LOWERING fn12: sched3=12 sched0=12 DIFFERS
  LOWERING fn13: sched3=15 sched0=15 DIFFERS
  LOWERING fn14: sched3=12 sched0=12 DIFFERS
  gap-metric stage-snap-tuples 780
  gap-metric stage-snap-regions 112
  gap-metric stage-snap-walk-refusals 0
  gap-metric stage-snap-tuples-distinct 556
  gap-metric stage-snap-tuple-groups 56
  gap-metric stage-snap-suffix-violations 0
  gap-metric stage-color-pairs 14
  gap-metric stage-color-pairs-differing 7
  PAYLOAD 780 rows over 56 (phase,function) groups; 556 DISTINCT tuple positions (28.7% of the rows are suffix re-reads, inflation 1.40x). The nested-suffix model holds on every block, so DISTINCT is exact.
  RAW WINDOW 128B, 90 tuple pairs aligned across sched2/sched3 (7 function(s) skipped on a length mismatch).
                   offsets COLOR writes: NONE — the allocator wrote nothing in this window
== w45_store_run_scheduled_neg.cpp digest=e1fe9502f291f7bf
  SCHED+GLOBREGS fn1: sched1=16 sched2=16 DIFFERS
  SCHED+GLOBREGS fn2: sched1=12 sched2=12 DIFFERS
  SCHED+GLOBREGS fn3: sched1=12 sched2=12 DIFFERS
  SCHED+GLOBREGS fn4: sched1=12 sched2=12 DIFFERS
  SCHED+GLOBREGS fn5: sched1=12 sched2=12 DIFFERS
  SCHED+GLOBREGS fn6: sched1=12 sched2=12 DIFFERS
  COLOR fn1: sched2=16 sched3=16 IDENTICAL
  COLOR fn2: sched2=12 sched3=12 IDENTICAL
  COLOR fn3: sched2=12 sched3=12 IDENTICAL
  COLOR fn4: sched2=12 sched3=12 IDENTICAL
  COLOR fn5: sched2=12 sched3=12 IDENTICAL
  COLOR fn6: sched2=12 sched3=12 IDENTICAL
  LOWERING fn1: sched3=16 sched0=16 DIFFERS
  LOWERING fn2: sched3=12 sched0=13 DIFFERS
  LOWERING fn3: sched3=12 sched0=14 DIFFERS
  LOWERING fn4: sched3=12 sched0=12 DIFFERS
  LOWERING fn5: sched3=12 sched0=12 DIFFERS
  LOWERING fn6: sched3=12 sched0=12 DIFFERS
  gap-metric stage-snap-tuples 307
  gap-metric stage-snap-regions 48
  gap-metric stage-snap-walk-refusals 0
  gap-metric stage-snap-tuples-distinct 211
  gap-metric stage-snap-tuple-groups 24
  gap-metric stage-snap-suffix-violations 0
  gap-metric stage-color-pairs 6
  gap-metric stage-color-pairs-differing 0
  PAYLOAD 307 rows over 24 (phase,function) groups; 211 DISTINCT tuple positions (31.3% of the rows are suffix re-reads, inflation 1.45x). The nested-suffix model holds on every block, so DISTINCT is exact.
  RAW WINDOW 128B, 76 tuple pairs aligned across sched2/sched3 (0 function(s) skipped on a length mismatch).
                   offsets COLOR writes: NONE — the allocator wrote nothing in this window
  FINDING, not a green: the pre/post-COLOR snapshots are IDENTICAL on every
                   function here. The walk is reading fields COLOR does not write — it shows THAT
                   the allocator ran, not WHAT it did.
== w5_chain.cpp digest=f576d582244d90ae
  SCHED+GLOBREGS fn1: sched1=12 sched2=11 DIFFERS
  SCHED+GLOBREGS fn2: sched1=12 sched2=4 DIFFERS
  SCHED+GLOBREGS fn3: sched1=12 sched2=12 IDENTICAL
  SCHED+GLOBREGS fn4: sched1=13 sched2=12 DIFFERS
  COLOR fn1: sched2=11 sched3=11 IDENTICAL
  COLOR fn2: sched2=4 sched3=4 IDENTICAL
  COLOR fn3: sched2=12 sched3=4 DIFFERS
  COLOR fn4: sched2=12 sched3=12 IDENTICAL
  LOWERING fn1: sched3=11 sched0=11 DIFFERS
  LOWERING fn2: sched3=4 sched0=11 DIFFERS
  LOWERING fn3: sched3=4 sched0=11 DIFFERS
  LOWERING fn4: sched3=12 sched0=12 DIFFERS
  gap-metric stage-snap-tuples 164
  gap-metric stage-snap-regions 29
  gap-metric stage-snap-walk-refusals 0
  gap-metric stage-snap-tuples-distinct 112
  gap-metric stage-snap-tuple-groups 16
  gap-metric stage-snap-suffix-violations 0
  gap-metric stage-color-pairs 4
  gap-metric stage-color-pairs-differing 1
  PAYLOAD 164 rows over 16 (phase,function) groups; 112 DISTINCT tuple positions (31.7% of the rows are suffix re-reads, inflation 1.46x). The nested-suffix model holds on every block, so DISTINCT is exact.
  RAW WINDOW 128B, 27 tuple pairs aligned across sched2/sched3 (1 function(s) skipped on a length mismatch).
                   offsets COLOR writes: NONE — the allocator wrote nothing in this window
== w5_tree2.cpp digest=ffbed52b8365319a
  SCHED+GLOBREGS fn1: sched1=12 sched2=12 IDENTICAL
  SCHED+GLOBREGS fn2: sched1=12 sched2=10 DIFFERS
  SCHED+GLOBREGS fn3: sched1=12 sched2=10 DIFFERS
  SCHED+GLOBREGS fn4: sched1=12 sched2=10 DIFFERS
  COLOR fn1: sched2=12 sched3=10 DIFFERS
  COLOR fn2: sched2=10 sched3=10 IDENTICAL
  COLOR fn3: sched2=10 sched3=10 IDENTICAL
  COLOR fn4: sched2=10 sched3=4 DIFFERS
  LOWERING fn1: sched3=10 sched0=11 DIFFERS
  LOWERING fn2: sched3=10 sched0=11 DIFFERS
  LOWERING fn3: sched3=10 sched0=11 DIFFERS
  LOWERING fn4: sched3=4 sched0=11 DIFFERS
  gap-metric stage-snap-tuples 168
  gap-metric stage-snap-regions 31
  gap-metric stage-snap-walk-refusals 0
  gap-metric stage-snap-tuples-distinct 108
  gap-metric stage-snap-tuple-groups 16
  gap-metric stage-snap-suffix-violations 0
  gap-metric stage-color-pairs 4
  gap-metric stage-color-pairs-differing 2
  PAYLOAD 168 rows over 16 (phase,function) groups; 108 DISTINCT tuple positions (35.7% of the rows are suffix re-reads, inflation 1.56x). The nested-suffix model holds on every block, so DISTINCT is exact.
  RAW WINDOW 128B, 20 tuple pairs aligned across sched2/sched3 (2 function(s) skipped on a length mismatch).
                   offsets COLOR writes: NONE — the allocator wrote nothing in this window
== w5_tree3.cpp digest=8bd039e6340c1e9e
  SCHED+GLOBREGS fn1: sched1=16 sched2=16 DIFFERS
  SCHED+GLOBREGS fn2: sched1=16 sched2=16 DIFFERS
  SCHED+GLOBREGS fn3: sched1=14 sched2=14 IDENTICAL
  SCHED+GLOBREGS fn4: sched1=14 sched2=14 IDENTICAL
  COLOR fn1: sched2=16 sched3=12 DIFFERS
  COLOR fn2: sched2=16 sched3=12 DIFFERS
  COLOR fn3: sched2=14 sched3=11 DIFFERS
  COLOR fn4: sched2=14 sched3=11 DIFFERS
  LOWERING fn1: sched3=12 sched0=15 DIFFERS
  LOWERING fn2: sched3=12 sched0=15 DIFFERS
  LOWERING fn3: sched3=11 sched0=13 DIFFERS
  LOWERING fn4: sched3=11 sched0=13 DIFFERS
  gap-metric stage-snap-tuples 222
  gap-metric stage-snap-regions 32
  gap-metric stage-snap-walk-refusals 0
  gap-metric stage-snap-tuples-distinct 158
  gap-metric stage-snap-tuple-groups 16
  gap-metric stage-snap-suffix-violations 0
  gap-metric stage-color-pairs 4
  gap-metric stage-color-pairs-differing 4
  PAYLOAD 222 rows over 16 (phase,function) groups; 158 DISTINCT tuple positions (28.8% of the rows are suffix re-reads, inflation 1.41x). The nested-suffix model holds on every block, so DISTINCT is exact.
  RAW WINDOW VACUOUS — 0 pairs aligned across sched2/sched3 (4 function(s) skipped on a length mismatch, window 128B).
                   NOTHING WAS COMPARED. This says nothing about what COLOR writes.
== w5_tree_neg.cpp digest=b08e6889262612d6
  SCHED+GLOBREGS fn1: sched1=12 sched2=11 DIFFERS
  SCHED+GLOBREGS fn2: sched1=12 sched2=12 IDENTICAL
  SCHED+GLOBREGS fn3: sched1=12 sched2=11 DIFFERS
  SCHED+GLOBREGS fn4: sched1=12 sched2=12 IDENTICAL
  SCHED+GLOBREGS fn5: sched1=12 sched2=10 DIFFERS
  SCHED+GLOBREGS fn6: sched1=12 sched2=10 DIFFERS
  SCHED+GLOBREGS fn7: sched1=12 sched2=10 DIFFERS
  SCHED+GLOBREGS fn8: sched1=13 sched2=13 DIFFERS
  SCHED+GLOBREGS fn9: sched1=14 sched2=14 DIFFERS
  SCHED+GLOBREGS fn10: sched1=13 sched2=13 IDENTICAL
  SCHED+GLOBREGS fn11: sched1=24 sched2=24 DIFFERS
  COLOR fn1: sched2=11 sched3=11 IDENTICAL
  COLOR fn2: sched2=12 sched3=11 DIFFERS
  COLOR fn3: sched2=11 sched3=11 IDENTICAL
  COLOR fn4: sched2=12 sched3=4 DIFFERS
  COLOR fn5: sched2=10 sched3=4 DIFFERS
  COLOR fn6: sched2=10 sched3=4 DIFFERS
  COLOR fn7: sched2=10 sched3=4 DIFFERS
  COLOR fn8: sched2=13 sched3=10 DIFFERS
  COLOR fn9: sched2=14 sched3=10 DIFFERS
  COLOR fn10: sched2=13 sched3=10 DIFFERS
  COLOR fn11: sched2=24 sched3=16 DIFFERS
  LOWERING fn1: sched3=11 sched0=11 DIFFERS
  LOWERING fn2: sched3=11 sched0=11 DIFFERS
  LOWERING fn3: sched3=11 sched0=11 DIFFERS
  LOWERING fn4: sched3=4 sched0=11 DIFFERS
  LOWERING fn5: sched3=4 sched0=11 DIFFERS
  LOWERING fn6: sched3=4 sched0=11 DIFFERS
  LOWERING fn7: sched3=4 sched0=11 DIFFERS
  LOWERING fn8: sched3=10 sched0=12 DIFFERS
  LOWERING fn9: sched3=10 sched0=13 DIFFERS
  LOWERING fn10: sched3=10 sched0=12 DIFFERS
  LOWERING fn11: sched3=16 sched0=25 DIFFERS
  gap-metric stage-snap-tuples 522
  gap-metric stage-snap-regions 84
  gap-metric stage-snap-walk-refusals 0
  gap-metric stage-snap-tuples-distinct 361
  gap-metric stage-snap-tuple-groups 44
  gap-metric stage-snap-suffix-violations 0
  gap-metric stage-color-pairs 11
  gap-metric stage-color-pairs-differing 9
  PAYLOAD 522 rows over 44 (phase,function) groups; 361 DISTINCT tuple positions (30.8% of the rows are suffix re-reads, inflation 1.45x). The nested-suffix model holds on every block, so DISTINCT is exact.
  RAW WINDOW 128B, 22 tuple pairs aligned across sched2/sched3 (9 function(s) skipped on a length mismatch).
                   offsets COLOR writes: NONE — the allocator wrote nothing in this window
== w6_k_boundary.cpp digest=c8561f05847b80de
  SCHED+GLOBREGS fn1: sched1=13 sched2=13 IDENTICAL
  SCHED+GLOBREGS fn2: sched1=13 sched2=13 IDENTICAL
  COLOR fn1: sched2=13 sched3=13 IDENTICAL
  COLOR fn2: sched2=13 sched3=13 IDENTICAL
  LOWERING fn1: sched3=13 sched0=12 DIFFERS
  LOWERING fn2: sched3=13 sched0=12 DIFFERS
  gap-metric stage-snap-tuples 102
  gap-metric stage-snap-regions 16
  gap-metric stage-snap-walk-refusals 0
  gap-metric stage-snap-tuples-distinct 70
  gap-metric stage-snap-tuple-groups 8
  gap-metric stage-snap-suffix-violations 0
  gap-metric stage-color-pairs 2
  gap-metric stage-color-pairs-differing 0
  PAYLOAD 102 rows over 8 (phase,function) groups; 70 DISTINCT tuple positions (31.4% of the rows are suffix re-reads, inflation 1.46x). The nested-suffix model holds on every block, so DISTINCT is exact.
  RAW WINDOW 128B, 26 tuple pairs aligned across sched2/sched3 (0 function(s) skipped on a length mismatch).
                   offsets COLOR writes: NONE — the allocator wrote nothing in this window
  FINDING, not a green: the pre/post-COLOR snapshots are IDENTICAL on every
                   function here. The walk is reading fields COLOR does not write — it shows THAT
                   the allocator ran, not WHAT it did.
== w6_rel_k.cpp digest=d89a590d24a425a1
  SCHED+GLOBREGS fn1: sched1=16 sched2=15 DIFFERS
  SCHED+GLOBREGS fn2: sched1=15 sched2=15 DIFFERS
  SCHED+GLOBREGS fn3: sched1=15 sched2=15 IDENTICAL
  SCHED+GLOBREGS fn4: sched1=16 sched2=15 DIFFERS
  SCHED+GLOBREGS fn5: sched1=14 sched2=14 IDENTICAL
  SCHED+GLOBREGS fn6: sched1=13 sched2=13 IDENTICAL
  SCHED+GLOBREGS fn7: sched1=12 sched2=12 IDENTICAL
  SCHED+GLOBREGS fn8: sched1=13 sched2=12 DIFFERS
  SCHED+GLOBREGS fn9: sched1=16 sched2=15 DIFFERS
  SCHED+GLOBREGS fn10: sched1=15 sched2=15 DIFFERS
  SCHED+GLOBREGS fn11: sched1=15 sched2=15 IDENTICAL
  SCHED+GLOBREGS fn12: sched1=16 sched2=15 DIFFERS
  SCHED+GLOBREGS fn13: sched1=16 sched2=15 DIFFERS
  SCHED+GLOBREGS fn14: sched1=12 sched2=12 IDENTICAL
  SCHED+GLOBREGS fn15: sched1=13 sched2=13 IDENTICAL
  SCHED+GLOBREGS fn16: sched1=15 sched2=15 DIFFERS
  SCHED+GLOBREGS fn17: sched1=15 sched2=15 IDENTICAL
  SCHED+GLOBREGS fn18: sched1=14 sched2=14 IDENTICAL
  SCHED+GLOBREGS fn19: sched1=12 sched2=12 IDENTICAL
  COLOR fn1: sched2=15 sched3=15 IDENTICAL
  COLOR fn2: sched2=15 sched3=15 IDENTICAL
  COLOR fn3: sched2=15 sched3=15 IDENTICAL
  COLOR fn4: sched2=15 sched3=15 IDENTICAL
  COLOR fn5: sched2=14 sched3=14 IDENTICAL
  COLOR fn6: sched2=13 sched3=13 IDENTICAL
  COLOR fn7: sched2=12 sched3=12 IDENTICAL
  COLOR fn8: sched2=12 sched3=12 IDENTICAL
  COLOR fn9: sched2=15 sched3=15 IDENTICAL
  COLOR fn10: sched2=15 sched3=15 IDENTICAL
  COLOR fn11: sched2=15 sched3=15 IDENTICAL
  COLOR fn12: sched2=15 sched3=15 IDENTICAL
  COLOR fn13: sched2=15 sched3=15 IDENTICAL
  COLOR fn14: sched2=12 sched3=12 IDENTICAL
  COLOR fn15: sched2=13 sched3=13 IDENTICAL
  COLOR fn16: sched2=15 sched3=15 IDENTICAL
  COLOR fn17: sched2=15 sched3=15 IDENTICAL
  COLOR fn18: sched2=14 sched3=14 IDENTICAL
  COLOR fn19: sched2=12 sched3=12 IDENTICAL
  LOWERING fn1: sched3=15 sched0=14 DIFFERS
  LOWERING fn2: sched3=15 sched0=13 DIFFERS
  LOWERING fn3: sched3=15 sched0=13 DIFFERS
  LOWERING fn4: sched3=15 sched0=14 DIFFERS
  LOWERING fn5: sched3=14 sched0=12 DIFFERS
  LOWERING fn6: sched3=13 sched0=12 DIFFERS
  LOWERING fn7: sched3=12 sched0=11 DIFFERS
  LOWERING fn8: sched3=12 sched0=11 DIFFERS
  LOWERING fn9: sched3=15 sched0=14 DIFFERS
  LOWERING fn10: sched3=15 sched0=13 DIFFERS
  LOWERING fn11: sched3=15 sched0=13 DIFFERS
  LOWERING fn12: sched3=15 sched0=14 DIFFERS
  LOWERING fn13: sched3=15 sched0=14 DIFFERS
  LOWERING fn14: sched3=12 sched0=11 DIFFERS
  LOWERING fn15: sched3=13 sched0=12 DIFFERS
  LOWERING fn16: sched3=15 sched0=13 DIFFERS
  LOWERING fn17: sched3=15 sched0=13 DIFFERS
  LOWERING fn18: sched3=14 sched0=12 DIFFERS
  LOWERING fn19: sched3=12 sched0=11 DIFFERS
  gap-metric stage-snap-tuples 1047
  gap-metric stage-snap-regions 152
  gap-metric stage-snap-walk-refusals 0
  gap-metric stage-snap-tuples-distinct 743
  gap-metric stage-snap-tuple-groups 76
  gap-metric stage-snap-suffix-violations 0
  gap-metric stage-color-pairs 19
  gap-metric stage-color-pairs-differing 0
  PAYLOAD 1047 rows over 76 (phase,function) groups; 743 DISTINCT tuple positions (29.0% of the rows are suffix re-reads, inflation 1.41x). The nested-suffix model holds on every block, so DISTINCT is exact.
  RAW WINDOW 128B, 267 tuple pairs aligned across sched2/sched3 (0 function(s) skipped on a length mismatch).
                   offsets COLOR writes: +0x3d(14) +0x44(12) +0x45(12) +0x46(12) +0x47(12) +0x49(21) +0x5d(10) +0x65(12) +0x69(23) +0x6c(12) +0x6d(12) +0x6e(12) +0x6f(12) +0x70(12) +0x71(12) +0x72(12) +0x73(12)
  FINDING, not a green: the pre/post-COLOR snapshots are IDENTICAL on every
                   function here. The walk is reading fields COLOR does not write — it shows THAT
                   the allocator ran, not WHAT it did.
== w6_unsigned_wide.cpp digest=c392ff8175cf4601
  SCHED+GLOBREGS fn1: sched1=13 sched2=13 IDENTICAL
  SCHED+GLOBREGS fn2: sched1=13 sched2=13 IDENTICAL
  SCHED+GLOBREGS fn3: sched1=13 sched2=13 IDENTICAL
  SCHED+GLOBREGS fn4: sched1=13 sched2=13 IDENTICAL
  SCHED+GLOBREGS fn5: sched1=13 sched2=12 DIFFERS
  SCHED+GLOBREGS fn6: sched1=12 sched2=12 IDENTICAL
  SCHED+GLOBREGS fn7: sched1=12 sched2=12 IDENTICAL
  COLOR fn1: sched2=13 sched3=13 IDENTICAL
  COLOR fn2: sched2=13 sched3=13 IDENTICAL
  COLOR fn3: sched2=13 sched3=13 IDENTICAL
  COLOR fn4: sched2=13 sched3=13 IDENTICAL
  COLOR fn5: sched2=12 sched3=12 IDENTICAL
  COLOR fn6: sched2=12 sched3=11 DIFFERS
  COLOR fn7: sched2=12 sched3=11 DIFFERS
  LOWERING fn1: sched3=13 sched0=12 DIFFERS
  LOWERING fn2: sched3=13 sched0=12 DIFFERS
  LOWERING fn3: sched3=13 sched0=12 DIFFERS
  LOWERING fn4: sched3=13 sched0=12 DIFFERS
  LOWERING fn5: sched3=12 sched0=11 DIFFERS
  LOWERING fn6: sched3=11 sched0=11 DIFFERS
  LOWERING fn7: sched3=11 sched0=11 DIFFERS
  gap-metric stage-snap-tuples 344
  gap-metric stage-snap-regions 56
  gap-metric stage-snap-walk-refusals 0
  gap-metric stage-snap-tuples-distinct 232
  gap-metric stage-snap-tuple-groups 28
  gap-metric stage-snap-suffix-violations 0
  gap-metric stage-color-pairs 7
  gap-metric stage-color-pairs-differing 2
  PAYLOAD 344 rows over 28 (phase,function) groups; 232 DISTINCT tuple positions (32.6% of the rows are suffix re-reads, inflation 1.48x). The nested-suffix model holds on every block, so DISTINCT is exact.
  RAW WINDOW 128B, 64 tuple pairs aligned across sched2/sched3 (2 function(s) skipped on a length mismatch).
                   offsets COLOR writes: NONE — the allocator wrote nothing in this window
== w70_bitwise.cpp digest=db51f38047fb6fb5
  SCHED+GLOBREGS fn1: sched1=10 sched2=4 DIFFERS
  SCHED+GLOBREGS fn2: sched1=10 sched2=4 DIFFERS
  SCHED+GLOBREGS fn3: sched1=10 sched2=4 DIFFERS
  SCHED+GLOBREGS fn4: sched1=10 sched2=4 DIFFERS
  SCHED+GLOBREGS fn5: sched1=10 sched2=4 DIFFERS
  SCHED+GLOBREGS fn6: sched1=10 sched2=4 DIFFERS
  SCHED+GLOBREGS fn7: sched1=10 sched2=4 DIFFERS
  SCHED+GLOBREGS fn8: sched1=10 sched2=4 DIFFERS
  SCHED+GLOBREGS fn9: sched1=10 sched2=4 DIFFERS
  SCHED+GLOBREGS fn10: sched1=10 sched2=4 DIFFERS
  SCHED+GLOBREGS fn11: sched1=10 sched2=4 DIFFERS
  SCHED+GLOBREGS fn12: sched1=10 sched2=4 DIFFERS
  SCHED+GLOBREGS fn13: sched1=11 sched2=10 DIFFERS
  SCHED+GLOBREGS fn14: sched1=11 sched2=10 DIFFERS
  SCHED+GLOBREGS fn15: sched1=11 sched2=10 DIFFERS
  SCHED+GLOBREGS fn16: sched1=11 sched2=10 DIFFERS
  SCHED+GLOBREGS fn17: sched1=11 sched2=10 DIFFERS
  SCHED+GLOBREGS fn18: sched1=11 sched2=10 DIFFERS
  SCHED+GLOBREGS fn19: sched1=11 sched2=10 DIFFERS
  SCHED+GLOBREGS fn20: sched1=11 sched2=10 DIFFERS
  SCHED+GLOBREGS fn21: sched1=11 sched2=10 DIFFERS
  SCHED+GLOBREGS fn22: sched1=11 sched2=10 DIFFERS
  SCHED+GLOBREGS fn23: sched1=12 sched2=11 DIFFERS
  SCHED+GLOBREGS fn24: sched1=12 sched2=11 DIFFERS
  SCHED+GLOBREGS fn25: sched1=12 sched2=11 DIFFERS
  SCHED+GLOBREGS fn26: sched1=12 sched2=11 DIFFERS
  SCHED+GLOBREGS fn27: sched1=12 sched2=11 DIFFERS
  SCHED+GLOBREGS fn28: sched1=12 sched2=11 DIFFERS
  SCHED+GLOBREGS fn29: sched1=12 sched2=11 DIFFERS
  SCHED+GLOBREGS fn30: sched1=12 sched2=11 DIFFERS
  SCHED+GLOBREGS fn31: sched1=13 sched2=12 DIFFERS
  SCHED+GLOBREGS fn32: sched1=13 sched2=12 DIFFERS
  SCHED+GLOBREGS fn33: sched1=13 sched2=12 DIFFERS
  COLOR fn1: sched2=4 sched3=4 IDENTICAL
  COLOR fn2: sched2=4 sched3=4 IDENTICAL
  COLOR fn3: sched2=4 sched3=4 IDENTICAL
  COLOR fn4: sched2=4 sched3=4 IDENTICAL
  COLOR fn5: sched2=4 sched3=4 IDENTICAL
  COLOR fn6: sched2=4 sched3=4 IDENTICAL
  COLOR fn7: sched2=4 sched3=4 IDENTICAL
  COLOR fn8: sched2=4 sched3=4 IDENTICAL
  COLOR fn9: sched2=4 sched3=4 IDENTICAL
  COLOR fn10: sched2=4 sched3=4 IDENTICAL
  COLOR fn11: sched2=4 sched3=4 IDENTICAL
  COLOR fn12: sched2=4 sched3=4 IDENTICAL
  COLOR fn13: sched2=10 sched3=10 IDENTICAL
  COLOR fn14: sched2=10 sched3=10 IDENTICAL
  COLOR fn15: sched2=10 sched3=10 IDENTICAL
  COLOR fn16: sched2=10 sched3=10 IDENTICAL
  COLOR fn17: sched2=10 sched3=10 IDENTICAL
  COLOR fn18: sched2=10 sched3=10 IDENTICAL
  COLOR fn19: sched2=10 sched3=10 IDENTICAL
  COLOR fn20: sched2=10 sched3=10 IDENTICAL
  COLOR fn21: sched2=10 sched3=10 IDENTICAL
  COLOR fn22: sched2=10 sched3=10 IDENTICAL
  COLOR fn23: sched2=11 sched3=11 IDENTICAL
  COLOR fn24: sched2=11 sched3=11 IDENTICAL
  COLOR fn25: sched2=11 sched3=11 IDENTICAL
  COLOR fn26: sched2=11 sched3=11 IDENTICAL
  COLOR fn27: sched2=11 sched3=11 IDENTICAL
  COLOR fn28: sched2=11 sched3=11 IDENTICAL
  COLOR fn29: sched2=11 sched3=11 IDENTICAL
  COLOR fn30: sched2=11 sched3=11 IDENTICAL
  COLOR fn31: sched2=12 sched3=12 IDENTICAL
  COLOR fn32: sched2=12 sched3=12 IDENTICAL
  COLOR fn33: sched2=12 sched3=12 IDENTICAL
  LOWERING fn1: sched3=4 sched0=9 DIFFERS
  LOWERING fn2: sched3=4 sched0=9 DIFFERS
  LOWERING fn3: sched3=4 sched0=9 DIFFERS
  LOWERING fn4: sched3=4 sched0=9 DIFFERS
  LOWERING fn5: sched3=4 sched0=9 DIFFERS
  LOWERING fn6: sched3=4 sched0=9 DIFFERS
  LOWERING fn7: sched3=4 sched0=9 DIFFERS
  LOWERING fn8: sched3=4 sched0=9 DIFFERS
  LOWERING fn9: sched3=4 sched0=9 DIFFERS
  LOWERING fn10: sched3=4 sched0=9 DIFFERS
  LOWERING fn11: sched3=4 sched0=9 DIFFERS
  LOWERING fn12: sched3=4 sched0=9 DIFFERS
  LOWERING fn13: sched3=10 sched0=10 DIFFERS
  LOWERING fn14: sched3=10 sched0=10 DIFFERS
  LOWERING fn15: sched3=10 sched0=10 DIFFERS
  LOWERING fn16: sched3=10 sched0=10 DIFFERS
  LOWERING fn17: sched3=10 sched0=10 DIFFERS
  LOWERING fn18: sched3=10 sched0=10 DIFFERS
  LOWERING fn19: sched3=10 sched0=10 DIFFERS
  LOWERING fn20: sched3=10 sched0=10 DIFFERS
  LOWERING fn21: sched3=10 sched0=10 DIFFERS
  LOWERING fn22: sched3=10 sched0=10 DIFFERS
  LOWERING fn23: sched3=11 sched0=11 DIFFERS
  LOWERING fn24: sched3=11 sched0=11 DIFFERS
  LOWERING fn25: sched3=11 sched0=11 DIFFERS
  LOWERING fn26: sched3=11 sched0=11 DIFFERS
  LOWERING fn27: sched3=11 sched0=11 DIFFERS
  LOWERING fn28: sched3=11 sched0=11 DIFFERS
  LOWERING fn29: sched3=11 sched0=11 DIFFERS
  LOWERING fn30: sched3=11 sched0=11 DIFFERS
  LOWERING fn31: sched3=12 sched0=12 DIFFERS
  LOWERING fn32: sched3=12 sched0=12 DIFFERS
  LOWERING fn33: sched3=12 sched0=12 DIFFERS
  gap-metric stage-snap-tuples 1241
  gap-metric stage-snap-regions 240
  gap-metric stage-snap-walk-refusals 0
  gap-metric stage-snap-tuples-distinct 809
  gap-metric stage-snap-tuple-groups 132
  gap-metric stage-snap-suffix-violations 0
  gap-metric stage-color-pairs 33
  gap-metric stage-color-pairs-differing 0
  PAYLOAD 1241 rows over 132 (phase,function) groups; 809 DISTINCT tuple positions (34.8% of the rows are suffix re-reads, inflation 1.53x). The nested-suffix model holds on every block, so DISTINCT is exact.
  RAW WINDOW 128B, 272 tuple pairs aligned across sched2/sched3 (0 function(s) skipped on a length mismatch).
                   offsets COLOR writes: NONE — the allocator wrote nothing in this window
  FINDING, not a green: the pre/post-COLOR snapshots are IDENTICAL on every
                   function here. The walk is reading fields COLOR does not write — it shows THAT
                   the allocator ran, not WHAT it did.
== w70_bitwise_neg.cpp digest=0f772bf5f42fd6dd
  SCHED+GLOBREGS fn1: sched1=12 sched2=12 IDENTICAL
  SCHED+GLOBREGS fn2: sched1=12 sched2=11 DIFFERS
  SCHED+GLOBREGS fn3: sched1=12 sched2=11 DIFFERS
  SCHED+GLOBREGS fn4: sched1=12 sched2=11 DIFFERS
  SCHED+GLOBREGS fn5: sched1=10 sched2=4 DIFFERS
  SCHED+GLOBREGS fn6: sched1=10 sched2=4 DIFFERS
  SCHED+GLOBREGS fn7: sched1=10 sched2=4 DIFFERS
  SCHED+GLOBREGS fn8: sched1=10 sched2=4 DIFFERS
  SCHED+GLOBREGS fn9: sched1=10 sched2=4 DIFFERS
  SCHED+GLOBREGS fn10: sched1=10 sched2=4 DIFFERS
  SCHED+GLOBREGS fn11: sched1=11 sched2=11 IDENTICAL
  SCHED+GLOBREGS fn12: sched1=11 sched2=11 IDENTICAL
  SCHED+GLOBREGS fn13: sched1=10 sched2=4 DIFFERS
  SCHED+GLOBREGS fn14: sched1=10 sched2=4 DIFFERS
  SCHED+GLOBREGS fn15: sched1=11 sched2=11 IDENTICAL
  SCHED+GLOBREGS fn16: sched1=12 sched2=10 DIFFERS
  SCHED+GLOBREGS fn17: sched1=12 sched2=10 DIFFERS
  SCHED+GLOBREGS fn18: sched1=12 sched2=10 DIFFERS
  SCHED+GLOBREGS fn19: sched1=10 sched2=4 DIFFERS
  SCHED+GLOBREGS fn20: sched1=12 sched2=10 DIFFERS
  SCHED+GLOBREGS fn21: sched1=11 sched2=10 DIFFERS
  SCHED+GLOBREGS fn22: sched1=11 sched2=10 DIFFERS
  SCHED+GLOBREGS fn23: sched1=10 sched2=4 DIFFERS
  COLOR fn1: sched2=12 sched3=11 DIFFERS
  COLOR fn2: sched2=11 sched3=4 DIFFERS
  COLOR fn3: sched2=11 sched3=11 IDENTICAL
  COLOR fn4: sched2=11 sched3=4 DIFFERS
  COLOR fn5: sched2=4 sched3=4 IDENTICAL
  COLOR fn6: sched2=4 sched3=4 IDENTICAL
  COLOR fn7: sched2=4 sched3=4 IDENTICAL
  COLOR fn8: sched2=4 sched3=4 IDENTICAL
  COLOR fn9: sched2=4 sched3=4 IDENTICAL
  COLOR fn10: sched2=4 sched3=4 IDENTICAL
  COLOR fn11: sched2=11 sched3=11 IDENTICAL
  COLOR fn12: sched2=11 sched3=11 IDENTICAL
  COLOR fn13: sched2=4 sched3=4 IDENTICAL
  COLOR fn14: sched2=4 sched3=4 IDENTICAL
  COLOR fn15: sched2=11 sched3=11 IDENTICAL
  COLOR fn16: sched2=10 sched3=10 IDENTICAL
  COLOR fn17: sched2=10 sched3=10 IDENTICAL
  COLOR fn18: sched2=10 sched3=4 DIFFERS
  COLOR fn19: sched2=4 sched3=4 IDENTICAL
  COLOR fn20: sched2=10 sched3=10 IDENTICAL
  COLOR fn21: sched2=10 sched3=10 IDENTICAL
  COLOR fn22: sched2=10 sched3=10 IDENTICAL
  COLOR fn23: sched2=4 sched3=4 IDENTICAL
  LOWERING fn1: sched3=11 sched0=11 DIFFERS
  LOWERING fn2: sched3=4 sched0=11 DIFFERS
  LOWERING fn3: sched3=11 sched0=11 DIFFERS
  LOWERING fn4: sched3=4 sched0=11 DIFFERS
  LOWERING fn5: sched3=4 sched0=9 DIFFERS
  LOWERING fn6: sched3=4 sched0=9 DIFFERS
  LOWERING fn7: sched3=4 sched0=9 DIFFERS
  LOWERING fn8: sched3=4 sched0=9 DIFFERS
  LOWERING fn9: sched3=4 sched0=9 DIFFERS
  LOWERING fn10: sched3=4 sched0=11 DIFFERS
  LOWERING fn11: sched3=11 sched0=10 DIFFERS
  LOWERING fn12: sched3=11 sched0=10 DIFFERS
  LOWERING fn13: sched3=4 sched0=9 DIFFERS
  LOWERING fn14: sched3=4 sched0=9 DIFFERS
  LOWERING fn15: sched3=11 sched0=10 DIFFERS
  LOWERING fn16: sched3=10 sched0=11 DIFFERS
  LOWERING fn17: sched3=10 sched0=11 DIFFERS
  LOWERING fn18: sched3=4 sched0=11 DIFFERS
  LOWERING fn19: sched3=4 sched0=9 DIFFERS
  LOWERING fn20: sched3=10 sched0=11 DIFFERS
  LOWERING fn21: sched3=10 sched0=10 DIFFERS
  LOWERING fn22: sched3=10 sched0=10 DIFFERS
  LOWERING fn23: sched3=4 sched0=9 DIFFERS
  gap-metric stage-snap-tuples 816
  gap-metric stage-snap-regions 161
  gap-metric stage-snap-walk-refusals 0
  gap-metric stage-snap-tuples-distinct 540
  gap-metric stage-snap-tuple-groups 92
  gap-metric stage-snap-suffix-violations 0
  gap-metric stage-color-pairs 23
  gap-metric stage-color-pairs-differing 4
  PAYLOAD 816 rows over 92 (phase,function) groups; 540 DISTINCT tuple positions (33.8% of the rows are suffix re-reads, inflation 1.51x). The nested-suffix model holds on every block, so DISTINCT is exact.
  RAW WINDOW 128B, 134 tuple pairs aligned across sched2/sched3 (4 function(s) skipped on a length mismatch).
                   offsets COLOR writes: NONE — the allocator wrote nothing in this window
== w71_alloc_undetermined.cpp digest=867e1db07762fcfc
  SCHED+GLOBREGS fn1: sched1=12 sched2=11 DIFFERS
  SCHED+GLOBREGS fn2: sched1=12 sched2=4 DIFFERS
  SCHED+GLOBREGS fn3: sched1=12 sched2=12 IDENTICAL
  SCHED+GLOBREGS fn4: sched1=12 sched2=4 DIFFERS
  SCHED+GLOBREGS fn5: sched1=12 sched2=11 DIFFERS
  SCHED+GLOBREGS fn6: sched1=12 sched2=10 DIFFERS
  SCHED+GLOBREGS fn7: sched1=12 sched2=10 DIFFERS
  SCHED+GLOBREGS fn8: sched1=12 sched2=11 DIFFERS
  SCHED+GLOBREGS fn9: sched1=11 sched2=11 IDENTICAL
  SCHED+GLOBREGS fn10: sched1=11 sched2=10 DIFFERS
  SCHED+GLOBREGS fn11: sched1=11 sched2=10 DIFFERS
  SCHED+GLOBREGS fn12: sched1=13 sched2=12 DIFFERS
  COLOR fn1: sched2=11 sched3=11 IDENTICAL
  COLOR fn2: sched2=4 sched3=4 IDENTICAL
  COLOR fn3: sched2=12 sched3=4 DIFFERS
  COLOR fn4: sched2=4 sched3=4 IDENTICAL
  COLOR fn5: sched2=11 sched3=4 DIFFERS
  COLOR fn6: sched2=10 sched3=4 DIFFERS
  COLOR fn7: sched2=10 sched3=4 DIFFERS
  COLOR fn8: sched2=11 sched3=4 DIFFERS
  COLOR fn9: sched2=11 sched3=10 DIFFERS
  COLOR fn10: sched2=10 sched3=10 IDENTICAL
  COLOR fn11: sched2=10 sched3=10 IDENTICAL
  COLOR fn12: sched2=12 sched3=12 IDENTICAL
  LOWERING fn1: sched3=11 sched0=11 DIFFERS
  LOWERING fn2: sched3=4 sched0=11 DIFFERS
  LOWERING fn3: sched3=4 sched0=11 DIFFERS
  LOWERING fn4: sched3=4 sched0=11 DIFFERS
  LOWERING fn5: sched3=4 sched0=11 DIFFERS
  LOWERING fn6: sched3=4 sched0=11 DIFFERS
  LOWERING fn7: sched3=4 sched0=11 DIFFERS
  LOWERING fn8: sched3=4 sched0=11 DIFFERS
  LOWERING fn9: sched3=10 sched0=10 DIFFERS
  LOWERING fn10: sched3=10 sched0=10 DIFFERS
  LOWERING fn11: sched3=10 sched0=10 DIFFERS
  LOWERING fn12: sched3=12 sched0=12 DIFFERS
  gap-metric stage-snap-tuples 469
  gap-metric stage-snap-regions 87
  gap-metric stage-snap-walk-refusals 0
  gap-metric stage-snap-tuples-distinct 313
  gap-metric stage-snap-tuple-groups 48
  gap-metric stage-snap-suffix-violations 0
  gap-metric stage-color-pairs 12
  gap-metric stage-color-pairs-differing 6
  PAYLOAD 469 rows over 48 (phase,function) groups; 313 DISTINCT tuple positions (33.3% of the rows are suffix re-reads, inflation 1.50x). The nested-suffix model holds on every block, so DISTINCT is exact.
  RAW WINDOW 128B, 51 tuple pairs aligned across sched2/sched3 (6 function(s) skipped on a length mismatch).
                   offsets COLOR writes: NONE — the allocator wrote nothing in this window
== w71_alloc_undetermined_neg.cpp digest=93cc6a77c349dc36
  SCHED+GLOBREGS fn1: sched1=12 sched2=12 IDENTICAL
  SCHED+GLOBREGS fn2: sched1=13 sched2=13 IDENTICAL
  COLOR fn1: sched2=12 sched3=11 DIFFERS
  COLOR fn2: sched2=13 sched3=12 DIFFERS
  LOWERING fn1: sched3=11 sched0=11 DIFFERS
  LOWERING fn2: sched3=12 sched0=12 DIFFERS
  gap-metric stage-snap-tuples 96
  gap-metric stage-snap-regions 16
  gap-metric stage-snap-walk-refusals 0
  gap-metric stage-snap-tuples-distinct 64
  gap-metric stage-snap-tuple-groups 8
  gap-metric stage-snap-suffix-violations 0
  gap-metric stage-color-pairs 2
  gap-metric stage-color-pairs-differing 2
  PAYLOAD 96 rows over 8 (phase,function) groups; 64 DISTINCT tuple positions (33.3% of the rows are suffix re-reads, inflation 1.50x). The nested-suffix model holds on every block, so DISTINCT is exact.
  RAW WINDOW VACUOUS — 0 pairs aligned across sched2/sched3 (2 function(s) skipped on a length mismatch, window 128B).
                   NOTHING WAS COMPARED. This says nothing about what COLOR writes.
== w844_store_run_call.cpp digest=059481abbc280269
  SCHED+GLOBREGS fn1: sched1=16 sched2=16 DIFFERS
  SCHED+GLOBREGS fn2: sched1=17 sched2=17 DIFFERS
  SCHED+GLOBREGS fn3: sched1=19 sched2=19 DIFFERS
  SCHED+GLOBREGS fn4: sched1=21 sched2=21 DIFFERS
  SCHED+GLOBREGS fn5: sched1=16 sched2=16 DIFFERS
  SCHED+GLOBREGS fn6: sched1=18 sched2=18 DIFFERS
  SCHED+GLOBREGS fn7: sched1=20 sched2=20 DIFFERS
  SCHED+GLOBREGS fn8: sched1=18 sched2=19 DIFFERS
  SCHED+GLOBREGS fn9: sched1=18 sched2=18 DIFFERS
  SCHED+GLOBREGS fn10: sched1=17 sched2=17 DIFFERS
  SCHED+GLOBREGS fn11: sched1=21 sched2=21 DIFFERS
  SCHED+GLOBREGS fn12: sched1=12 sched2=12 IDENTICAL
  COLOR fn1: sched2=16 sched3=16 IDENTICAL
  COLOR fn2: sched2=17 sched3=17 IDENTICAL
  COLOR fn3: sched2=19 sched3=19 IDENTICAL
  COLOR fn4: sched2=21 sched3=21 IDENTICAL
  COLOR fn5: sched2=16 sched3=16 IDENTICAL
  COLOR fn6: sched2=18 sched3=18 IDENTICAL
  COLOR fn7: sched2=20 sched3=20 IDENTICAL
  COLOR fn8: sched2=19 sched3=17 DIFFERS
  COLOR fn9: sched2=18 sched3=18 IDENTICAL
  COLOR fn10: sched2=17 sched3=17 IDENTICAL
  COLOR fn11: sched2=21 sched3=21 IDENTICAL
  COLOR fn12: sched2=12 sched3=12 IDENTICAL
  LOWERING fn1: sched3=16 sched0=22 DIFFERS
  LOWERING fn2: sched3=17 sched0=23 DIFFERS
  LOWERING fn3: sched3=19 sched0=25 DIFFERS
  LOWERING fn4: sched3=21 sched0=27 DIFFERS
  LOWERING fn5: sched3=16 sched0=22 DIFFERS
  LOWERING fn6: sched3=18 sched0=24 DIFFERS
  LOWERING fn7: sched3=20 sched0=26 DIFFERS
  LOWERING fn8: sched3=17 sched0=23 DIFFERS
  LOWERING fn9: sched3=18 sched0=24 DIFFERS
  LOWERING fn10: sched3=17 sched0=24 DIFFERS
  LOWERING fn11: sched3=21 sched0=27 DIFFERS
  LOWERING fn12: sched3=12 sched0=12 DIFFERS
  gap-metric stage-snap-tuples 918
  gap-metric stage-snap-regions 96
  gap-metric stage-snap-walk-refusals 0
  gap-metric stage-snap-tuples-distinct 682
  gap-metric stage-snap-tuple-groups 48
  gap-metric stage-snap-suffix-violations 0
  gap-metric stage-color-pairs 12
  gap-metric stage-color-pairs-differing 1
  PAYLOAD 918 rows over 48 (phase,function) groups; 682 DISTINCT tuple positions (25.7% of the rows are suffix re-reads, inflation 1.35x). The nested-suffix model holds on every block, so DISTINCT is exact.
  RAW WINDOW 128B, 195 tuple pairs aligned across sched2/sched3 (1 function(s) skipped on a length mismatch).
                   offsets COLOR writes: NONE — the allocator wrote nothing in this window
== w844_store_run_call_neg.cpp digest=4493dad27d4dafd6
  SCHED+GLOBREGS fn1: sched1=14 sched2=14 DIFFERS
  SCHED+GLOBREGS fn2: sched1=16 sched2=16 DIFFERS
  SCHED+GLOBREGS fn3: sched1=14 sched2=14 DIFFERS
  SCHED+GLOBREGS fn4: sched1=15 sched2=15 DIFFERS
  SCHED+GLOBREGS fn5: sched1=17 sched2=17 DIFFERS
  SCHED+GLOBREGS fn6: sched1=18 sched2=18 DIFFERS
  SCHED+GLOBREGS fn7: sched1=17 sched2=17 DIFFERS
  COLOR fn1: sched2=14 sched3=14 IDENTICAL
  COLOR fn2: sched2=16 sched3=16 IDENTICAL
  COLOR fn3: sched2=14 sched3=14 IDENTICAL
  COLOR fn4: sched2=15 sched3=15 IDENTICAL
  COLOR fn5: sched2=17 sched3=17 IDENTICAL
  COLOR fn6: sched2=18 sched3=18 IDENTICAL
  COLOR fn7: sched2=17 sched3=17 IDENTICAL
  LOWERING fn1: sched3=14 sched0=10 DIFFERS
  LOWERING fn2: sched3=16 sched0=10 DIFFERS
  LOWERING fn3: sched3=14 sched0=10 DIFFERS
  LOWERING fn4: sched3=15 sched0=23 DIFFERS
  LOWERING fn5: sched3=17 sched0=23 DIFFERS
  LOWERING fn6: sched3=18 sched0=23 DIFFERS
  LOWERING fn7: sched3=17 sched0=24 DIFFERS
  gap-metric stage-snap-tuples 456
  gap-metric stage-snap-regions 56
  gap-metric stage-snap-walk-refusals 0
  gap-metric stage-snap-tuples-distinct 331
  gap-metric stage-snap-tuple-groups 28
  gap-metric stage-snap-suffix-violations 0
  gap-metric stage-color-pairs 7
  gap-metric stage-color-pairs-differing 0
  PAYLOAD 456 rows over 28 (phase,function) groups; 331 DISTINCT tuple positions (27.4% of the rows are suffix re-reads, inflation 1.38x). The nested-suffix model holds on every block, so DISTINCT is exact.
  RAW WINDOW 128B, 111 tuple pairs aligned across sched2/sched3 (0 function(s) skipped on a length mismatch).
                   offsets COLOR writes: NONE — the allocator wrote nothing in this window
  FINDING, not a green: the pre/post-COLOR snapshots are IDENTICAL on every
                   function here. The walk is reading fields COLOR does not write — it shows THAT
                   the allocator ran, not WHAT it did.
== w8_cond_tail.cpp digest=2945a095b9e9cabd
  SCHED+GLOBREGS fn1: sched1=62 sched2=62 IDENTICAL
  COLOR fn1: sched2=62 sched3=61 DIFFERS
  LOWERING fn1: sched3=61 sched0=39 DIFFERS
  gap-metric stage-snap-tuples 224
  gap-metric stage-snap-regions 20
  gap-metric stage-snap-walk-refusals 0
  gap-metric stage-snap-tuples-distinct 69
  gap-metric stage-snap-tuple-groups 4
  gap-metric stage-snap-suffix-violations 0
  gap-metric stage-color-pairs 1
  gap-metric stage-color-pairs-differing 1
  PAYLOAD 224 rows over 4 (phase,function) groups; 69 DISTINCT tuple positions (69.2% of the rows are suffix re-reads, inflation 3.25x). The nested-suffix model holds on every block, so DISTINCT is exact.
  RAW WINDOW VACUOUS — 0 pairs aligned across sched2/sched3 (1 function(s) skipped on a length mismatch, window 128B).
                   NOTHING WAS COMPARED. This says nothing about what COLOR writes.
== w8_cond_tail_neg.cpp digest=285813f38bac3356
  SCHED+GLOBREGS fn1: sched1=24 sched2=23 DIFFERS
  SCHED+GLOBREGS fn2: sched1=64 sched2=63 DIFFERS
  COLOR fn1: sched2=23 sched3=23 IDENTICAL
  COLOR fn2: sched2=63 sched3=63 IDENTICAL
  LOWERING fn1: sched3=23 sched0=20 DIFFERS
  LOWERING fn2: sched3=63 sched0=32 DIFFERS
  gap-metric stage-snap-tuples 312
  gap-metric stage-snap-regions 32
  gap-metric stage-snap-walk-refusals 0
  gap-metric stage-snap-tuples-distinct 108
  gap-metric stage-snap-tuple-groups 8
  gap-metric stage-snap-suffix-violations 0
  gap-metric stage-color-pairs 2
  gap-metric stage-color-pairs-differing 0
  PAYLOAD 312 rows over 8 (phase,function) groups; 108 DISTINCT tuple positions (65.4% of the rows are suffix re-reads, inflation 2.89x). The nested-suffix model holds on every block, so DISTINCT is exact.
  RAW WINDOW 128B, 86 tuple pairs aligned across sched2/sched3 (0 function(s) skipped on a length mismatch).
                   offsets COLOR writes: +0x3d(4) +0x44(16) +0x45(8) +0x46(14) +0x47(8) +0x5d(4) +0x79(4)
  FINDING, not a green: the pre/post-COLOR snapshots are IDENTICAL on every
                   function here. The walk is reading fields COLOR does not write — it shows THAT
                   the allocator ran, not WHAT it did.
== w8_cond_tail_value.cpp digest=3e5d5c834f765e85
  SCHED+GLOBREGS fn1: sched1=74 sched2=74 IDENTICAL
  SCHED+GLOBREGS fn2: sched1=74 sched2=74 IDENTICAL
  COLOR fn1: sched2=74 sched3=73 DIFFERS
  COLOR fn2: sched2=74 sched3=73 DIFFERS
  LOWERING fn1: sched3=73 sched0=39 DIFFERS
  LOWERING fn2: sched3=73 sched0=39 DIFFERS
  gap-metric stage-snap-tuples 520
  gap-metric stage-snap-regions 40
  gap-metric stage-snap-walk-refusals 0
  gap-metric stage-snap-tuples-distinct 162
  gap-metric stage-snap-tuple-groups 8
  gap-metric stage-snap-suffix-violations 0
  gap-metric stage-color-pairs 2
  gap-metric stage-color-pairs-differing 2
  PAYLOAD 520 rows over 8 (phase,function) groups; 162 DISTINCT tuple positions (68.8% of the rows are suffix re-reads, inflation 3.21x). The nested-suffix model holds on every block, so DISTINCT is exact.
  RAW WINDOW VACUOUS — 0 pairs aligned across sched2/sched3 (2 function(s) skipped on a length mismatch, window 128B).
                   NOTHING WAS COMPARED. This says nothing about what COLOR writes.
== w9_cmp_zero_le.cpp digest=533c0fe3f42b4d0f
  SCHED+GLOBREGS fn1: sched1=13 sched2=12 DIFFERS
  SCHED+GLOBREGS fn2: sched1=13 sched2=12 DIFFERS
  SCHED+GLOBREGS fn3: sched1=11 sched2=10 DIFFERS
  SCHED+GLOBREGS fn4: sched1=10 sched2=4 DIFFERS
  SCHED+GLOBREGS fn5: sched1=11 sched2=11 IDENTICAL
  SCHED+GLOBREGS fn6: sched1=10 sched2=10 IDENTICAL
  SCHED+GLOBREGS fn7: sched1=10 sched2=10 IDENTICAL
  COLOR fn1: sched2=12 sched3=12 IDENTICAL
  COLOR fn2: sched2=12 sched3=12 IDENTICAL
  COLOR fn3: sched2=10 sched3=10 IDENTICAL
  COLOR fn4: sched2=4 sched3=4 IDENTICAL
  COLOR fn5: sched2=11 sched3=11 IDENTICAL
  COLOR fn6: sched2=10 sched3=10 IDENTICAL
  COLOR fn7: sched2=10 sched3=10 IDENTICAL
  LOWERING fn1: sched3=12 sched0=11 DIFFERS
  LOWERING fn2: sched3=12 sched0=11 DIFFERS
  LOWERING fn3: sched3=10 sched0=10 DIFFERS
  LOWERING fn4: sched3=4 sched0=9 DIFFERS
  LOWERING fn5: sched3=11 sched0=10 DIFFERS
  LOWERING fn6: sched3=10 sched0=9 DIFFERS
  LOWERING fn7: sched3=10 sched0=9 DIFFERS
  gap-metric stage-snap-tuples 285
  gap-metric stage-snap-regions 54
  gap-metric stage-snap-walk-refusals 0
  gap-metric stage-snap-tuples-distinct 181
  gap-metric stage-snap-tuple-groups 28
  gap-metric stage-snap-suffix-violations 0
  gap-metric stage-color-pairs 7
  gap-metric stage-color-pairs-differing 0
  PAYLOAD 285 rows over 28 (phase,function) groups; 181 DISTINCT tuple positions (36.5% of the rows are suffix re-reads, inflation 1.57x). The nested-suffix model holds on every block, so DISTINCT is exact.
  RAW WINDOW 128B, 69 tuple pairs aligned across sched2/sched3 (0 function(s) skipped on a length mismatch).
                   offsets COLOR writes: NONE — the allocator wrote nothing in this window
  FINDING, not a green: the pre/post-COLOR snapshots are IDENTICAL on every
                   function here. The walk is reading fields COLOR does not write — it shows THAT
                   the allocator ran, not WHAT it did.
== w9_rel_signed.cpp digest=095f0135cb31d3e4
  SCHED+GLOBREGS fn1: sched1=62 sched2=61 DIFFERS
  SCHED+GLOBREGS fn2: sched1=62 sched2=61 DIFFERS
  SCHED+GLOBREGS fn3: sched1=62 sched2=61 DIFFERS
  SCHED+GLOBREGS fn4: sched1=62 sched2=61 DIFFERS
  SCHED+GLOBREGS fn5: sched1=62 sched2=61 DIFFERS
  SCHED+GLOBREGS fn6: sched1=62 sched2=61 DIFFERS
  COLOR fn1: sched2=61 sched3=61 IDENTICAL
  COLOR fn2: sched2=61 sched3=61 IDENTICAL
  COLOR fn3: sched2=61 sched3=61 IDENTICAL
  COLOR fn4: sched2=61 sched3=61 IDENTICAL
  COLOR fn5: sched2=61 sched3=61 IDENTICAL
  COLOR fn6: sched2=61 sched3=61 IDENTICAL
  LOWERING fn1: sched3=61 sched0=34 DIFFERS
  LOWERING fn2: sched3=61 sched0=34 DIFFERS
  LOWERING fn3: sched3=61 sched0=34 DIFFERS
  LOWERING fn4: sched3=61 sched0=34 DIFFERS
  LOWERING fn5: sched3=61 sched0=34 DIFFERS
  LOWERING fn6: sched3=61 sched0=34 DIFFERS
  gap-metric stage-snap-tuples 1308
  gap-metric stage-snap-regions 120
  gap-metric stage-snap-walk-refusals 0
  gap-metric stage-snap-tuples-distinct 390
  gap-metric stage-snap-tuple-groups 24
  gap-metric stage-snap-suffix-violations 0
  gap-metric stage-color-pairs 6
  gap-metric stage-color-pairs-differing 0
  PAYLOAD 1308 rows over 24 (phase,function) groups; 390 DISTINCT tuple positions (70.2% of the rows are suffix re-reads, inflation 3.35x). The nested-suffix model holds on every block, so DISTINCT is exact.
  RAW WINDOW 128B, 366 tuple pairs aligned across sched2/sched3 (0 function(s) skipped on a length mismatch).
                   offsets COLOR writes: +0x44(77) +0x45(10) +0x46(46) +0x47(10) +0x49(72) +0x50(36) +0x51(72) +0x52(72) +0x53(72) +0x64(72) +0x65(26) +0x66(36) +0x69(36) +0x71(24) +0x79(12)
  FINDING, not a green: the pre/post-COLOR snapshots are IDENTICAL on every
                   function here. The walk is reading fields COLOR does not write — it shows THAT
                   the allocator ran, not WHAT it did.
== w9_rel_unsigned.cpp digest=eb95d8efffffea94
  SCHED+GLOBREGS fn1: sched1=62 sched2=61 DIFFERS
  SCHED+GLOBREGS fn2: sched1=62 sched2=61 DIFFERS
  SCHED+GLOBREGS fn3: sched1=62 sched2=61 DIFFERS
  SCHED+GLOBREGS fn4: sched1=62 sched2=61 DIFFERS
  SCHED+GLOBREGS fn5: sched1=62 sched2=61 DIFFERS
  SCHED+GLOBREGS fn6: sched1=62 sched2=61 DIFFERS
  COLOR fn1: sched2=61 sched3=61 IDENTICAL
  COLOR fn2: sched2=61 sched3=61 IDENTICAL
  COLOR fn3: sched2=61 sched3=61 IDENTICAL
  COLOR fn4: sched2=61 sched3=61 IDENTICAL
  COLOR fn5: sched2=61 sched3=61 IDENTICAL
  COLOR fn6: sched2=61 sched3=61 IDENTICAL
  LOWERING fn1: sched3=61 sched0=34 DIFFERS
  LOWERING fn2: sched3=61 sched0=34 DIFFERS
  LOWERING fn3: sched3=61 sched0=34 DIFFERS
  LOWERING fn4: sched3=61 sched0=34 DIFFERS
  LOWERING fn5: sched3=61 sched0=34 DIFFERS
  LOWERING fn6: sched3=61 sched0=34 DIFFERS
  gap-metric stage-snap-tuples 1308
  gap-metric stage-snap-regions 120
  gap-metric stage-snap-walk-refusals 0
  gap-metric stage-snap-tuples-distinct 390
  gap-metric stage-snap-tuple-groups 24
  gap-metric stage-snap-suffix-violations 0
  gap-metric stage-color-pairs 6
  gap-metric stage-color-pairs-differing 0
  PAYLOAD 1308 rows over 24 (phase,function) groups; 390 DISTINCT tuple positions (70.2% of the rows are suffix re-reads, inflation 3.35x). The nested-suffix model holds on every block, so DISTINCT is exact.
  RAW WINDOW 128B, 366 tuple pairs aligned across sched2/sched3 (0 function(s) skipped on a length mismatch).
                   offsets COLOR writes: +0x44(77) +0x45(10) +0x46(46) +0x47(10) +0x49(72) +0x50(36) +0x51(72) +0x52(72) +0x53(72) +0x64(72) +0x65(26) +0x66(36) +0x69(36) +0x71(24) +0x79(12)
  FINDING, not a green: the pre/post-COLOR snapshots are IDENTICAL on every
                   function here. The walk is reading fields COLOR does not write — it shows THAT
                   the allocator ran, not WHAT it did.
== wa16_bss_static_reloc.cpp digest=e88a9d49380530cf
  gap-metric stage-snap-tuples 0
  gap-metric stage-snap-regions 0
  gap-metric stage-snap-walk-refusals 0
  gap-metric stage-snap-tuples-distinct 0
  gap-metric stage-snap-tuple-groups 0
  gap-metric stage-snap-suffix-violations 0
  gap-metric stage-color-pairs 0
  gap-metric stage-color-pairs-differing 0
  RAW WINDOW VACUOUS — 0 pairs aligned across sched2/sched3 (0 function(s) skipped on a length mismatch, window 128B).
                   NOTHING WAS COMPARED. This says nothing about what COLOR writes.
== wa16_bss_two_align16.cpp digest=e88a9d49380530cf
  gap-metric stage-snap-tuples 0
  gap-metric stage-snap-regions 0
  gap-metric stage-snap-walk-refusals 0
  gap-metric stage-snap-tuples-distinct 0
  gap-metric stage-snap-tuple-groups 0
  gap-metric stage-snap-suffix-violations 0
  gap-metric stage-color-pairs 0
  gap-metric stage-color-pairs-differing 0
  RAW WINDOW VACUOUS — 0 pairs aligned across sched2/sched3 (0 function(s) skipped on a length mismatch, window 128B).
                   NOTHING WAS COMPARED. This says nothing about what COLOR writes.
== wa16_data_align16.cpp digest=e88a9d49380530cf
  gap-metric stage-snap-tuples 0
  gap-metric stage-snap-regions 0
  gap-metric stage-snap-walk-refusals 0
  gap-metric stage-snap-tuples-distinct 0
  gap-metric stage-snap-tuple-groups 0
  gap-metric stage-snap-suffix-violations 0
  gap-metric stage-color-pairs 0
  gap-metric stage-color-pairs-differing 0
  RAW WINDOW VACUOUS — 0 pairs aligned across sched2/sched3 (0 function(s) skipped on a length mismatch, window 128B).
                   NOTHING WAS COMPARED. This says nothing about what COLOR writes.
== wa16_data_align32.cpp digest=e88a9d49380530cf
  gap-metric stage-snap-tuples 0
  gap-metric stage-snap-regions 0
  gap-metric stage-snap-walk-refusals 0
  gap-metric stage-snap-tuples-distinct 0
  gap-metric stage-snap-tuple-groups 0
  gap-metric stage-snap-suffix-violations 0
  gap-metric stage-color-pairs 0
  gap-metric stage-color-pairs-differing 0
  RAW WINDOW VACUOUS — 0 pairs aligned across sched2/sched3 (0 function(s) skipped on a length mismatch, window 128B).
                   NOTHING WAS COMPARED. This says nothing about what COLOR writes.
== wa16_data_scalar_align16.cpp digest=e88a9d49380530cf
  gap-metric stage-snap-tuples 0
  gap-metric stage-snap-regions 0
  gap-metric stage-snap-walk-refusals 0
  gap-metric stage-snap-tuples-distinct 0
  gap-metric stage-snap-tuple-groups 0
  gap-metric stage-snap-suffix-violations 0
  gap-metric stage-color-pairs 0
  gap-metric stage-color-pairs-differing 0
  RAW WINDOW VACUOUS — 0 pairs aligned across sched2/sched3 (0 function(s) skipped on a length mismatch, window 128B).
                   NOTHING WAS COMPARED. This says nothing about what COLOR writes.
== wa16_dyninit_plain_align16.cpp digest=e9afa20009f4ff41
  SCHED+GLOBREGS fn1: sched1=14 sched2=14 DIFFERS
  COLOR fn1: sched2=14 sched3=14 DIFFERS
  LOWERING fn1: sched3=14 sched0=12 DIFFERS
  gap-metric stage-snap-tuples 54
  gap-metric stage-snap-regions 8
  gap-metric stage-snap-walk-refusals 0
  gap-metric stage-snap-tuples-distinct 39
  gap-metric stage-snap-tuple-groups 4
  gap-metric stage-snap-suffix-violations 0
  gap-metric stage-color-pairs 1
  gap-metric stage-color-pairs-differing 1
  PAYLOAD 54 rows over 4 (phase,function) groups; 39 DISTINCT tuple positions (27.8% of the rows are suffix re-reads, inflation 1.38x). The nested-suffix model holds on every block, so DISTINCT is exact.
  RAW WINDOW 128B, 14 tuple pairs aligned across sched2/sched3 (0 function(s) skipped on a length mismatch).
                   offsets COLOR writes: +0x0(4) +0x1(2) +0x4(2) +0x10(4) +0x11(2) +0x28(2) +0x29(2) +0x2c(2) +0x2d(4) +0x34(3) +0x35(4) +0x44(2) +0x45(1) +0x48(2) +0x4c(2) +0x4d(2) +0x50(2) +0x51(2) +0x54(2) +0x55(4) +0x56(4) +0x57(4) +0x58(6) +0x59(1) +0x5c(2) +0x5d(2) +0x5f(2) +0x64(2) +0x65(4) +0x66(4) +0x67(4) +0x68(4) +0x6c(2) +0x6d(4) +0x6e(4) +0x6f(4) +0x74(2) +0x75(4) +0x76(4) +0x77(4) +0x78(4) +0x79(2) +0x7c(4) +0x7d(4) +0x7e(2) +0x7f(4)
== wadjust_obj_recv.cpp digest=b66c85b3351c3b44
  SCHED+GLOBREGS fn1: sched1=11 sched2=11 IDENTICAL
  SCHED+GLOBREGS fn2: sched1=13 sched2=13 IDENTICAL
  SCHED+GLOBREGS fn3: sched1=11 sched2=11 IDENTICAL
  SCHED+GLOBREGS fn4: sched1=12 sched2=12 DIFFERS
  SCHED+GLOBREGS fn5: sched1=12 sched2=12 DIFFERS
  SCHED+GLOBREGS fn6: sched1=13 sched2=13 DIFFERS
  SCHED+GLOBREGS fn7: sched1=14 sched2=14 DIFFERS
  SCHED+GLOBREGS fn8: sched1=14 sched2=14 DIFFERS
  SCHED+GLOBREGS fn9: sched1=12 sched2=12 DIFFERS
  SCHED+GLOBREGS fn10: sched1=12 sched2=12 DIFFERS
  SCHED+GLOBREGS fn11: sched1=13 sched2=13 DIFFERS
  SCHED+GLOBREGS fn12: sched1=14 sched2=14 DIFFERS
  SCHED+GLOBREGS fn13: sched1=13 sched2=13 IDENTICAL
  SCHED+GLOBREGS fn14: sched1=14 sched2=14 DIFFERS
  SCHED+GLOBREGS fn15: sched1=12 sched2=12 DIFFERS
  SCHED+GLOBREGS fn16: sched1=12 sched2=12 DIFFERS
  SCHED+GLOBREGS fn17: sched1=12 sched2=12 DIFFERS
  SCHED+GLOBREGS fn18: sched1=13 sched2=13 DIFFERS
  SCHED+GLOBREGS fn19: sched1=11 sched2=11 IDENTICAL
  SCHED+GLOBREGS fn20: sched1=11 sched2=11 IDENTICAL
  SCHED+GLOBREGS fn21: sched1=12 sched2=11 DIFFERS
  COLOR fn1: sched2=11 sched3=11 IDENTICAL
  COLOR fn2: sched2=13 sched3=13 IDENTICAL
  COLOR fn3: sched2=11 sched3=11 IDENTICAL
  COLOR fn4: sched2=12 sched3=12 DIFFERS
  COLOR fn5: sched2=12 sched3=12 DIFFERS
  COLOR fn6: sched2=13 sched3=13 DIFFERS
  COLOR fn7: sched2=14 sched3=14 DIFFERS
  COLOR fn8: sched2=14 sched3=14 DIFFERS
  COLOR fn9: sched2=12 sched3=12 DIFFERS
  COLOR fn10: sched2=12 sched3=12 DIFFERS
  COLOR fn11: sched2=13 sched3=13 DIFFERS
  COLOR fn12: sched2=14 sched3=14 DIFFERS
  COLOR fn13: sched2=13 sched3=13 IDENTICAL
  COLOR fn14: sched2=14 sched3=14 DIFFERS
  COLOR fn15: sched2=12 sched3=12 DIFFERS
  COLOR fn16: sched2=12 sched3=12 DIFFERS
  COLOR fn17: sched2=12 sched3=12 DIFFERS
  COLOR fn18: sched2=13 sched3=13 DIFFERS
  COLOR fn19: sched2=11 sched3=11 IDENTICAL
  COLOR fn20: sched2=11 sched3=11 IDENTICAL
  COLOR fn21: sched2=11 sched3=11 IDENTICAL
  LOWERING fn1: sched3=11 sched0=9 DIFFERS
  LOWERING fn2: sched3=13 sched0=9 DIFFERS
  LOWERING fn3: sched3=11 sched0=9 DIFFERS
  LOWERING fn4: sched3=12 sched0=10 DIFFERS
  LOWERING fn5: sched3=12 sched0=10 DIFFERS
  LOWERING fn6: sched3=13 sched0=11 DIFFERS
  LOWERING fn7: sched3=14 sched0=12 DIFFERS
  LOWERING fn8: sched3=14 sched0=10 DIFFERS
  LOWERING fn9: sched3=12 sched0=9 DIFFERS
  LOWERING fn10: sched3=12 sched0=9 DIFFERS
  LOWERING fn11: sched3=13 sched0=9 DIFFERS
  LOWERING fn12: sched3=14 sched0=9 DIFFERS
  LOWERING fn13: sched3=13 sched0=9 DIFFERS
  LOWERING fn14: sched3=14 sched0=9 DIFFERS
  LOWERING fn15: sched3=12 sched0=9 DIFFERS
  LOWERING fn16: sched3=12 sched0=10 DIFFERS
  LOWERING fn17: sched3=12 sched0=9 DIFFERS
  LOWERING fn18: sched3=13 sched0=9 DIFFERS
  LOWERING fn19: sched3=11 sched0=9 DIFFERS
  LOWERING fn20: sched3=11 sched0=9 DIFFERS
  LOWERING fn21: sched3=11 sched0=16 DIFFERS
  gap-metric stage-snap-tuples 986
  gap-metric stage-snap-regions 168
  gap-metric stage-snap-walk-refusals 0
  gap-metric stage-snap-tuples-distinct 667
  gap-metric stage-snap-tuple-groups 84
  gap-metric stage-snap-suffix-violations 0
  gap-metric stage-color-pairs 21
  gap-metric stage-color-pairs-differing 14
  PAYLOAD 986 rows over 84 (phase,function) groups; 667 DISTINCT tuple positions (32.4% of the rows are suffix re-reads, inflation 1.48x). The nested-suffix model holds on every block, so DISTINCT is exact.
  RAW WINDOW 128B, 260 tuple pairs aligned across sched2/sched3 (0 function(s) skipped on a length mismatch).
                   offsets COLOR writes: +0x0(48) +0x1(50) +0x2(8) +0x4(56) +0x10(48) +0x11(50) +0x12(8) +0x28(56) +0x29(52) +0x2a(14) +0x2c(46) +0x2d(44) +0x34(36) +0x35(46) +0x36(26) +0x37(20) +0x38(6) +0x3c(6) +0x3e(2) +0x3f(2) +0x44(38) +0x45(2) +0x46(18) +0x48(4) +0x4c(20) +0x4d(34) +0x4e(8) +0x4f(8) +0x50(32) +0x51(48) +0x52(44) +0x53(42) +0x54(71) +0x55(61) +0x56(44) +0x57(40) +0x58(61) +0x59(16) +0x5a(1) +0x5c(34) +0x5d(22) +0x5e(28) +0x5f(24) +0x60(4) +0x61(4) +0x64(62) +0x65(63) +0x66(50) +0x67(44) +0x68(57) +0x69(15) +0x6c(52) +0x6d(42) +0x6e(44) +0x6f(44) +0x70(6) +0x71(6) +0x72(4) +0x73(4) +0x74(34) +0x75(48) +0x76(48) +0x77(48) +0x78(64) +0x79(34) +0x7c(44) +0x7d(36) +0x7e(38) +0x7f(42)
== wadjust_obj_recv_neg.cpp digest=f26e088afccbfd60
  SCHED+GLOBREGS fn1: sched1=12 sched2=11 DIFFERS
  SCHED+GLOBREGS fn2: sched1=13 sched2=13 DIFFERS
  SCHED+GLOBREGS fn3: sched1=12 sched2=11 DIFFERS
  SCHED+GLOBREGS fn4: sched1=11 sched2=11 IDENTICAL
  SCHED+GLOBREGS fn5: sched1=11 sched2=11 IDENTICAL
  SCHED+GLOBREGS fn6: sched1=12 sched2=12 IDENTICAL
  SCHED+GLOBREGS fn7: sched1=12 sched2=12 IDENTICAL
  SCHED+GLOBREGS fn8: sched1=13 sched2=13 IDENTICAL
  SCHED+GLOBREGS fn9: sched1=13 sched2=13 IDENTICAL
  SCHED+GLOBREGS fn10: sched1=13 sched2=13 IDENTICAL
  SCHED+GLOBREGS fn11: sched1=15 sched2=15 DIFFERS
  COLOR fn1: sched2=11 sched3=11 IDENTICAL
  COLOR fn2: sched2=13 sched3=13 DIFFERS
  COLOR fn3: sched2=11 sched3=11 IDENTICAL
  COLOR fn4: sched2=11 sched3=11 IDENTICAL
  COLOR fn5: sched2=11 sched3=11 IDENTICAL
  COLOR fn6: sched2=12 sched3=12 IDENTICAL
  COLOR fn7: sched2=12 sched3=12 IDENTICAL
  COLOR fn8: sched2=13 sched3=13 DIFFERS
  COLOR fn9: sched2=13 sched3=13 IDENTICAL
  COLOR fn10: sched2=13 sched3=13 IDENTICAL
  COLOR fn11: sched2=15 sched3=15 IDENTICAL
  LOWERING fn1: sched3=11 sched0=10 DIFFERS
  LOWERING fn2: sched3=13 sched0=12 DIFFERS
  LOWERING fn3: sched3=11 sched0=10 DIFFERS
  LOWERING fn4: sched3=11 sched0=9 DIFFERS
  LOWERING fn5: sched3=11 sched0=9 DIFFERS
  LOWERING fn6: sched3=12 sched0=10 DIFFERS
  LOWERING fn7: sched3=12 sched0=10 DIFFERS
  LOWERING fn8: sched3=13 sched0=11 DIFFERS
  LOWERING fn9: sched3=13 sched0=18 DIFFERS
  LOWERING fn10: sched3=13 sched0=18 DIFFERS
  LOWERING fn11: sched3=15 sched0=23 DIFFERS
  gap-metric stage-snap-tuples 547
  gap-metric stage-snap-regions 88
  gap-metric stage-snap-walk-refusals 0
  gap-metric stage-snap-tuples-distinct 369
  gap-metric stage-snap-tuple-groups 44
  gap-metric stage-snap-suffix-violations 0
  gap-metric stage-color-pairs 11
  gap-metric stage-color-pairs-differing 2
  PAYLOAD 547 rows over 44 (phase,function) groups; 369 DISTINCT tuple positions (32.5% of the rows are suffix re-reads, inflation 1.48x). The nested-suffix model holds on every block, so DISTINCT is exact.
  RAW WINDOW 128B, 135 tuple pairs aligned across sched2/sched3 (0 function(s) skipped on a length mismatch).
                   offsets COLOR writes: +0x0(8) +0x1(6) +0x4(6) +0x10(8) +0x11(6) +0x28(6) +0x29(2) +0x2c(8) +0x2d(6) +0x2e(4) +0x34(7) +0x35(8) +0x36(2) +0x44(2) +0x45(1) +0x48(4) +0x49(3) +0x4c(8) +0x4d(6) +0x4e(2) +0x50(4) +0x51(10) +0x52(2) +0x53(2) +0x54(10) +0x55(7) +0x56(8) +0x57(8) +0x58(10) +0x59(4) +0x5c(6) +0x5d(2) +0x5e(2) +0x5f(2) +0x64(9) +0x65(8) +0x66(8) +0x67(8) +0x68(8) +0x69(2) +0x6c(6) +0x6d(6) +0x6e(8) +0x6f(8) +0x74(8) +0x75(6) +0x76(8) +0x77(8) +0x78(10) +0x79(4) +0x7c(6) +0x7d(4) +0x7e(6) +0x7f(6)
== wae_assign_dst.cpp digest=1e0a64c0f91bc76b
  SCHED+GLOBREGS fn1: sched1=10 sched2=4 DIFFERS
  SCHED+GLOBREGS fn2: sched1=10 sched2=10 IDENTICAL
  SCHED+GLOBREGS fn3: sched1=10 sched2=10 IDENTICAL
  SCHED+GLOBREGS fn4: sched1=10 sched2=10 IDENTICAL
  SCHED+GLOBREGS fn5: sched1=10 sched2=10 IDENTICAL
  COLOR fn1: sched2=4 sched3=4 IDENTICAL
  COLOR fn2: sched2=10 sched3=4 DIFFERS
  COLOR fn3: sched2=10 sched3=4 DIFFERS
  COLOR fn4: sched2=10 sched3=4 DIFFERS
  COLOR fn5: sched2=10 sched3=10 IDENTICAL
  LOWERING fn1: sched3=4 sched0=4 DIFFERS
  LOWERING fn2: sched3=4 sched0=9 DIFFERS
  LOWERING fn3: sched3=4 sched0=9 DIFFERS
  LOWERING fn4: sched3=4 sched0=9 DIFFERS
  LOWERING fn5: sched3=10 sched0=9 DIFFERS
  gap-metric stage-snap-tuples 160
  gap-metric stage-snap-regions 34
  gap-metric stage-snap-walk-refusals 0
  gap-metric stage-snap-tuples-distinct 104
  gap-metric stage-snap-tuple-groups 20
  gap-metric stage-snap-suffix-violations 0
  gap-metric stage-color-pairs 5
  gap-metric stage-color-pairs-differing 3
  PAYLOAD 160 rows over 20 (phase,function) groups; 104 DISTINCT tuple positions (35.0% of the rows are suffix re-reads, inflation 1.54x). The nested-suffix model holds on every block, so DISTINCT is exact.
  RAW WINDOW 128B, 14 tuple pairs aligned across sched2/sched3 (3 function(s) skipped on a length mismatch).
                   offsets COLOR writes: NONE — the allocator wrote nothing in this window
== wae_assign_dst_neg.cpp digest=954b42283fe86e28
  SCHED+GLOBREGS fn1: sched1=11 sched2=13 DIFFERS
  SCHED+GLOBREGS fn2: sched1=11 sched2=13 DIFFERS
  SCHED+GLOBREGS fn3: sched1=10 sched2=4 DIFFERS
  SCHED+GLOBREGS fn4: sched1=11 sched2=11 IDENTICAL
  SCHED+GLOBREGS fn5: sched1=11 sched2=13 DIFFERS
  SCHED+GLOBREGS fn6: sched1=13 sched2=14 DIFFERS
  COLOR fn1: sched2=13 sched3=12 DIFFERS
  COLOR fn2: sched2=13 sched3=12 DIFFERS
  COLOR fn3: sched2=4 sched3=4 IDENTICAL
  COLOR fn4: sched2=11 sched3=11 IDENTICAL
  COLOR fn5: sched2=13 sched3=12 DIFFERS
  COLOR fn6: sched2=14 sched3=14 IDENTICAL
  LOWERING fn1: sched3=12 sched0=10 DIFFERS
  LOWERING fn2: sched3=12 sched0=10 DIFFERS
  LOWERING fn3: sched3=4 sched0=4 DIFFERS
  LOWERING fn4: sched3=11 sched0=9 DIFFERS
  LOWERING fn5: sched3=12 sched0=10 DIFFERS
  LOWERING fn6: sched3=14 sched0=17 DIFFERS
  gap-metric stage-snap-tuples 260
  gap-metric stage-snap-regions 45
  gap-metric stage-snap-walk-refusals 0
  gap-metric stage-snap-tuples-distinct 173
  gap-metric stage-snap-tuple-groups 24
  gap-metric stage-snap-suffix-violations 0
  gap-metric stage-color-pairs 6
  gap-metric stage-color-pairs-differing 3
  PAYLOAD 260 rows over 24 (phase,function) groups; 173 DISTINCT tuple positions (33.5% of the rows are suffix re-reads, inflation 1.50x). The nested-suffix model holds on every block, so DISTINCT is exact.
  RAW WINDOW 128B, 29 tuple pairs aligned across sched2/sched3 (3 function(s) skipped on a length mismatch).
                   offsets COLOR writes: +0x3d(2) +0x7d(1)
== walign_data_declalign8.cpp digest=e88a9d49380530cf
  gap-metric stage-snap-tuples 0
  gap-metric stage-snap-regions 0
  gap-metric stage-snap-walk-refusals 0
  gap-metric stage-snap-tuples-distinct 0
  gap-metric stage-snap-tuple-groups 0
  gap-metric stage-snap-suffix-violations 0
  gap-metric stage-color-pairs 0
  gap-metric stage-color-pairs-differing 0
  RAW WINDOW VACUOUS — 0 pairs aligned across sched2/sched3 (0 function(s) skipped on a length mismatch, window 128B).
                   NOTHING WAS COMPARED. This says nothing about what COLOR writes.
== walign_data_poly_object.cpp digest=2bc8c4d3f590f1d5
  SCHED+GLOBREGS fn1: sched1=13 sched2=13 IDENTICAL
  COLOR fn1: sched2=13 sched3=13 IDENTICAL
  LOWERING fn1: sched3=13 sched0=11 DIFFERS
  gap-metric stage-snap-tuples 50
  gap-metric stage-snap-regions 8
  gap-metric stage-snap-walk-refusals 0
  gap-metric stage-snap-tuples-distinct 34
  gap-metric stage-snap-tuple-groups 4
  gap-metric stage-snap-suffix-violations 0
  gap-metric stage-color-pairs 1
  gap-metric stage-color-pairs-differing 0
  PAYLOAD 50 rows over 4 (phase,function) groups; 34 DISTINCT tuple positions (32.0% of the rows are suffix re-reads, inflation 1.47x). The nested-suffix model holds on every block, so DISTINCT is exact.
  RAW WINDOW 128B, 13 tuple pairs aligned across sched2/sched3 (0 function(s) skipped on a length mismatch).
                   offsets COLOR writes: NONE — the allocator wrote nothing in this window
  FINDING, not a green: the pre/post-COLOR snapshots are IDENTICAL on every
                   function here. The walk is reading fields COLOR does not write — it shows THAT
                   the allocator ran, not WHAT it did.
== walign_dyninit_align16.cpp digest=e9afa20009f4ff41
  SCHED+GLOBREGS fn1: sched1=14 sched2=14 DIFFERS
  COLOR fn1: sched2=14 sched3=14 DIFFERS
  LOWERING fn1: sched3=14 sched0=12 DIFFERS
  gap-metric stage-snap-tuples 54
  gap-metric stage-snap-regions 8
  gap-metric stage-snap-walk-refusals 0
  gap-metric stage-snap-tuples-distinct 39
  gap-metric stage-snap-tuple-groups 4
  gap-metric stage-snap-suffix-violations 0
  gap-metric stage-color-pairs 1
  gap-metric stage-color-pairs-differing 1
  PAYLOAD 54 rows over 4 (phase,function) groups; 39 DISTINCT tuple positions (27.8% of the rows are suffix re-reads, inflation 1.38x). The nested-suffix model holds on every block, so DISTINCT is exact.
  RAW WINDOW 128B, 14 tuple pairs aligned across sched2/sched3 (0 function(s) skipped on a length mismatch).
                   offsets COLOR writes: +0x0(4) +0x1(2) +0x4(2) +0x10(4) +0x11(2) +0x28(2) +0x29(2) +0x2c(2) +0x2d(4) +0x34(3) +0x35(4) +0x44(2) +0x45(1) +0x48(2) +0x4c(2) +0x4d(2) +0x50(2) +0x51(2) +0x54(2) +0x55(4) +0x56(4) +0x57(4) +0x58(6) +0x59(1) +0x5c(2) +0x5d(2) +0x5f(2) +0x64(2) +0x65(4) +0x66(4) +0x67(4) +0x68(4) +0x6c(2) +0x6d(4) +0x6e(4) +0x6f(4) +0x74(2) +0x75(4) +0x76(4) +0x77(4) +0x78(4) +0x79(2) +0x7c(4) +0x7d(4) +0x7e(2) +0x7f(4)
== walign_dyninit_poly.cpp digest=e9afa20009f4ff41
  SCHED+GLOBREGS fn1: sched1=14 sched2=14 DIFFERS
  COLOR fn1: sched2=14 sched3=14 DIFFERS
  LOWERING fn1: sched3=14 sched0=12 DIFFERS
  gap-metric stage-snap-tuples 54
  gap-metric stage-snap-regions 8
  gap-metric stage-snap-walk-refusals 0
  gap-metric stage-snap-tuples-distinct 39
  gap-metric stage-snap-tuple-groups 4
  gap-metric stage-snap-suffix-violations 0
  gap-metric stage-color-pairs 1
  gap-metric stage-color-pairs-differing 1
  PAYLOAD 54 rows over 4 (phase,function) groups; 39 DISTINCT tuple positions (27.8% of the rows are suffix re-reads, inflation 1.38x). The nested-suffix model holds on every block, so DISTINCT is exact.
  RAW WINDOW 128B, 14 tuple pairs aligned across sched2/sched3 (0 function(s) skipped on a length mismatch).
                   offsets COLOR writes: +0x0(4) +0x1(2) +0x4(2) +0x10(4) +0x11(2) +0x28(2) +0x29(2) +0x2c(2) +0x2d(4) +0x34(3) +0x35(4) +0x44(2) +0x45(1) +0x48(2) +0x4c(2) +0x4d(2) +0x50(2) +0x51(2) +0x54(2) +0x55(4) +0x56(4) +0x57(4) +0x58(6) +0x59(1) +0x5c(2) +0x5d(2) +0x5f(2) +0x64(2) +0x65(4) +0x66(4) +0x67(4) +0x68(4) +0x6c(2) +0x6d(4) +0x6e(4) +0x6f(4) +0x74(2) +0x75(4) +0x76(4) +0x77(4) +0x78(4) +0x79(2) +0x7c(4) +0x7d(4) +0x7e(2) +0x7f(4)
== walign_dyninit_poly_double.cpp digest=e9afa20009f4ff41
  SCHED+GLOBREGS fn1: sched1=14 sched2=14 DIFFERS
  COLOR fn1: sched2=14 sched3=14 DIFFERS
  LOWERING fn1: sched3=14 sched0=12 DIFFERS
  gap-metric stage-snap-tuples 54
  gap-metric stage-snap-regions 8
  gap-metric stage-snap-walk-refusals 0
  gap-metric stage-snap-tuples-distinct 39
  gap-metric stage-snap-tuple-groups 4
  gap-metric stage-snap-suffix-violations 0
  gap-metric stage-color-pairs 1
  gap-metric stage-color-pairs-differing 1
  PAYLOAD 54 rows over 4 (phase,function) groups; 39 DISTINCT tuple positions (27.8% of the rows are suffix re-reads, inflation 1.38x). The nested-suffix model holds on every block, so DISTINCT is exact.
  RAW WINDOW 128B, 14 tuple pairs aligned across sched2/sched3 (0 function(s) skipped on a length mismatch).
                   offsets COLOR writes: +0x0(4) +0x1(2) +0x4(2) +0x10(4) +0x11(2) +0x28(2) +0x29(2) +0x2c(2) +0x2d(4) +0x34(3) +0x35(4) +0x44(2) +0x45(1) +0x48(2) +0x4c(2) +0x4d(2) +0x50(2) +0x51(2) +0x54(2) +0x55(4) +0x56(4) +0x57(4) +0x58(6) +0x59(1) +0x5c(2) +0x5d(2) +0x5f(2) +0x64(2) +0x65(4) +0x66(4) +0x67(4) +0x68(4) +0x6c(2) +0x6d(4) +0x6e(4) +0x6f(4) +0x74(2) +0x75(4) +0x76(4) +0x77(4) +0x78(4) +0x79(2) +0x7c(4) +0x7d(4) +0x7e(2) +0x7f(4)
== wbdnz_ctr.cpp digest=b0bfcb1a119a1d87
  SCHED+GLOBREGS fn1: sched1=67 sched2=67 DIFFERS
  SCHED+GLOBREGS fn2: sched1=67 sched2=67 DIFFERS
  SCHED+GLOBREGS fn3: sched1=67 sched2=67 DIFFERS
  SCHED+GLOBREGS fn4: sched1=67 sched2=67 DIFFERS
  SCHED+GLOBREGS fn5: sched1=67 sched2=67 DIFFERS
  SCHED+GLOBREGS fn6: sched1=67 sched2=67 DIFFERS
  SCHED+GLOBREGS fn7: sched1=67 sched2=67 DIFFERS
  SCHED+GLOBREGS fn8: sched1=67 sched2=67 DIFFERS
  SCHED+GLOBREGS fn9: sched1=67 sched2=67 DIFFERS
  SCHED+GLOBREGS fn10: sched1=67 sched2=67 DIFFERS
  SCHED+GLOBREGS fn11: sched1=67 sched2=67 DIFFERS
  SCHED+GLOBREGS fn12: sched1=67 sched2=67 DIFFERS
  SCHED+GLOBREGS fn13: sched1=67 sched2=67 DIFFERS
  SCHED+GLOBREGS fn14: sched1=67 sched2=67 DIFFERS
  SCHED+GLOBREGS fn15: sched1=67 sched2=67 DIFFERS
  SCHED+GLOBREGS fn16: sched1=67 sched2=67 DIFFERS
  SCHED+GLOBREGS fn17: sched1=67 sched2=67 DIFFERS
  SCHED+GLOBREGS fn18: sched1=67 sched2=67 DIFFERS
  SCHED+GLOBREGS fn19: sched1=67 sched2=67 DIFFERS
  SCHED+GLOBREGS fn20: sched1=67 sched2=67 DIFFERS
  COLOR fn1: sched2=67 sched3=67 IDENTICAL
  COLOR fn2: sched2=67 sched3=67 IDENTICAL
  COLOR fn3: sched2=67 sched3=67 IDENTICAL
  COLOR fn4: sched2=67 sched3=67 IDENTICAL
  COLOR fn5: sched2=67 sched3=67 IDENTICAL
  COLOR fn6: sched2=67 sched3=67 IDENTICAL
  COLOR fn7: sched2=67 sched3=67 IDENTICAL
  COLOR fn8: sched2=67 sched3=67 IDENTICAL
  COLOR fn9: sched2=67 sched3=67 IDENTICAL
  COLOR fn10: sched2=67 sched3=67 IDENTICAL
  COLOR fn11: sched2=67 sched3=67 IDENTICAL
  COLOR fn12: sched2=67 sched3=67 IDENTICAL
  COLOR fn13: sched2=67 sched3=67 IDENTICAL
  COLOR fn14: sched2=67 sched3=67 IDENTICAL
  COLOR fn15: sched2=67 sched3=67 IDENTICAL
  COLOR fn16: sched2=67 sched3=67 IDENTICAL
  COLOR fn17: sched2=67 sched3=67 IDENTICAL
  COLOR fn18: sched2=67 sched3=67 IDENTICAL
  COLOR fn19: sched2=67 sched3=67 IDENTICAL
  COLOR fn20: sched2=67 sched3=67 IDENTICAL
  LOWERING fn1: sched3=67 sched0=38 DIFFERS
  LOWERING fn2: sched3=67 sched0=38 DIFFERS
  LOWERING fn3: sched3=67 sched0=38 DIFFERS
  LOWERING fn4: sched3=67 sched0=38 DIFFERS
  LOWERING fn5: sched3=67 sched0=38 DIFFERS
  LOWERING fn6: sched3=67 sched0=38 DIFFERS
  LOWERING fn7: sched3=67 sched0=38 DIFFERS
  LOWERING fn8: sched3=67 sched0=38 DIFFERS
  LOWERING fn9: sched3=67 sched0=38 DIFFERS
  LOWERING fn10: sched3=67 sched0=38 DIFFERS
  LOWERING fn11: sched3=67 sched0=38 DIFFERS
  LOWERING fn12: sched3=67 sched0=38 DIFFERS
  LOWERING fn13: sched3=67 sched0=38 DIFFERS
  LOWERING fn14: sched3=67 sched0=38 DIFFERS
  LOWERING fn15: sched3=67 sched0=38 DIFFERS
  LOWERING fn16: sched3=67 sched0=38 DIFFERS
  LOWERING fn17: sched3=67 sched0=38 DIFFERS
  LOWERING fn18: sched3=67 sched0=38 DIFFERS
  LOWERING fn19: sched3=67 sched0=38 DIFFERS
  LOWERING fn20: sched3=67 sched0=38 DIFFERS
  gap-metric stage-snap-tuples 4780
  gap-metric stage-snap-regions 460
  gap-metric stage-snap-walk-refusals 0
  gap-metric stage-snap-tuples-distinct 1460
  gap-metric stage-snap-tuple-groups 80
  gap-metric stage-snap-suffix-violations 0
  gap-metric stage-color-pairs 20
  gap-metric stage-color-pairs-differing 0
  PAYLOAD 4780 rows over 80 (phase,function) groups; 1460 DISTINCT tuple positions (69.5% of the rows are suffix re-reads, inflation 3.27x). The nested-suffix model holds on every block, so DISTINCT is exact.
  RAW WINDOW 128B, 1340 tuple pairs aligned across sched2/sched3 (0 function(s) skipped on a length mismatch).
                   offsets COLOR writes: +0x3d(24) +0x44(36) +0x45(48) +0x46(48) +0x47(48) +0x64(12) +0x65(24) +0x66(24) +0x67(24) +0x69(12) +0x70(118) +0x71(124) +0x72(124) +0x73(124) +0x78(6) +0x79(6) +0x7a(6) +0x7b(6)
  FINDING, not a green: the pre/post-COLOR snapshots are IDENTICAL on every
                   function here. The walk is reading fields COLOR does not write — it shows THAT
                   the allocator ran, not WHAT it did.
== wbdnz_ctr_neg.cpp digest=96b3c0bc72dc69d6
  SCHED+GLOBREGS fn1: sched1=85 sched2=85 IDENTICAL
  SCHED+GLOBREGS fn2: sched1=106 sched2=106 DIFFERS
  SCHED+GLOBREGS fn3: sched1=69 sched2=68 DIFFERS
  SCHED+GLOBREGS fn4: sched1=71 sched2=71 IDENTICAL
  SCHED+GLOBREGS fn5: sched1=68 sched2=68 DIFFERS
  SCHED+GLOBREGS fn6: sched1=71 sched2=70 DIFFERS
  SCHED+GLOBREGS fn7: sched1=71 sched2=71 DIFFERS
  SCHED+GLOBREGS fn8: sched1=77 sched2=77 DIFFERS
  SCHED+GLOBREGS fn9: sched1=174 sched2=174 DIFFERS
  SCHED+GLOBREGS fn10: sched1=67 sched2=67 DIFFERS
  SCHED+GLOBREGS fn11: sched1=67 sched2=67 DIFFERS
  SCHED+GLOBREGS fn12: sched1=67 sched2=67 DIFFERS
  SCHED+GLOBREGS fn13: sched1=33 sched2=33 IDENTICAL
  SCHED+GLOBREGS fn14: sched1=82 sched2=79 DIFFERS
  SCHED+GLOBREGS fn15: sched1=67 sched2=67 DIFFERS
  SCHED+GLOBREGS fn16: sched1=67 sched2=67 DIFFERS
  SCHED+GLOBREGS fn17: sched1=67 sched2=67 DIFFERS
  SCHED+GLOBREGS fn18: sched1=67 sched2=67 DIFFERS
  SCHED+GLOBREGS fn19: sched1=67 sched2=67 IDENTICAL
  SCHED+GLOBREGS fn20: sched1=67 sched2=67 IDENTICAL
  SCHED+GLOBREGS fn21: sched1=67 sched2=67 DIFFERS
  SCHED+GLOBREGS fn22: sched1=67 sched2=67 DIFFERS
  SCHED+GLOBREGS fn23: sched1=41 sched2=41 DIFFERS
  COLOR fn1: sched2=85 sched3=85 IDENTICAL
  COLOR fn2: sched2=106 sched3=106 IDENTICAL
  COLOR fn3: sched2=68 sched3=68 IDENTICAL
  COLOR fn4: sched2=71 sched3=71 IDENTICAL
  COLOR fn5: sched2=68 sched3=68 IDENTICAL
  COLOR fn6: sched2=70 sched3=70 DIFFERS
  COLOR fn7: sched2=71 sched3=71 IDENTICAL
  COLOR fn8: sched2=77 sched3=77 IDENTICAL
  COLOR fn9: sched2=174 sched3=174 IDENTICAL
  COLOR fn10: sched2=67 sched3=67 IDENTICAL
  COLOR fn11: sched2=67 sched3=67 IDENTICAL
  COLOR fn12: sched2=67 sched3=67 IDENTICAL
  COLOR fn13: sched2=33 sched3=33 IDENTICAL
  COLOR fn14: sched2=79 sched3=79 IDENTICAL
  COLOR fn15: sched2=67 sched3=68 DIFFERS
  COLOR fn16: sched2=67 sched3=67 IDENTICAL
  COLOR fn17: sched2=67 sched3=67 IDENTICAL
  COLOR fn18: sched2=67 sched3=67 IDENTICAL
  COLOR fn19: sched2=67 sched3=67 IDENTICAL
  COLOR fn20: sched2=67 sched3=67 IDENTICAL
  COLOR fn21: sched2=67 sched3=67 IDENTICAL
  COLOR fn22: sched2=67 sched3=67 IDENTICAL
  COLOR fn23: sched2=41 sched3=41 IDENTICAL
  LOWERING fn1: sched3=85 sched0=66 DIFFERS
  LOWERING fn2: sched3=106 sched0=61 DIFFERS
  LOWERING fn3: sched3=68 sched0=43 DIFFERS
  LOWERING fn4: sched3=71 sched0=44 DIFFERS
  LOWERING fn5: sched3=68 sched0=51 DIFFERS
  LOWERING fn6: sched3=70 sched0=44 DIFFERS
  LOWERING fn7: sched3=71 sched0=42 DIFFERS
  LOWERING fn8: sched3=77 sched0=62 DIFFERS
  LOWERING fn9: sched3=174 sched0=94 DIFFERS
  LOWERING fn10: sched3=67 sched0=46 DIFFERS
  LOWERING fn11: sched3=67 sched0=46 DIFFERS
  LOWERING fn12: sched3=67 sched0=38 DIFFERS
  LOWERING fn13: sched3=33 sched0=20 DIFFERS
  LOWERING fn14: sched3=79 sched0=61 DIFFERS
  LOWERING fn15: sched3=68 sched0=39 DIFFERS
  LOWERING fn16: sched3=67 sched0=38 DIFFERS
  LOWERING fn17: sched3=67 sched0=38 DIFFERS
  LOWERING fn18: sched3=67 sched0=38 DIFFERS
  LOWERING fn19: sched3=67 sched0=40 DIFFERS
  LOWERING fn20: sched3=67 sched0=40 DIFFERS
  LOWERING fn21: sched3=67 sched0=38 DIFFERS
  LOWERING fn22: sched3=67 sched0=38 DIFFERS
  LOWERING fn23: sched3=41 sched0=30 DIFFERS
  gap-metric stage-snap-tuples 6103
  gap-metric stage-snap-regions 548
  gap-metric stage-snap-walk-refusals 0
  gap-metric stage-snap-tuples-distinct 1786
  gap-metric stage-snap-tuple-groups 92
  gap-metric stage-snap-suffix-violations 0
  gap-metric stage-color-pairs 23
  gap-metric stage-color-pairs-differing 2
  PAYLOAD 6103 rows over 92 (phase,function) groups; 1786 DISTINCT tuple positions (70.7% of the rows are suffix re-reads, inflation 3.42x). The nested-suffix model holds on every block, so DISTINCT is exact.
  RAW WINDOW 128B, 1613 tuple pairs aligned across sched2/sched3 (1 function(s) skipped on a length mismatch).
                   offsets COLOR writes: +0x0(6) +0x1(3) +0x4(8) +0x5(4) +0x10(8) +0x11(4) +0x28(6) +0x29(4) +0x2a(2) +0x2c(4) +0x2d(6) +0x2e(2) +0x34(8) +0x35(6) +0x36(4) +0x37(4) +0x38(4) +0x39(2) +0x3c(4) +0x3d(53) +0x3e(2) +0x3f(2) +0x44(66) +0x45(86) +0x46(89) +0x47(86) +0x48(2) +0x49(6) +0x4c(4) +0x4d(2) +0x4e(4) +0x4f(4) +0x50(36) +0x51(58) +0x52(60) +0x53(60) +0x54(4) +0x55(4) +0x56(4) +0x57(4) +0x58(2) +0x59(4) +0x5a(4) +0x5b(4) +0x5c(6) +0x5d(6) +0x5e(2) +0x5f(4) +0x60(4) +0x64(18) +0x65(28) +0x66(28) +0x67(28) +0x68(2) +0x69(41) +0x6c(2) +0x6d(4) +0x70(140) +0x71(157) +0x72(162) +0x73(161) +0x74(6) +0x75(6) +0x76(2) +0x77(4) +0x78(9) +0x79(8) +0x7a(8) +0x7b(6) +0x7c(14) +0x7d(14) +0x7e(12) +0x7f(14)
== wbdnz_ctr_then_framed_neg.cpp digest=92edf79d3d8cf5d3
  SCHED+GLOBREGS fn1: sched1=67 sched2=67 DIFFERS
  SCHED+GLOBREGS fn2: sched1=12 sched2=11 DIFFERS
  COLOR fn1: sched2=67 sched3=67 IDENTICAL
  COLOR fn2: sched2=11 sched3=11 IDENTICAL
  LOWERING fn1: sched3=67 sched0=38 DIFFERS
  LOWERING fn2: sched3=11 sched0=16 DIFFERS
  gap-metric stage-snap-tuples 289
  gap-metric stage-snap-regions 31
  gap-metric stage-snap-walk-refusals 0
  gap-metric stage-snap-tuples-distinct 104
  gap-metric stage-snap-tuple-groups 8
  gap-metric stage-snap-suffix-violations 0
  gap-metric stage-color-pairs 2
  gap-metric stage-color-pairs-differing 0
  PAYLOAD 289 rows over 8 (phase,function) groups; 104 DISTINCT tuple positions (64.0% of the rows are suffix re-reads, inflation 2.78x). The nested-suffix model holds on every block, so DISTINCT is exact.
  RAW WINDOW 128B, 78 tuple pairs aligned across sched2/sched3 (0 function(s) skipped on a length mismatch).
                   offsets COLOR writes: +0x3d(4) +0x44(8) +0x45(8) +0x46(8) +0x47(8) +0x70(6) +0x71(7) +0x72(6) +0x73(6) +0x78(2) +0x79(2) +0x7a(2) +0x7b(2)
  FINDING, not a green: the pre/post-COLOR snapshots are IDENTICAL on every
                   function here. The walk is reading fields COLOR does not write — it shows THAT
                   the allocator ran, not WHAT it did.
== wbiquad_fp_store_diamond.cpp digest=1f22912549f35887
  SCHED+GLOBREGS fn1: sched1=148 sched2=150 DIFFERS
  SCHED+GLOBREGS fn2: sched1=13 sched2=13 IDENTICAL
  COLOR fn1: sched2=150 sched3=150 DIFFERS
  COLOR fn2: sched2=13 sched3=13 IDENTICAL
  LOWERING fn1: sched3=150 sched0=141 DIFFERS
  LOWERING fn2: sched3=13 sched0=16 DIFFERS
  gap-metric stage-snap-tuples 644
  gap-metric stage-snap-regions 32
  gap-metric stage-snap-walk-refusals 0
  gap-metric stage-snap-tuples-distinct 202
  gap-metric stage-snap-tuple-groups 8
  gap-metric stage-snap-suffix-violations 0
  gap-metric stage-color-pairs 2
  gap-metric stage-color-pairs-differing 1
  PAYLOAD 644 rows over 8 (phase,function) groups; 202 DISTINCT tuple positions (68.6% of the rows are suffix re-reads, inflation 3.19x). The nested-suffix model holds on every block, so DISTINCT is exact.
  RAW WINDOW 128B, 163 tuple pairs aligned across sched2/sched3 (0 function(s) skipped on a length mismatch).
                   offsets COLOR writes: +0x0(22) +0x1(16) +0x2(2) +0x4(12) +0x5(6) +0xb(6) +0x10(24) +0x11(18) +0x12(4) +0x14(8) +0x28(20) +0x29(18) +0x2c(16) +0x2d(16) +0x2e(6) +0x34(22) +0x35(18) +0x36(14) +0x38(8) +0x39(2) +0x3c(8) +0x3e(2) +0x3f(2) +0x44(8) +0x45(10) +0x46(10) +0x47(8) +0x48(2) +0x49(41) +0x4c(10) +0x4d(12) +0x4e(12) +0x4f(12) +0x50(6) +0x51(12) +0x52(12) +0x53(10) +0x54(12) +0x55(8) +0x56(8) +0x57(4) +0x58(12) +0x59(12) +0x5a(12) +0x5b(12) +0x5c(20) +0x5d(8) +0x5e(2) +0x5f(4) +0x60(20) +0x61(16) +0x62(14) +0x63(8) +0x68(12) +0x69(8) +0x6a(8) +0x6b(8) +0x6c(14) +0x6d(16) +0x6e(12) +0x6f(12) +0x70(8) +0x72(4) +0x73(6) +0x74(4) +0x75(2) +0x76(2) +0x78(3) +0x79(4) +0x7a(4) +0x7b(4) +0x7c(8) +0x7d(4) +0x7e(4) +0x7f(4)
== wbiquad_fp_store_diamond_neg.cpp digest=69daec1af2ee3917
  SCHED+GLOBREGS fn1: sched1=148 sched2=146 DIFFERS
  SCHED+GLOBREGS fn2: sched1=148 sched2=154 DIFFERS
  SCHED+GLOBREGS fn3: sched1=148 sched2=160 DIFFERS
  SCHED+GLOBREGS fn4: sched1=80 sched2=86 DIFFERS
  SCHED+GLOBREGS fn5: sched1=156 sched2=150 DIFFERS
  SCHED+GLOBREGS fn6: sched1=140 sched2=150 DIFFERS
  SCHED+GLOBREGS fn7: sched1=134 sched2=138 DIFFERS
  SCHED+GLOBREGS fn8: sched1=116 sched2=124 DIFFERS
  SCHED+GLOBREGS fn9: sched1=148 sched2=150 DIFFERS
  SCHED+GLOBREGS fn10: sched1=173 sched2=175 DIFFERS
  SCHED+GLOBREGS fn11: sched1=13 sched2=13 IDENTICAL
  COLOR fn1: sched2=146 sched3=146 DIFFERS
  COLOR fn2: sched2=154 sched3=154 DIFFERS
  COLOR fn3: sched2=160 sched3=160 DIFFERS
  COLOR fn4: sched2=86 sched3=86 DIFFERS
  COLOR fn5: sched2=150 sched3=150 DIFFERS
  COLOR fn6: sched2=150 sched3=149 DIFFERS
  COLOR fn7: sched2=138 sched3=137 DIFFERS
  COLOR fn8: sched2=124 sched3=124 DIFFERS
  COLOR fn9: sched2=150 sched3=150 DIFFERS
  COLOR fn10: sched2=175 sched3=175 DIFFERS
  COLOR fn11: sched2=13 sched3=13 IDENTICAL
  LOWERING fn1: sched3=146 sched0=137 DIFFERS
  LOWERING fn2: sched3=154 sched0=145 DIFFERS
  LOWERING fn3: sched3=160 sched0=151 DIFFERS
  LOWERING fn4: sched3=86 sched0=76 DIFFERS
  LOWERING fn5: sched3=150 sched0=141 DIFFERS
  LOWERING fn6: sched3=149 sched0=141 DIFFERS
  LOWERING fn7: sched3=137 sched0=132 DIFFERS
  LOWERING fn8: sched3=124 sched0=115 DIFFERS
  LOWERING fn9: sched3=150 sched0=141 DIFFERS
  LOWERING fn10: sched3=175 sched0=166 DIFFERS
  LOWERING fn11: sched3=13 sched0=19 DIFFERS
  gap-metric stage-snap-tuples 5658
  gap-metric stage-snap-regions 245
  gap-metric stage-snap-walk-refusals 0
  gap-metric stage-snap-tuples-distinct 1633
  gap-metric stage-snap-tuple-groups 44
  gap-metric stage-snap-suffix-violations 0
  gap-metric stage-color-pairs 11
  gap-metric stage-color-pairs-differing 10
  PAYLOAD 5658 rows over 44 (phase,function) groups; 1633 DISTINCT tuple positions (71.1% of the rows are suffix re-reads, inflation 3.46x). The nested-suffix model holds on every block, so DISTINCT is exact.
  RAW WINDOW 128B, 1158 tuple pairs aligned across sched2/sched3 (2 function(s) skipped on a length mismatch).
                   offsets COLOR writes: +0x0(194) +0x1(160) +0x2(36) +0x4(132) +0x5(66) +0xa(4) +0xb(62) +0x10(210) +0x11(180) +0x12(40) +0x28(186) +0x29(166) +0x2a(24) +0x2c(174) +0x2d(194) +0x2e(44) +0x34(194) +0x35(176) +0x36(96) +0x37(68) +0x38(78) +0x39(20) +0x3c(72) +0x3d(4) +0x3e(18) +0x3f(38) +0x44(76) +0x45(86) +0x46(81) +0x47(80) +0x48(36) +0x49(265) +0x4c(114) +0x4d(120) +0x4e(120) +0x4f(100) +0x50(145) +0x51(220) +0x52(198) +0x53(174) +0x54(156) +0x55(128) +0x56(104) +0x57(68) +0x58(146) +0x59(128) +0x5a(118) +0x5b(116) +0x5c(170) +0x5d(94) +0x5e(72) +0x5f(72) +0x60(150) +0x61(106) +0x62(80) +0x63(90) +0x64(28) +0x65(8) +0x66(8) +0x67(8) +0x68(106) +0x69(36) +0x6a(24) +0x6b(24) +0x6c(162) +0x6d(148) +0x6e(110) +0x6f(100) +0x70(114) +0x71(38) +0x72(68) +0x73(65) +0x74(72) +0x75(58) +0x76(58) +0x77(52) +0x78(91) +0x79(59) +0x7a(43) +0x7b(32) +0x7c(124) +0x7d(96) +0x7e(78) +0x7f(80)
== wblockir_float_walk.cpp digest=012d4458eef651fb
  SCHED+GLOBREGS fn1: sched1=95 sched2=92 DIFFERS
  SCHED+GLOBREGS fn2: sched1=84 sched2=84 DIFFERS
  SCHED+GLOBREGS fn3: sched1=95 sched2=92 DIFFERS
  SCHED+GLOBREGS fn4: sched1=98 sched2=95 DIFFERS
  COLOR fn1: sched2=92 sched3=91 DIFFERS
  COLOR fn2: sched2=84 sched3=83 DIFFERS
  COLOR fn3: sched2=92 sched3=91 DIFFERS
  COLOR fn4: sched2=95 sched3=94 DIFFERS
  LOWERING fn1: sched3=91 sched0=51 DIFFERS
  LOWERING fn2: sched3=83 sched0=44 DIFFERS
  LOWERING fn3: sched3=91 sched0=51 DIFFERS
  LOWERING fn4: sched3=94 sched0=54 DIFFERS
  gap-metric stage-snap-tuples 1294
  gap-metric stage-snap-regions 92
  gap-metric stage-snap-walk-refusals 0
  gap-metric stage-snap-tuples-distinct 362
  gap-metric stage-snap-tuple-groups 16
  gap-metric stage-snap-suffix-violations 0
  gap-metric stage-color-pairs 4
  gap-metric stage-color-pairs-differing 4
  PAYLOAD 1294 rows over 16 (phase,function) groups; 362 DISTINCT tuple positions (72.0% of the rows are suffix re-reads, inflation 3.57x). The nested-suffix model holds on every block, so DISTINCT is exact.
  RAW WINDOW VACUOUS — 0 pairs aligned across sched2/sched3 (4 function(s) skipped on a length mismatch, window 128B).
                   NOTHING WAS COMPARED. This says nothing about what COLOR writes.
== wblockir_float_walk_neg.cpp digest=16c7058fb5804fd6
  SCHED+GLOBREGS fn1: sched1=95 sched2=92 DIFFERS
  SCHED+GLOBREGS fn2: sched1=95 sched2=92 DIFFERS
  SCHED+GLOBREGS fn3: sched1=95 sched2=92 DIFFERS
  SCHED+GLOBREGS fn4: sched1=95 sched2=92 DIFFERS
  SCHED+GLOBREGS fn5: sched1=95 sched2=92 DIFFERS
  SCHED+GLOBREGS fn6: sched1=101 sched2=101 DIFFERS
  SCHED+GLOBREGS fn7: sched1=209 sched2=208 DIFFERS
  SCHED+GLOBREGS fn8: sched1=117 sched2=126 DIFFERS
  SCHED+GLOBREGS fn9: sched1=95 sched2=91 DIFFERS
  SCHED+GLOBREGS fn10: sched1=102 sched2=99 DIFFERS
  SCHED+GLOBREGS fn11: sched1=98 sched2=95 DIFFERS
  SCHED+GLOBREGS fn12: sched1=68 sched2=66 DIFFERS
  COLOR fn1: sched2=92 sched3=91 DIFFERS
  COLOR fn2: sched2=92 sched3=91 DIFFERS
  COLOR fn3: sched2=92 sched3=91 DIFFERS
  COLOR fn4: sched2=92 sched3=91 DIFFERS
  COLOR fn5: sched2=92 sched3=91 DIFFERS
  COLOR fn6: sched2=101 sched3=100 DIFFERS
  COLOR fn7: sched2=208 sched3=203 DIFFERS
  COLOR fn8: sched2=126 sched3=125 DIFFERS
  COLOR fn9: sched2=91 sched3=91 DIFFERS
  COLOR fn10: sched2=99 sched3=98 DIFFERS
  COLOR fn11: sched2=95 sched3=94 DIFFERS
  COLOR fn12: sched2=66 sched3=65 DIFFERS
  LOWERING fn1: sched3=91 sched0=51 DIFFERS
  LOWERING fn2: sched3=91 sched0=51 DIFFERS
  LOWERING fn3: sched3=91 sched0=51 DIFFERS
  LOWERING fn4: sched3=91 sched0=51 DIFFERS
  LOWERING fn5: sched3=91 sched0=51 DIFFERS
  LOWERING fn6: sched3=100 sched0=57 DIFFERS
  LOWERING fn7: sched3=203 sched0=61 DIFFERS
  LOWERING fn8: sched3=125 sched0=64 DIFFERS
  LOWERING fn9: sched3=91 sched0=69 DIFFERS
  LOWERING fn10: sched3=98 sched0=56 DIFFERS
  LOWERING fn11: sched3=94 sched0=54 DIFFERS
  LOWERING fn12: sched3=65 sched0=51 DIFFERS
  gap-metric stage-snap-tuples 4409
  gap-metric stage-snap-regions 286
  gap-metric stage-snap-walk-refusals 0
  gap-metric stage-snap-tuples-distinct 1180
  gap-metric stage-snap-tuple-groups 48
  gap-metric stage-snap-suffix-violations 0
  gap-metric stage-color-pairs 12
  gap-metric stage-color-pairs-differing 12
  PAYLOAD 4409 rows over 48 (phase,function) groups; 1180 DISTINCT tuple positions (73.2% of the rows are suffix re-reads, inflation 3.74x). The nested-suffix model holds on every block, so DISTINCT is exact.
  RAW WINDOW 128B, 91 tuple pairs aligned across sched2/sched3 (11 function(s) skipped on a length mismatch).
                   offsets COLOR writes: +0x0(12) +0x1(12) +0x2(6) +0x4(12) +0x5(6) +0xb(6) +0x10(12) +0x11(12) +0x12(6) +0x28(6) +0x29(6) +0x2c(12) +0x2d(12) +0x34(12) +0x35(12) +0x36(12) +0x37(12) +0x38(12) +0x39(12) +0x3a(12) +0x3b(12) +0x3c(12) +0x3d(11) +0x3e(6) +0x3f(6) +0x40(6) +0x42(6) +0x43(6) +0x48(6) +0x49(3) +0x4c(12) +0x4d(12) +0x4e(12) +0x4f(12) +0x50(12) +0x51(12) +0x52(12) +0x53(12) +0x54(12) +0x55(12) +0x56(12) +0x57(12) +0x58(12) +0x59(6) +0x5c(12) +0x5d(6) +0x5e(6) +0x5f(6) +0x60(12) +0x62(6) +0x63(6) +0x65(3) +0x68(12) +0x69(4) +0x6c(12) +0x6d(6) +0x6e(12) +0x6f(12) +0x70(12) +0x71(6) +0x72(6) +0x73(6) +0x74(12) +0x75(12) +0x76(12) +0x77(12) +0x78(12) +0x79(6) +0x7c(6) +0x7d(6) +0x7e(6) +0x7f(6)
== wblockir_float_walk_then_framed_neg.cpp digest=569eccb172f1cae1
  SCHED+GLOBREGS fn1: sched1=95 sched2=92 DIFFERS
  SCHED+GLOBREGS fn2: sched1=12 sched2=11 DIFFERS
  COLOR fn1: sched2=92 sched3=91 DIFFERS
  COLOR fn2: sched2=11 sched3=11 IDENTICAL
  LOWERING fn1: sched3=91 sched0=51 DIFFERS
  LOWERING fn2: sched3=11 sched0=16 DIFFERS
  gap-metric stage-snap-tuples 379
  gap-metric stage-snap-regions 31
  gap-metric stage-snap-walk-refusals 0
  gap-metric stage-snap-tuples-distinct 123
  gap-metric stage-snap-tuple-groups 8
  gap-metric stage-snap-suffix-violations 0
  gap-metric stage-color-pairs 2
  gap-metric stage-color-pairs-differing 1
  PAYLOAD 379 rows over 8 (phase,function) groups; 123 DISTINCT tuple positions (67.5% of the rows are suffix re-reads, inflation 3.08x). The nested-suffix model holds on every block, so DISTINCT is exact.
  RAW WINDOW 128B, 11 tuple pairs aligned across sched2/sched3 (1 function(s) skipped on a length mismatch).
                   offsets COLOR writes: NONE — the allocator wrote nothing in this window
== wcb_cmp_two_calls.cpp digest=61f6c6deea6873c0
  SCHED+GLOBREGS fn1: sched1=17 sched2=16 DIFFERS
  SCHED+GLOBREGS fn2: sched1=17 sched2=16 DIFFERS
  SCHED+GLOBREGS fn3: sched1=17 sched2=16 DIFFERS
  SCHED+GLOBREGS fn4: sched1=17 sched2=16 DIFFERS
  SCHED+GLOBREGS fn5: sched1=17 sched2=16 DIFFERS
  SCHED+GLOBREGS fn6: sched1=17 sched2=17 IDENTICAL
  SCHED+GLOBREGS fn7: sched1=17 sched2=17 IDENTICAL
  SCHED+GLOBREGS fn8: sched1=17 sched2=17 IDENTICAL
  SCHED+GLOBREGS fn9: sched1=17 sched2=16 DIFFERS
  SCHED+GLOBREGS fn10: sched1=17 sched2=16 DIFFERS
  SCHED+GLOBREGS fn11: sched1=17 sched2=16 DIFFERS
  SCHED+GLOBREGS fn12: sched1=17 sched2=16 DIFFERS
  SCHED+GLOBREGS fn13: sched1=17 sched2=16 DIFFERS
  SCHED+GLOBREGS fn14: sched1=17 sched2=16 DIFFERS
  SCHED+GLOBREGS fn15: sched1=17 sched2=16 DIFFERS
  SCHED+GLOBREGS fn16: sched1=17 sched2=16 DIFFERS
  SCHED+GLOBREGS fn17: sched1=12 sched2=11 DIFFERS
  SCHED+GLOBREGS fn18: sched1=10 sched2=10 IDENTICAL
  SCHED+GLOBREGS fn19: sched1=12 sched2=12 IDENTICAL
  COLOR fn1: sched2=16 sched3=16 IDENTICAL
  COLOR fn2: sched2=16 sched3=16 IDENTICAL
  COLOR fn3: sched2=16 sched3=16 IDENTICAL
  COLOR fn4: sched2=16 sched3=16 IDENTICAL
  COLOR fn5: sched2=16 sched3=16 IDENTICAL
  COLOR fn6: sched2=17 sched3=17 IDENTICAL
  COLOR fn7: sched2=17 sched3=17 IDENTICAL
  COLOR fn8: sched2=17 sched3=17 IDENTICAL
  COLOR fn9: sched2=16 sched3=16 IDENTICAL
  COLOR fn10: sched2=16 sched3=16 IDENTICAL
  COLOR fn11: sched2=16 sched3=16 IDENTICAL
  COLOR fn12: sched2=16 sched3=16 IDENTICAL
  COLOR fn13: sched2=16 sched3=16 IDENTICAL
  COLOR fn14: sched2=16 sched3=16 IDENTICAL
  COLOR fn15: sched2=16 sched3=16 IDENTICAL
  COLOR fn16: sched2=16 sched3=16 IDENTICAL
  COLOR fn17: sched2=11 sched3=11 IDENTICAL
  COLOR fn18: sched2=10 sched3=4 DIFFERS
  COLOR fn19: sched2=12 sched3=11 DIFFERS
  LOWERING fn1: sched3=16 sched0=26 DIFFERS
  LOWERING fn2: sched3=16 sched0=26 DIFFERS
  LOWERING fn3: sched3=16 sched0=26 DIFFERS
  LOWERING fn4: sched3=16 sched0=27 DIFFERS
  LOWERING fn5: sched3=16 sched0=27 DIFFERS
  LOWERING fn6: sched3=17 sched0=26 DIFFERS
  LOWERING fn7: sched3=17 sched0=26 DIFFERS
  LOWERING fn8: sched3=17 sched0=27 DIFFERS
  LOWERING fn9: sched3=16 sched0=26 DIFFERS
  LOWERING fn10: sched3=16 sched0=26 DIFFERS
  LOWERING fn11: sched3=16 sched0=26 DIFFERS
  LOWERING fn12: sched3=16 sched0=27 DIFFERS
  LOWERING fn13: sched3=16 sched0=27 DIFFERS
  LOWERING fn14: sched3=16 sched0=27 DIFFERS
  LOWERING fn15: sched3=16 sched0=26 DIFFERS
  LOWERING fn16: sched3=16 sched0=26 DIFFERS
  LOWERING fn17: sched3=11 sched0=16 DIFFERS
  LOWERING fn18: sched3=4 sched0=9 DIFFERS
  LOWERING fn19: sched3=11 sched0=11 DIFFERS
  gap-metric stage-snap-tuples 1341
  gap-metric stage-snap-regions 151
  gap-metric stage-snap-walk-refusals 0
  gap-metric stage-snap-tuples-distinct 958
  gap-metric stage-snap-tuple-groups 76
  gap-metric stage-snap-suffix-violations 0
  gap-metric stage-color-pairs 19
  gap-metric stage-color-pairs-differing 2
  PAYLOAD 1341 rows over 76 (phase,function) groups; 958 DISTINCT tuple positions (28.6% of the rows are suffix re-reads, inflation 1.40x). The nested-suffix model holds on every block, so DISTINCT is exact.
  RAW WINDOW 128B, 270 tuple pairs aligned across sched2/sched3 (2 function(s) skipped on a length mismatch).
                   offsets COLOR writes: NONE — the allocator wrote nothing in this window
== wcb_cmp_two_calls_neg.cpp digest=df4f268439f0121c
  SCHED+GLOBREGS fn1: sched1=17 sched2=16 DIFFERS
  SCHED+GLOBREGS fn2: sched1=21 sched2=19 DIFFERS
  SCHED+GLOBREGS fn3: sched1=20 sched2=19 DIFFERS
  SCHED+GLOBREGS fn4: sched1=21 sched2=19 DIFFERS
  SCHED+GLOBREGS fn5: sched1=20 sched2=19 DIFFERS
  SCHED+GLOBREGS fn6: sched1=21 sched2=19 DIFFERS
  SCHED+GLOBREGS fn7: sched1=20 sched2=19 DIFFERS
  SCHED+GLOBREGS fn8: sched1=20 sched2=19 DIFFERS
  SCHED+GLOBREGS fn9: sched1=18 sched2=16 DIFFERS
  SCHED+GLOBREGS fn10: sched1=18 sched2=16 DIFFERS
  SCHED+GLOBREGS fn11: sched1=18 sched2=17 DIFFERS
  SCHED+GLOBREGS fn12: sched1=18 sched2=17 DIFFERS
  SCHED+GLOBREGS fn13: sched1=65 sched2=64 DIFFERS
  SCHED+GLOBREGS fn14: sched1=65 sched2=64 DIFFERS
  SCHED+GLOBREGS fn15: sched1=17 sched2=16 DIFFERS
  SCHED+GLOBREGS fn16: sched1=17 sched2=16 DIFFERS
  SCHED+GLOBREGS fn17: sched1=17 sched2=19 DIFFERS
  SCHED+GLOBREGS fn18: sched1=17 sched2=17 IDENTICAL
  SCHED+GLOBREGS fn19: sched1=17 sched2=16 DIFFERS
  SCHED+GLOBREGS fn20: sched1=19 sched2=18 DIFFERS
  SCHED+GLOBREGS fn21: sched1=15 sched2=15 IDENTICAL
  SCHED+GLOBREGS fn22: sched1=19 sched2=18 DIFFERS
  SCHED+GLOBREGS fn23: sched1=17 sched2=16 DIFFERS
  COLOR fn1: sched2=16 sched3=16 IDENTICAL
  COLOR fn2: sched2=19 sched3=19 IDENTICAL
  COLOR fn3: sched2=19 sched3=19 IDENTICAL
  COLOR fn4: sched2=19 sched3=19 IDENTICAL
  COLOR fn5: sched2=19 sched3=19 IDENTICAL
  COLOR fn6: sched2=19 sched3=19 IDENTICAL
  COLOR fn7: sched2=19 sched3=19 IDENTICAL
  COLOR fn8: sched2=19 sched3=19 IDENTICAL
  COLOR fn9: sched2=16 sched3=16 IDENTICAL
  COLOR fn10: sched2=16 sched3=16 IDENTICAL
  COLOR fn11: sched2=17 sched3=17 IDENTICAL
  COLOR fn12: sched2=17 sched3=17 IDENTICAL
  COLOR fn13: sched2=64 sched3=64 IDENTICAL
  COLOR fn14: sched2=64 sched3=64 IDENTICAL
  COLOR fn15: sched2=16 sched3=16 IDENTICAL
  COLOR fn16: sched2=16 sched3=16 IDENTICAL
  COLOR fn17: sched2=19 sched3=19 IDENTICAL
  COLOR fn18: sched2=17 sched3=17 IDENTICAL
  COLOR fn19: sched2=16 sched3=16 IDENTICAL
  COLOR fn20: sched2=18 sched3=18 IDENTICAL
  COLOR fn21: sched2=15 sched3=15 IDENTICAL
  COLOR fn22: sched2=18 sched3=18 IDENTICAL
  COLOR fn23: sched2=16 sched3=16 IDENTICAL
  LOWERING fn1: sched3=16 sched0=26 DIFFERS
  LOWERING fn2: sched3=19 sched0=28 DIFFERS
  LOWERING fn3: sched3=19 sched0=28 DIFFERS
  LOWERING fn4: sched3=19 sched0=28 DIFFERS
  LOWERING fn5: sched3=19 sched0=28 DIFFERS
  LOWERING fn6: sched3=19 sched0=28 DIFFERS
  LOWERING fn7: sched3=19 sched0=23 DIFFERS
  LOWERING fn8: sched3=19 sched0=22 DIFFERS
  LOWERING fn9: sched3=16 sched0=27 DIFFERS
  LOWERING fn10: sched3=16 sched0=28 DIFFERS
  LOWERING fn11: sched3=17 sched0=27 DIFFERS
  LOWERING fn12: sched3=17 sched0=27 DIFFERS
  LOWERING fn13: sched3=64 sched0=51 DIFFERS
  LOWERING fn14: sched3=64 sched0=51 DIFFERS
  LOWERING fn15: sched3=16 sched0=26 DIFFERS
  LOWERING fn16: sched3=16 sched0=26 DIFFERS
  LOWERING fn17: sched3=19 sched0=28 DIFFERS
  LOWERING fn18: sched3=17 sched0=28 DIFFERS
  LOWERING fn19: sched3=16 sched0=24 DIFFERS
  LOWERING fn20: sched3=18 sched0=28 DIFFERS
  LOWERING fn21: sched3=15 sched0=22 DIFFERS
  LOWERING fn22: sched3=18 sched0=27 DIFFERS
  LOWERING fn23: sched3=16 sched0=27 DIFFERS
  gap-metric stage-snap-tuples 2163
  gap-metric stage-snap-regions 212
  gap-metric stage-snap-walk-refusals 0
  gap-metric stage-snap-tuples-distinct 1406
  gap-metric stage-snap-tuple-groups 92
  gap-metric stage-snap-suffix-violations 0
  gap-metric stage-color-pairs 23
  gap-metric stage-color-pairs-differing 0
  PAYLOAD 2163 rows over 92 (phase,function) groups; 1406 DISTINCT tuple positions (35.0% of the rows are suffix re-reads, inflation 1.54x). The nested-suffix model holds on every block, so DISTINCT is exact.
  RAW WINDOW 128B, 494 tuple pairs aligned across sched2/sched3 (0 function(s) skipped on a length mismatch).
                   offsets COLOR writes: +0x3d(2) +0x44(6) +0x46(3) +0x47(3) +0x49(20) +0x4c(22) +0x4d(1) +0x4e(11) +0x50(4) +0x51(8) +0x52(4) +0x53(4) +0x5d(8) +0x64(3) +0x65(3) +0x66(1) +0x69(7) +0x70(2) +0x71(2) +0x72(2) +0x73(2) +0x7d(2)
  FINDING, not a green: the pre/post-COLOR snapshots are IDENTICAL on every
                   function here. The walk is reading fields COLOR does not write — it shows THAT
                   the allocator ran, not WHAT it did.
== wcf_neighbours.cpp digest=b475a93719f1dcef
  SCHED+GLOBREGS fn1: sched1=10 sched2=10 IDENTICAL
  SCHED+GLOBREGS fn2: sched1=11 sched2=11 IDENTICAL
  SCHED+GLOBREGS fn3: sched1=10 sched2=10 IDENTICAL
  SCHED+GLOBREGS fn4: sched1=4 sched2=4 IDENTICAL
  SCHED+GLOBREGS fn5: sched1=10 sched2=10 IDENTICAL
  SCHED+GLOBREGS fn6: sched1=13 sched2=12 DIFFERS
  SCHED+GLOBREGS fn7: sched1=52 sched2=51 DIFFERS
  SCHED+GLOBREGS fn8: sched1=52 sched2=52 IDENTICAL
  SCHED+GLOBREGS fn9: sched1=12 sched2=11 DIFFERS
  SCHED+GLOBREGS fn10: sched1=11 sched2=11 IDENTICAL
  SCHED+GLOBREGS fn11: sched1=14 sched2=13 DIFFERS
  SCHED+GLOBREGS fn12: sched1=60 sched2=60 IDENTICAL
  COLOR fn1: sched2=10 sched3=4 DIFFERS
  COLOR fn2: sched2=11 sched3=4 DIFFERS
  COLOR fn3: sched2=10 sched3=4 DIFFERS
  COLOR fn4: sched2=4 sched3=4 IDENTICAL
  COLOR fn5: sched2=10 sched3=4 DIFFERS
  COLOR fn6: sched2=12 sched3=12 IDENTICAL
  COLOR fn7: sched2=51 sched3=51 IDENTICAL
  COLOR fn8: sched2=52 sched3=51 DIFFERS
  COLOR fn9: sched2=11 sched3=11 IDENTICAL
  COLOR fn10: sched2=11 sched3=11 IDENTICAL
  COLOR fn11: sched2=13 sched3=13 IDENTICAL
  COLOR fn12: sched2=60 sched3=59 DIFFERS
  LOWERING fn1: sched3=4 sched0=9 DIFFERS
  LOWERING fn2: sched3=4 sched0=10 DIFFERS
  LOWERING fn3: sched3=4 sched0=9 DIFFERS
  LOWERING fn4: sched3=4 sched0=4 DIFFERS
  LOWERING fn5: sched3=4 sched0=9 DIFFERS
  LOWERING fn6: sched3=12 sched0=11 DIFFERS
  LOWERING fn7: sched3=51 sched0=19 DIFFERS
  LOWERING fn8: sched3=51 sched0=18 DIFFERS
  LOWERING fn9: sched3=11 sched0=11 DIFFERS
  LOWERING fn10: sched3=11 sched0=9 DIFFERS
  LOWERING fn11: sched3=13 sched0=11 DIFFERS
  LOWERING fn12: sched3=59 sched0=18 DIFFERS
  gap-metric stage-snap-tuples 880
  gap-metric stage-snap-regions 121
  gap-metric stage-snap-walk-refusals 0
  gap-metric stage-snap-tuples-distinct 390
  gap-metric stage-snap-tuple-groups 48
  gap-metric stage-snap-suffix-violations 0
  gap-metric stage-color-pairs 12
  gap-metric stage-color-pairs-differing 6
  PAYLOAD 880 rows over 48 (phase,function) groups; 390 DISTINCT tuple positions (55.7% of the rows are suffix re-reads, inflation 2.26x). The nested-suffix model holds on every block, so DISTINCT is exact.
  RAW WINDOW 128B, 102 tuple pairs aligned across sched2/sched3 (6 function(s) skipped on a length mismatch).
                   offsets COLOR writes: NONE — the allocator wrote nothing in this window
== wcf_shapes.cpp digest=909710757a673b78
  SCHED+GLOBREGS fn1: sched1=12 sched2=11 DIFFERS
  SCHED+GLOBREGS fn2: sched1=12 sched2=11 DIFFERS
  SCHED+GLOBREGS fn3: sched1=52 sched2=51 DIFFERS
  SCHED+GLOBREGS fn4: sched1=13 sched2=12 DIFFERS
  SCHED+GLOBREGS fn5: sched1=72 sched2=71 DIFFERS
  SCHED+GLOBREGS fn6: sched1=72 sched2=71 DIFFERS
  SCHED+GLOBREGS fn7: sched1=14 sched2=13 DIFFERS
  SCHED+GLOBREGS fn8: sched1=71 sched2=72 DIFFERS
  SCHED+GLOBREGS fn9: sched1=10 sched2=10 IDENTICAL
  SCHED+GLOBREGS fn10: sched1=32 sched2=32 IDENTICAL
  SCHED+GLOBREGS fn11: sched1=14 sched2=13 DIFFERS
  SCHED+GLOBREGS fn12: sched1=32 sched2=32 IDENTICAL
  SCHED+GLOBREGS fn13: sched1=115 sched2=115 IDENTICAL
  SCHED+GLOBREGS fn14: sched1=60 sched2=59 DIFFERS
  COLOR fn1: sched2=11 sched3=11 IDENTICAL
  COLOR fn2: sched2=11 sched3=11 IDENTICAL
  COLOR fn3: sched2=51 sched3=51 IDENTICAL
  COLOR fn4: sched2=12 sched3=12 IDENTICAL
  COLOR fn5: sched2=71 sched3=71 IDENTICAL
  COLOR fn6: sched2=71 sched3=71 IDENTICAL
  COLOR fn7: sched2=13 sched3=13 IDENTICAL
  COLOR fn8: sched2=72 sched3=71 DIFFERS
  COLOR fn9: sched2=10 sched3=10 IDENTICAL
  COLOR fn10: sched2=32 sched3=31 DIFFERS
  COLOR fn11: sched2=13 sched3=13 IDENTICAL
  COLOR fn12: sched2=32 sched3=31 DIFFERS
  COLOR fn13: sched2=115 sched3=114 DIFFERS
  COLOR fn14: sched2=59 sched3=59 IDENTICAL
  LOWERING fn1: sched3=11 sched0=11 DIFFERS
  LOWERING fn2: sched3=11 sched0=11 DIFFERS
  LOWERING fn3: sched3=51 sched0=19 DIFFERS
  LOWERING fn4: sched3=12 sched0=12 DIFFERS
  LOWERING fn5: sched3=71 sched0=39 DIFFERS
  LOWERING fn6: sched3=71 sched0=39 DIFFERS
  LOWERING fn7: sched3=13 sched0=11 DIFFERS
  LOWERING fn8: sched3=71 sched0=42 DIFFERS
  LOWERING fn9: sched3=10 sched0=9 DIFFERS
  LOWERING fn10: sched3=31 sched0=18 DIFFERS
  LOWERING fn11: sched3=13 sched0=11 DIFFERS
  LOWERING fn12: sched3=31 sched0=18 DIFFERS
  LOWERING fn13: sched3=114 sched0=78 DIFFERS
  LOWERING fn14: sched3=59 sched0=19 DIFFERS
  gap-metric stage-snap-tuples 2060
  gap-metric stage-snap-regions 218
  gap-metric stage-snap-walk-refusals 0
  gap-metric stage-snap-tuples-distinct 683
  gap-metric stage-snap-tuple-groups 56
  gap-metric stage-snap-suffix-violations 0
  gap-metric stage-color-pairs 14
  gap-metric stage-color-pairs-differing 4
  PAYLOAD 2060 rows over 56 (phase,function) groups; 683 DISTINCT tuple positions (66.8% of the rows are suffix re-reads, inflation 3.02x). The nested-suffix model holds on every block, so DISTINCT is exact.
  RAW WINDOW 128B, 322 tuple pairs aligned across sched2/sched3 (4 function(s) skipped on a length mismatch).
                   offsets COLOR writes: +0x3d(6) +0x44(2) +0x45(4) +0x46(4) +0x47(4) +0x49(1) +0x4d(5) +0x65(2) +0x69(9)
== wcfg1_if_call_join.cpp digest=5d6f76a501cffa0d
  SCHED+GLOBREGS fn1: sched1=192 sched2=193 DIFFERS
  SCHED+GLOBREGS fn2: sched1=192 sched2=193 DIFFERS
  SCHED+GLOBREGS fn3: sched1=192 sched2=193 DIFFERS
  SCHED+GLOBREGS fn4: sched1=192 sched2=193 DIFFERS
  SCHED+GLOBREGS fn5: sched1=192 sched2=193 DIFFERS
  COLOR fn1: sched2=193 sched3=192 DIFFERS
  COLOR fn2: sched2=193 sched3=192 DIFFERS
  COLOR fn3: sched2=193 sched3=192 DIFFERS
  COLOR fn4: sched2=193 sched3=192 DIFFERS
  COLOR fn5: sched2=193 sched3=192 DIFFERS
  LOWERING fn1: sched3=192 sched0=143 DIFFERS
  LOWERING fn2: sched3=192 sched0=143 DIFFERS
  LOWERING fn3: sched3=192 sched0=143 DIFFERS
  LOWERING fn4: sched3=192 sched0=143 DIFFERS
  LOWERING fn5: sched3=192 sched0=143 DIFFERS
  gap-metric stage-snap-tuples 3600
  gap-metric stage-snap-regions 200
  gap-metric stage-snap-walk-refusals 0
  gap-metric stage-snap-tuples-distinct 620
  gap-metric stage-snap-tuple-groups 20
  gap-metric stage-snap-suffix-violations 0
  gap-metric stage-color-pairs 5
  gap-metric stage-color-pairs-differing 5
  PAYLOAD 3600 rows over 20 (phase,function) groups; 620 DISTINCT tuple positions (82.8% of the rows are suffix re-reads, inflation 5.81x). The nested-suffix model holds on every block, so DISTINCT is exact.
  RAW WINDOW VACUOUS — 0 pairs aligned across sched2/sched3 (5 function(s) skipped on a length mismatch, window 128B).
                   NOTHING WAS COMPARED. This says nothing about what COLOR writes.
== wcfg1_if_call_join_neg.cpp digest=69ec2c4e000a7e26
  SCHED+GLOBREGS fn1: sched1=192 sched2=193 DIFFERS
  SCHED+GLOBREGS fn2: sched1=201 sched2=201 DIFFERS
  SCHED+GLOBREGS fn3: sched1=178 sched2=179 DIFFERS
  SCHED+GLOBREGS fn4: sched1=192 sched2=213 DIFFERS
  SCHED+GLOBREGS fn5: sched1=105 sched2=105 DIFFERS
  SCHED+GLOBREGS fn6: sched1=192 sched2=193 DIFFERS
  COLOR fn1: sched2=193 sched3=192 DIFFERS
  COLOR fn2: sched2=201 sched3=201 IDENTICAL
  COLOR fn3: sched2=179 sched3=178 DIFFERS
  COLOR fn4: sched2=213 sched3=211 DIFFERS
  COLOR fn5: sched2=105 sched3=105 IDENTICAL
  COLOR fn6: sched2=193 sched3=192 DIFFERS
  LOWERING fn1: sched3=192 sched0=82 DIFFERS
  LOWERING fn2: sched3=201 sched0=144 DIFFERS
  LOWERING fn3: sched3=178 sched0=69 DIFFERS
  LOWERING fn4: sched3=211 sched0=182 DIFFERS
  LOWERING fn5: sched3=105 sched0=104 DIFFERS
  LOWERING fn6: sched3=192 sched0=143 DIFFERS
  gap-metric stage-snap-tuples 3947
  gap-metric stage-snap-regions 224
  gap-metric stage-snap-walk-refusals 0
  gap-metric stage-snap-tuples-distinct 726
  gap-metric stage-snap-tuple-groups 24
  gap-metric stage-snap-suffix-violations 0
  gap-metric stage-color-pairs 6
  gap-metric stage-color-pairs-differing 4
  PAYLOAD 3947 rows over 24 (phase,function) groups; 726 DISTINCT tuple positions (81.6% of the rows are suffix re-reads, inflation 5.44x). The nested-suffix model holds on every block, so DISTINCT is exact.
  RAW WINDOW 128B, 306 tuple pairs aligned across sched2/sched3 (4 function(s) skipped on a length mismatch).
                   offsets COLOR writes: +0x3d(27) +0x44(72) +0x45(38) +0x46(63) +0x47(38) +0x49(30) +0x50(50) +0x51(50) +0x52(50) +0x53(50) +0x5d(7) +0x64(40) +0x66(20) +0x69(25) +0x70(22) +0x71(22) +0x72(22) +0x73(22) +0x78(2) +0x79(29) +0x7a(4) +0x7b(4) +0x7d(13)
== wch_chained_call.cpp digest=825b163ca2bfa7ad
  SCHED+GLOBREGS fn1: sched1=14 sched2=13 DIFFERS
  SCHED+GLOBREGS fn2: sched1=12 sched2=11 DIFFERS
  SCHED+GLOBREGS fn3: sched1=12 sched2=11 DIFFERS
  SCHED+GLOBREGS fn4: sched1=16 sched2=15 DIFFERS
  SCHED+GLOBREGS fn5: sched1=18 sched2=17 DIFFERS
  SCHED+GLOBREGS fn6: sched1=16 sched2=15 DIFFERS
  SCHED+GLOBREGS fn7: sched1=14 sched2=13 DIFFERS
  SCHED+GLOBREGS fn8: sched1=14 sched2=13 DIFFERS
  SCHED+GLOBREGS fn9: sched1=15 sched2=13 DIFFERS
  SCHED+GLOBREGS fn10: sched1=15 sched2=14 DIFFERS
  SCHED+GLOBREGS fn11: sched1=16 sched2=15 DIFFERS
  SCHED+GLOBREGS fn12: sched1=14 sched2=13 DIFFERS
  SCHED+GLOBREGS fn13: sched1=12 sched2=11 DIFFERS
  SCHED+GLOBREGS fn14: sched1=14 sched2=13 DIFFERS
  SCHED+GLOBREGS fn15: sched1=12 sched2=11 DIFFERS
  SCHED+GLOBREGS fn16: sched1=10 sched2=10 IDENTICAL
  SCHED+GLOBREGS fn17: sched1=12 sched2=12 IDENTICAL
  COLOR fn1: sched2=13 sched3=13 IDENTICAL
  COLOR fn2: sched2=11 sched3=11 IDENTICAL
  COLOR fn3: sched2=11 sched3=11 IDENTICAL
  COLOR fn4: sched2=15 sched3=15 IDENTICAL
  COLOR fn5: sched2=17 sched3=17 IDENTICAL
  COLOR fn6: sched2=15 sched3=15 IDENTICAL
  COLOR fn7: sched2=13 sched3=13 IDENTICAL
  COLOR fn8: sched2=13 sched3=13 IDENTICAL
  COLOR fn9: sched2=13 sched3=13 IDENTICAL
  COLOR fn10: sched2=14 sched3=14 IDENTICAL
  COLOR fn11: sched2=15 sched3=15 IDENTICAL
  COLOR fn12: sched2=13 sched3=13 IDENTICAL
  COLOR fn13: sched2=11 sched3=11 IDENTICAL
  COLOR fn14: sched2=13 sched3=13 IDENTICAL
  COLOR fn15: sched2=11 sched3=11 IDENTICAL
  COLOR fn16: sched2=10 sched3=4 DIFFERS
  COLOR fn17: sched2=12 sched3=11 DIFFERS
  LOWERING fn1: sched3=13 sched0=16 DIFFERS
  LOWERING fn2: sched3=11 sched0=16 DIFFERS
  LOWERING fn3: sched3=11 sched0=16 DIFFERS
  LOWERING fn4: sched3=15 sched0=17 DIFFERS
  LOWERING fn5: sched3=17 sched0=18 DIFFERS
  LOWERING fn6: sched3=15 sched0=17 DIFFERS
  LOWERING fn7: sched3=13 sched0=16 DIFFERS
  LOWERING fn8: sched3=13 sched0=17 DIFFERS
  LOWERING fn9: sched3=13 sched0=16 DIFFERS
  LOWERING fn10: sched3=14 sched0=19 DIFFERS
  LOWERING fn11: sched3=15 sched0=19 DIFFERS
  LOWERING fn12: sched3=13 sched0=16 DIFFERS
  LOWERING fn13: sched3=11 sched0=16 DIFFERS
  LOWERING fn14: sched3=13 sched0=16 DIFFERS
  LOWERING fn15: sched3=11 sched0=16 DIFFERS
  LOWERING fn16: sched3=4 sched0=9 DIFFERS
  LOWERING fn17: sched3=11 sched0=11 DIFFERS
  gap-metric stage-snap-tuples 940
  gap-metric stage-snap-regions 135
  gap-metric stage-snap-walk-refusals 0
  gap-metric stage-snap-tuples-distinct 627
  gap-metric stage-snap-tuple-groups 68
  gap-metric stage-snap-suffix-violations 0
  gap-metric stage-color-pairs 17
  gap-metric stage-color-pairs-differing 2
  PAYLOAD 940 rows over 68 (phase,function) groups; 627 DISTINCT tuple positions (33.3% of the rows are suffix re-reads, inflation 1.50x). The nested-suffix model holds on every block, so DISTINCT is exact.
  RAW WINDOW 128B, 198 tuple pairs aligned across sched2/sched3 (2 function(s) skipped on a length mismatch).
                   offsets COLOR writes: NONE — the allocator wrote nothing in this window
== wch_chained_call_neg.cpp digest=e841b0ad1d9798b2
  SCHED+GLOBREGS fn1: sched1=15 sched2=14 DIFFERS
  SCHED+GLOBREGS fn2: sched1=15 sched2=14 DIFFERS
  SCHED+GLOBREGS fn3: sched1=15 sched2=15 IDENTICAL
  SCHED+GLOBREGS fn4: sched1=15 sched2=15 IDENTICAL
  SCHED+GLOBREGS fn5: sched1=14 sched2=14 IDENTICAL
  SCHED+GLOBREGS fn6: sched1=14 sched2=14 IDENTICAL
  SCHED+GLOBREGS fn7: sched1=14 sched2=13 DIFFERS
  SCHED+GLOBREGS fn8: sched1=15 sched2=13 DIFFERS
  SCHED+GLOBREGS fn9: sched1=16 sched2=15 DIFFERS
  SCHED+GLOBREGS fn10: sched1=13 sched2=12 DIFFERS
  SCHED+GLOBREGS fn11: sched1=12 sched2=11 DIFFERS
  SCHED+GLOBREGS fn12: sched1=14 sched2=14 IDENTICAL
  SCHED+GLOBREGS fn13: sched1=14 sched2=14 DIFFERS
  SCHED+GLOBREGS fn14: sched1=21 sched2=20 DIFFERS
  COLOR fn1: sched2=14 sched3=14 IDENTICAL
  COLOR fn2: sched2=14 sched3=14 IDENTICAL
  COLOR fn3: sched2=15 sched3=13 DIFFERS
  COLOR fn4: sched2=15 sched3=15 IDENTICAL
  COLOR fn5: sched2=14 sched3=14 IDENTICAL
  COLOR fn6: sched2=14 sched3=14 IDENTICAL
  COLOR fn7: sched2=13 sched3=13 IDENTICAL
  COLOR fn8: sched2=13 sched3=13 IDENTICAL
  COLOR fn9: sched2=15 sched3=15 IDENTICAL
  COLOR fn10: sched2=12 sched3=12 IDENTICAL
  COLOR fn11: sched2=11 sched3=11 IDENTICAL
  COLOR fn12: sched2=14 sched3=14 IDENTICAL
  COLOR fn13: sched2=14 sched3=14 IDENTICAL
  COLOR fn14: sched2=20 sched3=20 IDENTICAL
  LOWERING fn1: sched3=14 sched0=20 DIFFERS
  LOWERING fn2: sched3=14 sched0=17 DIFFERS
  LOWERING fn3: sched3=13 sched0=17 DIFFERS
  LOWERING fn4: sched3=15 sched0=18 DIFFERS
  LOWERING fn5: sched3=14 sched0=17 DIFFERS
  LOWERING fn6: sched3=14 sched0=17 DIFFERS
  LOWERING fn7: sched3=13 sched0=17 DIFFERS
  LOWERING fn8: sched3=13 sched0=17 DIFFERS
  LOWERING fn9: sched3=15 sched0=19 DIFFERS
  LOWERING fn10: sched3=12 sched0=17 DIFFERS
  LOWERING fn11: sched3=11 sched0=16 DIFFERS
  LOWERING fn12: sched3=14 sched0=18 DIFFERS
  LOWERING fn13: sched3=14 sched0=17 DIFFERS
  LOWERING fn14: sched3=20 sched0=28 DIFFERS
  gap-metric stage-snap-tuples 856
  gap-metric stage-snap-regions 112
  gap-metric stage-snap-walk-refusals 0
  gap-metric stage-snap-tuples-distinct 587
  gap-metric stage-snap-tuple-groups 56
  gap-metric stage-snap-suffix-violations 0
  gap-metric stage-color-pairs 14
  gap-metric stage-color-pairs-differing 1
  PAYLOAD 856 rows over 56 (phase,function) groups; 587 DISTINCT tuple positions (31.4% of the rows are suffix re-reads, inflation 1.46x). The nested-suffix model holds on every block, so DISTINCT is exact.
  RAW WINDOW 128B, 183 tuple pairs aligned across sched2/sched3 (1 function(s) skipped on a length mismatch).
                   offsets COLOR writes: +0x49(2) +0x4c(4) +0x4e(2) +0x4f(1) +0x50(1) +0x51(2) +0x52(2) +0x53(2) +0x64(1) +0x69(2) +0x70(1) +0x71(2) +0x72(2) +0x73(2)
== wcl_chain_link_arg.cpp digest=3d30c54e3f306cc5
  SCHED+GLOBREGS fn1: sched1=15 sched2=14 DIFFERS
  SCHED+GLOBREGS fn2: sched1=15 sched2=14 DIFFERS
  SCHED+GLOBREGS fn3: sched1=15 sched2=14 DIFFERS
  SCHED+GLOBREGS fn4: sched1=15 sched2=14 DIFFERS
  SCHED+GLOBREGS fn5: sched1=15 sched2=14 DIFFERS
  SCHED+GLOBREGS fn6: sched1=13 sched2=12 DIFFERS
  SCHED+GLOBREGS fn7: sched1=16 sched2=15 DIFFERS
  SCHED+GLOBREGS fn8: sched1=16 sched2=15 DIFFERS
  SCHED+GLOBREGS fn9: sched1=16 sched2=15 DIFFERS
  SCHED+GLOBREGS fn10: sched1=15 sched2=14 DIFFERS
  SCHED+GLOBREGS fn11: sched1=16 sched2=15 DIFFERS
  SCHED+GLOBREGS fn12: sched1=15 sched2=14 DIFFERS
  SCHED+GLOBREGS fn13: sched1=16 sched2=15 DIFFERS
  SCHED+GLOBREGS fn14: sched1=16 sched2=15 DIFFERS
  SCHED+GLOBREGS fn15: sched1=17 sched2=16 DIFFERS
  SCHED+GLOBREGS fn16: sched1=17 sched2=16 DIFFERS
  SCHED+GLOBREGS fn17: sched1=17 sched2=16 DIFFERS
  SCHED+GLOBREGS fn18: sched1=21 sched2=20 DIFFERS
  SCHED+GLOBREGS fn19: sched1=17 sched2=16 DIFFERS
  SCHED+GLOBREGS fn20: sched1=18 sched2=17 DIFFERS
  SCHED+GLOBREGS fn21: sched1=15 sched2=13 DIFFERS
  SCHED+GLOBREGS fn22: sched1=16 sched2=14 DIFFERS
  SCHED+GLOBREGS fn23: sched1=16 sched2=13 DIFFERS
  SCHED+GLOBREGS fn24: sched1=17 sched2=15 DIFFERS
  SCHED+GLOBREGS fn25: sched1=17 sched2=16 DIFFERS
  SCHED+GLOBREGS fn26: sched1=18 sched2=17 DIFFERS
  SCHED+GLOBREGS fn27: sched1=15 sched2=14 DIFFERS
  COLOR fn1: sched2=14 sched3=14 IDENTICAL
  COLOR fn2: sched2=14 sched3=14 IDENTICAL
  COLOR fn3: sched2=14 sched3=14 IDENTICAL
  COLOR fn4: sched2=14 sched3=14 IDENTICAL
  COLOR fn5: sched2=14 sched3=14 IDENTICAL
  COLOR fn6: sched2=12 sched3=12 IDENTICAL
  COLOR fn7: sched2=15 sched3=15 IDENTICAL
  COLOR fn8: sched2=15 sched3=15 IDENTICAL
  COLOR fn9: sched2=15 sched3=15 IDENTICAL
  COLOR fn10: sched2=14 sched3=14 IDENTICAL
  COLOR fn11: sched2=15 sched3=15 IDENTICAL
  COLOR fn12: sched2=14 sched3=14 IDENTICAL
  COLOR fn13: sched2=15 sched3=15 IDENTICAL
  COLOR fn14: sched2=15 sched3=15 IDENTICAL
  COLOR fn15: sched2=16 sched3=16 IDENTICAL
  COLOR fn16: sched2=16 sched3=16 IDENTICAL
  COLOR fn17: sched2=16 sched3=16 IDENTICAL
  COLOR fn18: sched2=20 sched3=20 IDENTICAL
  COLOR fn19: sched2=16 sched3=16 IDENTICAL
  COLOR fn20: sched2=17 sched3=17 IDENTICAL
  COLOR fn21: sched2=13 sched3=13 IDENTICAL
  COLOR fn22: sched2=14 sched3=14 IDENTICAL
  COLOR fn23: sched2=13 sched3=13 IDENTICAL
  COLOR fn24: sched2=15 sched3=15 IDENTICAL
  COLOR fn25: sched2=16 sched3=16 IDENTICAL
  COLOR fn26: sched2=17 sched3=17 IDENTICAL
  COLOR fn27: sched2=14 sched3=14 IDENTICAL
  LOWERING fn1: sched3=14 sched0=20 DIFFERS
  LOWERING fn2: sched3=14 sched0=20 DIFFERS
  LOWERING fn3: sched3=14 sched0=20 DIFFERS
  LOWERING fn4: sched3=14 sched0=20 DIFFERS
  LOWERING fn5: sched3=14 sched0=21 DIFFERS
  LOWERING fn6: sched3=12 sched0=20 DIFFERS
  LOWERING fn7: sched3=15 sched0=24 DIFFERS
  LOWERING fn8: sched3=15 sched0=24 DIFFERS
  LOWERING fn9: sched3=15 sched0=21 DIFFERS
  LOWERING fn10: sched3=14 sched0=17 DIFFERS
  LOWERING fn11: sched3=15 sched0=18 DIFFERS
  LOWERING fn12: sched3=14 sched0=17 DIFFERS
  LOWERING fn13: sched3=15 sched0=21 DIFFERS
  LOWERING fn14: sched3=15 sched0=21 DIFFERS
  LOWERING fn15: sched3=16 sched0=25 DIFFERS
  LOWERING fn16: sched3=16 sched0=25 DIFFERS
  LOWERING fn17: sched3=16 sched0=25 DIFFERS
  LOWERING fn18: sched3=20 sched0=23 DIFFERS
  LOWERING fn19: sched3=16 sched0=21 DIFFERS
  LOWERING fn20: sched3=17 sched0=25 DIFFERS
  LOWERING fn21: sched3=13 sched0=16 DIFFERS
  LOWERING fn22: sched3=14 sched0=20 DIFFERS
  LOWERING fn23: sched3=13 sched0=16 DIFFERS
  LOWERING fn24: sched3=15 sched0=17 DIFFERS
  LOWERING fn25: sched3=16 sched0=21 DIFFERS
  LOWERING fn26: sched3=17 sched0=25 DIFFERS
  LOWERING fn27: sched3=14 sched0=20 DIFFERS
  gap-metric stage-snap-tuples 1804
  gap-metric stage-snap-regions 216
  gap-metric stage-snap-walk-refusals 0
  gap-metric stage-snap-tuples-distinct 1264
  gap-metric stage-snap-tuple-groups 108
  gap-metric stage-snap-suffix-violations 0
  gap-metric stage-color-pairs 27
  gap-metric stage-color-pairs-differing 0
  PAYLOAD 1804 rows over 108 (phase,function) groups; 1264 DISTINCT tuple positions (29.9% of the rows are suffix re-reads, inflation 1.43x). The nested-suffix model holds on every block, so DISTINCT is exact.
  RAW WINDOW 128B, 403 tuple pairs aligned across sched2/sched3 (0 function(s) skipped on a length mismatch).
                   offsets COLOR writes: NONE — the allocator wrote nothing in this window
  FINDING, not a green: the pre/post-COLOR snapshots are IDENTICAL on every
                   function here. The walk is reading fields COLOR does not write — it shows THAT
                   the allocator ran, not WHAT it did.
== wcl_chain_link_arg_neg.cpp digest=cb5039e38f9acd4a
  SCHED+GLOBREGS fn1: sched1=15 sched2=14 DIFFERS
  SCHED+GLOBREGS fn2: sched1=16 sched2=15 DIFFERS
  SCHED+GLOBREGS fn3: sched1=16 sched2=16 DIFFERS
  SCHED+GLOBREGS fn4: sched1=23 sched2=22 DIFFERS
  SCHED+GLOBREGS fn5: sched1=15 sched2=14 DIFFERS
  SCHED+GLOBREGS fn6: sched1=17 sched2=16 DIFFERS
  SCHED+GLOBREGS fn7: sched1=15 sched2=15 DIFFERS
  SCHED+GLOBREGS fn8: sched1=17 sched2=17 IDENTICAL
  SCHED+GLOBREGS fn9: sched1=16 sched2=16 IDENTICAL
  SCHED+GLOBREGS fn10: sched1=19 sched2=18 DIFFERS
  SCHED+GLOBREGS fn11: sched1=15 sched2=14 DIFFERS
  SCHED+GLOBREGS fn12: sched1=15 sched2=14 DIFFERS
  SCHED+GLOBREGS fn13: sched1=21 sched2=21 IDENTICAL
  COLOR fn1: sched2=14 sched3=14 IDENTICAL
  COLOR fn2: sched2=15 sched3=15 IDENTICAL
  COLOR fn3: sched2=16 sched3=16 IDENTICAL
  COLOR fn4: sched2=22 sched3=22 IDENTICAL
  COLOR fn5: sched2=14 sched3=14 IDENTICAL
  COLOR fn6: sched2=16 sched3=16 IDENTICAL
  COLOR fn7: sched2=15 sched3=15 IDENTICAL
  COLOR fn8: sched2=17 sched3=17 IDENTICAL
  COLOR fn9: sched2=16 sched3=14 DIFFERS
  COLOR fn10: sched2=18 sched3=18 IDENTICAL
  COLOR fn11: sched2=14 sched3=14 IDENTICAL
  COLOR fn12: sched2=14 sched3=14 IDENTICAL
  COLOR fn13: sched2=21 sched3=21 IDENTICAL
  LOWERING fn1: sched3=14 sched0=20 DIFFERS
  LOWERING fn2: sched3=15 sched0=24 DIFFERS
  LOWERING fn3: sched3=16 sched0=21 DIFFERS
  LOWERING fn4: sched3=22 sched0=25 DIFFERS
  LOWERING fn5: sched3=14 sched0=18 DIFFERS
  LOWERING fn6: sched3=16 sched0=18 DIFFERS
  LOWERING fn7: sched3=15 sched0=21 DIFFERS
  LOWERING fn8: sched3=17 sched0=23 DIFFERS
  LOWERING fn9: sched3=14 sched0=21 DIFFERS
  LOWERING fn10: sched3=18 sched0=25 DIFFERS
  LOWERING fn11: sched3=14 sched0=20 DIFFERS
  LOWERING fn12: sched3=14 sched0=21 DIFFERS
  LOWERING fn13: sched3=21 sched0=21 DIFFERS
  gap-metric stage-snap-tuples 920
  gap-metric stage-snap-regions 104
  gap-metric stage-snap-walk-refusals 0
  gap-metric stage-snap-tuples-distinct 667
  gap-metric stage-snap-tuple-groups 52
  gap-metric stage-snap-suffix-violations 0
  gap-metric stage-color-pairs 13
  gap-metric stage-color-pairs-differing 1
  PAYLOAD 920 rows over 52 (phase,function) groups; 667 DISTINCT tuple positions (27.5% of the rows are suffix re-reads, inflation 1.38x). The nested-suffix model holds on every block, so DISTINCT is exact.
  RAW WINDOW 128B, 196 tuple pairs aligned across sched2/sched3 (1 function(s) skipped on a length mismatch).
                   offsets COLOR writes: +0x3d(8) +0x44(8) +0x45(5) +0x46(6) +0x47(4) +0x49(2) +0x4c(11) +0x4d(2) +0x4e(6) +0x4f(3) +0x64(2) +0x66(1) +0x67(1) +0x69(1) +0x71(1) +0x78(2) +0x79(2) +0x7a(2) +0x7b(2)
== wco_chain_tail_load.cpp digest=141311a2ad10d9b7
  SCHED+GLOBREGS fn1: sched1=15 sched2=13 DIFFERS
  SCHED+GLOBREGS fn2: sched1=14 sched2=13 DIFFERS
  SCHED+GLOBREGS fn3: sched1=14 sched2=13 DIFFERS
  SCHED+GLOBREGS fn4: sched1=14 sched2=13 DIFFERS
  SCHED+GLOBREGS fn5: sched1=14 sched2=13 DIFFERS
  SCHED+GLOBREGS fn6: sched1=14 sched2=13 DIFFERS
  SCHED+GLOBREGS fn7: sched1=14 sched2=13 DIFFERS
  SCHED+GLOBREGS fn8: sched1=14 sched2=13 DIFFERS
  SCHED+GLOBREGS fn9: sched1=15 sched2=13 DIFFERS
  SCHED+GLOBREGS fn10: sched1=14 sched2=13 DIFFERS
  SCHED+GLOBREGS fn11: sched1=14 sched2=13 DIFFERS
  SCHED+GLOBREGS fn12: sched1=14 sched2=13 DIFFERS
  SCHED+GLOBREGS fn13: sched1=14 sched2=13 DIFFERS
  SCHED+GLOBREGS fn14: sched1=16 sched2=15 DIFFERS
  SCHED+GLOBREGS fn15: sched1=15 sched2=14 DIFFERS
  SCHED+GLOBREGS fn16: sched1=15 sched2=14 DIFFERS
  SCHED+GLOBREGS fn17: sched1=15 sched2=14 DIFFERS
  SCHED+GLOBREGS fn18: sched1=16 sched2=15 DIFFERS
  SCHED+GLOBREGS fn19: sched1=16 sched2=15 DIFFERS
  COLOR fn1: sched2=13 sched3=13 IDENTICAL
  COLOR fn2: sched2=13 sched3=13 IDENTICAL
  COLOR fn3: sched2=13 sched3=13 IDENTICAL
  COLOR fn4: sched2=13 sched3=13 IDENTICAL
  COLOR fn5: sched2=13 sched3=13 IDENTICAL
  COLOR fn6: sched2=13 sched3=13 IDENTICAL
  COLOR fn7: sched2=13 sched3=13 IDENTICAL
  COLOR fn8: sched2=13 sched3=13 IDENTICAL
  COLOR fn9: sched2=13 sched3=13 IDENTICAL
  COLOR fn10: sched2=13 sched3=13 IDENTICAL
  COLOR fn11: sched2=13 sched3=13 IDENTICAL
  COLOR fn12: sched2=13 sched3=13 IDENTICAL
  COLOR fn13: sched2=13 sched3=13 IDENTICAL
  COLOR fn14: sched2=15 sched3=15 IDENTICAL
  COLOR fn15: sched2=14 sched3=14 IDENTICAL
  COLOR fn16: sched2=14 sched3=14 IDENTICAL
  COLOR fn17: sched2=14 sched3=14 IDENTICAL
  COLOR fn18: sched2=15 sched3=15 IDENTICAL
  COLOR fn19: sched2=15 sched3=15 IDENTICAL
  LOWERING fn1: sched3=13 sched0=17 DIFFERS
  LOWERING fn2: sched3=13 sched0=17 DIFFERS
  LOWERING fn3: sched3=13 sched0=17 DIFFERS
  LOWERING fn4: sched3=13 sched0=17 DIFFERS
  LOWERING fn5: sched3=13 sched0=17 DIFFERS
  LOWERING fn6: sched3=13 sched0=17 DIFFERS
  LOWERING fn7: sched3=13 sched0=17 DIFFERS
  LOWERING fn8: sched3=13 sched0=17 DIFFERS
  LOWERING fn9: sched3=13 sched0=17 DIFFERS
  LOWERING fn10: sched3=13 sched0=17 DIFFERS
  LOWERING fn11: sched3=13 sched0=16 DIFFERS
  LOWERING fn12: sched3=13 sched0=17 DIFFERS
  LOWERING fn13: sched3=13 sched0=17 DIFFERS
  LOWERING fn14: sched3=15 sched0=18 DIFFERS
  LOWERING fn15: sched3=14 sched0=21 DIFFERS
  LOWERING fn16: sched3=14 sched0=18 DIFFERS
  LOWERING fn17: sched3=14 sched0=21 DIFFERS
  LOWERING fn18: sched3=15 sched0=18 DIFFERS
  LOWERING fn19: sched3=15 sched0=18 DIFFERS
  gap-metric stage-snap-tuples 1123
  gap-metric stage-snap-regions 152
  gap-metric stage-snap-walk-refusals 0
  gap-metric stage-snap-tuples-distinct 760
  gap-metric stage-snap-tuple-groups 76
  gap-metric stage-snap-suffix-violations 0
  gap-metric stage-color-pairs 19
  gap-metric stage-color-pairs-differing 0
  PAYLOAD 1123 rows over 76 (phase,function) groups; 760 DISTINCT tuple positions (32.3% of the rows are suffix re-reads, inflation 1.48x). The nested-suffix model holds on every block, so DISTINCT is exact.
  RAW WINDOW 128B, 256 tuple pairs aligned across sched2/sched3 (0 function(s) skipped on a length mismatch).
                   offsets COLOR writes: NONE — the allocator wrote nothing in this window
  FINDING, not a green: the pre/post-COLOR snapshots are IDENTICAL on every
                   function here. The walk is reading fields COLOR does not write — it shows THAT
                   the allocator ran, not WHAT it did.
== wco_chain_tail_load_neg.cpp digest=066f17ebd2e1dd03
  SCHED+GLOBREGS fn1: sched1=15 sched2=14 DIFFERS
  SCHED+GLOBREGS fn2: sched1=15 sched2=14 DIFFERS
  SCHED+GLOBREGS fn3: sched1=14 sched2=13 DIFFERS
  SCHED+GLOBREGS fn4: sched1=14 sched2=13 DIFFERS
  SCHED+GLOBREGS fn5: sched1=14 sched2=13 DIFFERS
  SCHED+GLOBREGS fn6: sched1=14 sched2=13 DIFFERS
  SCHED+GLOBREGS fn7: sched1=14 sched2=13 DIFFERS
  SCHED+GLOBREGS fn8: sched1=15 sched2=14 DIFFERS
  SCHED+GLOBREGS fn9: sched1=14 sched2=13 DIFFERS
  SCHED+GLOBREGS fn10: sched1=14 sched2=13 DIFFERS
  SCHED+GLOBREGS fn11: sched1=16 sched2=14 DIFFERS
  COLOR fn1: sched2=14 sched3=14 IDENTICAL
  COLOR fn2: sched2=14 sched3=14 IDENTICAL
  COLOR fn3: sched2=13 sched3=13 IDENTICAL
  COLOR fn4: sched2=13 sched3=13 IDENTICAL
  COLOR fn5: sched2=13 sched3=13 IDENTICAL
  COLOR fn6: sched2=13 sched3=13 IDENTICAL
  COLOR fn7: sched2=13 sched3=13 IDENTICAL
  COLOR fn8: sched2=14 sched3=14 IDENTICAL
  COLOR fn9: sched2=13 sched3=13 IDENTICAL
  COLOR fn10: sched2=13 sched3=13 IDENTICAL
  COLOR fn11: sched2=14 sched3=14 IDENTICAL
  LOWERING fn1: sched3=14 sched0=19 DIFFERS
  LOWERING fn2: sched3=14 sched0=18 DIFFERS
  LOWERING fn3: sched3=13 sched0=17 DIFFERS
  LOWERING fn4: sched3=13 sched0=17 DIFFERS
  LOWERING fn5: sched3=13 sched0=17 DIFFERS
  LOWERING fn6: sched3=13 sched0=17 DIFFERS
  LOWERING fn7: sched3=13 sched0=17 DIFFERS
  LOWERING fn8: sched3=14 sched0=18 DIFFERS
  LOWERING fn9: sched3=13 sched0=17 DIFFERS
  LOWERING fn10: sched3=13 sched0=17 DIFFERS
  LOWERING fn11: sched3=14 sched0=18 DIFFERS
  gap-metric stage-snap-tuples 645
  gap-metric stage-snap-regions 88
  gap-metric stage-snap-walk-refusals 0
  gap-metric stage-snap-tuples-distinct 436
  gap-metric stage-snap-tuple-groups 44
  gap-metric stage-snap-suffix-violations 0
  gap-metric stage-color-pairs 11
  gap-metric stage-color-pairs-differing 0
  PAYLOAD 645 rows over 44 (phase,function) groups; 436 DISTINCT tuple positions (32.4% of the rows are suffix re-reads, inflation 1.48x). The nested-suffix model holds on every block, so DISTINCT is exact.
  RAW WINDOW 128B, 147 tuple pairs aligned across sched2/sched3 (0 function(s) skipped on a length mismatch).
                   offsets COLOR writes: +0x49(1) +0x4c(4) +0x4e(2) +0x4f(1) +0x50(2) +0x51(2) +0x52(2) +0x53(2) +0x7d(1)
  FINDING, not a green: the pre/post-COLOR snapshots are IDENTICAL on every
                   function here. The walk is reading fields COLOR does not write — it shows THAT
                   the allocator ran, not WHAT it did.
== wco_explicit_return.cpp digest=186aac598b64620e
  SCHED+GLOBREGS fn1: sched1=9 sched2=9 IDENTICAL
  SCHED+GLOBREGS fn2: sched1=10 sched2=9 DIFFERS
  SCHED+GLOBREGS fn3: sched1=11 sched2=9 DIFFERS
  SCHED+GLOBREGS fn4: sched1=11 sched2=10 DIFFERS
  SCHED+GLOBREGS fn5: sched1=12 sched2=9 DIFFERS
  SCHED+GLOBREGS fn6: sched1=12 sched2=10 DIFFERS
  SCHED+GLOBREGS fn7: sched1=10 sched2=10 IDENTICAL
  SCHED+GLOBREGS fn8: sched1=10 sched2=10 IDENTICAL
  SCHED+GLOBREGS fn9: sched1=9 sched2=9 IDENTICAL
  SCHED+GLOBREGS fn10: sched1=10 sched2=9 DIFFERS
  SCHED+GLOBREGS fn11: sched1=10 sched2=10 IDENTICAL
  SCHED+GLOBREGS fn12: sched1=12 sched2=11 DIFFERS
  SCHED+GLOBREGS fn13: sched1=11 sched2=11 IDENTICAL
  COLOR fn1: sched2=9 sched3=9 IDENTICAL
  COLOR fn2: sched2=9 sched3=9 IDENTICAL
  COLOR fn3: sched2=9 sched3=9 IDENTICAL
  COLOR fn4: sched2=10 sched3=10 IDENTICAL
  COLOR fn5: sched2=9 sched3=9 IDENTICAL
  COLOR fn6: sched2=10 sched3=10 IDENTICAL
  COLOR fn7: sched2=10 sched3=9 DIFFERS
  COLOR fn8: sched2=10 sched3=10 IDENTICAL
  COLOR fn9: sched2=9 sched3=9 IDENTICAL
  COLOR fn10: sched2=9 sched3=9 IDENTICAL
  COLOR fn11: sched2=10 sched3=10 IDENTICAL
  COLOR fn12: sched2=11 sched3=11 IDENTICAL
  COLOR fn13: sched2=11 sched3=11 IDENTICAL
  LOWERING fn1: sched3=9 sched0=7 DIFFERS
  LOWERING fn2: sched3=9 sched0=7 DIFFERS
  LOWERING fn3: sched3=9 sched0=7 DIFFERS
  LOWERING fn4: sched3=10 sched0=10 DIFFERS
  LOWERING fn5: sched3=9 sched0=7 DIFFERS
  LOWERING fn6: sched3=10 sched0=11 DIFFERS
  LOWERING fn7: sched3=9 sched0=8 DIFFERS
  LOWERING fn8: sched3=10 sched0=8 DIFFERS
  LOWERING fn9: sched3=9 sched0=7 DIFFERS
  LOWERING fn10: sched3=9 sched0=7 DIFFERS
  LOWERING fn11: sched3=10 sched0=16 DIFFERS
  LOWERING fn12: sched3=11 sched0=17 DIFFERS
  LOWERING fn13: sched3=11 sched0=16 DIFFERS
  gap-metric stage-snap-tuples 516
  gap-metric stage-snap-regions 104
  gap-metric stage-snap-walk-refusals 0
  gap-metric stage-snap-tuples-distinct 309
  gap-metric stage-snap-tuple-groups 52
  gap-metric stage-snap-suffix-violations 0
  gap-metric stage-color-pairs 13
  gap-metric stage-color-pairs-differing 1
  PAYLOAD 516 rows over 52 (phase,function) groups; 309 DISTINCT tuple positions (40.1% of the rows are suffix re-reads, inflation 1.67x). The nested-suffix model holds on every block, so DISTINCT is exact.
  RAW WINDOW 128B, 116 tuple pairs aligned across sched2/sched3 (1 function(s) skipped on a length mismatch).
                   offsets COLOR writes: NONE — the allocator wrote nothing in this window
== wcr_cmp_order.cpp digest=e33a42011e94cb4e
  SCHED+GLOBREGS fn1: sched1=21 sched2=19 DIFFERS
  SCHED+GLOBREGS fn2: sched1=21 sched2=19 DIFFERS
  SCHED+GLOBREGS fn3: sched1=21 sched2=19 DIFFERS
  SCHED+GLOBREGS fn4: sched1=21 sched2=19 DIFFERS
  SCHED+GLOBREGS fn5: sched1=18 sched2=17 DIFFERS
  SCHED+GLOBREGS fn6: sched1=18 sched2=17 DIFFERS
  SCHED+GLOBREGS fn7: sched1=18 sched2=17 DIFFERS
  SCHED+GLOBREGS fn8: sched1=21 sched2=19 DIFFERS
  SCHED+GLOBREGS fn9: sched1=18 sched2=17 DIFFERS
  SCHED+GLOBREGS fn10: sched1=21 sched2=19 DIFFERS
  SCHED+GLOBREGS fn11: sched1=18 sched2=17 DIFFERS
  SCHED+GLOBREGS fn12: sched1=21 sched2=19 DIFFERS
  SCHED+GLOBREGS fn13: sched1=18 sched2=17 DIFFERS
  SCHED+GLOBREGS fn14: sched1=18 sched2=17 DIFFERS
  SCHED+GLOBREGS fn15: sched1=18 sched2=17 DIFFERS
  SCHED+GLOBREGS fn16: sched1=18 sched2=17 DIFFERS
  SCHED+GLOBREGS fn17: sched1=18 sched2=17 DIFFERS
  SCHED+GLOBREGS fn18: sched1=18 sched2=17 DIFFERS
  SCHED+GLOBREGS fn19: sched1=18 sched2=17 DIFFERS
  SCHED+GLOBREGS fn20: sched1=21 sched2=19 DIFFERS
  SCHED+GLOBREGS fn21: sched1=21 sched2=19 DIFFERS
  SCHED+GLOBREGS fn22: sched1=21 sched2=20 DIFFERS
  SCHED+GLOBREGS fn23: sched1=18 sched2=18 IDENTICAL
  SCHED+GLOBREGS fn24: sched1=21 sched2=19 DIFFERS
  SCHED+GLOBREGS fn25: sched1=21 sched2=19 DIFFERS
  SCHED+GLOBREGS fn26: sched1=18 sched2=17 DIFFERS
  SCHED+GLOBREGS fn27: sched1=21 sched2=19 DIFFERS
  SCHED+GLOBREGS fn28: sched1=12 sched2=11 DIFFERS
  SCHED+GLOBREGS fn29: sched1=10 sched2=10 IDENTICAL
  SCHED+GLOBREGS fn30: sched1=12 sched2=12 IDENTICAL
  COLOR fn1: sched2=19 sched3=19 IDENTICAL
  COLOR fn2: sched2=19 sched3=19 IDENTICAL
  COLOR fn3: sched2=19 sched3=19 IDENTICAL
  COLOR fn4: sched2=19 sched3=19 IDENTICAL
  COLOR fn5: sched2=17 sched3=17 IDENTICAL
  COLOR fn6: sched2=17 sched3=17 IDENTICAL
  COLOR fn7: sched2=17 sched3=17 IDENTICAL
  COLOR fn8: sched2=19 sched3=19 IDENTICAL
  COLOR fn9: sched2=17 sched3=17 IDENTICAL
  COLOR fn10: sched2=19 sched3=19 IDENTICAL
  COLOR fn11: sched2=17 sched3=17 IDENTICAL
  COLOR fn12: sched2=19 sched3=19 IDENTICAL
  COLOR fn13: sched2=17 sched3=17 IDENTICAL
  COLOR fn14: sched2=17 sched3=17 IDENTICAL
  COLOR fn15: sched2=17 sched3=17 IDENTICAL
  COLOR fn16: sched2=17 sched3=17 IDENTICAL
  COLOR fn17: sched2=17 sched3=17 IDENTICAL
  COLOR fn18: sched2=17 sched3=17 IDENTICAL
  COLOR fn19: sched2=17 sched3=17 IDENTICAL
  COLOR fn20: sched2=19 sched3=19 IDENTICAL
  COLOR fn21: sched2=19 sched3=19 IDENTICAL
  COLOR fn22: sched2=20 sched3=20 IDENTICAL
  COLOR fn23: sched2=18 sched3=18 IDENTICAL
  COLOR fn24: sched2=19 sched3=19 IDENTICAL
  COLOR fn25: sched2=19 sched3=19 IDENTICAL
  COLOR fn26: sched2=17 sched3=17 IDENTICAL
  COLOR fn27: sched2=19 sched3=19 IDENTICAL
  COLOR fn28: sched2=11 sched3=11 IDENTICAL
  COLOR fn29: sched2=10 sched3=4 DIFFERS
  COLOR fn30: sched2=12 sched3=11 DIFFERS
  LOWERING fn1: sched3=19 sched0=28 DIFFERS
  LOWERING fn2: sched3=19 sched0=28 DIFFERS
  LOWERING fn3: sched3=19 sched0=28 DIFFERS
  LOWERING fn4: sched3=19 sched0=28 DIFFERS
  LOWERING fn5: sched3=17 sched0=26 DIFFERS
  LOWERING fn6: sched3=17 sched0=26 DIFFERS
  LOWERING fn7: sched3=17 sched0=26 DIFFERS
  LOWERING fn8: sched3=19 sched0=28 DIFFERS
  LOWERING fn9: sched3=17 sched0=26 DIFFERS
  LOWERING fn10: sched3=19 sched0=28 DIFFERS
  LOWERING fn11: sched3=17 sched0=26 DIFFERS
  LOWERING fn12: sched3=19 sched0=28 DIFFERS
  LOWERING fn13: sched3=17 sched0=26 DIFFERS
  LOWERING fn14: sched3=17 sched0=26 DIFFERS
  LOWERING fn15: sched3=17 sched0=26 DIFFERS
  LOWERING fn16: sched3=17 sched0=26 DIFFERS
  LOWERING fn17: sched3=17 sched0=26 DIFFERS
  LOWERING fn18: sched3=17 sched0=26 DIFFERS
  LOWERING fn19: sched3=17 sched0=26 DIFFERS
  LOWERING fn20: sched3=19 sched0=29 DIFFERS
  LOWERING fn21: sched3=19 sched0=29 DIFFERS
  LOWERING fn22: sched3=20 sched0=28 DIFFERS
  LOWERING fn23: sched3=18 sched0=26 DIFFERS
  LOWERING fn24: sched3=19 sched0=29 DIFFERS
  LOWERING fn25: sched3=19 sched0=29 DIFFERS
  LOWERING fn26: sched3=17 sched0=27 DIFFERS
  LOWERING fn27: sched3=19 sched0=28 DIFFERS
  LOWERING fn28: sched3=11 sched0=16 DIFFERS
  LOWERING fn29: sched3=4 sched0=9 DIFFERS
  LOWERING fn30: sched3=11 sched0=11 DIFFERS
  gap-metric stage-snap-tuples 2361
  gap-metric stage-snap-regions 239
  gap-metric stage-snap-walk-refusals 0
  gap-metric stage-snap-tuples-distinct 1747
  gap-metric stage-snap-tuple-groups 120
  gap-metric stage-snap-suffix-violations 0
  gap-metric stage-color-pairs 30
  gap-metric stage-color-pairs-differing 2
  PAYLOAD 2361 rows over 120 (phase,function) groups; 1747 DISTINCT tuple positions (26.0% of the rows are suffix re-reads, inflation 1.35x). The nested-suffix model holds on every block, so DISTINCT is exact.
  RAW WINDOW 128B, 498 tuple pairs aligned across sched2/sched3 (2 function(s) skipped on a length mismatch).
                   offsets COLOR writes: NONE — the allocator wrote nothing in this window
== wcr_cmp_order_neg.cpp digest=0add93770e9d2fa1
  SCHED+GLOBREGS fn1: sched1=17 sched2=16 DIFFERS
  SCHED+GLOBREGS fn2: sched1=20 sched2=19 DIFFERS
  SCHED+GLOBREGS fn3: sched1=20 sched2=19 DIFFERS
  SCHED+GLOBREGS fn4: sched1=20 sched2=19 DIFFERS
  SCHED+GLOBREGS fn5: sched1=17 sched2=16 DIFFERS
  SCHED+GLOBREGS fn6: sched1=17 sched2=16 DIFFERS
  SCHED+GLOBREGS fn7: sched1=18 sched2=17 DIFFERS
  SCHED+GLOBREGS fn8: sched1=18 sched2=17 DIFFERS
  SCHED+GLOBREGS fn9: sched1=18 sched2=17 DIFFERS
  SCHED+GLOBREGS fn10: sched1=18 sched2=17 DIFFERS
  SCHED+GLOBREGS fn11: sched1=21 sched2=19 DIFFERS
  SCHED+GLOBREGS fn12: sched1=21 sched2=19 DIFFERS
  SCHED+GLOBREGS fn13: sched1=20 sched2=18 DIFFERS
  SCHED+GLOBREGS fn14: sched1=65 sched2=64 DIFFERS
  SCHED+GLOBREGS fn15: sched1=65 sched2=64 DIFFERS
  SCHED+GLOBREGS fn16: sched1=21 sched2=19 DIFFERS
  SCHED+GLOBREGS fn17: sched1=21 sched2=19 DIFFERS
  SCHED+GLOBREGS fn18: sched1=24 sched2=22 DIFFERS
  SCHED+GLOBREGS fn19: sched1=22 sched2=19 DIFFERS
  SCHED+GLOBREGS fn20: sched1=22 sched2=19 DIFFERS
  SCHED+GLOBREGS fn21: sched1=21 sched2=22 DIFFERS
  SCHED+GLOBREGS fn22: sched1=21 sched2=20 DIFFERS
  SCHED+GLOBREGS fn23: sched1=21 sched2=19 DIFFERS
  SCHED+GLOBREGS fn24: sched1=57 sched2=56 DIFFERS
  SCHED+GLOBREGS fn25: sched1=19 sched2=18 DIFFERS
  SCHED+GLOBREGS fn26: sched1=23 sched2=21 DIFFERS
  SCHED+GLOBREGS fn27: sched1=18 sched2=16 DIFFERS
  COLOR fn1: sched2=16 sched3=16 IDENTICAL
  COLOR fn2: sched2=19 sched3=19 IDENTICAL
  COLOR fn3: sched2=19 sched3=19 IDENTICAL
  COLOR fn4: sched2=19 sched3=19 IDENTICAL
  COLOR fn5: sched2=16 sched3=16 IDENTICAL
  COLOR fn6: sched2=16 sched3=16 IDENTICAL
  COLOR fn7: sched2=17 sched3=17 IDENTICAL
  COLOR fn8: sched2=17 sched3=17 IDENTICAL
  COLOR fn9: sched2=17 sched3=17 IDENTICAL
  COLOR fn10: sched2=17 sched3=17 IDENTICAL
  COLOR fn11: sched2=19 sched3=19 IDENTICAL
  COLOR fn12: sched2=19 sched3=19 IDENTICAL
  COLOR fn13: sched2=18 sched3=18 IDENTICAL
  COLOR fn14: sched2=64 sched3=64 IDENTICAL
  COLOR fn15: sched2=64 sched3=64 IDENTICAL
  COLOR fn16: sched2=19 sched3=19 IDENTICAL
  COLOR fn17: sched2=19 sched3=19 IDENTICAL
  COLOR fn18: sched2=22 sched3=22 IDENTICAL
  COLOR fn19: sched2=19 sched3=19 IDENTICAL
  COLOR fn20: sched2=19 sched3=19 IDENTICAL
  COLOR fn21: sched2=22 sched3=22 IDENTICAL
  COLOR fn22: sched2=20 sched3=20 IDENTICAL
  COLOR fn23: sched2=19 sched3=19 IDENTICAL
  COLOR fn24: sched2=56 sched3=56 IDENTICAL
  COLOR fn25: sched2=18 sched3=18 IDENTICAL
  COLOR fn26: sched2=21 sched3=21 IDENTICAL
  COLOR fn27: sched2=16 sched3=16 IDENTICAL
  LOWERING fn1: sched3=16 sched0=26 DIFFERS
  LOWERING fn2: sched3=19 sched0=28 DIFFERS
  LOWERING fn3: sched3=19 sched0=28 DIFFERS
  LOWERING fn4: sched3=19 sched0=28 DIFFERS
  LOWERING fn5: sched3=16 sched0=26 DIFFERS
  LOWERING fn6: sched3=16 sched0=26 DIFFERS
  LOWERING fn7: sched3=17 sched0=26 DIFFERS
  LOWERING fn8: sched3=17 sched0=26 DIFFERS
  LOWERING fn9: sched3=17 sched0=26 DIFFERS
  LOWERING fn10: sched3=17 sched0=26 DIFFERS
  LOWERING fn11: sched3=19 sched0=29 DIFFERS
  LOWERING fn12: sched3=19 sched0=29 DIFFERS
  LOWERING fn13: sched3=18 sched0=27 DIFFERS
  LOWERING fn14: sched3=64 sched0=51 DIFFERS
  LOWERING fn15: sched3=64 sched0=51 DIFFERS
  LOWERING fn16: sched3=19 sched0=28 DIFFERS
  LOWERING fn17: sched3=19 sched0=28 DIFFERS
  LOWERING fn18: sched3=22 sched0=25 DIFFERS
  LOWERING fn19: sched3=19 sched0=29 DIFFERS
  LOWERING fn20: sched3=19 sched0=30 DIFFERS
  LOWERING fn21: sched3=22 sched0=30 DIFFERS
  LOWERING fn22: sched3=20 sched0=30 DIFFERS
  LOWERING fn23: sched3=19 sched0=26 DIFFERS
  LOWERING fn24: sched3=56 sched0=39 DIFFERS
  LOWERING fn25: sched3=18 sched0=24 DIFFERS
  LOWERING fn26: sched3=21 sched0=29 DIFFERS
  LOWERING fn27: sched3=16 sched0=23 DIFFERS
  gap-metric stage-snap-tuples 2713
  gap-metric stage-snap-regions 254
  gap-metric stage-snap-walk-refusals 0
  gap-metric stage-snap-tuples-distinct 1762
  gap-metric stage-snap-tuple-groups 108
  gap-metric stage-snap-suffix-violations 0
  gap-metric stage-color-pairs 27
  gap-metric stage-color-pairs-differing 0
  PAYLOAD 2713 rows over 108 (phase,function) groups; 1762 DISTINCT tuple positions (35.1% of the rows are suffix re-reads, inflation 1.54x). The nested-suffix model holds on every block, so DISTINCT is exact.
  RAW WINDOW 128B, 627 tuple pairs aligned across sched2/sched3 (0 function(s) skipped on a length mismatch).
                   offsets COLOR writes: +0x44(10) +0x45(4) +0x46(7) +0x47(7) +0x49(26) +0x4c(30) +0x4d(2) +0x4e(15) +0x51(4) +0x5d(12) +0x64(4) +0x65(1) +0x66(2) +0x67(1) +0x69(13)
  FINDING, not a green: the pre/post-COLOR snapshots are IDENTICAL on every
                   function here. The walk is reading fields COLOR does not write — it shows THAT
                   the allocator ran, not WHAT it did.
== wcv_reinterpret.cpp digest=c0be34bd7605c0eb
  SCHED+GLOBREGS fn1: sched1=10 sched2=4 DIFFERS
  SCHED+GLOBREGS fn2: sched1=10 sched2=4 DIFFERS
  SCHED+GLOBREGS fn3: sched1=10 sched2=4 DIFFERS
  SCHED+GLOBREGS fn4: sched1=10 sched2=4 DIFFERS
  SCHED+GLOBREGS fn5: sched1=10 sched2=4 DIFFERS
  SCHED+GLOBREGS fn6: sched1=10 sched2=4 DIFFERS
  SCHED+GLOBREGS fn7: sched1=10 sched2=4 DIFFERS
  SCHED+GLOBREGS fn8: sched1=10 sched2=4 DIFFERS
  SCHED+GLOBREGS fn9: sched1=10 sched2=4 DIFFERS
  SCHED+GLOBREGS fn10: sched1=10 sched2=4 DIFFERS
  SCHED+GLOBREGS fn11: sched1=10 sched2=4 DIFFERS
  SCHED+GLOBREGS fn12: sched1=10 sched2=4 DIFFERS
  SCHED+GLOBREGS fn13: sched1=10 sched2=4 DIFFERS
  SCHED+GLOBREGS fn14: sched1=10 sched2=4 DIFFERS
  SCHED+GLOBREGS fn15: sched1=10 sched2=4 DIFFERS
  SCHED+GLOBREGS fn16: sched1=10 sched2=4 DIFFERS
  SCHED+GLOBREGS fn17: sched1=10 sched2=4 DIFFERS
  SCHED+GLOBREGS fn18: sched1=10 sched2=4 DIFFERS
  SCHED+GLOBREGS fn19: sched1=10 sched2=4 DIFFERS
  SCHED+GLOBREGS fn20: sched1=10 sched2=4 DIFFERS
  SCHED+GLOBREGS fn21: sched1=10 sched2=4 DIFFERS
  SCHED+GLOBREGS fn22: sched1=10 sched2=4 DIFFERS
  SCHED+GLOBREGS fn23: sched1=10 sched2=4 DIFFERS
  SCHED+GLOBREGS fn24: sched1=10 sched2=4 DIFFERS
  SCHED+GLOBREGS fn25: sched1=10 sched2=4 DIFFERS
  SCHED+GLOBREGS fn26: sched1=15 sched2=11 DIFFERS
  SCHED+GLOBREGS fn27: sched1=15 sched2=11 DIFFERS
  SCHED+GLOBREGS fn28: sched1=15 sched2=11 DIFFERS
  SCHED+GLOBREGS fn29: sched1=15 sched2=11 DIFFERS
  SCHED+GLOBREGS fn30: sched1=12 sched2=11 DIFFERS
  SCHED+GLOBREGS fn31: sched1=14 sched2=11 DIFFERS
  SCHED+GLOBREGS fn32: sched1=13 sched2=12 DIFFERS
  SCHED+GLOBREGS fn33: sched1=10 sched2=4 DIFFERS
  SCHED+GLOBREGS fn34: sched1=10 sched2=4 DIFFERS
  SCHED+GLOBREGS fn35: sched1=10 sched2=4 DIFFERS
  SCHED+GLOBREGS fn36: sched1=13 sched2=11 DIFFERS
  SCHED+GLOBREGS fn37: sched1=10 sched2=4 DIFFERS
  SCHED+GLOBREGS fn38: sched1=10 sched2=4 DIFFERS
  SCHED+GLOBREGS fn39: sched1=10 sched2=4 DIFFERS
  SCHED+GLOBREGS fn40: sched1=10 sched2=10 IDENTICAL
  SCHED+GLOBREGS fn41: sched1=10 sched2=4 DIFFERS
  SCHED+GLOBREGS fn42: sched1=10 sched2=4 DIFFERS
  SCHED+GLOBREGS fn43: sched1=10 sched2=4 DIFFERS
  SCHED+GLOBREGS fn44: sched1=10 sched2=10 IDENTICAL
  SCHED+GLOBREGS fn45: sched1=10 sched2=4 DIFFERS
  SCHED+GLOBREGS fn46: sched1=10 sched2=10 IDENTICAL
  SCHED+GLOBREGS fn47: sched1=10 sched2=4 DIFFERS
  SCHED+GLOBREGS fn48: sched1=10 sched2=10 IDENTICAL
  COLOR fn1: sched2=4 sched3=4 IDENTICAL
  COLOR fn2: sched2=4 sched3=4 IDENTICAL
  COLOR fn3: sched2=4 sched3=4 IDENTICAL
  COLOR fn4: sched2=4 sched3=4 IDENTICAL
  COLOR fn5: sched2=4 sched3=4 IDENTICAL
  COLOR fn6: sched2=4 sched3=4 IDENTICAL
  COLOR fn7: sched2=4 sched3=4 IDENTICAL
  COLOR fn8: sched2=4 sched3=4 IDENTICAL
  COLOR fn9: sched2=4 sched3=4 IDENTICAL
  COLOR fn10: sched2=4 sched3=4 IDENTICAL
  COLOR fn11: sched2=4 sched3=4 IDENTICAL
  COLOR fn12: sched2=4 sched3=4 IDENTICAL
  COLOR fn13: sched2=4 sched3=4 IDENTICAL
  COLOR fn14: sched2=4 sched3=4 IDENTICAL
  COLOR fn15: sched2=4 sched3=4 IDENTICAL
  COLOR fn16: sched2=4 sched3=4 IDENTICAL
  COLOR fn17: sched2=4 sched3=4 IDENTICAL
  COLOR fn18: sched2=4 sched3=4 IDENTICAL
  COLOR fn19: sched2=4 sched3=4 IDENTICAL
  COLOR fn20: sched2=4 sched3=4 IDENTICAL
  COLOR fn21: sched2=4 sched3=4 IDENTICAL
  COLOR fn22: sched2=4 sched3=4 IDENTICAL
  COLOR fn23: sched2=4 sched3=4 IDENTICAL
  COLOR fn24: sched2=4 sched3=4 IDENTICAL
  COLOR fn25: sched2=4 sched3=4 IDENTICAL
  COLOR fn26: sched2=11 sched3=11 IDENTICAL
  COLOR fn27: sched2=11 sched3=11 IDENTICAL
  COLOR fn28: sched2=11 sched3=11 IDENTICAL
  COLOR fn29: sched2=11 sched3=11 IDENTICAL
  COLOR fn30: sched2=11 sched3=11 IDENTICAL
  COLOR fn31: sched2=11 sched3=11 IDENTICAL
  COLOR fn32: sched2=12 sched3=12 IDENTICAL
  COLOR fn33: sched2=4 sched3=4 IDENTICAL
  COLOR fn34: sched2=4 sched3=4 IDENTICAL
  COLOR fn35: sched2=4 sched3=4 IDENTICAL
  COLOR fn36: sched2=11 sched3=11 IDENTICAL
  COLOR fn37: sched2=4 sched3=4 IDENTICAL
  COLOR fn38: sched2=4 sched3=4 IDENTICAL
  COLOR fn39: sched2=4 sched3=4 IDENTICAL
  COLOR fn40: sched2=10 sched3=4 DIFFERS
  COLOR fn41: sched2=4 sched3=4 IDENTICAL
  COLOR fn42: sched2=4 sched3=4 IDENTICAL
  COLOR fn43: sched2=4 sched3=4 IDENTICAL
  COLOR fn44: sched2=10 sched3=4 DIFFERS
  COLOR fn45: sched2=4 sched3=4 IDENTICAL
  COLOR fn46: sched2=10 sched3=4 DIFFERS
  COLOR fn47: sched2=4 sched3=4 IDENTICAL
  COLOR fn48: sched2=10 sched3=4 DIFFERS
  LOWERING fn1: sched3=4 sched0=4 DIFFERS
  LOWERING fn2: sched3=4 sched0=4 DIFFERS
  LOWERING fn3: sched3=4 sched0=4 DIFFERS
  LOWERING fn4: sched3=4 sched0=4 DIFFERS
  LOWERING fn5: sched3=4 sched0=4 DIFFERS
  LOWERING fn6: sched3=4 sched0=4 DIFFERS
  LOWERING fn7: sched3=4 sched0=4 DIFFERS
  LOWERING fn8: sched3=4 sched0=4 DIFFERS
  LOWERING fn9: sched3=4 sched0=4 DIFFERS
  LOWERING fn10: sched3=4 sched0=4 DIFFERS
  LOWERING fn11: sched3=4 sched0=4 DIFFERS
  LOWERING fn12: sched3=4 sched0=4 DIFFERS
  LOWERING fn13: sched3=4 sched0=4 DIFFERS
  LOWERING fn14: sched3=4 sched0=4 DIFFERS
  LOWERING fn15: sched3=4 sched0=4 DIFFERS
  LOWERING fn16: sched3=4 sched0=4 DIFFERS
  LOWERING fn17: sched3=4 sched0=4 DIFFERS
  LOWERING fn18: sched3=4 sched0=4 DIFFERS
  LOWERING fn19: sched3=4 sched0=4 DIFFERS
  LOWERING fn20: sched3=4 sched0=4 DIFFERS
  LOWERING fn21: sched3=4 sched0=4 DIFFERS
  LOWERING fn22: sched3=4 sched0=4 DIFFERS
  LOWERING fn23: sched3=4 sched0=4 DIFFERS
  LOWERING fn24: sched3=4 sched0=4 DIFFERS
  LOWERING fn25: sched3=4 sched0=4 DIFFERS
  LOWERING fn26: sched3=11 sched0=7 DIFFERS
  LOWERING fn27: sched3=11 sched0=7 DIFFERS
  LOWERING fn28: sched3=11 sched0=7 DIFFERS
  LOWERING fn29: sched3=11 sched0=7 DIFFERS
  LOWERING fn30: sched3=11 sched0=7 DIFFERS
  LOWERING fn31: sched3=11 sched0=7 DIFFERS
  LOWERING fn32: sched3=12 sched0=10 DIFFERS
  LOWERING fn33: sched3=4 sched0=4 DIFFERS
  LOWERING fn34: sched3=4 sched0=4 DIFFERS
  LOWERING fn35: sched3=4 sched0=4 DIFFERS
  LOWERING fn36: sched3=11 sched0=7 DIFFERS
  LOWERING fn37: sched3=4 sched0=4 DIFFERS
  LOWERING fn38: sched3=4 sched0=4 DIFFERS
  LOWERING fn39: sched3=4 sched0=4 DIFFERS
  LOWERING fn40: sched3=4 sched0=9 DIFFERS
  LOWERING fn41: sched3=4 sched0=9 DIFFERS
  LOWERING fn42: sched3=4 sched0=9 DIFFERS
  LOWERING fn43: sched3=4 sched0=9 DIFFERS
  LOWERING fn44: sched3=4 sched0=9 DIFFERS
  LOWERING fn45: sched3=4 sched0=9 DIFFERS
  LOWERING fn46: sched3=4 sched0=9 DIFFERS
  LOWERING fn47: sched3=4 sched0=9 DIFFERS
  LOWERING fn48: sched3=4 sched0=9 DIFFERS
  gap-metric stage-snap-tuples 1298
  gap-metric stage-snap-regions 277
  gap-metric stage-snap-walk-refusals 0
  gap-metric stage-snap-tuples-distinct 966
  gap-metric stage-snap-tuple-groups 192
  gap-metric stage-snap-suffix-violations 0
  gap-metric stage-color-pairs 48
  gap-metric stage-color-pairs-differing 4
  PAYLOAD 1298 rows over 192 (phase,function) groups; 966 DISTINCT tuple positions (25.6% of the rows are suffix re-reads, inflation 1.34x). The nested-suffix model holds on every block, so DISTINCT is exact.
  RAW WINDOW 128B, 233 tuple pairs aligned across sched2/sched3 (4 function(s) skipped on a length mismatch).
                   offsets COLOR writes: NONE — the allocator wrote nothing in this window
== wcv_reinterpret_neg.cpp digest=f639ce4b0ddabc4c
  SCHED+GLOBREGS fn1: sched1=10 sched2=10 IDENTICAL
  SCHED+GLOBREGS fn2: sched1=10 sched2=10 IDENTICAL
  SCHED+GLOBREGS fn3: sched1=10 sched2=10 IDENTICAL
  SCHED+GLOBREGS fn4: sched1=11 sched2=10 DIFFERS
  SCHED+GLOBREGS fn5: sched1=10 sched2=4 DIFFERS
  SCHED+GLOBREGS fn6: sched1=10 sched2=4 DIFFERS
  SCHED+GLOBREGS fn7: sched1=10 sched2=4 DIFFERS
  SCHED+GLOBREGS fn8: sched1=10 sched2=4 DIFFERS
  SCHED+GLOBREGS fn9: sched1=10 sched2=4 DIFFERS
  SCHED+GLOBREGS fn10: sched1=10 sched2=4 DIFFERS
  SCHED+GLOBREGS fn11: sched1=10 sched2=4 DIFFERS
  SCHED+GLOBREGS fn12: sched1=10 sched2=4 DIFFERS
  SCHED+GLOBREGS fn13: sched1=10 sched2=4 DIFFERS
  SCHED+GLOBREGS fn14: sched1=14 sched2=13 DIFFERS
  SCHED+GLOBREGS fn15: sched1=13 sched2=13 IDENTICAL
  SCHED+GLOBREGS fn16: sched1=11 sched2=10 DIFFERS
  SCHED+GLOBREGS fn17: sched1=11 sched2=10 DIFFERS
  SCHED+GLOBREGS fn18: sched1=10 sched2=4 DIFFERS
  SCHED+GLOBREGS fn19: sched1=10 sched2=4 DIFFERS
  COLOR fn1: sched2=10 sched3=4 DIFFERS
  COLOR fn2: sched2=10 sched3=4 DIFFERS
  COLOR fn3: sched2=10 sched3=4 DIFFERS
  COLOR fn4: sched2=10 sched3=4 DIFFERS
  COLOR fn5: sched2=4 sched3=4 IDENTICAL
  COLOR fn6: sched2=4 sched3=4 IDENTICAL
  COLOR fn7: sched2=4 sched3=4 IDENTICAL
  COLOR fn8: sched2=4 sched3=4 IDENTICAL
  COLOR fn9: sched2=4 sched3=4 IDENTICAL
  COLOR fn10: sched2=4 sched3=4 IDENTICAL
  COLOR fn11: sched2=4 sched3=4 IDENTICAL
  COLOR fn12: sched2=4 sched3=4 IDENTICAL
  COLOR fn13: sched2=4 sched3=4 IDENTICAL
  COLOR fn14: sched2=13 sched3=13 IDENTICAL
  COLOR fn15: sched2=13 sched3=13 IDENTICAL
  COLOR fn16: sched2=10 sched3=10 IDENTICAL
  COLOR fn17: sched2=10 sched3=10 IDENTICAL
  COLOR fn18: sched2=4 sched3=4 IDENTICAL
  COLOR fn19: sched2=4 sched3=4 IDENTICAL
  LOWERING fn1: sched3=4 sched0=9 DIFFERS
  LOWERING fn2: sched3=4 sched0=9 DIFFERS
  LOWERING fn3: sched3=4 sched0=9 DIFFERS
  LOWERING fn4: sched3=4 sched0=10 DIFFERS
  LOWERING fn5: sched3=4 sched0=9 DIFFERS
  LOWERING fn6: sched3=4 sched0=9 DIFFERS
  LOWERING fn7: sched3=4 sched0=9 DIFFERS
  LOWERING fn8: sched3=4 sched0=9 DIFFERS
  LOWERING fn9: sched3=4 sched0=9 DIFFERS
  LOWERING fn10: sched3=4 sched0=9 DIFFERS
  LOWERING fn11: sched3=4 sched0=9 DIFFERS
  LOWERING fn12: sched3=4 sched0=9 DIFFERS
  LOWERING fn13: sched3=4 sched0=9 DIFFERS
  LOWERING fn14: sched3=13 sched0=13 DIFFERS
  LOWERING fn15: sched3=13 sched0=8 DIFFERS
  LOWERING fn16: sched3=10 sched0=10 DIFFERS
  LOWERING fn17: sched3=10 sched0=10 DIFFERS
  LOWERING fn18: sched3=4 sched0=9 DIFFERS
  LOWERING fn19: sched3=4 sched0=9 DIFFERS
  gap-metric stage-snap-tuples 613
  gap-metric stage-snap-regions 126
  gap-metric stage-snap-walk-refusals 0
  gap-metric stage-snap-tuples-distinct 414
  gap-metric stage-snap-tuple-groups 76
  gap-metric stage-snap-suffix-violations 0
  gap-metric stage-color-pairs 19
  gap-metric stage-color-pairs-differing 4
  PAYLOAD 613 rows over 76 (phase,function) groups; 414 DISTINCT tuple positions (32.5% of the rows are suffix re-reads, inflation 1.48x). The nested-suffix model holds on every block, so DISTINCT is exact.
  RAW WINDOW 128B, 90 tuple pairs aligned across sched2/sched3 (4 function(s) skipped on a length mismatch).
                   offsets COLOR writes: NONE — the allocator wrote nothing in this window
== wda_dataaddr_neg.cpp digest=2734503d52589762
  SCHED+GLOBREGS fn1: sched1=13 sched2=13 IDENTICAL
  SCHED+GLOBREGS fn2: sched1=14 sched2=14 IDENTICAL
  SCHED+GLOBREGS fn3: sched1=13 sched2=13 IDENTICAL
  SCHED+GLOBREGS fn4: sched1=15 sched2=15 DIFFERS
  SCHED+GLOBREGS fn5: sched1=14 sched2=14 IDENTICAL
  SCHED+GLOBREGS fn6: sched1=16 sched2=16 IDENTICAL
  COLOR fn1: sched2=13 sched3=13 IDENTICAL
  COLOR fn2: sched2=14 sched3=14 DIFFERS
  COLOR fn3: sched2=13 sched3=13 DIFFERS
  COLOR fn4: sched2=15 sched3=15 DIFFERS
  COLOR fn5: sched2=14 sched3=14 DIFFERS
  COLOR fn6: sched2=16 sched3=16 DIFFERS
  LOWERING fn1: sched3=13 sched0=9 DIFFERS
  LOWERING fn2: sched3=14 sched0=9 DIFFERS
  LOWERING fn3: sched3=13 sched0=11 DIFFERS
  LOWERING fn4: sched3=15 sched0=12 DIFFERS
  LOWERING fn5: sched3=14 sched0=9 DIFFERS
  LOWERING fn6: sched3=16 sched0=11 DIFFERS
  gap-metric stage-snap-tuples 316
  gap-metric stage-snap-regions 48
  gap-metric stage-snap-walk-refusals 0
  gap-metric stage-snap-tuples-distinct 226
  gap-metric stage-snap-tuple-groups 24
  gap-metric stage-snap-suffix-violations 0
  gap-metric stage-color-pairs 6
  gap-metric stage-color-pairs-differing 5
  PAYLOAD 316 rows over 24 (phase,function) groups; 226 DISTINCT tuple positions (28.5% of the rows are suffix re-reads, inflation 1.40x). The nested-suffix model holds on every block, so DISTINCT is exact.
  RAW WINDOW 128B, 85 tuple pairs aligned across sched2/sched3 (0 function(s) skipped on a length mismatch).
                   offsets COLOR writes: +0x0(18) +0x1(14) +0x2(2) +0x4(14) +0x10(18) +0x11(14) +0x12(2) +0x28(14) +0x29(14) +0x2a(2) +0x2c(14) +0x2d(12) +0x34(16) +0x35(12) +0x36(8) +0x37(8) +0x38(8) +0x39(2) +0x3c(8) +0x3d(2) +0x3e(6) +0x3f(6) +0x40(4) +0x44(8) +0x45(2) +0x46(2) +0x48(8) +0x49(2) +0x4a(4) +0x4b(4) +0x4c(12) +0x4d(12) +0x4e(4) +0x4f(4) +0x50(12) +0x51(12) +0x52(12) +0x53(8) +0x54(22) +0x55(20) +0x56(13) +0x57(12) +0x58(16) +0x59(4) +0x5c(8) +0x5d(6) +0x5e(6) +0x5f(6) +0x60(4) +0x61(4) +0x62(4) +0x63(4) +0x64(14) +0x65(11) +0x66(14) +0x67(12) +0x68(14) +0x6c(18) +0x6d(18) +0x6e(16) +0x6f(16) +0x70(10) +0x71(10) +0x72(8) +0x73(8) +0x74(10) +0x75(12) +0x76(12) +0x77(12) +0x78(12) +0x79(6) +0x7c(12) +0x7d(10) +0x7e(10) +0x7f(14)
== wda_neighbours.cpp digest=f7081c8b27c665be
  SCHED+GLOBREGS fn1: sched1=12 sched2=12 IDENTICAL
  SCHED+GLOBREGS fn2: sched1=13 sched2=11 DIFFERS
  SCHED+GLOBREGS fn3: sched1=12 sched2=12 IDENTICAL
  SCHED+GLOBREGS fn4: sched1=12 sched2=11 DIFFERS
  SCHED+GLOBREGS fn5: sched1=10 sched2=10 IDENTICAL
  SCHED+GLOBREGS fn6: sched1=10 sched2=10 IDENTICAL
  COLOR fn1: sched2=12 sched3=12 IDENTICAL
  COLOR fn2: sched2=11 sched3=11 IDENTICAL
  COLOR fn3: sched2=12 sched3=12 IDENTICAL
  COLOR fn4: sched2=11 sched3=11 IDENTICAL
  COLOR fn5: sched2=10 sched3=10 IDENTICAL
  COLOR fn6: sched2=10 sched3=4 DIFFERS
  LOWERING fn1: sched3=12 sched0=8 DIFFERS
  LOWERING fn2: sched3=11 sched0=7 DIFFERS
  LOWERING fn3: sched3=12 sched0=8 DIFFERS
  LOWERING fn4: sched3=11 sched0=7 DIFFERS
  LOWERING fn5: sched3=10 sched0=8 DIFFERS
  LOWERING fn6: sched3=4 sched0=9 DIFFERS
  gap-metric stage-snap-tuples 242
  gap-metric stage-snap-regions 47
  gap-metric stage-snap-walk-refusals 0
  gap-metric stage-snap-tuples-distinct 155
  gap-metric stage-snap-tuple-groups 24
  gap-metric stage-snap-suffix-violations 0
  gap-metric stage-color-pairs 6
  gap-metric stage-color-pairs-differing 1
  PAYLOAD 242 rows over 24 (phase,function) groups; 155 DISTINCT tuple positions (36.0% of the rows are suffix re-reads, inflation 1.56x). The nested-suffix model holds on every block, so DISTINCT is exact.
  RAW WINDOW 128B, 56 tuple pairs aligned across sched2/sched3 (1 function(s) skipped on a length mismatch).
                   offsets COLOR writes: NONE — the allocator wrote nothing in this window
== wdata_static_scan.cpp digest=f929f32e4205fd34
  SCHED+GLOBREGS fn1: sched1=207 sched2=188 DIFFERS
  SCHED+GLOBREGS fn2: sched1=207 sched2=188 DIFFERS
  SCHED+GLOBREGS fn3: sched1=207 sched2=188 DIFFERS
  COLOR fn1: sched2=188 sched3=188 DIFFERS
  COLOR fn2: sched2=188 sched3=188 DIFFERS
  COLOR fn3: sched2=188 sched3=188 DIFFERS
  LOWERING fn1: sched3=188 sched0=112 DIFFERS
  LOWERING fn2: sched3=188 sched0=112 DIFFERS
  LOWERING fn3: sched3=188 sched0=112 DIFFERS
  gap-metric stage-snap-tuples 2085
  gap-metric stage-snap-regions 117
  gap-metric stage-snap-walk-refusals 0
  gap-metric stage-snap-tuples-distinct 405
  gap-metric stage-snap-tuple-groups 12
  gap-metric stage-snap-suffix-violations 0
  gap-metric stage-color-pairs 3
  gap-metric stage-color-pairs-differing 3
  PAYLOAD 2085 rows over 12 (phase,function) groups; 405 DISTINCT tuple positions (80.6% of the rows are suffix re-reads, inflation 5.15x). The nested-suffix model holds on every block, so DISTINCT is exact.
  RAW WINDOW 128B, 564 tuple pairs aligned across sched2/sched3 (0 function(s) skipped on a length mismatch).
                   offsets COLOR writes: +0x0(3) +0x1(6) +0x4(12) +0x10(6) +0x11(12) +0x28(15) +0x29(18) +0x2a(10) +0x2c(6) +0x2d(8) +0x2e(6) +0x34(10) +0x35(10) +0x38(12) +0x39(6) +0x3c(12) +0x3d(30) +0x3e(6) +0x3f(6) +0x44(12) +0x45(18) +0x46(12) +0x47(12) +0x48(6) +0x49(27) +0x50(24) +0x51(48) +0x52(48) +0x53(48) +0x54(18) +0x55(17) +0x56(12) +0x57(12) +0x58(12) +0x59(12) +0x5a(12) +0x5b(12) +0x5c(12) +0x5d(8) +0x60(4) +0x61(12) +0x62(12) +0x63(12) +0x64(19) +0x65(48) +0x66(36) +0x67(36) +0x68(12) +0x69(24) +0x6a(12) +0x6b(12) +0x6c(12) +0x6d(10) +0x6e(12) +0x6f(12) +0x70(63) +0x71(114) +0x72(102) +0x73(102) +0x74(28) +0x75(30) +0x76(14) +0x77(6) +0x78(6) +0x79(12) +0x7a(12) +0x7b(12) +0x7c(12) +0x7d(10) +0x7e(12) +0x7f(12)
== wdata_static_scan_neg.cpp digest=415c901ef8d57ec6
  SCHED+GLOBREGS fn1: sched1=207 sched2=188 DIFFERS
  SCHED+GLOBREGS fn2: sched1=207 sched2=188 DIFFERS
  SCHED+GLOBREGS fn3: sched1=219 sched2=200 DIFFERS
  SCHED+GLOBREGS fn4: sched1=207 sched2=188 DIFFERS
  SCHED+GLOBREGS fn5: sched1=190 sched2=182 DIFFERS
  SCHED+GLOBREGS fn6: sched1=207 sched2=188 DIFFERS
  COLOR fn1: sched2=188 sched3=188 DIFFERS
  COLOR fn2: sched2=188 sched3=188 DIFFERS
  COLOR fn3: sched2=200 sched3=200 DIFFERS
  COLOR fn4: sched2=188 sched3=188 DIFFERS
  COLOR fn5: sched2=182 sched3=182 DIFFERS
  COLOR fn6: sched2=188 sched3=188 DIFFERS
  LOWERING fn1: sched3=188 sched0=112 DIFFERS
  LOWERING fn2: sched3=188 sched0=112 DIFFERS
  LOWERING fn3: sched3=200 sched0=112 DIFFERS
  LOWERING fn4: sched3=188 sched0=112 DIFFERS
  LOWERING fn5: sched3=182 sched0=104 DIFFERS
  LOWERING fn6: sched3=188 sched0=112 DIFFERS
  gap-metric stage-snap-tuples 4169
  gap-metric stage-snap-regions 234
  gap-metric stage-snap-walk-refusals 0
  gap-metric stage-snap-tuples-distinct 819
  gap-metric stage-snap-tuple-groups 24
  gap-metric stage-snap-suffix-violations 0
  gap-metric stage-color-pairs 6
  gap-metric stage-color-pairs-differing 6
  PAYLOAD 4169 rows over 24 (phase,function) groups; 819 DISTINCT tuple positions (80.4% of the rows are suffix re-reads, inflation 5.09x). The nested-suffix model holds on every block, so DISTINCT is exact.
  RAW WINDOW 128B, 1134 tuple pairs aligned across sched2/sched3 (0 function(s) skipped on a length mismatch).
                   offsets COLOR writes: +0x0(14) +0x1(20) +0x2(4) +0x4(28) +0x5(2) +0xa(2) +0x10(18) +0x11(28) +0x12(4) +0x28(27) +0x29(33) +0x2a(6) +0x2c(18) +0x2d(23) +0x2e(4) +0x34(25) +0x35(28) +0x36(10) +0x37(8) +0x38(22) +0x39(13) +0x3a(4) +0x3b(4) +0x3c(23) +0x3d(50) +0x3e(12) +0x3f(12) +0x40(6) +0x41(1) +0x42(2) +0x43(2) +0x44(25) +0x45(38) +0x46(29) +0x47(28) +0x48(10) +0x49(54) +0x4a(2) +0x4b(2) +0x4c(8) +0x4d(10) +0x4e(5) +0x4f(4) +0x50(86) +0x51(132) +0x52(134) +0x53(132) +0x54(35) +0x55(36) +0x56(21) +0x57(20) +0x58(23) +0x59(20) +0x5a(20) +0x5b(20) +0x5c(21) +0x5d(12) +0x5e(5) +0x5f(3) +0x60(12) +0x61(18) +0x62(18) +0x63(18) +0x64(43) +0x65(84) +0x66(64) +0x67(64) +0x68(18) +0x69(49) +0x6a(16) +0x6b(16) +0x6c(27) +0x6d(26) +0x6e(24) +0x6f(24) +0x70(134) +0x71(209) +0x72(184) +0x73(184) +0x74(37) +0x75(38) +0x76(27) +0x77(14) +0x78(12) +0x79(16) +0x7a(16) +0x7b(16) +0x7c(25) +0x7d(23) +0x7e(16) +0x7f(16)
== wdec_ec_localcall_neg.cpp digest=51a21a27384c7cd2
  SCHED+GLOBREGS fn1: sched1=10 sched2=10 IDENTICAL
  SCHED+GLOBREGS fn2: sched1=10 sched2=10 IDENTICAL
  COLOR fn1: sched2=10 sched3=4 DIFFERS
  COLOR fn2: sched2=10 sched3=4 DIFFERS
  LOWERING fn1: sched3=4 sched0=9 DIFFERS
  LOWERING fn2: sched3=4 sched0=9 DIFFERS
  gap-metric stage-snap-tuples 66
  gap-metric stage-snap-regions 14
  gap-metric stage-snap-walk-refusals 0
  gap-metric stage-snap-tuples-distinct 42
  gap-metric stage-snap-tuple-groups 8
  gap-metric stage-snap-suffix-violations 0
  gap-metric stage-color-pairs 2
  gap-metric stage-color-pairs-differing 2
  PAYLOAD 66 rows over 8 (phase,function) groups; 42 DISTINCT tuple positions (36.4% of the rows are suffix re-reads, inflation 1.57x). The nested-suffix model holds on every block, so DISTINCT is exact.
  RAW WINDOW VACUOUS — 0 pairs aligned across sched2/sched3 (2 function(s) skipped on a length mismatch, window 128B).
                   NOTHING WAS COMPARED. This says nothing about what COLOR writes.
== wdec_ec_varargs_long_neg.cpp digest=0df8759e4851450c
  SCHED+GLOBREGS fn1: sched1=10 sched2=10 IDENTICAL
  COLOR fn1: sched2=10 sched3=4 DIFFERS
  LOWERING fn1: sched3=4 sched0=9 DIFFERS
  gap-metric stage-snap-tuples 33
  gap-metric stage-snap-regions 7
  gap-metric stage-snap-walk-refusals 0
  gap-metric stage-snap-tuples-distinct 21
  gap-metric stage-snap-tuple-groups 4
  gap-metric stage-snap-suffix-violations 0
  gap-metric stage-color-pairs 1
  gap-metric stage-color-pairs-differing 1
  PAYLOAD 33 rows over 4 (phase,function) groups; 21 DISTINCT tuple positions (36.4% of the rows are suffix re-reads, inflation 1.57x). The nested-suffix model holds on every block, so DISTINCT is exact.
  RAW WINDOW VACUOUS — 0 pairs aligned across sched2/sched3 (1 function(s) skipped on a length mismatch, window 128B).
                   NOTHING WAS COMPARED. This says nothing about what COLOR writes.
== wdec_ec_varargs_neg.cpp digest=0df8759e4851450c
  SCHED+GLOBREGS fn1: sched1=10 sched2=10 IDENTICAL
  COLOR fn1: sched2=10 sched3=4 DIFFERS
  LOWERING fn1: sched3=4 sched0=9 DIFFERS
  gap-metric stage-snap-tuples 33
  gap-metric stage-snap-regions 7
  gap-metric stage-snap-walk-refusals 0
  gap-metric stage-snap-tuples-distinct 21
  gap-metric stage-snap-tuple-groups 4
  gap-metric stage-snap-suffix-violations 0
  gap-metric stage-color-pairs 1
  gap-metric stage-color-pairs-differing 1
  PAYLOAD 33 rows over 4 (phase,function) groups; 21 DISTINCT tuple positions (36.4% of the rows are suffix re-reads, inflation 1.57x). The nested-suffix model holds on every block, so DISTINCT is exact.
  RAW WINDOW VACUOUS — 0 pairs aligned across sched2/sched3 (1 function(s) skipped on a length mismatch, window 128B).
                   NOTHING WAS COMPARED. This says nothing about what COLOR writes.
== wdec_ecshort_eight.cpp digest=51a21a27384c7cd2
  SCHED+GLOBREGS fn1: sched1=10 sched2=10 IDENTICAL
  SCHED+GLOBREGS fn2: sched1=10 sched2=10 IDENTICAL
  COLOR fn1: sched2=10 sched3=4 DIFFERS
  COLOR fn2: sched2=10 sched3=4 DIFFERS
  LOWERING fn1: sched3=4 sched0=9 DIFFERS
  LOWERING fn2: sched3=4 sched0=9 DIFFERS
  gap-metric stage-snap-tuples 66
  gap-metric stage-snap-regions 14
  gap-metric stage-snap-walk-refusals 0
  gap-metric stage-snap-tuples-distinct 42
  gap-metric stage-snap-tuple-groups 8
  gap-metric stage-snap-suffix-violations 0
  gap-metric stage-color-pairs 2
  gap-metric stage-color-pairs-differing 2
  PAYLOAD 66 rows over 8 (phase,function) groups; 42 DISTINCT tuple positions (36.4% of the rows are suffix re-reads, inflation 1.57x). The nested-suffix model holds on every block, so DISTINCT is exact.
  RAW WINDOW VACUOUS — 0 pairs aligned across sched2/sched3 (2 function(s) skipped on a length mismatch, window 128B).
                   NOTHING WAS COMPARED. This says nothing about what COLOR writes.
== wdec_ecshort_leaf.cpp digest=0df8759e4851450c
  SCHED+GLOBREGS fn1: sched1=10 sched2=10 IDENTICAL
  COLOR fn1: sched2=10 sched3=4 DIFFERS
  LOWERING fn1: sched3=4 sched0=9 DIFFERS
  gap-metric stage-snap-tuples 33
  gap-metric stage-snap-regions 7
  gap-metric stage-snap-walk-refusals 0
  gap-metric stage-snap-tuples-distinct 21
  gap-metric stage-snap-tuple-groups 4
  gap-metric stage-snap-suffix-violations 0
  gap-metric stage-color-pairs 1
  gap-metric stage-color-pairs-differing 1
  PAYLOAD 33 rows over 4 (phase,function) groups; 21 DISTINCT tuple positions (36.4% of the rows are suffix re-reads, inflation 1.57x). The nested-suffix model holds on every block, so DISTINCT is exact.
  RAW WINDOW VACUOUS — 0 pairs aligned across sched2/sched3 (1 function(s) skipped on a length mismatch, window 128B).
                   NOTHING WAS COMPARED. This says nothing about what COLOR writes.
== wdec_ecshort_mix.cpp digest=954bfb10bc2d6798
  SCHED+GLOBREGS fn1: sched1=13 sched2=11 DIFFERS
  SCHED+GLOBREGS fn2: sched1=13 sched2=11 DIFFERS
  COLOR fn1: sched2=11 sched3=11 IDENTICAL
  COLOR fn2: sched2=11 sched3=11 IDENTICAL
  LOWERING fn1: sched3=11 sched0=7 DIFFERS
  LOWERING fn2: sched3=11 sched0=7 DIFFERS
  gap-metric stage-snap-tuples 84
  gap-metric stage-snap-regions 16
  gap-metric stage-snap-walk-refusals 0
  gap-metric stage-snap-tuples-distinct 54
  gap-metric stage-snap-tuple-groups 8
  gap-metric stage-snap-suffix-violations 0
  gap-metric stage-color-pairs 2
  gap-metric stage-color-pairs-differing 0
  PAYLOAD 84 rows over 8 (phase,function) groups; 54 DISTINCT tuple positions (35.7% of the rows are suffix re-reads, inflation 1.56x). The nested-suffix model holds on every block, so DISTINCT is exact.
  RAW WINDOW 128B, 22 tuple pairs aligned across sched2/sched3 (0 function(s) skipped on a length mismatch).
                   offsets COLOR writes: NONE — the allocator wrote nothing in this window
  FINDING, not a green: the pre/post-COLOR snapshots are IDENTICAL on every
                   function here. The walk is reading fields COLOR does not write — it shows THAT
                   the allocator ran, not WHAT it did.
== wdivmod_leaf.cpp digest=46eba29f72f7dff6
  SCHED+GLOBREGS fn1: sched1=16 sched2=16 DIFFERS
  SCHED+GLOBREGS fn2: sched1=14 sched2=14 DIFFERS
  SCHED+GLOBREGS fn3: sched1=12 sched2=12 IDENTICAL
  SCHED+GLOBREGS fn4: sched1=10 sched2=4 DIFFERS
  COLOR fn1: sched2=16 sched3=16 IDENTICAL
  COLOR fn2: sched2=14 sched3=14 IDENTICAL
  COLOR fn3: sched2=12 sched3=12 IDENTICAL
  COLOR fn4: sched2=4 sched3=4 IDENTICAL
  LOWERING fn1: sched3=16 sched0=16 DIFFERS
  LOWERING fn2: sched3=14 sched0=14 DIFFERS
  LOWERING fn3: sched3=12 sched0=12 DIFFERS
  LOWERING fn4: sched3=4 sched0=10 DIFFERS
  gap-metric stage-snap-tuples 196
  gap-metric stage-snap-regions 30
  gap-metric stage-snap-walk-refusals 0
  gap-metric stage-snap-tuples-distinct 140
  gap-metric stage-snap-tuple-groups 16
  gap-metric stage-snap-suffix-violations 0
  gap-metric stage-color-pairs 4
  gap-metric stage-color-pairs-differing 0
  PAYLOAD 196 rows over 16 (phase,function) groups; 140 DISTINCT tuple positions (28.6% of the rows are suffix re-reads, inflation 1.40x). The nested-suffix model holds on every block, so DISTINCT is exact.
  RAW WINDOW 128B, 46 tuple pairs aligned across sched2/sched3 (0 function(s) skipped on a length mismatch).
                   offsets COLOR writes: +0x49(3) +0x50(2) +0x51(2) +0x52(2) +0x53(2) +0x69(4) +0x71(1) +0x78(1)
  FINDING, not a green: the pre/post-COLOR snapshots are IDENTICAL on every
                   function here. The walk is reading fields COLOR does not write — it shows THAT
                   the allocator ran, not WHAT it did.
== wdr_neighbours.cpp digest=e446883056e26db7
  SCHED+GLOBREGS fn1: sched1=10 sched2=10 IDENTICAL
  SCHED+GLOBREGS fn2: sched1=10 sched2=10 IDENTICAL
  SCHED+GLOBREGS fn3: sched1=4 sched2=4 IDENTICAL
  SCHED+GLOBREGS fn4: sched1=10 sched2=10 IDENTICAL
  SCHED+GLOBREGS fn5: sched1=12 sched2=11 DIFFERS
  SCHED+GLOBREGS fn6: sched1=14 sched2=12 DIFFERS
  SCHED+GLOBREGS fn7: sched1=14 sched2=4 DIFFERS
  SCHED+GLOBREGS fn8: sched1=13 sched2=11 DIFFERS
  SCHED+GLOBREGS fn9: sched1=13 sched2=11 DIFFERS
  SCHED+GLOBREGS fn10: sched1=14 sched2=14 IDENTICAL
  SCHED+GLOBREGS fn11: sched1=14 sched2=14 DIFFERS
  COLOR fn1: sched2=10 sched3=4 DIFFERS
  COLOR fn2: sched2=10 sched3=4 DIFFERS
  COLOR fn3: sched2=4 sched3=4 IDENTICAL
  COLOR fn4: sched2=10 sched3=10 IDENTICAL
  COLOR fn5: sched2=11 sched3=11 IDENTICAL
  COLOR fn6: sched2=12 sched3=12 IDENTICAL
  COLOR fn7: sched2=4 sched3=4 IDENTICAL
  COLOR fn8: sched2=11 sched3=11 IDENTICAL
  COLOR fn9: sched2=11 sched3=11 IDENTICAL
  COLOR fn10: sched2=14 sched3=14 IDENTICAL
  COLOR fn11: sched2=14 sched3=14 IDENTICAL
  LOWERING fn1: sched3=4 sched0=9 DIFFERS
  LOWERING fn2: sched3=4 sched0=9 DIFFERS
  LOWERING fn3: sched3=4 sched0=4 DIFFERS
  LOWERING fn4: sched3=10 sched0=9 DIFFERS
  LOWERING fn5: sched3=11 sched0=7 DIFFERS
  LOWERING fn6: sched3=12 sched0=10 DIFFERS
  LOWERING fn7: sched3=4 sched0=8 DIFFERS
  LOWERING fn8: sched3=11 sched0=16 DIFFERS
  LOWERING fn9: sched3=11 sched0=16 DIFFERS
  LOWERING fn10: sched3=14 sched0=14 DIFFERS
  LOWERING fn11: sched3=14 sched0=10 DIFFERS
  gap-metric stage-snap-tuples 450
  gap-metric stage-snap-regions 80
  gap-metric stage-snap-walk-refusals 0
  gap-metric stage-snap-tuples-distinct 304
  gap-metric stage-snap-tuple-groups 44
  gap-metric stage-snap-suffix-violations 0
  gap-metric stage-color-pairs 11
  gap-metric stage-color-pairs-differing 2
  PAYLOAD 450 rows over 44 (phase,function) groups; 304 DISTINCT tuple positions (32.4% of the rows are suffix re-reads, inflation 1.48x). The nested-suffix model holds on every block, so DISTINCT is exact.
  RAW WINDOW 128B, 91 tuple pairs aligned across sched2/sched3 (2 function(s) skipped on a length mismatch).
                   offsets COLOR writes: NONE — the allocator wrote nothing in this window
== wdr_virtual_byval.cpp digest=30cc81ecd0c6a620
  SCHED+GLOBREGS fn1: sched1=11 sched2=10 DIFFERS
  SCHED+GLOBREGS fn2: sched1=14 sched2=12 DIFFERS
  SCHED+GLOBREGS fn3: sched1=15 sched2=14 DIFFERS
  SCHED+GLOBREGS fn4: sched1=20 sched2=18 DIFFERS
  SCHED+GLOBREGS fn5: sched1=20 sched2=19 DIFFERS
  SCHED+GLOBREGS fn6: sched1=17 sched2=15 DIFFERS
  SCHED+GLOBREGS fn7: sched1=15 sched2=15 IDENTICAL
  SCHED+GLOBREGS fn8: sched1=15 sched2=15 IDENTICAL
  SCHED+GLOBREGS fn9: sched1=16 sched2=16 IDENTICAL
  SCHED+GLOBREGS fn10: sched1=13 sched2=13 IDENTICAL
  SCHED+GLOBREGS fn11: sched1=14 sched2=14 IDENTICAL
  SCHED+GLOBREGS fn12: sched1=15 sched2=15 IDENTICAL
  SCHED+GLOBREGS fn13: sched1=15 sched2=15 IDENTICAL
  SCHED+GLOBREGS fn14: sched1=15 sched2=15 IDENTICAL
  SCHED+GLOBREGS fn15: sched1=21 sched2=21 DIFFERS
  COLOR fn1: sched2=10 sched3=10 IDENTICAL
  COLOR fn2: sched2=12 sched3=12 IDENTICAL
  COLOR fn3: sched2=14 sched3=14 IDENTICAL
  COLOR fn4: sched2=18 sched3=18 IDENTICAL
  COLOR fn5: sched2=19 sched3=19 IDENTICAL
  COLOR fn6: sched2=15 sched3=15 IDENTICAL
  COLOR fn7: sched2=15 sched3=15 IDENTICAL
  COLOR fn8: sched2=15 sched3=15 IDENTICAL
  COLOR fn9: sched2=16 sched3=16 IDENTICAL
  COLOR fn10: sched2=13 sched3=13 IDENTICAL
  COLOR fn11: sched2=14 sched3=14 IDENTICAL
  COLOR fn12: sched2=15 sched3=15 IDENTICAL
  COLOR fn13: sched2=15 sched3=15 IDENTICAL
  COLOR fn14: sched2=15 sched3=15 IDENTICAL
  COLOR fn15: sched2=21 sched3=21 IDENTICAL
  LOWERING fn1: sched3=10 sched0=17 DIFFERS
  LOWERING fn2: sched3=12 sched0=18 DIFFERS
  LOWERING fn3: sched3=14 sched0=18 DIFFERS
  LOWERING fn4: sched3=18 sched0=28 DIFFERS
  LOWERING fn5: sched3=19 sched0=26 DIFFERS
  LOWERING fn6: sched3=15 sched0=20 DIFFERS
  LOWERING fn7: sched3=15 sched0=10 DIFFERS
  LOWERING fn8: sched3=15 sched0=10 DIFFERS
  LOWERING fn9: sched3=16 sched0=11 DIFFERS
  LOWERING fn10: sched3=13 sched0=10 DIFFERS
  LOWERING fn11: sched3=14 sched0=20 DIFFERS
  LOWERING fn12: sched3=15 sched0=10 DIFFERS
  LOWERING fn13: sched3=15 sched0=10 DIFFERS
  LOWERING fn14: sched3=15 sched0=10 DIFFERS
  LOWERING fn15: sched3=21 sched0=30 DIFFERS
  gap-metric stage-snap-tuples 938
  gap-metric stage-snap-regions 120
  gap-metric stage-snap-walk-refusals 0
  gap-metric stage-snap-tuples-distinct 676
  gap-metric stage-snap-tuple-groups 60
  gap-metric stage-snap-suffix-violations 0
  gap-metric stage-color-pairs 15
  gap-metric stage-color-pairs-differing 0
  PAYLOAD 938 rows over 60 (phase,function) groups; 676 DISTINCT tuple positions (27.9% of the rows are suffix re-reads, inflation 1.39x). The nested-suffix model holds on every block, so DISTINCT is exact.
  RAW WINDOW 128B, 227 tuple pairs aligned across sched2/sched3 (0 function(s) skipped on a length mismatch).
                   offsets COLOR writes: +0x44(2) +0x45(2) +0x46(2) +0x47(2) +0x49(3) +0x4c(6) +0x4e(3) +0x50(4) +0x51(7) +0x52(4) +0x53(4) +0x69(1) +0x78(2) +0x79(2) +0x7a(2) +0x7b(2) +0x7d(1)
  FINDING, not a green: the pre/post-COLOR snapshots are IDENTICAL on every
                   function here. The walk is reading fields COLOR does not write — it shows THAT
                   the allocator ran, not WHAT it did.
== wec_ctor_base.cpp digest=4b3ccb3e92d8b0e3
  SCHED+GLOBREGS fn1: sched1=12 sched2=12 IDENTICAL
  SCHED+GLOBREGS fn2: sched1=12 sched2=12 IDENTICAL
  SCHED+GLOBREGS fn3: sched1=12 sched2=12 IDENTICAL
  SCHED+GLOBREGS fn4: sched1=13 sched2=13 IDENTICAL
  SCHED+GLOBREGS fn5: sched1=14 sched2=14 IDENTICAL
  SCHED+GLOBREGS fn6: sched1=13 sched2=13 IDENTICAL
  SCHED+GLOBREGS fn7: sched1=10 sched2=9 DIFFERS
  SCHED+GLOBREGS fn8: sched1=12 sched2=11 DIFFERS
  COLOR fn1: sched2=12 sched3=12 IDENTICAL
  COLOR fn2: sched2=12 sched3=12 IDENTICAL
  COLOR fn3: sched2=12 sched3=12 IDENTICAL
  COLOR fn4: sched2=13 sched3=13 IDENTICAL
  COLOR fn5: sched2=14 sched3=14 IDENTICAL
  COLOR fn6: sched2=13 sched3=13 IDENTICAL
  COLOR fn7: sched2=9 sched3=9 IDENTICAL
  COLOR fn8: sched2=11 sched3=11 IDENTICAL
  LOWERING fn1: sched3=12 sched0=19 DIFFERS
  LOWERING fn2: sched3=12 sched0=19 DIFFERS
  LOWERING fn3: sched3=12 sched0=19 DIFFERS
  LOWERING fn4: sched3=13 sched0=19 DIFFERS
  LOWERING fn5: sched3=14 sched0=19 DIFFERS
  LOWERING fn6: sched3=13 sched0=19 DIFFERS
  LOWERING fn7: sched3=9 sched0=7 DIFFERS
  LOWERING fn8: sched3=11 sched0=16 DIFFERS
  gap-metric stage-snap-tuples 427
  gap-metric stage-snap-regions 64
  gap-metric stage-snap-walk-refusals 0
  gap-metric stage-snap-tuples-distinct 273
  gap-metric stage-snap-tuple-groups 32
  gap-metric stage-snap-suffix-violations 0
  gap-metric stage-color-pairs 8
  gap-metric stage-color-pairs-differing 0
  PAYLOAD 427 rows over 32 (phase,function) groups; 273 DISTINCT tuple positions (36.1% of the rows are suffix re-reads, inflation 1.56x). The nested-suffix model holds on every block, so DISTINCT is exact.
  RAW WINDOW 128B, 96 tuple pairs aligned across sched2/sched3 (0 function(s) skipped on a length mismatch).
                   offsets COLOR writes: NONE — the allocator wrote nothing in this window
  FINDING, not a green: the pre/post-COLOR snapshots are IDENTICAL on every
                   function here. The walk is reading fields COLOR does not write — it shows THAT
                   the allocator ran, not WHAT it did.
== wec_ctor_base_neg.cpp digest=96bc9d1b06777dd6
  SCHED+GLOBREGS fn1: sched1=15 sched2=15 IDENTICAL
  SCHED+GLOBREGS fn2: sched1=17 sched2=18 DIFFERS
  SCHED+GLOBREGS fn3: sched1=13 sched2=13 DIFFERS
  SCHED+GLOBREGS fn4: sched1=14 sched2=14 IDENTICAL
  SCHED+GLOBREGS fn5: sched1=13 sched2=13 IDENTICAL
  SCHED+GLOBREGS fn6: sched1=13 sched2=13 DIFFERS
  SCHED+GLOBREGS fn7: sched1=13 sched2=13 DIFFERS
  SCHED+GLOBREGS fn8: sched1=14 sched2=14 IDENTICAL
  COLOR fn1: sched2=15 sched3=14 DIFFERS
  COLOR fn2: sched2=18 sched3=16 DIFFERS
  COLOR fn3: sched2=13 sched3=13 IDENTICAL
  COLOR fn4: sched2=14 sched3=13 DIFFERS
  COLOR fn5: sched2=13 sched3=13 IDENTICAL
  COLOR fn6: sched2=13 sched3=13 IDENTICAL
  COLOR fn7: sched2=13 sched3=13 IDENTICAL
  COLOR fn8: sched2=14 sched3=14 IDENTICAL
  LOWERING fn1: sched3=14 sched0=23 DIFFERS
  LOWERING fn2: sched3=16 sched0=29 DIFFERS
  LOWERING fn3: sched3=13 sched0=20 DIFFERS
  LOWERING fn4: sched3=13 sched0=22 DIFFERS
  LOWERING fn5: sched3=13 sched0=20 DIFFERS
  LOWERING fn6: sched3=13 sched0=20 DIFFERS
  LOWERING fn7: sched3=13 sched0=19 DIFFERS
  LOWERING fn8: sched3=14 sched0=21 DIFFERS
  gap-metric stage-snap-tuples 508
  gap-metric stage-snap-regions 64
  gap-metric stage-snap-walk-refusals 0
  gap-metric stage-snap-tuples-distinct 346
  gap-metric stage-snap-tuple-groups 32
  gap-metric stage-snap-suffix-violations 0
  gap-metric stage-color-pairs 8
  gap-metric stage-color-pairs-differing 3
  PAYLOAD 508 rows over 32 (phase,function) groups; 346 DISTINCT tuple positions (31.9% of the rows are suffix re-reads, inflation 1.47x). The nested-suffix model holds on every block, so DISTINCT is exact.
  RAW WINDOW 128B, 66 tuple pairs aligned across sched2/sched3 (3 function(s) skipped on a length mismatch).
                   offsets COLOR writes: NONE — the allocator wrote nothing in this window
== wextdata_guard_chain_shared_tail.cpp digest=82d9652264e1571d
  SCHED+GLOBREGS fn1: sched1=389 sched2=369 DIFFERS
  SCHED+GLOBREGS fn2: sched1=389 sched2=369 DIFFERS
  SCHED+GLOBREGS fn3: sched1=389 sched2=369 DIFFERS
  COLOR fn1: sched2=369 sched3=368 DIFFERS
  COLOR fn2: sched2=369 sched3=368 DIFFERS
  COLOR fn3: sched2=369 sched3=368 DIFFERS
  LOWERING fn1: sched3=368 sched0=265 DIFFERS
  LOWERING fn2: sched3=368 sched0=265 DIFFERS
  LOWERING fn3: sched3=368 sched0=265 DIFFERS
  gap-metric stage-snap-tuples 4173
  gap-metric stage-snap-regions 141
  gap-metric stage-snap-walk-refusals 0
  gap-metric stage-snap-tuples-distinct 624
  gap-metric stage-snap-tuple-groups 12
  gap-metric stage-snap-suffix-violations 0
  gap-metric stage-color-pairs 3
  gap-metric stage-color-pairs-differing 3
  PAYLOAD 4173 rows over 12 (phase,function) groups; 624 DISTINCT tuple positions (85.0% of the rows are suffix re-reads, inflation 6.69x). The nested-suffix model holds on every block, so DISTINCT is exact.
  RAW WINDOW VACUOUS — 0 pairs aligned across sched2/sched3 (3 function(s) skipped on a length mismatch, window 128B).
                   NOTHING WAS COMPARED. This says nothing about what COLOR writes.
== wextdata_guard_chain_shared_tail_neg.cpp digest=c346ae40c1825a22
  SCHED+GLOBREGS fn1: sched1=385 sched2=365 DIFFERS
  SCHED+GLOBREGS fn2: sched1=389 sched2=369 DIFFERS
  SCHED+GLOBREGS fn3: sched1=389 sched2=369 DIFFERS
  SCHED+GLOBREGS fn4: sched1=389 sched2=369 DIFFERS
  SCHED+GLOBREGS fn5: sched1=389 sched2=369 DIFFERS
  SCHED+GLOBREGS fn6: sched1=389 sched2=369 DIFFERS
  SCHED+GLOBREGS fn7: sched1=389 sched2=369 DIFFERS
  SCHED+GLOBREGS fn8: sched1=389 sched2=369 DIFFERS
  COLOR fn1: sched2=365 sched3=364 DIFFERS
  COLOR fn2: sched2=369 sched3=368 DIFFERS
  COLOR fn3: sched2=369 sched3=368 DIFFERS
  COLOR fn4: sched2=369 sched3=368 DIFFERS
  COLOR fn5: sched2=369 sched3=368 DIFFERS
  COLOR fn6: sched2=369 sched3=368 DIFFERS
  COLOR fn7: sched2=369 sched3=368 DIFFERS
  COLOR fn8: sched2=369 sched3=368 DIFFERS
  LOWERING fn1: sched3=364 sched0=261 DIFFERS
  LOWERING fn2: sched3=368 sched0=265 DIFFERS
  LOWERING fn3: sched3=368 sched0=265 DIFFERS
  LOWERING fn4: sched3=368 sched0=277 DIFFERS
  LOWERING fn5: sched3=368 sched0=265 DIFFERS
  LOWERING fn6: sched3=368 sched0=265 DIFFERS
  LOWERING fn7: sched3=368 sched0=265 DIFFERS
  LOWERING fn8: sched3=368 sched0=208 DIFFERS
  gap-metric stage-snap-tuples 11067
  gap-metric stage-snap-regions 373
  gap-metric stage-snap-walk-refusals 0
  gap-metric stage-snap-tuples-distinct 1660
  gap-metric stage-snap-tuple-groups 32
  gap-metric stage-snap-suffix-violations 0
  gap-metric stage-color-pairs 8
  gap-metric stage-color-pairs-differing 8
  PAYLOAD 11067 rows over 32 (phase,function) groups; 1660 DISTINCT tuple positions (85.0% of the rows are suffix re-reads, inflation 6.67x). The nested-suffix model holds on every block, so DISTINCT is exact.
  RAW WINDOW VACUOUS — 0 pairs aligned across sched2/sched3 (8 function(s) skipped on a length mismatch, window 128B).
                   NOTHING WAS COMPARED. This says nothing about what COLOR writes.
== wfcnt_fence_holds_exact.cpp digest=51a21a27384c7cd2
  SCHED+GLOBREGS fn1: sched1=10 sched2=10 IDENTICAL
  SCHED+GLOBREGS fn2: sched1=10 sched2=10 IDENTICAL
  COLOR fn1: sched2=10 sched3=4 DIFFERS
  COLOR fn2: sched2=10 sched3=4 DIFFERS
  LOWERING fn1: sched3=4 sched0=9 DIFFERS
  LOWERING fn2: sched3=4 sched0=9 DIFFERS
  gap-metric stage-snap-tuples 66
  gap-metric stage-snap-regions 14
  gap-metric stage-snap-walk-refusals 0
  gap-metric stage-snap-tuples-distinct 42
  gap-metric stage-snap-tuple-groups 8
  gap-metric stage-snap-suffix-violations 0
  gap-metric stage-color-pairs 2
  gap-metric stage-color-pairs-differing 2
  PAYLOAD 66 rows over 8 (phase,function) groups; 42 DISTINCT tuple positions (36.4% of the rows are suffix re-reads, inflation 1.57x). The nested-suffix model holds on every block, so DISTINCT is exact.
  RAW WINDOW VACUOUS — 0 pairs aligned across sched2/sched3 (2 function(s) skipped on a length mismatch, window 128B).
                   NOTHING WAS COMPARED. This says nothing about what COLOR writes.
== wfence2_forceinline_callee_neg.cpp digest=051899a886d2ad90
  SCHED+GLOBREGS fn1: sched1=381 sched2=381 DIFFERS
  SCHED+GLOBREGS fn2: sched1=392 sched2=392 DIFFERS
  COLOR fn1: sched2=381 sched3=380 DIFFERS
  COLOR fn2: sched2=392 sched3=391 DIFFERS
  LOWERING fn1: sched3=380 sched0=261 DIFFERS
  LOWERING fn2: sched3=391 sched0=261 DIFFERS
  gap-metric stage-snap-tuples 2839
  gap-metric stage-snap-regions 103
  gap-metric stage-snap-walk-refusals 0
  gap-metric stage-snap-tuples-distinct 404
  gap-metric stage-snap-tuple-groups 8
  gap-metric stage-snap-suffix-violations 0
  gap-metric stage-color-pairs 2
  gap-metric stage-color-pairs-differing 2
  PAYLOAD 2839 rows over 8 (phase,function) groups; 404 DISTINCT tuple positions (85.8% of the rows are suffix re-reads, inflation 7.03x). The nested-suffix model holds on every block, so DISTINCT is exact.
  RAW WINDOW VACUOUS — 0 pairs aligned across sched2/sched3 (2 function(s) skipped on a length mismatch, window 128B).
                   NOTHING WAS COMPARED. This says nothing about what COLOR writes.
== wfence2_kept_local_callee.cpp digest=18404b502244f19a
  SCHED+GLOBREGS fn1: sched1=381 sched2=381 DIFFERS
  SCHED+GLOBREGS fn2: sched1=16 sched2=15 DIFFERS
  COLOR fn1: sched2=381 sched3=380 DIFFERS
  COLOR fn2: sched2=15 sched3=15 IDENTICAL
  LOWERING fn1: sched3=380 sched0=261 DIFFERS
  LOWERING fn2: sched3=15 sched0=9 DIFFERS
  gap-metric stage-snap-tuples 1458
  gap-metric stage-snap-regions 58
  gap-metric stage-snap-walk-refusals 0
  gap-metric stage-snap-tuples-distinct 242
  gap-metric stage-snap-tuple-groups 8
  gap-metric stage-snap-suffix-violations 0
  gap-metric stage-color-pairs 2
  gap-metric stage-color-pairs-differing 1
  PAYLOAD 1458 rows over 8 (phase,function) groups; 242 DISTINCT tuple positions (83.4% of the rows are suffix re-reads, inflation 6.02x). The nested-suffix model holds on every block, so DISTINCT is exact.
  RAW WINDOW 128B, 15 tuple pairs aligned across sched2/sched3 (1 function(s) skipped on a length mismatch).
                   offsets COLOR writes: NONE — the allocator wrote nothing in this window
== wfence2_small_callee_neg.cpp digest=51a21a27384c7cd2
  SCHED+GLOBREGS fn1: sched1=10 sched2=10 IDENTICAL
  SCHED+GLOBREGS fn2: sched1=10 sched2=10 IDENTICAL
  COLOR fn1: sched2=10 sched3=4 DIFFERS
  COLOR fn2: sched2=10 sched3=4 DIFFERS
  LOWERING fn1: sched3=4 sched0=9 DIFFERS
  LOWERING fn2: sched3=4 sched0=9 DIFFERS
  gap-metric stage-snap-tuples 66
  gap-metric stage-snap-regions 14
  gap-metric stage-snap-walk-refusals 0
  gap-metric stage-snap-tuples-distinct 42
  gap-metric stage-snap-tuple-groups 8
  gap-metric stage-snap-suffix-violations 0
  gap-metric stage-color-pairs 2
  gap-metric stage-color-pairs-differing 2
  PAYLOAD 66 rows over 8 (phase,function) groups; 42 DISTINCT tuple positions (36.4% of the rows are suffix re-reads, inflation 1.57x). The nested-suffix model holds on every block, so DISTINCT is exact.
  RAW WINDOW VACUOUS — 0 pairs aligned across sched2/sched3 (2 function(s) skipped on a length mismatch, window 128B).
                   NOTHING WAS COMPARED. This says nothing about what COLOR writes.
== wfence2_static_callee_neg.cpp digest=051899a886d2ad90
  SCHED+GLOBREGS fn1: sched1=381 sched2=381 DIFFERS
  SCHED+GLOBREGS fn2: sched1=392 sched2=392 DIFFERS
  COLOR fn1: sched2=381 sched3=380 DIFFERS
  COLOR fn2: sched2=392 sched3=391 DIFFERS
  LOWERING fn1: sched3=380 sched0=261 DIFFERS
  LOWERING fn2: sched3=391 sched0=261 DIFFERS
  gap-metric stage-snap-tuples 2839
  gap-metric stage-snap-regions 103
  gap-metric stage-snap-walk-refusals 0
  gap-metric stage-snap-tuples-distinct 404
  gap-metric stage-snap-tuple-groups 8
  gap-metric stage-snap-suffix-violations 0
  gap-metric stage-color-pairs 2
  gap-metric stage-color-pairs-differing 2
  PAYLOAD 2839 rows over 8 (phase,function) groups; 404 DISTINCT tuple positions (85.8% of the rows are suffix re-reads, inflation 7.03x). The nested-suffix model holds on every block, so DISTINCT is exact.
  RAW WINDOW VACUOUS — 0 pairs aligned across sched2/sched3 (2 function(s) skipped on a length mismatch, window 128B).
                   NOTHING WAS COMPARED. This says nothing about what COLOR writes.
== wfl_chain_tail_fp_load.cpp digest=374940ee6b8f14b6
  SCHED+GLOBREGS fn1: sched1=14 sched2=13 DIFFERS
  SCHED+GLOBREGS fn2: sched1=14 sched2=13 DIFFERS
  SCHED+GLOBREGS fn3: sched1=14 sched2=13 DIFFERS
  SCHED+GLOBREGS fn4: sched1=14 sched2=13 DIFFERS
  SCHED+GLOBREGS fn5: sched1=15 sched2=13 DIFFERS
  SCHED+GLOBREGS fn6: sched1=15 sched2=13 DIFFERS
  SCHED+GLOBREGS fn7: sched1=14 sched2=13 DIFFERS
  SCHED+GLOBREGS fn8: sched1=14 sched2=13 DIFFERS
  SCHED+GLOBREGS fn9: sched1=14 sched2=13 DIFFERS
  SCHED+GLOBREGS fn10: sched1=14 sched2=13 DIFFERS
  SCHED+GLOBREGS fn11: sched1=14 sched2=13 DIFFERS
  SCHED+GLOBREGS fn12: sched1=14 sched2=13 DIFFERS
  SCHED+GLOBREGS fn13: sched1=16 sched2=15 DIFFERS
  SCHED+GLOBREGS fn14: sched1=15 sched2=14 DIFFERS
  SCHED+GLOBREGS fn15: sched1=15 sched2=14 DIFFERS
  SCHED+GLOBREGS fn16: sched1=16 sched2=15 DIFFERS
  SCHED+GLOBREGS fn17: sched1=16 sched2=15 DIFFERS
  COLOR fn1: sched2=13 sched3=13 IDENTICAL
  COLOR fn2: sched2=13 sched3=13 IDENTICAL
  COLOR fn3: sched2=13 sched3=13 IDENTICAL
  COLOR fn4: sched2=13 sched3=13 IDENTICAL
  COLOR fn5: sched2=13 sched3=13 IDENTICAL
  COLOR fn6: sched2=13 sched3=13 IDENTICAL
  COLOR fn7: sched2=13 sched3=13 IDENTICAL
  COLOR fn8: sched2=13 sched3=13 IDENTICAL
  COLOR fn9: sched2=13 sched3=13 IDENTICAL
  COLOR fn10: sched2=13 sched3=13 IDENTICAL
  COLOR fn11: sched2=13 sched3=13 IDENTICAL
  COLOR fn12: sched2=13 sched3=13 IDENTICAL
  COLOR fn13: sched2=15 sched3=15 IDENTICAL
  COLOR fn14: sched2=14 sched3=14 IDENTICAL
  COLOR fn15: sched2=14 sched3=14 IDENTICAL
  COLOR fn16: sched2=15 sched3=15 IDENTICAL
  COLOR fn17: sched2=15 sched3=15 IDENTICAL
  LOWERING fn1: sched3=13 sched0=17 DIFFERS
  LOWERING fn2: sched3=13 sched0=17 DIFFERS
  LOWERING fn3: sched3=13 sched0=17 DIFFERS
  LOWERING fn4: sched3=13 sched0=17 DIFFERS
  LOWERING fn5: sched3=13 sched0=17 DIFFERS
  LOWERING fn6: sched3=13 sched0=17 DIFFERS
  LOWERING fn7: sched3=13 sched0=17 DIFFERS
  LOWERING fn8: sched3=13 sched0=17 DIFFERS
  LOWERING fn9: sched3=13 sched0=17 DIFFERS
  LOWERING fn10: sched3=13 sched0=17 DIFFERS
  LOWERING fn11: sched3=13 sched0=17 DIFFERS
  LOWERING fn12: sched3=13 sched0=17 DIFFERS
  LOWERING fn13: sched3=15 sched0=18 DIFFERS
  LOWERING fn14: sched3=14 sched0=21 DIFFERS
  LOWERING fn15: sched3=14 sched0=18 DIFFERS
  LOWERING fn16: sched3=15 sched0=18 DIFFERS
  LOWERING fn17: sched3=15 sched0=18 DIFFERS
  gap-metric stage-snap-tuples 1003
  gap-metric stage-snap-regions 136
  gap-metric stage-snap-walk-refusals 0
  gap-metric stage-snap-tuples-distinct 679
  gap-metric stage-snap-tuple-groups 68
  gap-metric stage-snap-suffix-violations 0
  gap-metric stage-color-pairs 17
  gap-metric stage-color-pairs-differing 0
  PAYLOAD 1003 rows over 68 (phase,function) groups; 679 DISTINCT tuple positions (32.3% of the rows are suffix re-reads, inflation 1.48x). The nested-suffix model holds on every block, so DISTINCT is exact.
  RAW WINDOW 128B, 229 tuple pairs aligned across sched2/sched3 (0 function(s) skipped on a length mismatch).
                   offsets COLOR writes: NONE — the allocator wrote nothing in this window
  FINDING, not a green: the pre/post-COLOR snapshots are IDENTICAL on every
                   function here. The walk is reading fields COLOR does not write — it shows THAT
                   the allocator ran, not WHAT it did.
== wfl_chain_tail_fp_load_neg.cpp digest=c105a21af030892f
  SCHED+GLOBREGS fn1: sched1=15 sched2=14 DIFFERS
  SCHED+GLOBREGS fn2: sched1=15 sched2=14 DIFFERS
  SCHED+GLOBREGS fn3: sched1=17 sched2=16 DIFFERS
  SCHED+GLOBREGS fn4: sched1=17 sched2=16 DIFFERS
  SCHED+GLOBREGS fn5: sched1=20 sched2=18 DIFFERS
  SCHED+GLOBREGS fn6: sched1=19 sched2=17 DIFFERS
  SCHED+GLOBREGS fn7: sched1=14 sched2=13 DIFFERS
  SCHED+GLOBREGS fn8: sched1=15 sched2=16 DIFFERS
  COLOR fn1: sched2=14 sched3=14 IDENTICAL
  COLOR fn2: sched2=14 sched3=14 IDENTICAL
  COLOR fn3: sched2=16 sched3=16 IDENTICAL
  COLOR fn4: sched2=16 sched3=16 IDENTICAL
  COLOR fn5: sched2=18 sched3=18 IDENTICAL
  COLOR fn6: sched2=17 sched3=17 IDENTICAL
  COLOR fn7: sched2=13 sched3=13 IDENTICAL
  COLOR fn8: sched2=16 sched3=16 DIFFERS
  LOWERING fn1: sched3=14 sched0=18 DIFFERS
  LOWERING fn2: sched3=14 sched0=18 DIFFERS
  LOWERING fn3: sched3=16 sched0=20 DIFFERS
  LOWERING fn4: sched3=16 sched0=20 DIFFERS
  LOWERING fn5: sched3=18 sched0=21 DIFFERS
  LOWERING fn6: sched3=17 sched0=20 DIFFERS
  LOWERING fn7: sched3=13 sched0=17 DIFFERS
  LOWERING fn8: sched3=16 sched0=20 DIFFERS
  gap-metric stage-snap-tuples 534
  gap-metric stage-snap-regions 64
  gap-metric stage-snap-walk-refusals 0
  gap-metric stage-snap-tuples-distinct 382
  gap-metric stage-snap-tuple-groups 32
  gap-metric stage-snap-suffix-violations 0
  gap-metric stage-color-pairs 8
  gap-metric stage-color-pairs-differing 1
  PAYLOAD 534 rows over 32 (phase,function) groups; 382 DISTINCT tuple positions (28.5% of the rows are suffix re-reads, inflation 1.40x). The nested-suffix model holds on every block, so DISTINCT is exact.
  RAW WINDOW 128B, 124 tuple pairs aligned across sched2/sched3 (0 function(s) skipped on a length mismatch).
                   offsets COLOR writes: +0x0(4) +0x1(4) +0x4(4) +0x5(2) +0xb(2) +0x10(4) +0x11(4) +0x28(4) +0x29(2) +0x2c(4) +0x2d(4) +0x39(2) +0x3f(2) +0x44(2) +0x48(2) +0x49(1) +0x4c(6) +0x4d(4) +0x4e(2) +0x4f(1) +0x50(3) +0x51(3) +0x52(2) +0x53(2) +0x54(4) +0x55(4) +0x5f(2) +0x61(2) +0x68(2) +0x69(1) +0x6d(4) +0x71(4) +0x74(4) +0x75(2) +0x78(4) +0x7c(5) +0x7d(1)
== wfltret_value_tail.cpp digest=2c0d40388cb19e85
  SCHED+GLOBREGS fn1: sched1=14 sched2=14 IDENTICAL
  SCHED+GLOBREGS fn2: sched1=14 sched2=14 IDENTICAL
  SCHED+GLOBREGS fn3: sched1=14 sched2=14 IDENTICAL
  SCHED+GLOBREGS fn4: sched1=16 sched2=16 IDENTICAL
  SCHED+GLOBREGS fn5: sched1=15 sched2=15 IDENTICAL
  SCHED+GLOBREGS fn6: sched1=12 sched2=12 IDENTICAL
  SCHED+GLOBREGS fn7: sched1=14 sched2=14 IDENTICAL
  SCHED+GLOBREGS fn8: sched1=14 sched2=14 IDENTICAL
  COLOR fn1: sched2=14 sched3=14 IDENTICAL
  COLOR fn2: sched2=14 sched3=14 IDENTICAL
  COLOR fn3: sched2=14 sched3=14 IDENTICAL
  COLOR fn4: sched2=16 sched3=16 IDENTICAL
  COLOR fn5: sched2=15 sched3=15 IDENTICAL
  COLOR fn6: sched2=12 sched3=12 IDENTICAL
  COLOR fn7: sched2=14 sched3=14 IDENTICAL
  COLOR fn8: sched2=14 sched3=14 IDENTICAL
  LOWERING fn1: sched3=14 sched0=20 DIFFERS
  LOWERING fn2: sched3=14 sched0=20 DIFFERS
  LOWERING fn3: sched3=14 sched0=20 DIFFERS
  LOWERING fn4: sched3=16 sched0=22 DIFFERS
  LOWERING fn5: sched3=15 sched0=24 DIFFERS
  LOWERING fn6: sched3=12 sched0=16 DIFFERS
  LOWERING fn7: sched3=14 sched0=20 DIFFERS
  LOWERING fn8: sched3=14 sched0=21 DIFFERS
  gap-metric stage-snap-tuples 502
  gap-metric stage-snap-regions 64
  gap-metric stage-snap-walk-refusals 0
  gap-metric stage-snap-tuples-distinct 342
  gap-metric stage-snap-tuple-groups 32
  gap-metric stage-snap-suffix-violations 0
  gap-metric stage-color-pairs 8
  gap-metric stage-color-pairs-differing 0
  PAYLOAD 502 rows over 32 (phase,function) groups; 342 DISTINCT tuple positions (31.9% of the rows are suffix re-reads, inflation 1.47x). The nested-suffix model holds on every block, so DISTINCT is exact.
  RAW WINDOW 128B, 113 tuple pairs aligned across sched2/sched3 (0 function(s) skipped on a length mismatch).
                   offsets COLOR writes: NONE — the allocator wrote nothing in this window
  FINDING, not a green: the pre/post-COLOR snapshots are IDENTICAL on every
                   function here. The walk is reading fields COLOR does not write — it shows THAT
                   the allocator ran, not WHAT it did.
== wfltret_value_tail_neg.cpp digest=468f3371a237d963
  SCHED+GLOBREGS fn1: sched1=14 sched2=14 IDENTICAL
  SCHED+GLOBREGS fn2: sched1=14 sched2=14 IDENTICAL
  SCHED+GLOBREGS fn3: sched1=14 sched2=16 DIFFERS
  SCHED+GLOBREGS fn4: sched1=12 sched2=12 IDENTICAL
  SCHED+GLOBREGS fn5: sched1=16 sched2=16 IDENTICAL
  SCHED+GLOBREGS fn6: sched1=15 sched2=14 DIFFERS
  SCHED+GLOBREGS fn7: sched1=17 sched2=17 IDENTICAL
  SCHED+GLOBREGS fn8: sched1=40 sched2=39 DIFFERS
  SCHED+GLOBREGS fn9: sched1=14 sched2=14 IDENTICAL
  COLOR fn1: sched2=14 sched3=14 IDENTICAL
  COLOR fn2: sched2=14 sched3=14 IDENTICAL
  COLOR fn3: sched2=16 sched3=16 IDENTICAL
  COLOR fn4: sched2=12 sched3=12 IDENTICAL
  COLOR fn5: sched2=16 sched3=16 IDENTICAL
  COLOR fn6: sched2=14 sched3=14 IDENTICAL
  COLOR fn7: sched2=17 sched3=17 IDENTICAL
  COLOR fn8: sched2=39 sched3=39 IDENTICAL
  COLOR fn9: sched2=14 sched3=14 IDENTICAL
  LOWERING fn1: sched3=14 sched0=21 DIFFERS
  LOWERING fn2: sched3=14 sched0=20 DIFFERS
  LOWERING fn3: sched3=16 sched0=23 DIFFERS
  LOWERING fn4: sched3=12 sched0=20 DIFFERS
  LOWERING fn5: sched3=16 sched0=21 DIFFERS
  LOWERING fn6: sched3=14 sched0=18 DIFFERS
  LOWERING fn7: sched3=17 sched0=23 DIFFERS
  LOWERING fn8: sched3=39 sched0=45 DIFFERS
  LOWERING fn9: sched3=14 sched0=20 DIFFERS
  gap-metric stage-snap-tuples 679
  gap-metric stage-snap-regions 80
  gap-metric stage-snap-walk-refusals 0
  gap-metric stage-snap-tuples-distinct 415
  gap-metric stage-snap-tuple-groups 36
  gap-metric stage-snap-suffix-violations 0
  gap-metric stage-color-pairs 9
  gap-metric stage-color-pairs-differing 0
  PAYLOAD 679 rows over 36 (phase,function) groups; 415 DISTINCT tuple positions (38.9% of the rows are suffix re-reads, inflation 1.64x). The nested-suffix model holds on every block, so DISTINCT is exact.
  RAW WINDOW 128B, 156 tuple pairs aligned across sched2/sched3 (0 function(s) skipped on a length mismatch).
                   offsets COLOR writes: +0x4c(12) +0x4e(6) +0x51(5) +0x64(4) +0x65(4) +0x66(4) +0x67(4) +0x71(4)
  FINDING, not a green: the pre/post-COLOR snapshots are IDENTICAL on every
                   function here. The walk is reading fields COLOR does not write — it shows THAT
                   the allocator ran, not WHAT it did.
== wfr_argreg.cpp digest=6d2ffea815ab65a0
  SCHED+GLOBREGS fn1: sched1=12 sched2=11 DIFFERS
  SCHED+GLOBREGS fn2: sched1=12 sched2=11 DIFFERS
  SCHED+GLOBREGS fn3: sched1=12 sched2=11 DIFFERS
  SCHED+GLOBREGS fn4: sched1=12 sched2=11 DIFFERS
  COLOR fn1: sched2=11 sched3=11 IDENTICAL
  COLOR fn2: sched2=11 sched3=11 IDENTICAL
  COLOR fn3: sched2=11 sched3=11 IDENTICAL
  COLOR fn4: sched2=11 sched3=11 IDENTICAL
  LOWERING fn1: sched3=11 sched0=16 DIFFERS
  LOWERING fn2: sched3=11 sched0=17 DIFFERS
  LOWERING fn3: sched3=11 sched0=17 DIFFERS
  LOWERING fn4: sched3=11 sched0=17 DIFFERS
  gap-metric stage-snap-tuples 203
  gap-metric stage-snap-regions 32
  gap-metric stage-snap-walk-refusals 0
  gap-metric stage-snap-tuples-distinct 127
  gap-metric stage-snap-tuple-groups 16
  gap-metric stage-snap-suffix-violations 0
  gap-metric stage-color-pairs 4
  gap-metric stage-color-pairs-differing 0
  PAYLOAD 203 rows over 16 (phase,function) groups; 127 DISTINCT tuple positions (37.4% of the rows are suffix re-reads, inflation 1.60x). The nested-suffix model holds on every block, so DISTINCT is exact.
  RAW WINDOW 128B, 44 tuple pairs aligned across sched2/sched3 (0 function(s) skipped on a length mismatch).
                   offsets COLOR writes: NONE — the allocator wrote nothing in this window
  FINDING, not a green: the pre/post-COLOR snapshots are IDENTICAL on every
                   function here. The walk is reading fields COLOR does not write — it shows THAT
                   the allocator ran, not WHAT it did.
== wfr_argreg_member.cpp digest=55bc3fb300398a18
  SCHED+GLOBREGS fn1: sched1=12 sched2=11 DIFFERS
  SCHED+GLOBREGS fn2: sched1=12 sched2=11 DIFFERS
  COLOR fn1: sched2=11 sched3=11 IDENTICAL
  COLOR fn2: sched2=11 sched3=11 IDENTICAL
  LOWERING fn1: sched3=11 sched0=17 DIFFERS
  LOWERING fn2: sched3=11 sched0=17 DIFFERS
  gap-metric stage-snap-tuples 102
  gap-metric stage-snap-regions 16
  gap-metric stage-snap-walk-refusals 0
  gap-metric stage-snap-tuples-distinct 64
  gap-metric stage-snap-tuple-groups 8
  gap-metric stage-snap-suffix-violations 0
  gap-metric stage-color-pairs 2
  gap-metric stage-color-pairs-differing 0
  PAYLOAD 102 rows over 8 (phase,function) groups; 64 DISTINCT tuple positions (37.3% of the rows are suffix re-reads, inflation 1.59x). The nested-suffix model holds on every block, so DISTINCT is exact.
  RAW WINDOW 128B, 22 tuple pairs aligned across sched2/sched3 (0 function(s) skipped on a length mismatch).
                   offsets COLOR writes: NONE — the allocator wrote nothing in this window
  FINDING, not a green: the pre/post-COLOR snapshots are IDENTICAL on every
                   function here. The walk is reading fields COLOR does not write — it shows THAT
                   the allocator ran, not WHAT it did.
== wfr_argreg_neg.cpp digest=4ffaeb7cdfd27921
  SCHED+GLOBREGS fn1: sched1=12 sched2=12 DIFFERS
  SCHED+GLOBREGS fn2: sched1=12 sched2=11 DIFFERS
  COLOR fn1: sched2=12 sched3=12 IDENTICAL
  COLOR fn2: sched2=11 sched3=11 IDENTICAL
  LOWERING fn1: sched3=12 sched0=17 DIFFERS
  LOWERING fn2: sched3=11 sched0=16 DIFFERS
  gap-metric stage-snap-tuples 103
  gap-metric stage-snap-regions 16
  gap-metric stage-snap-walk-refusals 0
  gap-metric stage-snap-tuples-distinct 65
  gap-metric stage-snap-tuple-groups 8
  gap-metric stage-snap-suffix-violations 0
  gap-metric stage-color-pairs 2
  gap-metric stage-color-pairs-differing 0
  PAYLOAD 103 rows over 8 (phase,function) groups; 65 DISTINCT tuple positions (36.9% of the rows are suffix re-reads, inflation 1.58x). The nested-suffix model holds on every block, so DISTINCT is exact.
  RAW WINDOW 128B, 23 tuple pairs aligned across sched2/sched3 (0 function(s) skipped on a length mismatch).
                   offsets COLOR writes: NONE — the allocator wrote nothing in this window
  FINDING, not a green: the pre/post-COLOR snapshots are IDENTICAL on every
                   function here. The walk is reading fields COLOR does not write — it shows THAT
                   the allocator ran, not WHAT it did.
== wfr_argreg_types.cpp digest=fa45629d447f11aa
  SCHED+GLOBREGS fn1: sched1=12 sched2=11 DIFFERS
  SCHED+GLOBREGS fn2: sched1=12 sched2=11 DIFFERS
  SCHED+GLOBREGS fn3: sched1=12 sched2=11 DIFFERS
  SCHED+GLOBREGS fn4: sched1=12 sched2=11 DIFFERS
  SCHED+GLOBREGS fn5: sched1=12 sched2=11 DIFFERS
  SCHED+GLOBREGS fn6: sched1=12 sched2=11 DIFFERS
  SCHED+GLOBREGS fn7: sched1=12 sched2=11 DIFFERS
  COLOR fn1: sched2=11 sched3=11 IDENTICAL
  COLOR fn2: sched2=11 sched3=11 IDENTICAL
  COLOR fn3: sched2=11 sched3=11 IDENTICAL
  COLOR fn4: sched2=11 sched3=11 IDENTICAL
  COLOR fn5: sched2=11 sched3=11 IDENTICAL
  COLOR fn6: sched2=11 sched3=11 IDENTICAL
  COLOR fn7: sched2=11 sched3=11 IDENTICAL
  LOWERING fn1: sched3=11 sched0=17 DIFFERS
  LOWERING fn2: sched3=11 sched0=17 DIFFERS
  LOWERING fn3: sched3=11 sched0=17 DIFFERS
  LOWERING fn4: sched3=11 sched0=17 DIFFERS
  LOWERING fn5: sched3=11 sched0=17 DIFFERS
  LOWERING fn6: sched3=11 sched0=17 DIFFERS
  LOWERING fn7: sched3=11 sched0=17 DIFFERS
  gap-metric stage-snap-tuples 357
  gap-metric stage-snap-regions 56
  gap-metric stage-snap-walk-refusals 0
  gap-metric stage-snap-tuples-distinct 224
  gap-metric stage-snap-tuple-groups 28
  gap-metric stage-snap-suffix-violations 0
  gap-metric stage-color-pairs 7
  gap-metric stage-color-pairs-differing 0
  PAYLOAD 357 rows over 28 (phase,function) groups; 224 DISTINCT tuple positions (37.3% of the rows are suffix re-reads, inflation 1.59x). The nested-suffix model holds on every block, so DISTINCT is exact.
  RAW WINDOW 128B, 77 tuple pairs aligned across sched2/sched3 (0 function(s) skipped on a length mismatch).
                   offsets COLOR writes: NONE — the allocator wrote nothing in this window
  FINDING, not a green: the pre/post-COLOR snapshots are IDENTICAL on every
                   function here. The walk is reading fields COLOR does not write — it shows THAT
                   the allocator ran, not WHAT it did.
== wfr_cmp_stride.cpp digest=67b23bacf13eb553
  SCHED+GLOBREGS fn1: sched1=10 sched2=4 DIFFERS
  SCHED+GLOBREGS fn2: sched1=11 sched2=10 DIFFERS
  SCHED+GLOBREGS fn3: sched1=11 sched2=10 DIFFERS
  SCHED+GLOBREGS fn4: sched1=11 sched2=11 IDENTICAL
  SCHED+GLOBREGS fn5: sched1=12 sched2=12 IDENTICAL
  SCHED+GLOBREGS fn6: sched1=12 sched2=12 IDENTICAL
  SCHED+GLOBREGS fn7: sched1=12 sched2=12 IDENTICAL
  SCHED+GLOBREGS fn8: sched1=14 sched2=14 IDENTICAL
  SCHED+GLOBREGS fn9: sched1=13 sched2=13 IDENTICAL
  SCHED+GLOBREGS fn10: sched1=13 sched2=12 DIFFERS
  SCHED+GLOBREGS fn11: sched1=12 sched2=12 IDENTICAL
  SCHED+GLOBREGS fn12: sched1=12 sched2=11 DIFFERS
  SCHED+GLOBREGS fn13: sched1=12 sched2=11 DIFFERS
  COLOR fn1: sched2=4 sched3=4 IDENTICAL
  COLOR fn2: sched2=10 sched3=10 IDENTICAL
  COLOR fn3: sched2=10 sched3=10 IDENTICAL
  COLOR fn4: sched2=11 sched3=11 IDENTICAL
  COLOR fn5: sched2=12 sched3=11 DIFFERS
  COLOR fn6: sched2=12 sched3=10 DIFFERS
  COLOR fn7: sched2=12 sched3=11 DIFFERS
  COLOR fn8: sched2=14 sched3=14 IDENTICAL
  COLOR fn9: sched2=13 sched3=13 IDENTICAL
  COLOR fn10: sched2=12 sched3=12 IDENTICAL
  COLOR fn11: sched2=12 sched3=12 IDENTICAL
  COLOR fn12: sched2=11 sched3=11 IDENTICAL
  COLOR fn13: sched2=11 sched3=11 IDENTICAL
  LOWERING fn1: sched3=4 sched0=9 DIFFERS
  LOWERING fn2: sched3=10 sched0=10 DIFFERS
  LOWERING fn3: sched3=10 sched0=10 DIFFERS
  LOWERING fn4: sched3=11 sched0=10 DIFFERS
  LOWERING fn5: sched3=11 sched0=11 DIFFERS
  LOWERING fn6: sched3=10 sched0=11 DIFFERS
  LOWERING fn7: sched3=11 sched0=11 DIFFERS
  LOWERING fn8: sched3=14 sched0=12 DIFFERS
  LOWERING fn9: sched3=13 sched0=12 DIFFERS
  LOWERING fn10: sched3=12 sched0=11 DIFFERS
  LOWERING fn11: sched3=12 sched0=11 DIFFERS
  LOWERING fn12: sched3=11 sched0=16 DIFFERS
  LOWERING fn13: sched3=11 sched0=17 DIFFERS
  gap-metric stage-snap-tuples 590
  gap-metric stage-snap-regions 102
  gap-metric stage-snap-walk-refusals 0
  gap-metric stage-snap-tuples-distinct 384
  gap-metric stage-snap-tuple-groups 52
  gap-metric stage-snap-suffix-violations 0
  gap-metric stage-color-pairs 13
  gap-metric stage-color-pairs-differing 3
  PAYLOAD 590 rows over 52 (phase,function) groups; 384 DISTINCT tuple positions (34.9% of the rows are suffix re-reads, inflation 1.54x). The nested-suffix model holds on every block, so DISTINCT is exact.
  RAW WINDOW 128B, 108 tuple pairs aligned across sched2/sched3 (3 function(s) skipped on a length mismatch).
                   offsets COLOR writes: +0x49(2) +0x69(3)
== wfr_cmp_stride_neg.cpp digest=4710ac870bf41ac4
  SCHED+GLOBREGS fn1: sched1=16 sched2=15 DIFFERS
  SCHED+GLOBREGS fn2: sched1=15 sched2=15 DIFFERS
  SCHED+GLOBREGS fn3: sched1=13 sched2=12 DIFFERS
  SCHED+GLOBREGS fn4: sched1=13 sched2=12 DIFFERS
  SCHED+GLOBREGS fn5: sched1=12 sched2=11 DIFFERS
  COLOR fn1: sched2=15 sched3=15 IDENTICAL
  COLOR fn2: sched2=15 sched3=15 IDENTICAL
  COLOR fn3: sched2=12 sched3=12 IDENTICAL
  COLOR fn4: sched2=12 sched3=12 IDENTICAL
  COLOR fn5: sched2=11 sched3=11 IDENTICAL
  LOWERING fn1: sched3=15 sched0=14 DIFFERS
  LOWERING fn2: sched3=15 sched0=13 DIFFERS
  LOWERING fn3: sched3=12 sched0=11 DIFFERS
  LOWERING fn4: sched3=12 sched0=11 DIFFERS
  LOWERING fn5: sched3=11 sched0=16 DIFFERS
  gap-metric stage-snap-tuples 264
  gap-metric stage-snap-regions 40
  gap-metric stage-snap-walk-refusals 0
  gap-metric stage-snap-tuples-distinct 181
  gap-metric stage-snap-tuple-groups 20
  gap-metric stage-snap-suffix-violations 0
  gap-metric stage-color-pairs 5
  gap-metric stage-color-pairs-differing 0
  PAYLOAD 264 rows over 20 (phase,function) groups; 181 DISTINCT tuple positions (31.4% of the rows are suffix re-reads, inflation 1.46x). The nested-suffix model holds on every block, so DISTINCT is exact.
  RAW WINDOW 128B, 65 tuple pairs aligned across sched2/sched3 (0 function(s) skipped on a length mismatch).
                   offsets COLOR writes: +0x3d(4) +0x44(4) +0x45(4) +0x46(4) +0x47(4) +0x49(3) +0x5d(2) +0x65(4) +0x69(3) +0x6c(4) +0x6d(4) +0x6e(4) +0x6f(4) +0x70(2) +0x71(2) +0x72(2) +0x73(2)
  FINDING, not a green: the pre/post-COLOR snapshots are IDENTICAL on every
                   function here. The walk is reading fields COLOR does not write — it shows THAT
                   the allocator ran, not WHAT it did.
== whash_loop_then_framed.cpp digest=2b1245c7548ed31e
  SCHED+GLOBREGS fn1: sched1=100 sched2=100 DIFFERS
  SCHED+GLOBREGS fn2: sched1=12 sched2=11 DIFFERS
  COLOR fn1: sched2=100 sched3=100 IDENTICAL
  COLOR fn2: sched2=11 sched3=11 IDENTICAL
  LOWERING fn1: sched3=100 sched0=79 DIFFERS
  LOWERING fn2: sched3=11 sched0=16 DIFFERS
  gap-metric stage-snap-tuples 429
  gap-metric stage-snap-regions 32
  gap-metric stage-snap-walk-refusals 0
  gap-metric stage-snap-tuples-distinct 152
  gap-metric stage-snap-tuple-groups 8
  gap-metric stage-snap-suffix-violations 0
  gap-metric stage-color-pairs 2
  gap-metric stage-color-pairs-differing 0
  PAYLOAD 429 rows over 8 (phase,function) groups; 152 DISTINCT tuple positions (64.6% of the rows are suffix re-reads, inflation 2.82x). The nested-suffix model holds on every block, so DISTINCT is exact.
  RAW WINDOW 128B, 111 tuple pairs aligned across sched2/sched3 (0 function(s) skipped on a length mismatch).
                   offsets COLOR writes: +0x3d(10) +0x44(3) +0x45(6) +0x46(6) +0x47(6) +0x49(4) +0x50(18) +0x51(22) +0x52(22) +0x53(22) +0x54(3) +0x55(6) +0x56(6) +0x57(6) +0x69(8) +0x70(17) +0x71(28) +0x72(28) +0x73(28)
  FINDING, not a green: the pre/post-COLOR snapshots are IDENTICAL on every
                   function here. The walk is reading fields COLOR does not write — it shows THAT
                   the allocator ran, not WHAT it did.
== whash_ptr_walk_loop.cpp digest=aabd13ad900b6ba7
  SCHED+GLOBREGS fn1: sched1=100 sched2=100 DIFFERS
  COLOR fn1: sched2=100 sched3=100 IDENTICAL
  LOWERING fn1: sched3=100 sched0=79 DIFFERS
  gap-metric stage-snap-tuples 379
  gap-metric stage-snap-regions 24
  gap-metric stage-snap-walk-refusals 0
  gap-metric stage-snap-tuples-distinct 121
  gap-metric stage-snap-tuple-groups 4
  gap-metric stage-snap-suffix-violations 0
  gap-metric stage-color-pairs 1
  gap-metric stage-color-pairs-differing 0
  PAYLOAD 379 rows over 4 (phase,function) groups; 121 DISTINCT tuple positions (68.1% of the rows are suffix re-reads, inflation 3.13x). The nested-suffix model holds on every block, so DISTINCT is exact.
  RAW WINDOW 128B, 100 tuple pairs aligned across sched2/sched3 (0 function(s) skipped on a length mismatch).
                   offsets COLOR writes: +0x3d(10) +0x44(3) +0x45(6) +0x46(6) +0x47(6) +0x49(4) +0x50(18) +0x51(22) +0x52(22) +0x53(22) +0x54(3) +0x55(6) +0x56(6) +0x57(6) +0x69(8) +0x70(17) +0x71(23) +0x72(28) +0x73(28)
  FINDING, not a green: the pre/post-COLOR snapshots are IDENTICAL on every
                   function here. The walk is reading fields COLOR does not write — it shows THAT
                   the allocator ran, not WHAT it did.
== wifn_guard_ret_chain.cpp digest=f71cf02e1e06e163
  SCHED+GLOBREGS fn1: sched1=144 sched2=144 IDENTICAL
  SCHED+GLOBREGS fn2: sched1=227 sched2=227 IDENTICAL
  SCHED+GLOBREGS fn3: sched1=12 sched2=11 DIFFERS
  COLOR fn1: sched2=144 sched3=143 DIFFERS
  COLOR fn2: sched2=227 sched3=219 DIFFERS
  COLOR fn3: sched2=11 sched3=11 IDENTICAL
  LOWERING fn1: sched3=143 sched0=126 DIFFERS
  LOWERING fn2: sched3=219 sched0=197 DIFFERS
  LOWERING fn3: sched3=11 sched0=16 DIFFERS
  gap-metric stage-snap-tuples 1477
  gap-metric stage-snap-regions 80
  gap-metric stage-snap-walk-refusals 0
  gap-metric stage-snap-tuples-distinct 277
  gap-metric stage-snap-tuple-groups 12
  gap-metric stage-snap-suffix-violations 0
  gap-metric stage-color-pairs 3
  gap-metric stage-color-pairs-differing 2
  PAYLOAD 1477 rows over 12 (phase,function) groups; 277 DISTINCT tuple positions (81.2% of the rows are suffix re-reads, inflation 5.33x). The nested-suffix model holds on every block, so DISTINCT is exact.
  RAW WINDOW 128B, 11 tuple pairs aligned across sched2/sched3 (2 function(s) skipped on a length mismatch).
                   offsets COLOR writes: NONE — the allocator wrote nothing in this window
== wifn_guard_ret_chain_neg.cpp digest=c7ca7a77d8e90ce6
  SCHED+GLOBREGS fn1: sched1=144 sched2=146 DIFFERS
  SCHED+GLOBREGS fn2: sched1=186 sched2=179 DIFFERS
  SCHED+GLOBREGS fn3: sched1=144 sched2=144 IDENTICAL
  SCHED+GLOBREGS fn4: sched1=244 sched2=244 IDENTICAL
  SCHED+GLOBREGS fn5: sched1=144 sched2=144 IDENTICAL
  SCHED+GLOBREGS fn6: sched1=144 sched2=144 IDENTICAL
  SCHED+GLOBREGS fn7: sched1=144 sched2=144 IDENTICAL
  SCHED+GLOBREGS fn8: sched1=144 sched2=144 IDENTICAL
  SCHED+GLOBREGS fn9: sched1=227 sched2=227 IDENTICAL
  SCHED+GLOBREGS fn10: sched1=144 sched2=144 IDENTICAL
  COLOR fn1: sched2=146 sched3=143 DIFFERS
  COLOR fn2: sched2=179 sched3=178 DIFFERS
  COLOR fn3: sched2=144 sched3=143 DIFFERS
  COLOR fn4: sched2=244 sched3=243 DIFFERS
  COLOR fn5: sched2=144 sched3=143 DIFFERS
  COLOR fn6: sched2=144 sched3=143 DIFFERS
  COLOR fn7: sched2=144 sched3=143 DIFFERS
  COLOR fn8: sched2=144 sched3=143 DIFFERS
  COLOR fn9: sched2=227 sched3=219 DIFFERS
  COLOR fn10: sched2=144 sched3=145 DIFFERS
  LOWERING fn1: sched3=143 sched0=127 DIFFERS
  LOWERING fn2: sched3=178 sched0=136 DIFFERS
  LOWERING fn3: sched3=143 sched0=126 DIFFERS
  LOWERING fn4: sched3=243 sched0=201 DIFFERS
  LOWERING fn5: sched3=143 sched0=126 DIFFERS
  LOWERING fn6: sched3=143 sched0=126 DIFFERS
  LOWERING fn7: sched3=143 sched0=126 DIFFERS
  LOWERING fn8: sched3=143 sched0=126 DIFFERS
  LOWERING fn9: sched3=219 sched0=197 DIFFERS
  LOWERING fn10: sched3=145 sched0=128 DIFFERS
  gap-metric stage-snap-tuples 6387
  gap-metric stage-snap-regions 340
  gap-metric stage-snap-walk-refusals 0
  gap-metric stage-snap-tuples-distinct 1153
  gap-metric stage-snap-tuple-groups 40
  gap-metric stage-snap-suffix-violations 0
  gap-metric stage-color-pairs 10
  gap-metric stage-color-pairs-differing 10
  PAYLOAD 6387 rows over 40 (phase,function) groups; 1153 DISTINCT tuple positions (81.9% of the rows are suffix re-reads, inflation 5.54x). The nested-suffix model holds on every block, so DISTINCT is exact.
  RAW WINDOW VACUOUS — 0 pairs aligned across sched2/sched3 (10 function(s) skipped on a length mismatch, window 128B).
                   NOTHING WAS COMPARED. This says nothing about what COLOR writes.
== winlfence_local_callee_neg.cpp digest=aeee334a169628eb
  SCHED+GLOBREGS fn1: sched1=46 sched2=44 DIFFERS
  SCHED+GLOBREGS fn2: sched1=47 sched2=45 DIFFERS
  SCHED+GLOBREGS fn3: sched1=47 sched2=45 DIFFERS
  SCHED+GLOBREGS fn4: sched1=47 sched2=45 DIFFERS
  SCHED+GLOBREGS fn5: sched1=18 sched2=20 DIFFERS
  SCHED+GLOBREGS fn6: sched1=10 sched2=10 IDENTICAL
  SCHED+GLOBREGS fn7: sched1=10 sched2=10 IDENTICAL
  SCHED+GLOBREGS fn8: sched1=46 sched2=44 DIFFERS
  SCHED+GLOBREGS fn9: sched1=224 sched2=214 DIFFERS
  SCHED+GLOBREGS fn10: sched1=4 sched2=4 IDENTICAL
  SCHED+GLOBREGS fn11: sched1=4 sched2=4 IDENTICAL
  SCHED+GLOBREGS fn12: sched1=10 sched2=10 IDENTICAL
  SCHED+GLOBREGS fn13: sched1=10 sched2=10 IDENTICAL
  SCHED+GLOBREGS fn14: sched1=14 sched2=14 IDENTICAL
  SCHED+GLOBREGS fn15: sched1=46 sched2=44 DIFFERS
  SCHED+GLOBREGS fn16: sched1=122 sched2=118 DIFFERS
  SCHED+GLOBREGS fn17: sched1=77 sched2=81 DIFFERS
  COLOR fn1: sched2=44 sched3=44 IDENTICAL
  COLOR fn2: sched2=45 sched3=45 IDENTICAL
  COLOR fn3: sched2=45 sched3=45 IDENTICAL
  COLOR fn4: sched2=45 sched3=45 IDENTICAL
  COLOR fn5: sched2=20 sched3=20 DIFFERS
  COLOR fn6: sched2=10 sched3=10 IDENTICAL
  COLOR fn7: sched2=10 sched3=10 IDENTICAL
  COLOR fn8: sched2=44 sched3=44 IDENTICAL
  COLOR fn9: sched2=214 sched3=212 DIFFERS
  COLOR fn10: sched2=4 sched3=4 IDENTICAL
  COLOR fn11: sched2=4 sched3=4 IDENTICAL
  COLOR fn12: sched2=10 sched3=4 DIFFERS
  COLOR fn13: sched2=10 sched3=4 DIFFERS
  COLOR fn14: sched2=14 sched3=14 IDENTICAL
  COLOR fn15: sched2=44 sched3=44 IDENTICAL
  COLOR fn16: sched2=118 sched3=116 DIFFERS
  COLOR fn17: sched2=81 sched3=81 DIFFERS
  LOWERING fn1: sched3=44 sched0=32 DIFFERS
  LOWERING fn2: sched3=45 sched0=33 DIFFERS
  LOWERING fn3: sched3=45 sched0=33 DIFFERS
  LOWERING fn4: sched3=45 sched0=33 DIFFERS
  LOWERING fn5: sched3=20 sched0=18 DIFFERS
  LOWERING fn6: sched3=10 sched0=9 DIFFERS
  LOWERING fn7: sched3=10 sched0=9 DIFFERS
  LOWERING fn8: sched3=44 sched0=32 DIFFERS
  LOWERING fn9: sched3=212 sched0=160 DIFFERS
  LOWERING fn10: sched3=4 sched0=4 DIFFERS
  LOWERING fn11: sched3=4 sched0=4 DIFFERS
  LOWERING fn12: sched3=4 sched0=9 DIFFERS
  LOWERING fn13: sched3=4 sched0=9 DIFFERS
  LOWERING fn14: sched3=14 sched0=7 DIFFERS
  LOWERING fn15: sched3=44 sched0=32 DIFFERS
  LOWERING fn16: sched3=116 sched0=88 DIFFERS
  LOWERING fn17: sched3=81 sched0=67 DIFFERS
  gap-metric stage-snap-tuples 2869
  gap-metric stage-snap-regions 217
  gap-metric stage-snap-walk-refusals 0
  gap-metric stage-snap-tuples-distinct 1153
  gap-metric stage-snap-tuple-groups 68
  gap-metric stage-snap-suffix-violations 0
  gap-metric stage-color-pairs 17
  gap-metric stage-color-pairs-differing 6
  PAYLOAD 2869 rows over 68 (phase,function) groups; 1153 DISTINCT tuple positions (59.8% of the rows are suffix re-reads, inflation 2.49x). The nested-suffix model holds on every block, so DISTINCT is exact.
  RAW WINDOW 128B, 410 tuple pairs aligned across sched2/sched3 (4 function(s) skipped on a length mismatch).
                   offsets COLOR writes: +0x0(64) +0x1(61) +0x2(22) +0x4(68) +0x5(16) +0xa(24) +0xb(16) +0x10(64) +0x11(61) +0x12(22) +0x28(60) +0x29(58) +0x2a(24) +0x2c(55) +0x2d(60) +0x2e(28) +0x34(56) +0x35(51) +0x36(41) +0x37(32) +0x38(51) +0x39(29) +0x3a(17) +0x3b(16) +0x3c(33) +0x3d(36) +0x3e(23) +0x3f(10) +0x40(17) +0x41(8) +0x42(2) +0x43(3) +0x44(26) +0x45(20) +0x46(28) +0x47(28) +0x48(49) +0x49(33) +0x4a(16) +0x4b(16) +0x4c(45) +0x4d(46) +0x4e(33) +0x4f(32) +0x50(62) +0x51(58) +0x52(57) +0x53(56) +0x54(53) +0x55(47) +0x56(46) +0x57(46) +0x58(40) +0x59(21) +0x5a(4) +0x5b(4) +0x5c(39) +0x5d(28) +0x5e(42) +0x5f(35) +0x60(49) +0x61(50) +0x62(41) +0x63(32) +0x64(48) +0x65(44) +0x66(45) +0x67(44) +0x68(37) +0x69(33) +0x6a(26) +0x6b(26) +0x6c(48) +0x6d(38) +0x6e(28) +0x6f(28) +0x70(80) +0x71(66) +0x72(83) +0x73(83) +0x74(41) +0x75(31) +0x76(28) +0x77(28) +0x78(39) +0x79(28) +0x7a(22) +0x7b(22) +0x7c(51) +0x7d(9) +0x7e(21) +0x7f(21)
== winlfence_opaque_callee.cpp digest=022bb028bad44816
  SCHED+GLOBREGS fn1: sched1=10 sched2=10 IDENTICAL
  SCHED+GLOBREGS fn2: sched1=9 sched2=9 IDENTICAL
  SCHED+GLOBREGS fn3: sched1=12 sched2=12 IDENTICAL
  SCHED+GLOBREGS fn4: sched1=14 sched2=14 IDENTICAL
  SCHED+GLOBREGS fn5: sched1=15 sched2=15 IDENTICAL
  SCHED+GLOBREGS fn6: sched1=12 sched2=11 DIFFERS
  COLOR fn1: sched2=10 sched3=4 DIFFERS
  COLOR fn2: sched2=9 sched3=9 IDENTICAL
  COLOR fn3: sched2=12 sched3=12 IDENTICAL
  COLOR fn4: sched2=14 sched3=14 IDENTICAL
  COLOR fn5: sched2=15 sched3=15 IDENTICAL
  COLOR fn6: sched2=11 sched3=11 IDENTICAL
  LOWERING fn1: sched3=4 sched0=9 DIFFERS
  LOWERING fn2: sched3=9 sched0=7 DIFFERS
  LOWERING fn3: sched3=12 sched0=20 DIFFERS
  LOWERING fn4: sched3=14 sched0=20 DIFFERS
  LOWERING fn5: sched3=15 sched0=24 DIFFERS
  LOWERING fn6: sched3=11 sched0=7 DIFFERS
  gap-metric stage-snap-tuples 295
  gap-metric stage-snap-regions 47
  gap-metric stage-snap-walk-refusals 0
  gap-metric stage-snap-tuples-distinct 192
  gap-metric stage-snap-tuple-groups 24
  gap-metric stage-snap-suffix-violations 0
  gap-metric stage-color-pairs 6
  gap-metric stage-color-pairs-differing 1
  PAYLOAD 295 rows over 24 (phase,function) groups; 192 DISTINCT tuple positions (34.9% of the rows are suffix re-reads, inflation 1.54x). The nested-suffix model holds on every block, so DISTINCT is exact.
  RAW WINDOW 128B, 61 tuple pairs aligned across sched2/sched3 (1 function(s) skipped on a length mismatch).
                   offsets COLOR writes: NONE — the allocator wrote nothing in this window
== wjson_utf8_copy.cpp digest=4fd3a7d3482862a4
  SCHED+GLOBREGS fn1: sched1=1480 sched2=1442 DIFFERS
  COLOR fn1: sched2=1442 sched3=1413 DIFFERS
  LOWERING fn1: sched3=1413 sched0=1156 DIFFERS
  gap-metric stage-snap-tuples 5491
  gap-metric stage-snap-regions 101
  gap-metric stage-snap-walk-refusals 0
  gap-metric stage-snap-tuples-distinct 429
  gap-metric stage-snap-tuple-groups 4
  gap-metric stage-snap-suffix-violations 0
  gap-metric stage-color-pairs 1
  gap-metric stage-color-pairs-differing 1
  PAYLOAD 5491 rows over 4 (phase,function) groups; 429 DISTINCT tuple positions (92.2% of the rows are suffix re-reads, inflation 12.80x). The nested-suffix model holds on every block, so DISTINCT is exact.
  RAW WINDOW VACUOUS — 0 pairs aligned across sched2/sched3 (1 function(s) skipped on a length mismatch, window 128B).
                   NOTHING WAS COMPARED. This says nothing about what COLOR writes.
== wjson_utf8_copy_neg.cpp digest=0abb0f0dcb67d1c6
REFUSE region arena-full
ARENA bytes=4194303 full=1
  SCHED+GLOBREGS fn1: sched1=1480 sched2=1442 DIFFERS
  SCHED+GLOBREGS fn2: sched1=1480 sched2=1442 DIFFERS
  SCHED+GLOBREGS fn3: sched1=1480 sched2=1442 DIFFERS
  COLOR fn1: sched2=1442 sched3=1413 DIFFERS
  COLOR fn2: sched2=1442 sched3=1413 DIFFERS
  COLOR fn3: sched2=1442 sched3=633 DIFFERS
  LOWERING fn1: sched3=1413 sched0=1156 DIFFERS
  LOWERING fn2: sched3=1413 sched0=1156 DIFFERS
  LOWERING fn3: sched3=633 sched0=0 DIFFERS
  gap-metric stage-snap-tuples 14537
  gap-metric stage-snap-regions 259
  gap-metric stage-snap-walk-refusals 2
  gap-metric stage-snap-tuples-distinct 1200
  gap-metric stage-snap-tuple-groups 11
  gap-metric stage-snap-suffix-violations 1
  gap-metric stage-color-pairs 3
  gap-metric stage-color-pairs-differing 3
  PAYLOAD 14537 rows over 11 (phase,function) groups; 1200 DISTINCT tuple positions (91.7% of the rows are suffix re-reads, inflation 12.11x). SUFFIX MODEL VIOLATED on at least one block — DISTINCT is a FLOOR.
  RAW WINDOW VACUOUS — 0 pairs aligned across sched2/sched3 (3 function(s) skipped on a length mismatch, window 128B).
                   NOTHING WAS COMPARED. This says nothing about what COLOR writes.
  TRUNCATED — 2 walk refusal(s): REFUSE region arena-full; ARENA bytes=4194303 full=1.
                   Every count above is a FLOOR, and the phase comparisons below are
                   comparing partial lists. Nothing here is a measurement.
== wkg_splice_pos.cpp digest=402bcd681770b9bf
  SCHED+GLOBREGS fn1: sched1=12 sched2=12 IDENTICAL
  SCHED+GLOBREGS fn2: sched1=14 sched2=14 IDENTICAL
  SCHED+GLOBREGS fn3: sched1=48 sched2=48 DIFFERS
  SCHED+GLOBREGS fn4: sched1=62 sched2=62 DIFFERS
  SCHED+GLOBREGS fn5: sched1=62 sched2=62 DIFFERS
  SCHED+GLOBREGS fn6: sched1=63 sched2=63 DIFFERS
  SCHED+GLOBREGS fn7: sched1=66 sched2=66 DIFFERS
  SCHED+GLOBREGS fn8: sched1=62 sched2=62 DIFFERS
  SCHED+GLOBREGS fn9: sched1=58 sched2=58 DIFFERS
  SCHED+GLOBREGS fn10: sched1=54 sched2=54 DIFFERS
  SCHED+GLOBREGS fn11: sched1=145 sched2=146 DIFFERS
  SCHED+GLOBREGS fn12: sched1=12 sched2=12 IDENTICAL
  COLOR fn1: sched2=12 sched3=12 IDENTICAL
  COLOR fn2: sched2=14 sched3=13 DIFFERS
  COLOR fn3: sched2=48 sched3=48 IDENTICAL
  COLOR fn4: sched2=62 sched3=60 DIFFERS
  COLOR fn5: sched2=62 sched3=60 DIFFERS
  COLOR fn6: sched2=63 sched3=61 DIFFERS
  COLOR fn7: sched2=66 sched3=66 IDENTICAL
  COLOR fn8: sched2=62 sched3=61 DIFFERS
  COLOR fn9: sched2=58 sched3=57 DIFFERS
  COLOR fn10: sched2=54 sched3=53 DIFFERS
  COLOR fn11: sched2=146 sched3=145 DIFFERS
  COLOR fn12: sched2=12 sched3=12 IDENTICAL
  LOWERING fn1: sched3=12 sched0=12 DIFFERS
  LOWERING fn2: sched3=13 sched0=13 DIFFERS
  LOWERING fn3: sched3=48 sched0=36 DIFFERS
  LOWERING fn4: sched3=60 sched0=48 DIFFERS
  LOWERING fn5: sched3=60 sched0=48 DIFFERS
  LOWERING fn6: sched3=61 sched0=49 DIFFERS
  LOWERING fn7: sched3=66 sched0=61 DIFFERS
  LOWERING fn8: sched3=61 sched0=59 DIFFERS
  LOWERING fn9: sched3=57 sched0=57 DIFFERS
  LOWERING fn10: sched3=53 sched0=48 DIFFERS
  LOWERING fn11: sched3=145 sched0=137 DIFFERS
  LOWERING fn12: sched3=12 sched0=17 DIFFERS
  gap-metric stage-snap-tuples 2550
  gap-metric stage-snap-regions 171
  gap-metric stage-snap-walk-refusals 0
  gap-metric stage-snap-tuples-distinct 1174
  gap-metric stage-snap-tuple-groups 48
  gap-metric stage-snap-suffix-violations 0
  gap-metric stage-color-pairs 12
  gap-metric stage-color-pairs-differing 8
  PAYLOAD 2550 rows over 48 (phase,function) groups; 1174 DISTINCT tuple positions (54.0% of the rows are suffix re-reads, inflation 2.17x). The nested-suffix model holds on every block, so DISTINCT is exact.
  RAW WINDOW 128B, 138 tuple pairs aligned across sched2/sched3 (8 function(s) skipped on a length mismatch).
                   offsets COLOR writes: +0x44(18) +0x46(9) +0x48(6) +0x49(9) +0x51(3) +0x58(9) +0x59(18) +0x5a(18) +0x5b(18) +0x64(1) +0x65(2) +0x66(2) +0x67(2) +0x7d(2)
== wla_lit_call_arg.cpp digest=6058d50134e9801e
  SCHED+GLOBREGS fn1: sched1=11 sched2=11 IDENTICAL
  SCHED+GLOBREGS fn2: sched1=12 sched2=12 IDENTICAL
  SCHED+GLOBREGS fn3: sched1=13 sched2=13 IDENTICAL
  SCHED+GLOBREGS fn4: sched1=14 sched2=14 IDENTICAL
  SCHED+GLOBREGS fn5: sched1=17 sched2=17 IDENTICAL
  SCHED+GLOBREGS fn6: sched1=12 sched2=12 IDENTICAL
  SCHED+GLOBREGS fn7: sched1=12 sched2=12 IDENTICAL
  SCHED+GLOBREGS fn8: sched1=12 sched2=12 IDENTICAL
  SCHED+GLOBREGS fn9: sched1=12 sched2=12 IDENTICAL
  SCHED+GLOBREGS fn10: sched1=12 sched2=12 IDENTICAL
  SCHED+GLOBREGS fn11: sched1=12 sched2=12 IDENTICAL
  SCHED+GLOBREGS fn12: sched1=12 sched2=12 IDENTICAL
  SCHED+GLOBREGS fn13: sched1=12 sched2=12 IDENTICAL
  SCHED+GLOBREGS fn14: sched1=12 sched2=12 IDENTICAL
  SCHED+GLOBREGS fn15: sched1=13 sched2=13 IDENTICAL
  SCHED+GLOBREGS fn16: sched1=13 sched2=13 IDENTICAL
  SCHED+GLOBREGS fn17: sched1=12 sched2=12 IDENTICAL
  SCHED+GLOBREGS fn18: sched1=11 sched2=11 IDENTICAL
  SCHED+GLOBREGS fn19: sched1=14 sched2=14 IDENTICAL
  SCHED+GLOBREGS fn20: sched1=11 sched2=11 IDENTICAL
  SCHED+GLOBREGS fn21: sched1=12 sched2=12 IDENTICAL
  SCHED+GLOBREGS fn22: sched1=12 sched2=12 IDENTICAL
  SCHED+GLOBREGS fn23: sched1=14 sched2=14 IDENTICAL
  SCHED+GLOBREGS fn24: sched1=14 sched2=14 IDENTICAL
  SCHED+GLOBREGS fn25: sched1=13 sched2=13 IDENTICAL
  SCHED+GLOBREGS fn26: sched1=13 sched2=13 IDENTICAL
  SCHED+GLOBREGS fn27: sched1=12 sched2=12 IDENTICAL
  SCHED+GLOBREGS fn28: sched1=12 sched2=12 IDENTICAL
  SCHED+GLOBREGS fn29: sched1=12 sched2=12 IDENTICAL
  SCHED+GLOBREGS fn30: sched1=12 sched2=12 IDENTICAL
  SCHED+GLOBREGS fn31: sched1=10 sched2=10 IDENTICAL
  SCHED+GLOBREGS fn32: sched1=12 sched2=12 IDENTICAL
  SCHED+GLOBREGS fn33: sched1=11 sched2=9 DIFFERS
  SCHED+GLOBREGS fn34: sched1=12 sched2=12 IDENTICAL
  COLOR fn1: sched2=11 sched3=11 IDENTICAL
  COLOR fn2: sched2=12 sched3=12 IDENTICAL
  COLOR fn3: sched2=13 sched3=13 IDENTICAL
  COLOR fn4: sched2=14 sched3=14 IDENTICAL
  COLOR fn5: sched2=17 sched3=17 IDENTICAL
  COLOR fn6: sched2=12 sched3=12 IDENTICAL
  COLOR fn7: sched2=12 sched3=12 IDENTICAL
  COLOR fn8: sched2=12 sched3=12 IDENTICAL
  COLOR fn9: sched2=12 sched3=12 IDENTICAL
  COLOR fn10: sched2=12 sched3=12 IDENTICAL
  COLOR fn11: sched2=12 sched3=12 IDENTICAL
  COLOR fn12: sched2=12 sched3=12 IDENTICAL
  COLOR fn13: sched2=12 sched3=12 IDENTICAL
  COLOR fn14: sched2=12 sched3=12 IDENTICAL
  COLOR fn15: sched2=13 sched3=13 IDENTICAL
  COLOR fn16: sched2=13 sched3=13 IDENTICAL
  COLOR fn17: sched2=12 sched3=12 IDENTICAL
  COLOR fn18: sched2=11 sched3=11 IDENTICAL
  COLOR fn19: sched2=14 sched3=14 IDENTICAL
  COLOR fn20: sched2=11 sched3=11 IDENTICAL
  COLOR fn21: sched2=12 sched3=12 IDENTICAL
  COLOR fn22: sched2=12 sched3=12 IDENTICAL
  COLOR fn23: sched2=14 sched3=14 IDENTICAL
  COLOR fn24: sched2=14 sched3=14 IDENTICAL
  COLOR fn25: sched2=13 sched3=13 IDENTICAL
  COLOR fn26: sched2=13 sched3=13 IDENTICAL
  COLOR fn27: sched2=12 sched3=12 IDENTICAL
  COLOR fn28: sched2=12 sched3=12 IDENTICAL
  COLOR fn29: sched2=12 sched3=12 IDENTICAL
  COLOR fn30: sched2=12 sched3=12 IDENTICAL
  COLOR fn31: sched2=10 sched3=4 DIFFERS
  COLOR fn32: sched2=12 sched3=12 IDENTICAL
  COLOR fn33: sched2=9 sched3=9 IDENTICAL
  COLOR fn34: sched2=12 sched3=12 IDENTICAL
  LOWERING fn1: sched3=11 sched0=8 DIFFERS
  LOWERING fn2: sched3=12 sched0=8 DIFFERS
  LOWERING fn3: sched3=13 sched0=8 DIFFERS
  LOWERING fn4: sched3=14 sched0=8 DIFFERS
  LOWERING fn5: sched3=17 sched0=8 DIFFERS
  LOWERING fn6: sched3=12 sched0=8 DIFFERS
  LOWERING fn7: sched3=12 sched0=8 DIFFERS
  LOWERING fn8: sched3=12 sched0=8 DIFFERS
  LOWERING fn9: sched3=12 sched0=8 DIFFERS
  LOWERING fn10: sched3=12 sched0=8 DIFFERS
  LOWERING fn11: sched3=12 sched0=8 DIFFERS
  LOWERING fn12: sched3=12 sched0=8 DIFFERS
  LOWERING fn13: sched3=12 sched0=8 DIFFERS
  LOWERING fn14: sched3=12 sched0=9 DIFFERS
  LOWERING fn15: sched3=13 sched0=9 DIFFERS
  LOWERING fn16: sched3=13 sched0=10 DIFFERS
  LOWERING fn17: sched3=12 sched0=10 DIFFERS
  LOWERING fn18: sched3=11 sched0=9 DIFFERS
  LOWERING fn19: sched3=14 sched0=8 DIFFERS
  LOWERING fn20: sched3=11 sched0=8 DIFFERS
  LOWERING fn21: sched3=12 sched0=8 DIFFERS
  LOWERING fn22: sched3=12 sched0=9 DIFFERS
  LOWERING fn23: sched3=14 sched0=8 DIFFERS
  LOWERING fn24: sched3=14 sched0=8 DIFFERS
  LOWERING fn25: sched3=13 sched0=8 DIFFERS
  LOWERING fn26: sched3=13 sched0=8 DIFFERS
  LOWERING fn27: sched3=12 sched0=8 DIFFERS
  LOWERING fn28: sched3=12 sched0=8 DIFFERS
  LOWERING fn29: sched3=12 sched0=8 DIFFERS
  LOWERING fn30: sched3=12 sched0=8 DIFFERS
  LOWERING fn31: sched3=4 sched0=9 DIFFERS
  LOWERING fn32: sched3=12 sched0=8 DIFFERS
  LOWERING fn33: sched3=9 sched0=7 DIFFERS
  LOWERING fn34: sched3=12 sched0=8 DIFFERS
  gap-metric stage-snap-tuples 1530
  gap-metric stage-snap-regions 271
  gap-metric stage-snap-walk-refusals 0
  gap-metric stage-snap-tuples-distinct 1023
  gap-metric stage-snap-tuple-groups 136
  gap-metric stage-snap-suffix-violations 0
  gap-metric stage-color-pairs 34
  gap-metric stage-color-pairs-differing 1
  PAYLOAD 1530 rows over 136 (phase,function) groups; 1023 DISTINCT tuple positions (33.1% of the rows are suffix re-reads, inflation 1.50x). The nested-suffix model holds on every block, so DISTINCT is exact.
  RAW WINDOW 128B, 408 tuple pairs aligned across sched2/sched3 (1 function(s) skipped on a length mismatch).
                   offsets COLOR writes: NONE — the allocator wrote nothing in this window
== wla_lit_call_arg_neg.cpp digest=d18a7b98a52779d7
  SCHED+GLOBREGS fn1: sched1=12 sched2=11 DIFFERS
  SCHED+GLOBREGS fn2: sched1=12 sched2=10 DIFFERS
  SCHED+GLOBREGS fn3: sched1=13 sched2=10 DIFFERS
  SCHED+GLOBREGS fn4: sched1=13 sched2=13 IDENTICAL
  SCHED+GLOBREGS fn5: sched1=12 sched2=12 IDENTICAL
  SCHED+GLOBREGS fn6: sched1=13 sched2=12 DIFFERS
  SCHED+GLOBREGS fn7: sched1=12 sched2=11 DIFFERS
  SCHED+GLOBREGS fn8: sched1=12 sched2=12 IDENTICAL
  SCHED+GLOBREGS fn9: sched1=12 sched2=12 IDENTICAL
  SCHED+GLOBREGS fn10: sched1=12 sched2=12 IDENTICAL
  SCHED+GLOBREGS fn11: sched1=12 sched2=12 IDENTICAL
  SCHED+GLOBREGS fn12: sched1=12 sched2=12 IDENTICAL
  SCHED+GLOBREGS fn13: sched1=12 sched2=12 DIFFERS
  SCHED+GLOBREGS fn14: sched1=12 sched2=14 DIFFERS
  SCHED+GLOBREGS fn15: sched1=11 sched2=11 IDENTICAL
  SCHED+GLOBREGS fn16: sched1=12 sched2=12 DIFFERS
  SCHED+GLOBREGS fn17: sched1=11 sched2=11 IDENTICAL
  SCHED+GLOBREGS fn18: sched1=15 sched2=15 DIFFERS
  SCHED+GLOBREGS fn19: sched1=15 sched2=15 IDENTICAL
  SCHED+GLOBREGS fn20: sched1=14 sched2=12 DIFFERS
  COLOR fn1: sched2=11 sched3=11 IDENTICAL
  COLOR fn2: sched2=10 sched3=10 IDENTICAL
  COLOR fn3: sched2=10 sched3=10 IDENTICAL
  COLOR fn4: sched2=13 sched3=12 DIFFERS
  COLOR fn5: sched2=12 sched3=11 DIFFERS
  COLOR fn6: sched2=12 sched3=11 DIFFERS
  COLOR fn7: sched2=11 sched3=11 IDENTICAL
  COLOR fn8: sched2=12 sched3=12 IDENTICAL
  COLOR fn9: sched2=12 sched3=12 IDENTICAL
  COLOR fn10: sched2=12 sched3=12 IDENTICAL
  COLOR fn11: sched2=12 sched3=12 IDENTICAL
  COLOR fn12: sched2=12 sched3=9 DIFFERS
  COLOR fn13: sched2=12 sched3=11 DIFFERS
  COLOR fn14: sched2=14 sched3=14 DIFFERS
  COLOR fn15: sched2=11 sched3=11 IDENTICAL
  COLOR fn16: sched2=12 sched3=12 IDENTICAL
  COLOR fn17: sched2=11 sched3=11 IDENTICAL
  COLOR fn18: sched2=15 sched3=15 IDENTICAL
  COLOR fn19: sched2=15 sched3=15 IDENTICAL
  COLOR fn20: sched2=12 sched3=12 IDENTICAL
  LOWERING fn1: sched3=11 sched0=9 DIFFERS
  LOWERING fn2: sched3=10 sched0=10 DIFFERS
  LOWERING fn3: sched3=10 sched0=11 DIFFERS
  LOWERING fn4: sched3=12 sched0=10 DIFFERS
  LOWERING fn5: sched3=11 sched0=11 DIFFERS
  LOWERING fn6: sched3=11 sched0=12 DIFFERS
  LOWERING fn7: sched3=11 sched0=9 DIFFERS
  LOWERING fn8: sched3=12 sched0=9 DIFFERS
  LOWERING fn9: sched3=12 sched0=9 DIFFERS
  LOWERING fn10: sched3=12 sched0=9 DIFFERS
  LOWERING fn11: sched3=12 sched0=9 DIFFERS
  LOWERING fn12: sched3=9 sched0=8 DIFFERS
  LOWERING fn13: sched3=11 sched0=9 DIFFERS
  LOWERING fn14: sched3=14 sched0=9 DIFFERS
  LOWERING fn15: sched3=11 sched0=8 DIFFERS
  LOWERING fn16: sched3=12 sched0=8 DIFFERS
  LOWERING fn17: sched3=11 sched0=8 DIFFERS
  LOWERING fn18: sched3=15 sched0=25 DIFFERS
  LOWERING fn19: sched3=15 sched0=25 DIFFERS
  LOWERING fn20: sched3=12 sched0=20 DIFFERS
  gap-metric stage-snap-tuples 952
  gap-metric stage-snap-regions 160
  gap-metric stage-snap-walk-refusals 0
  gap-metric stage-snap-tuples-distinct 635
  gap-metric stage-snap-tuple-groups 80
  gap-metric stage-snap-suffix-violations 0
  gap-metric stage-color-pairs 20
  gap-metric stage-color-pairs-differing 6
  PAYLOAD 952 rows over 80 (phase,function) groups; 635 DISTINCT tuple positions (33.3% of the rows are suffix re-reads, inflation 1.50x). The nested-suffix model holds on every block, so DISTINCT is exact.
  RAW WINDOW 128B, 180 tuple pairs aligned across sched2/sched3 (5 function(s) skipped on a length mismatch).
                   offsets COLOR writes: +0x0(8) +0x1(4) +0x4(4) +0x5(2) +0x10(8) +0x11(4) +0x28(6) +0x29(6) +0x2a(4) +0x2c(8) +0x2d(4) +0x34(8) +0x35(8) +0x36(8) +0x37(8) +0x38(2) +0x3c(2) +0x44(2) +0x46(1) +0x48(4) +0x49(3) +0x4a(2) +0x4c(8) +0x4d(6) +0x4e(5) +0x4f(4) +0x50(6) +0x51(5) +0x52(4) +0x53(4) +0x54(8) +0x55(2) +0x56(4) +0x57(4) +0x58(9) +0x59(8) +0x5a(6) +0x5b(6) +0x5c(8) +0x5e(2) +0x5f(2) +0x60(4) +0x61(4) +0x62(4) +0x63(4) +0x64(8) +0x65(8) +0x66(8) +0x67(8) +0x68(2) +0x69(1) +0x6c(2) +0x6d(4) +0x6e(4) +0x6f(4) +0x70(5) +0x71(6) +0x72(6) +0x73(2) +0x74(2) +0x75(4) +0x76(4) +0x77(4) +0x78(4) +0x79(2) +0x7c(2) +0x7e(2) +0x7f(2)
== wlb_moved_formal.cpp digest=e469131433f2636f
  SCHED+GLOBREGS fn1: sched1=11 sched2=10 DIFFERS
  SCHED+GLOBREGS fn2: sched1=11 sched2=10 DIFFERS
  SCHED+GLOBREGS fn3: sched1=11 sched2=10 DIFFERS
  SCHED+GLOBREGS fn4: sched1=13 sched2=12 DIFFERS
  SCHED+GLOBREGS fn5: sched1=11 sched2=10 DIFFERS
  SCHED+GLOBREGS fn6: sched1=12 sched2=12 IDENTICAL
  SCHED+GLOBREGS fn7: sched1=11 sched2=11 IDENTICAL
  SCHED+GLOBREGS fn8: sched1=11 sched2=11 IDENTICAL
  SCHED+GLOBREGS fn9: sched1=11 sched2=11 IDENTICAL
  SCHED+GLOBREGS fn10: sched1=11 sched2=11 IDENTICAL
  SCHED+GLOBREGS fn11: sched1=13 sched2=13 IDENTICAL
  SCHED+GLOBREGS fn12: sched1=11 sched2=10 DIFFERS
  SCHED+GLOBREGS fn13: sched1=11 sched2=10 DIFFERS
  SCHED+GLOBREGS fn14: sched1=11 sched2=10 DIFFERS
  SCHED+GLOBREGS fn15: sched1=11 sched2=10 DIFFERS
  SCHED+GLOBREGS fn16: sched1=11 sched2=11 IDENTICAL
  SCHED+GLOBREGS fn17: sched1=11 sched2=11 IDENTICAL
  SCHED+GLOBREGS fn18: sched1=11 sched2=10 DIFFERS
  SCHED+GLOBREGS fn19: sched1=11 sched2=11 IDENTICAL
  SCHED+GLOBREGS fn20: sched1=11 sched2=10 DIFFERS
  SCHED+GLOBREGS fn21: sched1=10 sched2=10 IDENTICAL
  SCHED+GLOBREGS fn22: sched1=11 sched2=10 DIFFERS
  SCHED+GLOBREGS fn23: sched1=11 sched2=9 DIFFERS
  SCHED+GLOBREGS fn24: sched1=11 sched2=10 DIFFERS
  COLOR fn1: sched2=10 sched3=10 IDENTICAL
  COLOR fn2: sched2=10 sched3=10 IDENTICAL
  COLOR fn3: sched2=10 sched3=10 IDENTICAL
  COLOR fn4: sched2=12 sched3=12 IDENTICAL
  COLOR fn5: sched2=10 sched3=10 IDENTICAL
  COLOR fn6: sched2=12 sched3=12 IDENTICAL
  COLOR fn7: sched2=11 sched3=11 IDENTICAL
  COLOR fn8: sched2=11 sched3=11 IDENTICAL
  COLOR fn9: sched2=11 sched3=11 IDENTICAL
  COLOR fn10: sched2=11 sched3=11 IDENTICAL
  COLOR fn11: sched2=13 sched3=13 IDENTICAL
  COLOR fn12: sched2=10 sched3=10 IDENTICAL
  COLOR fn13: sched2=10 sched3=10 IDENTICAL
  COLOR fn14: sched2=10 sched3=10 IDENTICAL
  COLOR fn15: sched2=10 sched3=10 IDENTICAL
  COLOR fn16: sched2=11 sched3=11 IDENTICAL
  COLOR fn17: sched2=11 sched3=11 IDENTICAL
  COLOR fn18: sched2=10 sched3=10 IDENTICAL
  COLOR fn19: sched2=11 sched3=11 IDENTICAL
  COLOR fn20: sched2=10 sched3=10 IDENTICAL
  COLOR fn21: sched2=10 sched3=4 DIFFERS
  COLOR fn22: sched2=10 sched3=10 IDENTICAL
  COLOR fn23: sched2=9 sched3=9 IDENTICAL
  COLOR fn24: sched2=10 sched3=10 IDENTICAL
  LOWERING fn1: sched3=10 sched0=9 DIFFERS
  LOWERING fn2: sched3=10 sched0=9 DIFFERS
  LOWERING fn3: sched3=10 sched0=9 DIFFERS
  LOWERING fn4: sched3=12 sched0=9 DIFFERS
  LOWERING fn5: sched3=10 sched0=9 DIFFERS
  LOWERING fn6: sched3=12 sched0=8 DIFFERS
  LOWERING fn7: sched3=11 sched0=9 DIFFERS
  LOWERING fn8: sched3=11 sched0=9 DIFFERS
  LOWERING fn9: sched3=11 sched0=9 DIFFERS
  LOWERING fn10: sched3=11 sched0=9 DIFFERS
  LOWERING fn11: sched3=13 sched0=9 DIFFERS
  LOWERING fn12: sched3=10 sched0=9 DIFFERS
  LOWERING fn13: sched3=10 sched0=9 DIFFERS
  LOWERING fn14: sched3=10 sched0=9 DIFFERS
  LOWERING fn15: sched3=10 sched0=9 DIFFERS
  LOWERING fn16: sched3=11 sched0=9 DIFFERS
  LOWERING fn17: sched3=11 sched0=9 DIFFERS
  LOWERING fn18: sched3=10 sched0=9 DIFFERS
  LOWERING fn19: sched3=11 sched0=9 DIFFERS
  LOWERING fn20: sched3=10 sched0=9 DIFFERS
  LOWERING fn21: sched3=4 sched0=9 DIFFERS
  LOWERING fn22: sched3=10 sched0=9 DIFFERS
  LOWERING fn23: sched3=9 sched0=7 DIFFERS
  LOWERING fn24: sched3=10 sched0=9 DIFFERS
  gap-metric stage-snap-tuples 981
  gap-metric stage-snap-regions 191
  gap-metric stage-snap-walk-refusals 0
  gap-metric stage-snap-tuples-distinct 624
  gap-metric stage-snap-tuple-groups 96
  gap-metric stage-snap-suffix-violations 0
  gap-metric stage-color-pairs 24
  gap-metric stage-color-pairs-differing 1
  PAYLOAD 981 rows over 96 (phase,function) groups; 624 DISTINCT tuple positions (36.4% of the rows are suffix re-reads, inflation 1.57x). The nested-suffix model holds on every block, so DISTINCT is exact.
  RAW WINDOW 128B, 243 tuple pairs aligned across sched2/sched3 (1 function(s) skipped on a length mismatch).
                   offsets COLOR writes: NONE — the allocator wrote nothing in this window
== wlb_moved_formal_neg.cpp digest=5c7870d89ac17904
  SCHED+GLOBREGS fn1: sched1=12 sched2=11 DIFFERS
  SCHED+GLOBREGS fn2: sched1=12 sched2=10 DIFFERS
  SCHED+GLOBREGS fn3: sched1=12 sched2=12 IDENTICAL
  SCHED+GLOBREGS fn4: sched1=12 sched2=12 IDENTICAL
  SCHED+GLOBREGS fn5: sched1=13 sched2=12 DIFFERS
  SCHED+GLOBREGS fn6: sched1=12 sched2=11 DIFFERS
  SCHED+GLOBREGS fn7: sched1=11 sched2=10 DIFFERS
  SCHED+GLOBREGS fn8: sched1=11 sched2=10 DIFFERS
  SCHED+GLOBREGS fn9: sched1=11 sched2=11 IDENTICAL
  SCHED+GLOBREGS fn10: sched1=11 sched2=10 DIFFERS
  SCHED+GLOBREGS fn11: sched1=11 sched2=10 DIFFERS
  SCHED+GLOBREGS fn12: sched1=11 sched2=11 IDENTICAL
  SCHED+GLOBREGS fn13: sched1=11 sched2=13 DIFFERS
  SCHED+GLOBREGS fn14: sched1=14 sched2=14 DIFFERS
  COLOR fn1: sched2=11 sched3=11 IDENTICAL
  COLOR fn2: sched2=10 sched3=10 IDENTICAL
  COLOR fn3: sched2=12 sched3=11 DIFFERS
  COLOR fn4: sched2=12 sched3=11 DIFFERS
  COLOR fn5: sched2=12 sched3=12 IDENTICAL
  COLOR fn6: sched2=11 sched3=11 IDENTICAL
  COLOR fn7: sched2=10 sched3=10 IDENTICAL
  COLOR fn8: sched2=10 sched3=10 IDENTICAL
  COLOR fn9: sched2=11 sched3=11 IDENTICAL
  COLOR fn10: sched2=10 sched3=10 IDENTICAL
  COLOR fn11: sched2=10 sched3=9 DIFFERS
  COLOR fn12: sched2=11 sched3=11 IDENTICAL
  COLOR fn13: sched2=13 sched3=13 DIFFERS
  COLOR fn14: sched2=14 sched3=14 IDENTICAL
  LOWERING fn1: sched3=11 sched0=9 DIFFERS
  LOWERING fn2: sched3=10 sched0=10 DIFFERS
  LOWERING fn3: sched3=11 sched0=11 DIFFERS
  LOWERING fn4: sched3=11 sched0=11 DIFFERS
  LOWERING fn5: sched3=12 sched0=9 DIFFERS
  LOWERING fn6: sched3=11 sched0=10 DIFFERS
  LOWERING fn7: sched3=10 sched0=9 DIFFERS
  LOWERING fn8: sched3=10 sched0=10 DIFFERS
  LOWERING fn9: sched3=11 sched0=10 DIFFERS
  LOWERING fn10: sched3=10 sched0=10 DIFFERS
  LOWERING fn11: sched3=9 sched0=10 DIFFERS
  LOWERING fn12: sched3=11 sched0=10 DIFFERS
  LOWERING fn13: sched3=13 sched0=10 DIFFERS
  LOWERING fn14: sched3=14 sched0=26 DIFFERS
  gap-metric stage-snap-tuples 630
  gap-metric stage-snap-regions 112
  gap-metric stage-snap-walk-refusals 0
  gap-metric stage-snap-tuples-distinct 414
  gap-metric stage-snap-tuple-groups 56
  gap-metric stage-snap-suffix-violations 0
  gap-metric stage-color-pairs 14
  gap-metric stage-color-pairs-differing 4
  PAYLOAD 630 rows over 56 (phase,function) groups; 414 DISTINCT tuple positions (34.3% of the rows are suffix re-reads, inflation 1.52x). The nested-suffix model holds on every block, so DISTINCT is exact.
  RAW WINDOW 128B, 123 tuple pairs aligned across sched2/sched3 (3 function(s) skipped on a length mismatch).
                   offsets COLOR writes: +0x0(2) +0x1(2) +0x2(1) +0x4(4) +0x10(4) +0x11(4) +0x12(2) +0x28(4) +0x29(4) +0x2a(2) +0x2c(4) +0x2d(4) +0x38(4) +0x3c(2) +0x3d(2) +0x44(6) +0x45(5) +0x46(5) +0x47(4) +0x48(4) +0x49(2) +0x4c(4) +0x4d(4) +0x4e(4) +0x4f(4) +0x50(3) +0x51(7) +0x52(6) +0x53(5) +0x54(4) +0x55(4) +0x56(4) +0x57(4) +0x58(2) +0x59(2) +0x5c(4) +0x5d(4) +0x5e(4) +0x5f(4) +0x60(4) +0x61(4) +0x62(4) +0x63(4) +0x64(6) +0x65(2) +0x66(5) +0x67(4) +0x68(4) +0x69(5) +0x6a(4) +0x6b(4) +0x6c(4) +0x6d(2) +0x70(2) +0x72(2) +0x73(2) +0x78(2) +0x79(1) +0x7c(2)
== wlin_mixed_bind.cpp digest=f143ffb2f45a9d11
  SCHED+GLOBREGS fn1: sched1=21 sched2=21 DIFFERS
  SCHED+GLOBREGS fn2: sched1=19 sched2=20 DIFFERS
  COLOR fn1: sched2=21 sched3=21 IDENTICAL
  COLOR fn2: sched2=20 sched3=16 DIFFERS
  LOWERING fn1: sched3=21 sched0=27 DIFFERS
  LOWERING fn2: sched3=16 sched0=16 DIFFERS
  gap-metric stage-snap-tuples 161
  gap-metric stage-snap-regions 16
  gap-metric stage-snap-walk-refusals 0
  gap-metric stage-snap-tuples-distinct 125
  gap-metric stage-snap-tuple-groups 8
  gap-metric stage-snap-suffix-violations 0
  gap-metric stage-color-pairs 2
  gap-metric stage-color-pairs-differing 1
  PAYLOAD 161 rows over 8 (phase,function) groups; 125 DISTINCT tuple positions (22.4% of the rows are suffix re-reads, inflation 1.29x). The nested-suffix model holds on every block, so DISTINCT is exact.
  RAW WINDOW 128B, 21 tuple pairs aligned across sched2/sched3 (1 function(s) skipped on a length mismatch).
                   offsets COLOR writes: +0x44(2) +0x46(1) +0x49(1) +0x4c(2) +0x4e(1) +0x51(1) +0x69(1) +0x78(1) +0x79(2) +0x7a(2) +0x7b(2)
== wlin_mixed_bind_neg.cpp digest=0716f1bd44e421f6
  SCHED+GLOBREGS fn1: sched1=16 sched2=16 DIFFERS
  SCHED+GLOBREGS fn2: sched1=21 sched2=21 DIFFERS
  SCHED+GLOBREGS fn3: sched1=20 sched2=20 DIFFERS
  COLOR fn1: sched2=16 sched3=14 DIFFERS
  COLOR fn2: sched2=21 sched3=17 DIFFERS
  COLOR fn3: sched2=20 sched3=16 DIFFERS
  LOWERING fn1: sched3=14 sched0=14 DIFFERS
  LOWERING fn2: sched3=17 sched0=16 DIFFERS
  LOWERING fn3: sched3=16 sched0=16 DIFFERS
  gap-metric stage-snap-tuples 207
  gap-metric stage-snap-regions 24
  gap-metric stage-snap-walk-refusals 0
  gap-metric stage-snap-tuples-distinct 159
  gap-metric stage-snap-tuple-groups 12
  gap-metric stage-snap-suffix-violations 0
  gap-metric stage-color-pairs 3
  gap-metric stage-color-pairs-differing 3
  PAYLOAD 207 rows over 12 (phase,function) groups; 159 DISTINCT tuple positions (23.2% of the rows are suffix re-reads, inflation 1.30x). The nested-suffix model holds on every block, so DISTINCT is exact.
  RAW WINDOW VACUOUS — 0 pairs aligned across sched2/sched3 (3 function(s) skipped on a length mismatch, window 128B).
                   NOTHING WAS COMPARED. This says nothing about what COLOR writes.
== wlo_dyninit_mixed.cpp digest=9ac6125583d51247
  SCHED+GLOBREGS fn1: sched1=11 sched2=10 DIFFERS
  COLOR fn1: sched2=10 sched3=10 IDENTICAL
  LOWERING fn1: sched3=10 sched0=9 DIFFERS
  gap-metric stage-snap-tuples 40
  gap-metric stage-snap-regions 8
  gap-metric stage-snap-walk-refusals 0
  gap-metric stage-snap-tuples-distinct 24
  gap-metric stage-snap-tuple-groups 4
  gap-metric stage-snap-suffix-violations 0
  gap-metric stage-color-pairs 1
  gap-metric stage-color-pairs-differing 0
  PAYLOAD 40 rows over 4 (phase,function) groups; 24 DISTINCT tuple positions (40.0% of the rows are suffix re-reads, inflation 1.67x). The nested-suffix model holds on every block, so DISTINCT is exact.
  RAW WINDOW 128B, 10 tuple pairs aligned across sched2/sched3 (0 function(s) skipped on a length mismatch).
                   offsets COLOR writes: NONE — the allocator wrote nothing in this window
  FINDING, not a green: the pre/post-COLOR snapshots are IDENTICAL on every
                   function here. The walk is reading fields COLOR does not write — it shows THAT
                   the allocator ran, not WHAT it did.
== wlo_dyninit_pair.cpp digest=4236dbb2a314379a
  SCHED+GLOBREGS fn1: sched1=14 sched2=14 IDENTICAL
  SCHED+GLOBREGS fn2: sched1=11 sched2=11 IDENTICAL
  COLOR fn1: sched2=14 sched3=14 IDENTICAL
  COLOR fn2: sched2=11 sched3=11 IDENTICAL
  LOWERING fn1: sched3=14 sched0=20 DIFFERS
  LOWERING fn2: sched3=11 sched0=9 DIFFERS
  gap-metric stage-snap-tuples 104
  gap-metric stage-snap-regions 16
  gap-metric stage-snap-walk-refusals 0
  gap-metric stage-snap-tuples-distinct 70
  gap-metric stage-snap-tuple-groups 8
  gap-metric stage-snap-suffix-violations 0
  gap-metric stage-color-pairs 2
  gap-metric stage-color-pairs-differing 0
  PAYLOAD 104 rows over 8 (phase,function) groups; 70 DISTINCT tuple positions (32.7% of the rows are suffix re-reads, inflation 1.49x). The nested-suffix model holds on every block, so DISTINCT is exact.
  RAW WINDOW 128B, 25 tuple pairs aligned across sched2/sched3 (0 function(s) skipped on a length mismatch).
                   offsets COLOR writes: NONE — the allocator wrote nothing in this window
  FINDING, not a green: the pre/post-COLOR snapshots are IDENTICAL on every
                   function here. The walk is reading fields COLOR does not write — it shows THAT
                   the allocator ran, not WHAT it did.
== wlr_lit_run.cpp digest=a2455d069c613fc4
  SCHED+GLOBREGS fn1: sched1=12 sched2=13 DIFFERS
  SCHED+GLOBREGS fn2: sched1=14 sched2=15 DIFFERS
  SCHED+GLOBREGS fn3: sched1=18 sched2=19 DIFFERS
  SCHED+GLOBREGS fn4: sched1=20 sched2=21 DIFFERS
  SCHED+GLOBREGS fn5: sched1=12 sched2=13 DIFFERS
  SCHED+GLOBREGS fn6: sched1=14 sched2=15 DIFFERS
  SCHED+GLOBREGS fn7: sched1=14 sched2=15 DIFFERS
  SCHED+GLOBREGS fn8: sched1=12 sched2=13 DIFFERS
  SCHED+GLOBREGS fn9: sched1=14 sched2=15 DIFFERS
  SCHED+GLOBREGS fn10: sched1=16 sched2=17 DIFFERS
  SCHED+GLOBREGS fn11: sched1=14 sched2=15 DIFFERS
  SCHED+GLOBREGS fn12: sched1=12 sched2=13 DIFFERS
  SCHED+GLOBREGS fn13: sched1=10 sched2=10 IDENTICAL
  SCHED+GLOBREGS fn14: sched1=12 sched2=13 DIFFERS
  SCHED+GLOBREGS fn15: sched1=14 sched2=15 DIFFERS
  SCHED+GLOBREGS fn16: sched1=12 sched2=13 DIFFERS
  SCHED+GLOBREGS fn17: sched1=14 sched2=15 DIFFERS
  SCHED+GLOBREGS fn18: sched1=12 sched2=13 DIFFERS
  SCHED+GLOBREGS fn19: sched1=16 sched2=17 DIFFERS
  SCHED+GLOBREGS fn20: sched1=14 sched2=15 DIFFERS
  SCHED+GLOBREGS fn21: sched1=14 sched2=15 DIFFERS
  SCHED+GLOBREGS fn22: sched1=14 sched2=15 DIFFERS
  SCHED+GLOBREGS fn23: sched1=14 sched2=15 DIFFERS
  SCHED+GLOBREGS fn24: sched1=14 sched2=15 DIFFERS
  SCHED+GLOBREGS fn25: sched1=12 sched2=13 DIFFERS
  COLOR fn1: sched2=13 sched3=11 DIFFERS
  COLOR fn2: sched2=15 sched3=12 DIFFERS
  COLOR fn3: sched2=19 sched3=14 DIFFERS
  COLOR fn4: sched2=21 sched3=15 DIFFERS
  COLOR fn5: sched2=13 sched3=11 DIFFERS
  COLOR fn6: sched2=15 sched3=12 DIFFERS
  COLOR fn7: sched2=15 sched3=12 DIFFERS
  COLOR fn8: sched2=13 sched3=11 DIFFERS
  COLOR fn9: sched2=15 sched3=12 DIFFERS
  COLOR fn10: sched2=17 sched3=13 DIFFERS
  COLOR fn11: sched2=15 sched3=12 DIFFERS
  COLOR fn12: sched2=13 sched3=12 DIFFERS
  COLOR fn13: sched2=10 sched3=10 IDENTICAL
  COLOR fn14: sched2=13 sched3=11 DIFFERS
  COLOR fn15: sched2=15 sched3=12 DIFFERS
  COLOR fn16: sched2=13 sched3=12 DIFFERS
  COLOR fn17: sched2=15 sched3=12 DIFFERS
  COLOR fn18: sched2=13 sched3=11 DIFFERS
  COLOR fn19: sched2=17 sched3=14 DIFFERS
  COLOR fn20: sched2=15 sched3=13 DIFFERS
  COLOR fn21: sched2=15 sched3=13 DIFFERS
  COLOR fn22: sched2=15 sched3=13 DIFFERS
  COLOR fn23: sched2=15 sched3=12 DIFFERS
  COLOR fn24: sched2=15 sched3=13 DIFFERS
  COLOR fn25: sched2=13 sched3=11 DIFFERS
  LOWERING fn1: sched3=11 sched0=11 DIFFERS
  LOWERING fn2: sched3=12 sched0=12 DIFFERS
  LOWERING fn3: sched3=14 sched0=14 DIFFERS
  LOWERING fn4: sched3=15 sched0=15 DIFFERS
  LOWERING fn5: sched3=11 sched0=11 DIFFERS
  LOWERING fn6: sched3=12 sched0=12 DIFFERS
  LOWERING fn7: sched3=12 sched0=12 DIFFERS
  LOWERING fn8: sched3=11 sched0=11 DIFFERS
  LOWERING fn9: sched3=12 sched0=12 DIFFERS
  LOWERING fn10: sched3=13 sched0=13 DIFFERS
  LOWERING fn11: sched3=12 sched0=12 DIFFERS
  LOWERING fn12: sched3=12 sched0=12 DIFFERS
  LOWERING fn13: sched3=10 sched0=10 DIFFERS
  LOWERING fn14: sched3=11 sched0=11 DIFFERS
  LOWERING fn15: sched3=12 sched0=12 DIFFERS
  LOWERING fn16: sched3=12 sched0=12 DIFFERS
  LOWERING fn17: sched3=12 sched0=12 DIFFERS
  LOWERING fn18: sched3=11 sched0=11 DIFFERS
  LOWERING fn19: sched3=14 sched0=12 DIFFERS
  LOWERING fn20: sched3=13 sched0=11 DIFFERS
  LOWERING fn21: sched3=13 sched0=11 DIFFERS
  LOWERING fn22: sched3=13 sched0=11 DIFFERS
  LOWERING fn23: sched3=12 sched0=12 DIFFERS
  LOWERING fn24: sched3=13 sched0=11 DIFFERS
  LOWERING fn25: sched3=11 sched0=11 DIFFERS
  gap-metric stage-snap-tuples 1310
  gap-metric stage-snap-regions 200
  gap-metric stage-snap-walk-refusals 0
  gap-metric stage-snap-tuples-distinct 910
  gap-metric stage-snap-tuple-groups 100
  gap-metric stage-snap-suffix-violations 0
  gap-metric stage-color-pairs 25
  gap-metric stage-color-pairs-differing 24
  PAYLOAD 1310 rows over 100 (phase,function) groups; 910 DISTINCT tuple positions (30.5% of the rows are suffix re-reads, inflation 1.44x). The nested-suffix model holds on every block, so DISTINCT is exact.
  RAW WINDOW 128B, 10 tuple pairs aligned across sched2/sched3 (24 function(s) skipped on a length mismatch).
                   offsets COLOR writes: NONE — the allocator wrote nothing in this window
== wlr_lit_run_neg.cpp digest=13e596441d006678
  SCHED+GLOBREGS fn1: sched1=12 sched2=12 DIFFERS
  SCHED+GLOBREGS fn2: sched1=16 sched2=18 DIFFERS
  SCHED+GLOBREGS fn3: sched1=16 sched2=17 DIFFERS
  SCHED+GLOBREGS fn4: sched1=18 sched2=20 DIFFERS
  SCHED+GLOBREGS fn5: sched1=18 sched2=20 DIFFERS
  SCHED+GLOBREGS fn6: sched1=16 sched2=16 DIFFERS
  SCHED+GLOBREGS fn7: sched1=11 sched2=11 IDENTICAL
  SCHED+GLOBREGS fn8: sched1=11 sched2=11 DIFFERS
  SCHED+GLOBREGS fn9: sched1=13 sched2=13 IDENTICAL
  SCHED+GLOBREGS fn10: sched1=10 sched2=10 IDENTICAL
  SCHED+GLOBREGS fn11: sched1=12 sched2=12 IDENTICAL
  COLOR fn1: sched2=12 sched3=12 IDENTICAL
  COLOR fn2: sched2=18 sched3=14 DIFFERS
  COLOR fn3: sched2=17 sched3=15 DIFFERS
  COLOR fn4: sched2=20 sched3=16 DIFFERS
  COLOR fn5: sched2=20 sched3=15 DIFFERS
  COLOR fn6: sched2=16 sched3=16 IDENTICAL
  COLOR fn7: sched2=11 sched3=11 IDENTICAL
  COLOR fn8: sched2=11 sched3=11 IDENTICAL
  COLOR fn9: sched2=13 sched3=13 IDENTICAL
  COLOR fn10: sched2=10 sched3=10 IDENTICAL
  COLOR fn11: sched2=12 sched3=12 IDENTICAL
  LOWERING fn1: sched3=12 sched0=12 DIFFERS
  LOWERING fn2: sched3=14 sched0=14 DIFFERS
  LOWERING fn3: sched3=15 sched0=15 DIFFERS
  LOWERING fn4: sched3=16 sched0=16 DIFFERS
  LOWERING fn5: sched3=15 sched0=15 DIFFERS
  LOWERING fn6: sched3=16 sched0=16 DIFFERS
  LOWERING fn7: sched3=11 sched0=11 DIFFERS
  LOWERING fn8: sched3=11 sched0=11 DIFFERS
  LOWERING fn9: sched3=13 sched0=13 DIFFERS
  LOWERING fn10: sched3=10 sched0=10 DIFFERS
  LOWERING fn11: sched3=12 sched0=12 DIFFERS
  gap-metric stage-snap-tuples 603
  gap-metric stage-snap-regions 88
  gap-metric stage-snap-walk-refusals 0
  gap-metric stage-snap-tuples-distinct 427
  gap-metric stage-snap-tuple-groups 44
  gap-metric stage-snap-suffix-violations 0
  gap-metric stage-color-pairs 11
  gap-metric stage-color-pairs-differing 4
  PAYLOAD 603 rows over 44 (phase,function) groups; 427 DISTINCT tuple positions (29.2% of the rows are suffix re-reads, inflation 1.41x). The nested-suffix model holds on every block, so DISTINCT is exact.
  RAW WINDOW 128B, 85 tuple pairs aligned across sched2/sched3 (4 function(s) skipped on a length mismatch).
                   offsets COLOR writes: NONE — the allocator wrote nothing in this window
== wmain2_eh_scope.cpp digest=ef83fa8316e41ba2
  SCHED+GLOBREGS fn1: sched1=21 sched2=19 DIFFERS
  COLOR fn1: sched2=19 sched3=19 IDENTICAL
  LOWERING fn1: sched3=19 sched0=30 DIFFERS
  gap-metric stage-snap-tuples 89
  gap-metric stage-snap-regions 8
  gap-metric stage-snap-walk-refusals 0
  gap-metric stage-snap-tuples-distinct 68
  gap-metric stage-snap-tuple-groups 4
  gap-metric stage-snap-suffix-violations 0
  gap-metric stage-color-pairs 1
  gap-metric stage-color-pairs-differing 0
  PAYLOAD 89 rows over 4 (phase,function) groups; 68 DISTINCT tuple positions (23.6% of the rows are suffix re-reads, inflation 1.31x). The nested-suffix model holds on every block, so DISTINCT is exact.
  RAW WINDOW 128B, 19 tuple pairs aligned across sched2/sched3 (0 function(s) skipped on a length mismatch).
                   offsets COLOR writes: NONE — the allocator wrote nothing in this window
  FINDING, not a green: the pre/post-COLOR snapshots are IDENTICAL on every
                   function here. The walk is reading fields COLOR does not write — it shows THAT
                   the allocator ran, not WHAT it did.
== wmain2_eh_scope_neg.cpp digest=ef83fa8316e41ba2
  SCHED+GLOBREGS fn1: sched1=21 sched2=19 DIFFERS
  COLOR fn1: sched2=19 sched3=19 IDENTICAL
  LOWERING fn1: sched3=19 sched0=30 DIFFERS
  gap-metric stage-snap-tuples 89
  gap-metric stage-snap-regions 8
  gap-metric stage-snap-walk-refusals 0
  gap-metric stage-snap-tuples-distinct 68
  gap-metric stage-snap-tuple-groups 4
  gap-metric stage-snap-suffix-violations 0
  gap-metric stage-color-pairs 1
  gap-metric stage-color-pairs-differing 0
  PAYLOAD 89 rows over 4 (phase,function) groups; 68 DISTINCT tuple positions (23.6% of the rows are suffix re-reads, inflation 1.31x). The nested-suffix model holds on every block, so DISTINCT is exact.
  RAW WINDOW 128B, 19 tuple pairs aligned across sched2/sched3 (0 function(s) skipped on a length mismatch).
                   offsets COLOR writes: NONE — the allocator wrote nothing in this window
  FINDING, not a green: the pre/post-COLOR snapshots are IDENTICAL on every
                   function here. The walk is reading fields COLOR does not write — it shows THAT
                   the allocator ran, not WHAT it did.
ERR wmain_no_return.cpp armed replay: tapped replay produced no (or an empty) obj at <home>/tmp/c2rs-cli-stage-1792225-1787306606976725993-284/cap/out.obj — c2 crashed or aborted mid-pass.
stderr:
[c2host] InvokeCompilerPass @10BEBFFD argc=20 argv0=<home>/code/milohax/c2-rs-wt-w-restim/crates/c2-reference/../../compilers/X360/16.00.11886.00/c2.dll
[stagetap] hmodule=00000018 invoke=10bebffd slide=00000000 slide-virtualquery=00000000
[stagetap] ARM sched1 site=10b7dc9f -> 10be6382 (scheduler run 1 (mode 1), P_DAG.md S1)
[stagetap] ARM globregs site=10b7dcb7 -> 10b57633 (global register assignment)
[stagetap] ARM sched2 site=10b7dcde -> 10be6382 (scheduler run 2 (mode 1))
[stagetap] ARM color site=10b7dcf6 -> 10b31c9a (THE REGISTER ALLOCATOR (color.c band))
[stagetap] ARM sched3 site=10b7dd1d -> 10be6382 (scheduler run 3 (mode 1))
[stagetap] ARM sched0 site=10b7e00c -> 10be6382 (scheduler run 4 (mode 0), LAST)
[stagetap] ARM region site=10be643e -> 10be5d4b (the region finder — sole call site)
[stagetap] armed=7 of 7 requested-list=sched1,globregs,sched2,color,sched3,sched0,region
z:\<home>\code\milohax\c2-rs-wt-w-restim\fixtures\cpp\wmain_no_return.cpp(47) : error C4716: 'no_return_call' : must return a value
z:\<home>\code\milohax\c2-rs-wt-w-restim\fixtures\cpp\wmain_no_return.cpp(50) : error C4716: 'no_return_tail' : must return a value
[stagetap] TAP 1 c80981c0 slide=0
[stagetap] END sched1 hits=5
[stagetap] END globregs hits=5
[stagetap] END sched2 hits=5
[stagetap] END color hits=5
[stagetap] END sched3 hits=5
[stagetap] END sched0 hits=5
[stagetap] END region hits=39
[stagetap] SITE region ENTER sched1 fn 1 r 1
[stagetap] TU 0 00000272 0d 01 04
[stagetap] RAW 0 9479346c720200000d010410000000000865346c0100000000000000000000000000000000000000604c346c5c7f346c00000000000000009c02000001000410000000002000010010000000e0511a6cf0e3c2108878346c0f0300001700000000000000244c346c000000000000000000000000000000000000000000000000
[stagetap] TU 1 00000272 0d 01 04
[stagetap] RAW 1 244c346c720200000d01041000000000f878346c01000000000000000000000000000000000000002c79346c3c7f346c00000000e879346c9c020000010004100000000037000200100000000829346c08f2c210f47b346c9c02000001000410000000005700020010000000a828346c68f2c2100865346c7a0100000d010410
[stagetap] TU 2 0000002b 0f 01 00
[stagetap] RAW 2 4c79346c2b0000000f010080000000009479346c0100000000000000000000000000000000000000044c346c107c346c000000000000000000000000000000009c0200000100041000000000400001001000000040521a6cf0e3c210000000000000000000000000000000000000000000000000000000000000000000000000
[stagetap] TU 3 0000030f 17 00 00
[stagetap] RAW 3 8878346c0f0300001700000000000000244c346c000000000000000000000000000000000000000000000000ac0200000b000000000000000000000010000000207a1a6c6829346c244c346c720200000d01041000000000f878346c01000000000000000000000000000000000000002c79346c3c7f346c00000000e879346c
[stagetap] TU 4 00000309 1a 00 00
[stagetap] RAW 4 407a346c090300001a000000000000004c79346c0000000000000000000000005c8e346c00000000a44a346c090300001a00000000000000000000000000000000000000000000008c791a6c00000000000000009c020000010004100000000000000000100000006829346c08f2c2109479346c720200000d01041000000000
[stagetap] TU 5 0000030b 19 00 00
[stagetap] RAW 5 d048346c0b03000019000000000000008878346c0100000000000000000000006035346c0000000000000000000000000c0000000000000000000000000000000000000000000000000000000000000000000000000000000000000000000000c87b346cb8781a6c000000000000000000000000000000000000000000000000
[stagetap] TU 6 00000309 1a 00 00
[stagetap] RAW 6 00000000090300001a00000000000000407a346c0000000000000000000000000000000000000000000000004c49346c0000000000000000000000002002c41000000000000000000000000000000000000000000000000000000000eb09000000000000031f00000000000000000000000000010000000000000001104a346c
[stagetap] END-REGION
[stagetap] SITE region ENTER sched1 fn 1 r 2
[stagetap] TU 0 0000030f 17 00 00
[stagetap] RAW 0 8878346c0f0300001700000000000000244c346c000000000000000000000000000000000000000000000000ac0200000b000000000000000000000010000000207a1a6c6829346c244c346c720200000d01041000000000f878346c01000000000000000000000000000000000000002c79346c3c7f346c00000000e879346c
[stagetap] TU 1 00000309 1a 00 00
[stagetap] RAW 1 407a346c090300001a000000000000004c79346c0000000000000000000000005c8e346c00000000a44a346c090300001a00000000000000000000000000000000000000000000008c791a6c00000000000000009c020000010004100000000000000000100000006829346c08f2c2109479346c720200000d01041000000000
[stagetap] TU 2 0000030b 19 00 00
[stagetap] RAW 2 d048346c0b03000019000000000000008878346c0100000000000000000000006035346c0000000000000000000000000c0000000000000000000000000000000000000000000000000000000000000000000000000000000000000000000000c87b346cb8781a6c000000000000000000000000000000000000000000000000
[stagetap] TU 3 00000309 1a 00 00
[stagetap] RAW 3 00000000090300001a00000000000000407a346c0000000000000000000000000000000000000000000000004c49346c0000000000000000000000002002c41000000000000000000000000000000000000000000000000000000000eb09000000000000031f00000000000000000000000000010000000000000001104a346c
[stagetap] END-REGION
[stagetap] SITE region ENTER sched2 fn 1 r 3
[stagetap] TU 0 00000272 0d 01 04
[stagetap] RAW 0 244c346c720200000d01041000000000f878346c0100000000000000000000000000000000000000e864346c3c7f346c00000000e879346c9c020000010004100000000037000200100000000829346c08f2c210f47b346c9c02000001000410000000005700020010000000a828346c68f2c21000000000720200000d010410
[stagetap] TU 1 0000002b 0f 01 00
[stagetap] RAW 1 4c79346c2b0000000f010080000000009479346c0100000000000000000000000000000000000000044c346c107c346c000000000000000000000000000000009c020000010004100000000000000000100000006829346c08f2c210000000000000000000000000000000000000000000000000000000000000000000000000
[stagetap] TU 2 0000030f 17 00 00
[stagetap] RAW 2 8878346c0f0300001700000000000000244c346c000000000000000000000000000000000000000000000000ac0200000b000000000000000000000010000000207a1a6c6829346c244c346c720200000d01041000000000f878346c0100000000000000000000000000000000000000e864346c3c7f346c00000000e879346c
[stagetap] TU 3 00000309 1a 00 00
[stagetap] RAW 3 407a346c090300001a000000000000004c79346c0000000000000000000000005c8e346c00000000a44a346c090300001a00000000000000000000000000000000000000000000008c791a6c000000008864346c9c020000010004100000000000000000100000006829346c08f2c2109479346c720200000d01041000000000
[stagetap] TU 4 0000030b 19 00 00
[stagetap] RAW 4 d048346c0b03000019000000000000008878346c0100000000000000000000006035346c0000000000000000000000000c0000000000000000000000000000000000000000000000000000000000000000000000000000000000000000000000c87b346cb8781a6c000000000000000000000000000000000000000000000000
[stagetap] TU 5 00000309 1a 00 00
[stagetap] RAW 5 00000000090300001a00000000000000407a346c0000000000000000000000000000000000000000000000004c49346c0000000000000000000000002002c41000000000000000000000000000000000000000000000000000000000eb09000000000000031f00000000000000000000000000010000000000000001104a346c
[stagetap] END-REGION
[stagetap] SITE region ENTER sched2 fn 1 r 4
[stagetap] TU 0 0000030f 17 00 00
[stagetap] RAW 0 8878346c0f0300001700000000000000244c346c000000000000000000000000000000000000000000000000ac0200000b000000000000000000000010000000207a1a6c6829346c244c346c720200000d01041000000000f878346c0100000000000000000000000000000000000000e864346c3c7f346c00000000e879346c
[stagetap] TU 1 00000309 1a 00 00
[stagetap] RAW 1 407a346c090300001a000000000000004c79346c0000000000000000000000005c8e346c00000000a44a346c090300001a00000000000000000000000000000000000000000000008c791a6c000000008864346c9c020000010004100000000000000000100000006829346c08f2c2109479346c720200000d01041000000000
[stagetap] TU 2 0000030b 19 00 00
[stagetap] RAW 2 d048346c0b03000019000000000000008878346c0100000000000000000000006035346c0000000000000000000000000c0000000000000000000000000000000000000000000000000000000000000000000000000000000000000000000000c87b346cb8781a6c000000000000000000000000000000000000000000000000
[stagetap] TU 3 00000309 1a 00 00
[stagetap] RAW 3 00000000090300001a00000000000000407a346c0000000000000000000000000000000000000000000000004c49346c0000000000000000000000002002c41000000000000000000000000000000000000000000000000000000000eb09000000000000031f00000000000000000000000000010000000000000001104a346c
[stagetap] END-REGION
[stagetap] SITE region ENTER sched3 fn 1 r 5
[stagetap] TU 0 00000272 0d 01 04
[stagetap] RAW 0 244c346c720200000d01041000000000f878346c0100000000000000000000000000000000000000e864346c3c7f346c00000000e879346c9c020000010004100000000037000200100000000829346c08f2c210f47b346c9c02000001000410000000005700020010000000a828346c68f2c21000000000720200000d010410
[stagetap] TU 1 0000002b 0f 01 00
[stagetap] RAW 1 4c79346c2b0000000f010080000000009479346c0100000000000000000000000000000000000000044c346c107c346c000000000000000000000000000000009c020000010004100000000000000000100000006829346c08f2c210000000000000000000000000000000000000000000000000000000000000000000000000
[stagetap] TU 2 0000030f 17 00 00
[stagetap] RAW 2 8878346c0f0300001700000000000000244c346c000000000000000000000000000000000000000000000000ac0200000b000000000000000000000010000000207a1a6c6829346c244c346c720200000d01041000000000f878346c0100000000000000000000000000000000000000e864346c3c7f346c00000000e879346c
[stagetap] TU 3 00000309 1a 00 00
[stagetap] RAW 3 407a346c090300001a000000000000004c79346c0000000000000000000000005c8e346c00000000a44a346c090300001a00000000000000000000000000000000000000000000008c791a6c000000008864346c9c020000010004100000000000000000100000006829346c08f2c2109479346c720200000d01041000000000
[stagetap] TU 4 0000030b 19 00 00
[stagetap] RAW 4 d048346c0b03000019000000000000008878346c0100000000000000000000006035346c0000000000000000000000000c0000000000000000000000000000000000000000000000000000000000000000000000000000000000000000000000c87b346cb8781a6c000000000000000000000000000000000000000000000000
[stagetap] TU 5 00000309 1a 00 00
[stagetap] RAW 5 00000000090300001a00000000000000407a346c0000000000000000000000000000000000000000000000004c49346c0000000000000000000000002002c41000000000000000000000000000000000000000000000000000000000eb09000000000000031f00000000000000000000000000010000000000000001104a346c
[stagetap] END-REGION
[stagetap] SITE region ENTER sched3 fn 1 r 6
[stagetap] TU 0 0000030f 17 00 00
[stagetap] RAW 0 8878346c0f0300001700000000000000244c346c000000000000000000000000000000000000000000000000ac0200000b000000000000000000000010000000207a1a6c6829346c244c346c720200000d01041000000000f878346c0100000000000000000000000000000000000000e864346c3c7f346c00000000e879346c
[stagetap] TU 1 00000309 1a 00 00
[stagetap] RAW 1 407a346c090300001a000000000000004c79346c0000000000000000000000005c8e346c00000000a44a346c090300001a00000000000000000000000000000000000000000000008c791a6c000000008864346c9c020000010004100000000000000000100000006829346c08f2c2109479346c720200000d01041000000000
[stagetap] TU 2 0000030b 19 00 00
[stagetap] RAW 2 d048346c0b03000019000000000000008878346c0100000000000000000000006035346c0000000000000000000000000c0000000000000000000000000000000000000000000000000000000000000000000000000000000000000000000000c87b346cb8781a6c000000000000000000000000000000000000000000000000
[stagetap] TU 3 00000309 1a 00 00
[stagetap] RAW 3 00000000090300001a00000000000000407a346c0000000000000000000000000000000000000000000000004c49346c0000000000000000000000002002c41000000000000000000000000000000000000000000000000000000000eb09000000000000031f00000000000000000000000000010000000000000001104a346c
[stagetap] END-REGION
[stagetap] SITE region ENTER sched0 fn 1 r 7
[stagetap] TU 0 00000272 0d 01 04
[stagetap] RAW 0 f878346c720200000d01041000000000cc4a346c01000000000000000000000000000000feffffffc864346c9465346c0000000000000000f80200001501041000000000cc4a346c01000000000000000000000000000000feffffff000000007465346c0000000000000000e879346c9c020000010004100000000000000000
[stagetap] TU 1 00000272 0d 01 04
[stagetap] RAW 1 9479346c720200000d010410000000000865346c01000000000000000000000000000000feffffff604c346c5c7f346c00000000a864346ca602000004000410000000000000010010000000a43d1a6c00000000407a346c0f0300001700000000000000b465346c0000000000000000000000000000000000000000107c346c
[stagetap] TU 2 00000272 0d 01 04
[stagetap] RAW 2 b465346c720200000d01041000000000f878346c01000000000000000000000000000000feffffffe864346c3c7f346c00000000044c346c9c020000010004100000000037000200101000000829346c08f2c210c879346c9c02000001000410000000005700020010100000a828346c68f2c210000000008402000010010080
[stagetap] TU 3 0000001f 12 01 00
[stagetap] RAW 3 4c79346c1f00000012010000000000009479346c01000000000000000000000000000000feffffff2c79346c0c66346c00000000000000000000000000000000ad0200000c000080000000000000010010000000060000002866346cad0200000c0000800000000000000000100000000600000000000000ac0200000b000000
[stagetap] TU 4 0000030f 17 00 00
[stagetap] RAW 4 407a346c0f0300001700000000000000b465346c0000000000000000000000000000000000000000107c346cac0200000b000000000000000000000010000000207a1a6c6829346cb465346c720200000d01041000000000f878346c01000000000000000000000000000000feffffffe864346c3c7f346c00000000044c346c
[stagetap] TU 5 0000030b 19 00 00
[stagetap] RAW 5 d048346c0b03000019000000000000004c79346c0100000000000000000000006035346c0000000000000000000000000c0000000000000000000000000000000000000000000000000000000000000000000000000000000000000000000000c87b346cb8781a6c000000000000000000000000000000000000000000000000
[stagetap] TU 6 00000309 1a 00 00
[stagetap] RAW 6 00000000090300001a00000000000000407a346c0000000000000000000000000000000000000000000000004c49346c0000000000000000000000002002c41000000000000000000000000000000000000000000000000000000000eb09000000000000031f00000000000000000000000000010000000000000001104a346c
[stagetap] END-REGION
[stagetap] SITE region ENTER sched0 fn 1 r 8
[stagetap] TU 0 0000030f 17 00 00
[stagetap] RAW 0 407a346c0f0300001700000000000000b465346c0000000000000000000000000000000000000000107c346cac0200000b000000000000000000000010000000207a1a6c6829346cb465346c720200000d01041000000000f878346c01000000000000000000000000000000feffffffe864346c3c7f346c00000000044c346c
[stagetap] TU 1 0000030b 19 00 00
[stagetap] RAW 1 d048346c0b03000019000000000000004c79346c0100000000000000000000006035346c0000000000000000000000000c0000000000000000000000000000000000000000000000000000000000000000000000000000000000000000000000c87b346cb8781a6c000000000000000000000000000000000000000000000000
[stagetap] TU 2 00000309 1a 00 00
[stagetap] RAW 2 00000000090300001a00000000000000407a346c0000000000000000000000000000000000000000000000004c49346c0000000000000000000000002002c41000000000000000000000000000000000000000000000000000000000eb09000000000000031f00000000000000000000000000010000000000000001104a346c
[stagetap] END-REGION
[stagetap] SITE region ENTER sched1 fn 2 r 9
[stagetap] TU 0 00000272 0d 01 04
[stagetap] RAW 0 4424346c720200000d010410000000006ca1346c0100000000000000000000000000000000000000b0a0346cf8a0346c000000002424346c9c020000010004100000000037000200100000000829346c08f2c21018a1346c7a0100000d010410000000006c22346c0100000000000000000000000000000000000000cca6346c
[stagetap] TU 1 0000002b 0f 01 04
[stagetap] RAW 1 cc22346c2b0000000f0104100000000018a1346c01000000000000000000000000000000000000000424346c80a3346c0000000000000000000000000000000000000000000000000000000000000000000000000000000000000000000000000000000000000000000000000000000000000000000000000000000000000000
[stagetap] TU 2 0000030f 17 00 00
[stagetap] RAW 2 88a0346c0f03000017000000000000004424346c0000000000000000000000000000000000000000c6020d00e2020d0012030d0034030d0044030d0089030d008a030d0095030d00a0030d00a3030d00b2030d00c2030d00cc020e0004030e0021030e0063030e00a8030e00b6030e00bc030e00bd030e00be030e00bf030e00
[stagetap] TU 3 00000309 1a 00 00
[stagetap] RAW 3 a4a1346c090300001a00000000000000cc22346c0000000000000000000000005c7a1a6c00000000000000009c020000010004100000000020000100100000000879346cf0e3c2106c22346c0d0300001700000000000000dc23346c0000000000000000000000000000000000000000000000009c020000010004100e000000
[stagetap] TU 4 0000030b 19 00 00
[stagetap] RAW 4 d020346c0b030000190000000000000088a0346c0100000000000000000000006035346ca422346c090300001a00000000000000000000000000000000000000000000008c01346c000000000000000000000000000000000c000000000000000000000000000000000000000000000000000000000000000000000000000000
[stagetap] TU 5 00000309 1a 00 00
[stagetap] RAW 5 00000000090300001a00000000000000a4a1346c0000000000000000000000000000000000000000000000004c21346c0000000000000000000000002002c41000000000000000000000000000000000000000000000000000000000ef09000000000000031f000000000000000000000000000100000000000000011022346c
[stagetap] END-REGION
[stagetap] SITE region ENTER sched1 fn 2 r 10
[stagetap] TU 0 0000030f 17 00 00
[stagetap] RAW 0 88a0346c0f03000017000000000000004424346c0000000000000000000000000000000000000000c6020d00e2020d0012030d0034030d0044030d0089030d008a030d0095030d00a0030d00a3030d00b2030d00c2030d00cc020e0004030e0021030e0063030e00a8030e00b6030e00bc030e00bd030e00be030e00bf030e00
[stagetap] TU 1 00000309 1a 00 00
[stagetap] RAW 1 a4a1346c090300001a00000000000000cc22346c0000000000000000000000005c7a1a6c00000000000000009c020000010004100000000020000100100000000879346cf0e3c2106c22346c0d0300001700000000000000dc23346c0000000000000000000000000000000000000000000000009c020000010004100e000000
[stagetap] TU 2 0000030b 19 00 00
[stagetap] RAW 2 d020346c0b030000190000000000000088a0346c0100000000000000000000006035346ca422346c090300001a00000000000000000000000000000000000000000000008c01346c000000000000000000000000000000000c000000000000000000000000000000000000000000000000000000000000000000000000000000
[stagetap] TU 3 00000309 1a 00 00
[stagetap] RAW 3 00000000090300001a00000000000000a4a1346c0000000000000000000000000000000000000000000000004c21346c0000000000000000000000002002c41000000000000000000000000000000000000000000000000000000000ef09000000000000031f000000000000000000000000000100000000000000011022346c
[stagetap] END-REGION
[stagetap] SITE region ENTER sched2 fn 2 r 11
[stagetap] TU 0 0000002b 0f 01 04
[stagetap] RAW 0 cc22346c2b0000000f0104100000000018a1346c01000000000000000000000000000000000000000424346c80a3346c0000000000000000000000000000000000000000000000000000000000000000000000000000000000000000000000000000000000000000000000000000000000000000000000000000000000000000
[stagetap] TU 1 0000030f 17 00 00
[stagetap] RAW 1 88a0346c0f03000017000000000000004424346c0000000000000000000000000000000000000000c6020d00e2020d0012030d0034030d0044030d0089030d008a030d0095030d00a0030d00a3030d00b2030d00c2030d00cc020e0004030e0021030e0063030e00a8030e00b6030e00bc030e00bd030e00be030e00bf030e00
[stagetap] TU 2 00000309 1a 00 00
[stagetap] RAW 2 a4a1346c090300001a00000000000000cc22346c0000000000000000000000005c7a1a6c00000000000000009c02000001000410000000000000000010000000a828346c68f2c2106c22346c0d0300001700000000000000dc23346c0000000000000000000000000000000000000000000000009c020000010004100e000000
[stagetap] TU 3 0000030b 19 00 00
[stagetap] RAW 3 d020346c0b030000190000000000000088a0346c0100000000000000000000006035346ca422346c090300001a00000000000000000000000000000000000000000000008c01346c000000000000000000000000000000000c000000000000000000000000000000000000000000000000000000000000000000000000000000
[stagetap] TU 4 00000309 1a 00 00
[stagetap] RAW 4 00000000090300001a00000000000000a4a1346c0000000000000000000000000000000000000000000000004c21346c0000000000000000000000002002c41000000000000000000000000000000000000000000000000000000000ef09000000000000031f000000000000000000000000000100000000000000011022346c
[stagetap] END-REGION
[stagetap] SITE region ENTER sched2 fn 2 r 12
[stagetap] TU 0 0000030f 17 00 00
[stagetap] RAW 0 88a0346c0f03000017000000000000004424346c0000000000000000000000000000000000000000c6020d00e2020d0012030d0034030d0044030d0089030d008a030d0095030d00a0030d00a3030d00b2030d00c2030d00cc020e0004030e0021030e0063030e00a8030e00b6030e00bc030e00bd030e00be030e00bf030e00
[stagetap] TU 1 00000309 1a 00 00
[stagetap] RAW 1 a4a1346c090300001a00000000000000cc22346c0000000000000000000000005c7a1a6c00000000000000009c02000001000410000000000000000010000000a828346c68f2c2106c22346c0d0300001700000000000000dc23346c0000000000000000000000000000000000000000000000009c020000010004100e000000
[stagetap] TU 2 0000030b 19 00 00
[stagetap] RAW 2 d020346c0b030000190000000000000088a0346c0100000000000000000000006035346ca422346c090300001a00000000000000000000000000000000000000000000008c01346c000000000000000000000000000000000c000000000000000000000000000000000000000000000000000000000000000000000000000000
[stagetap] TU 3 00000309 1a 00 00
[stagetap] RAW 3 00000000090300001a00000000000000a4a1346c0000000000000000000000000000000000000000000000004c21346c0000000000000000000000002002c41000000000000000000000000000000000000000000000000000000000ef09000000000000031f000000000000000000000000000100000000000000011022346c
[stagetap] END-REGION
[stagetap] SITE region ENTER sched3 fn 2 r 13
[stagetap] TU 0 0000002b 0f 01 04
[stagetap] RAW 0 cc22346c2b0000000f0104100000000018a1346c01000000000000000000000000000000000000000424346c80a3346c0000000000000000000000000000000000000000000000000000000000000000000000000000000000000000000000000000000000000000000000000000000000000000000000000000000000000000
[stagetap] TU 1 0000030f 17 00 00
[stagetap] RAW 1 88a0346c0f03000017000000000000004424346c0000000000000000000000000000000000000000c6020d00e2020d0012030d0034030d0044030d0089030d008a030d0095030d00a0030d00a3030d00b2030d00c2030d00cc020e0004030e0021030e0063030e00a8030e00b6030e00bc030e00bd030e00be030e00bf030e00
[stagetap] TU 2 00000309 1a 00 00
[stagetap] RAW 2 a4a1346c090300001a00000000000000cc22346c0000000000000000000000005c7a1a6c00000000000000009c02000001000410000000000000000010000000a828346c68f2c2106c22346c0d0300001700000000000000dc23346c0000000000000000000000000000000000000000000000009c020000010004100e000000
[stagetap] TU 3 0000030b 19 00 00
[stagetap] RAW 3 d020346c0b030000190000000000000088a0346c0100000000000000000000006035346ca422346c090300001a00000000000000000000000000000000000000000000008c01346c000000000000000000000000000000000c000000000000000000000000000000000000000000000000000000000000000000000000000000
[stagetap] TU 4 00000309 1a 00 00
[stagetap] RAW 4 00000000090300001a00000000000000a4a1346c0000000000000000000000000000000000000000000000004c21346c0000000000000000000000002002c41000000000000000000000000000000000000000000000000000000000ef09000000000000031f000000000000000000000000000100000000000000011022346c
[stagetap] END-REGION
[stagetap] SITE region ENTER sched3 fn 2 r 14
[stagetap] TU 0 0000030f 17 00 00
[stagetap] RAW 0 88a0346c0f03000017000000000000004424346c0000000000000000000000000000000000000000c6020d00e2020d0012030d0034030d0044030d0089030d008a030d0095030d00a0030d00a3030d00b2030d00c2030d00cc020e0004030e0021030e0063030e00a8030e00b6030e00bc030e00bd030e00be030e00bf030e00
[stagetap] TU 1 00000309 1a 00 00
[stagetap] RAW 1 a4a1346c090300001a00000000000000cc22346c0000000000000000000000005c7a1a6c00000000000000009c02000001000410000000000000000010000000a828346c68f2c2106c22346c0d0300001700000000000000dc23346c0000000000000000000000000000000000000000000000009c020000010004100e000000
[stagetap] TU 2 0000030b 19 00 00
[stagetap] RAW 2 d020346c0b030000190000000000000088a0346c0100000000000000000000006035346ca422346c090300001a00000000000000000000000000000000000000000000008c01346c000000000000000000000000000000000c000000000000000000000000000000000000000000000000000000000000000000000000000000
[stagetap] TU 3 00000309 1a 00 00
[stagetap] RAW 3 00000000090300001a00000000000000a4a1346c0000000000000000000000000000000000000000000000004c21346c0000000000000000000000002002c41000000000000000000000000000000000000000000000000000000000ef09000000000000031f000000000000000000000000000100000000000000011022346c
[stagetap] END-REGION
[stagetap] SITE region ENTER sched0 fn 2 r 15
[stagetap] TU 0 00000272 0d 01 04
[stagetap] RAW 0 8828526c720200000d01041000000000d0a0346c01000000000000000000000000000000feffffffb0a0346cf8a0346c000000000424346c9c020000010004100000000037000200101000000829346c08f2c21000000000840200001001008000000000cc22346c00000000000000000000000000000000feffffff00000000
[stagetap] TU 1 0000001f 12 01 00
[stagetap] RAW 1 cc22346c1f000000120100000000000018a1346c01000000000000000000000000000000feffffff28b0346c48b0346c0000000000000000000000000000000000000000000000000000000000000000000000000000000000000000000000000000000000000000000000000000000000000000000000000000000000000000
[stagetap] TU 2 0000030f 17 00 00
[stagetap] RAW 2 a4a1346c0f03000017000000000000008828526c0000000000000000000000000000000000000000c6020d00e2020d0012030d0034030d0044030d0089030d008a030d0095030d00a0030d00a3030d00b2030d00c2030d00cc020e0004030e0021030e0063030e00a8030e00b6030e00bc030e00bd030e00be030e00bf030e00
[stagetap] TU 3 0000030b 19 00 00
[stagetap] RAW 3 d020346c0b0300001900000000000000cc22346c0100000000000000000000006035346ca422346c090300001a00000000000000000000000000000000000000000000008c01346c000000000000000000000000000000000c000000000000000000000000000000000000000000000000000000000000000000000000000000
[stagetap] TU 4 00000309 1a 00 00
[stagetap] RAW 4 00000000090300001a00000000000000a4a1346c0000000000000000000000000000000000000000000000004c21346c0000000000000000000000002002c41000000000000000000000000000000000000000000000000000000000ef09000000000000031f000000000000000000000000000100000000000000011022346c
[stagetap] END-REGION
[stagetap] SITE region ENTER sched0 fn 2 r 16
[stagetap] TU 0 0000030f 17 00 00
[stagetap] RAW 0 a4a1346c0f03000017000000000000008828526c0000000000000000000000000000000000000000c6020d00e2020d0012030d0034030d0044030d0089030d008a030d0095030d00a0030d00a3030d00b2030d00c2030d00cc020e0004030e0021030e0063030e00a8030e00b6030e00bc030e00bd030e00be030e00bf030e00
[stagetap] TU 1 0000030b 19 00 00
[stagetap] RAW 1 d020346c0b0300001900000000000000cc22346c0100000000000000000000006035346ca422346c090300001a00000000000000000000000000000000000000000000008c01346c000000000000000000000000000000000c000000000000000000000000000000000000000000000000000000000000000000000000000000
[stagetap] TU 2 00000309 1a 00 00
[stagetap] RAW 2 00000000090300001a00000000000000a4a1346c0000000000000000000000000000000000000000000000004c21346c0000000000000000000000002002c41000000000000000000000000000000000000000000000000000000000ef09000000000000031f000000000000000000000000000100000000000000011022346c
[stagetap] END-REGION
[stagetap] SITE region ENTER sched1 fn 3 r 17
[stagetap] TU 0 00000272 0d 01 04
[stagetap] RAW 0 9415526c720200000d01041000000000288e346c0100000000000000000000000000000000000000604c346c301c526c00000000000000009c0200000100041000000000200001001000000008a1346cf0e3c2108814526c0f03000017000000000000006c4a346c000000000000000000000000000000000000000000000000
[stagetap] TU 1 00000272 0d 01 04
[stagetap] RAW 1 244c346c720200000d01041000000000f814526c01000000000000000000000000000000000000002c15526c101c526c00000000e815526c9c020000010004100000000037000200100000000829346c08f2c210e816526c9c02000001000410000000005700020010000000a828346c68f2c210000000009c02000001000410
[stagetap] TU 2 0000002b 0f 01 00
[stagetap] RAW 2 5c16526c2b0000000f010080000000009415526c0100000000000000000000000000000000000000044c346ce418526c000000000000000000000000000000009c0200000100041000000000400001001000000068a1346cf0e3c210000000000000000000000000000000000000000000000000000000000000000000000000
[stagetap] TU 3 00000272 0d 01 04
[stagetap] RAW 3 6c4a346c720200000d01041000000000244c346c0100000000000000000000000000000000000000688d346cd814526c00000000000000002816526cf802000015010410000000005c8e346c010000000000000000000000000000000000000000000000c88d346c00000000000000000000000000000000000000001d000000
[stagetap] TU 4 000002f8 15 01 04
[stagetap] RAW 4 4c15526cf802000015010410000000005c16526c0100000000000000000000000000000000000000888d346c00000000000000000000000000000000120300001700000000000000a848346c000000000000000000000000fe000000000000005c8e346c0d0300001700000000000000dc4b346c000000000000000000000000
[stagetap] TU 5 0000030f 17 00 00
[stagetap] RAW 5 8814526c0f03000017000000000000006c4a346c000000000000000000000000000000000000000000000000ac0200000b000000000000000000000010000000207a1a6c6829346c244c346c720200000d01041000000000f814526c01000000000000000000000000000000000000002c15526c101c526c00000000e815526c
[stagetap] TU 6 00000309 1a 00 00
[stagetap] RAW 6 0817526c090300001a000000000000004c15526c0000000000000000000000005c66346c000000002c17526c090300001a00000000000000000000000000000000000000000000005c66346c00000000000000009c020000010004100000000000000000100000006829346c08f2c2109415526c720200000d01041000000000
[stagetap] TU 7 0000030b 19 00 00
[stagetap] RAW 7 d048346c0b03000019000000000000008814526c0100000000000000000000006035346ca44a346c090300001a00000000000000000000000000000000000000000000008c65346c000000000000000000000000000000000c000000000000000000000000000000000000000000000000000000000000000000000000000000
[stagetap] TU 8 00000309 1a 00 00
[stagetap] RAW 8 00000000090300001a000000000000000817526c0000000000000000000000000000000000000000000000004c49346c0000000000000000000000002002c41000000000000000000000000000000000000000000000000000000000f309000000000000031f00000000000000000000000000010000000000000001104a346c
[stagetap] END-REGION
[stagetap] SITE region ENTER sched1 fn 3 r 18
[stagetap] TU 0 0000030f 17 00 00
[stagetap] RAW 0 8814526c0f03000017000000000000006c4a346c000000000000000000000000000000000000000000000000ac0200000b000000000000000000000010000000207a1a6c6829346c244c346c720200000d01041000000000f814526c01000000000000000000000000000000000000002c15526c101c526c00000000e815526c
[stagetap] TU 1 00000309 1a 00 00
[stagetap] RAW 1 0817526c090300001a000000000000004c15526c0000000000000000000000005c66346c000000002c17526c090300001a00000000000000000000000000000000000000000000005c66346c00000000000000009c020000010004100000000000000000100000006829346c08f2c2109415526c720200000d01041000000000
[stagetap] TU 2 0000030b 19 00 00
[stagetap] RAW 2 d048346c0b03000019000000000000008814526c0100000000000000000000006035346ca44a346c090300001a00000000000000000000000000000000000000000000008c65346c000000000000000000000000000000000c000000000000000000000000000000000000000000000000000000000000000000000000000000
[stagetap] TU 3 00000309 1a 00 00
[stagetap] RAW 3 00000000090300001a000000000000000817526c0000000000000000000000000000000000000000000000004c49346c0000000000000000000000002002c41000000000000000000000000000000000000000000000000000000000f309000000000000031f00000000000000000000000000010000000000000001104a346c
[stagetap] END-REGION
[stagetap] SITE region ENTER sched2 fn 3 r 19
[stagetap] TU 0 00000272 0d 01 04
[stagetap] RAW 0 244c346c720200000d01041000000000288e346c0100000000000000000000000000000000000000a88d346c301c526c00000000000000009c02000001000410000000000000000010000000e82a346ce82a346c8814526c0f03000017000000000000006c4a346c000000000000000000000000000000000000000000000000
[stagetap] TU 1 0000002b 0f 01 00
[stagetap] RAW 1 5c16526c2b0000000f01008000000000f814526c0100000000000000000000000000000000000000044c346ce418526c000000000000000000000000000000009c02000001000410000000000000000010000000e82a346ce82a346c000000000000000000000000000000000000000000000000000000000000000000000000
[stagetap] TU 2 00000272 0d 01 04
[stagetap] RAW 2 6c4a346c720200000d01041000000000244c346c0100000000000000000000000000000000000000604c346cd814526c00000000000000002816526cf802000015010410000000005c8e346c010000000000000000000000000000000000000000000000c88d346c00000000000000000000000000000000000000001d000000
[stagetap] TU 3 000002f8 15 01 04
[stagetap] RAW 3 4c15526cf802000015010410000000005c16526c0100000000000000000000000000000000000000888d346c00000000000000000000000000000000120300001700000000000000a848346c000000000000000000000000fe000000000000005c8e346c0d0300001700000000000000dc4b346c000000000000000000000000
[stagetap] TU 4 0000030f 17 00 00
[stagetap] RAW 4 8814526c0f03000017000000000000006c4a346c000000000000000000000000000000000000000000000000ac0200000b000000000000000000000010000000207a1a6c6829346c00000000720200000d01041000000000f814526c0100000000000000000000000000000000000000088e346c101c526c00000000e815526c
[stagetap] TU 5 00000309 1a 00 00
[stagetap] RAW 5 0817526c090300001a000000000000004c15526c0000000000000000000000005c66346c000000002c17526c090300001a00000000000000000000000000000000000000000000005c66346c00000000000000009c020000010004100000000000000000100000006829346c08f2c210244c346c720200000d01041000000000
[stagetap] TU 6 0000030b 19 00 00
[stagetap] RAW 6 d048346c0b03000019000000000000008814526c0100000000000000000000006035346ca44a346c090300001a00000000000000000000000000000000000000000000008c65346c000000000000000000000000000000000c000000000000000000000000000000000000000000000000000000000000000000000000000000
[stagetap] TU 7 00000309 1a 00 00
[stagetap] RAW 7 00000000090300001a000000000000000817526c0000000000000000000000000000000000000000000000004c49346c0000000000000000000000002002c41000000000000000000000000000000000000000000000000000000000f309000000000000031f00000000000000000000000000010000000000000001104a346c
[stagetap] END-REGION
[stagetap] SITE region ENTER sched2 fn 3 r 20
[stagetap] TU 0 0000030f 17 00 00
[stagetap] RAW 0 8814526c0f03000017000000000000006c4a346c000000000000000000000000000000000000000000000000ac0200000b000000000000000000000010000000207a1a6c6829346c00000000720200000d01041000000000f814526c0100000000000000000000000000000000000000088e346c101c526c00000000e815526c
[stagetap] TU 1 00000309 1a 00 00
[stagetap] RAW 1 0817526c090300001a000000000000004c15526c0000000000000000000000005c66346c000000002c17526c090300001a00000000000000000000000000000000000000000000005c66346c00000000000000009c020000010004100000000000000000100000006829346c08f2c210244c346c720200000d01041000000000
[stagetap] TU 2 0000030b 19 00 00
[stagetap] RAW 2 d048346c0b03000019000000000000008814526c0100000000000000000000006035346ca44a346c090300001a00000000000000000000000000000000000000000000008c65346c000000000000000000000000000000000c000000000000000000000000000000000000000000000000000000000000000000000000000000
[stagetap] TU 3 00000309 1a 00 00
[stagetap] RAW 3 00000000090300001a000000000000000817526c0000000000000000000000000000000000000000000000004c49346c0000000000000000000000002002c41000000000000000000000000000000000000000000000000000000000f309000000000000031f00000000000000000000000000010000000000000001104a346c
[stagetap] END-REGION
[stagetap] SITE region ENTER sched3 fn 3 r 21
[stagetap] TU 0 00000272 0d 01 04
[stagetap] RAW 0 244c346c720200000d01041000000000288e346c0100000000000000000000000000000000000000a88d346c301c526c00000000000000009c02000001000410000000000000000010000000e82a346ce82a346c8814526c0f03000017000000000000006c4a346c000000000000000000000000000000000000000000000000
[stagetap] TU 1 0000002b 0f 01 00
[stagetap] RAW 1 5c16526c2b0000000f01008000000000f814526c0100000000000000000000000000000000000000044c346ce418526c000000000000000000000000000000009c02000001000410000000000000000010000000e82a346ce82a346c000000000000000000000000000000000000000000000000000000000000000000000000
[stagetap] TU 2 00000272 0d 01 04
[stagetap] RAW 2 6c4a346c720200000d01041000000000244c346c0100000000000000000000000000000000000000604c346cd814526c00000000000000002816526cf802000015010410000000005c8e346c010000000000000000000000000000000000000000000000c88d346c00000000000000000000000000000000000000001d000000
[stagetap] TU 3 000002f8 15 01 04
[stagetap] RAW 3 4c15526cf802000015010410000000005c16526c0100000000000000000000000000000000000000888d346c00000000000000000000000000000000120300001700000000000000a848346c000000000000000000000000fe000000000000005c8e346c0d0300001700000000000000dc4b346c000000000000000000000000
[stagetap] TU 4 0000030f 17 00 00
[stagetap] RAW 4 8814526c0f03000017000000000000006c4a346c000000000000000000000000000000000000000000000000ac0200000b000000000000000000000010000000207a1a6c6829346c00000000720200000d01041000000000f814526c0100000000000000000000000000000000000000088e346c101c526c00000000e815526c
[stagetap] TU 5 00000309 1a 00 00
[stagetap] RAW 5 0817526c090300001a000000000000004c15526c0000000000000000000000005c66346c000000002c17526c090300001a00000000000000000000000000000000000000000000005c66346c00000000000000009c020000010004100000000000000000100000006829346c08f2c210244c346c720200000d01041000000000
[stagetap] TU 6 0000030b 19 00 00
[stagetap] RAW 6 d048346c0b03000019000000000000008814526c0100000000000000000000006035346ca44a346c090300001a00000000000000000000000000000000000000000000008c65346c000000000000000000000000000000000c000000000000000000000000000000000000000000000000000000000000000000000000000000
[stagetap] TU 7 00000309 1a 00 00
[stagetap] RAW 7 00000000090300001a000000000000000817526c0000000000000000000000000000000000000000000000004c49346c0000000000000000000000002002c41000000000000000000000000000000000000000000000000000000000f309000000000000031f00000000000000000000000000010000000000000001104a346c
[stagetap] END-REGION
[stagetap] SITE region ENTER sched3 fn 3 r 22
[stagetap] TU 0 0000030f 17 00 00
[stagetap] RAW 0 8814526c0f03000017000000000000006c4a346c000000000000000000000000000000000000000000000000ac0200000b000000000000000000000010000000207a1a6c6829346c00000000720200000d01041000000000f814526c0100000000000000000000000000000000000000088e346c101c526c00000000e815526c
[stagetap] TU 1 00000309 1a 00 00
[stagetap] RAW 1 0817526c090300001a000000000000004c15526c0000000000000000000000005c66346c000000002c17526c090300001a00000000000000000000000000000000000000000000005c66346c00000000000000009c020000010004100000000000000000100000006829346c08f2c210244c346c720200000d01041000000000
[stagetap] TU 2 0000030b 19 00 00
[stagetap] RAW 2 d048346c0b03000019000000000000008814526c0100000000000000000000006035346ca44a346c090300001a00000000000000000000000000000000000000000000008c65346c000000000000000000000000000000000c000000000000000000000000000000000000000000000000000000000000000000000000000000
[stagetap] TU 3 00000309 1a 00 00
[stagetap] RAW 3 00000000090300001a000000000000000817526c0000000000000000000000000000000000000000000000004c49346c0000000000000000000000002002c41000000000000000000000000000000000000000000000000000000000f309000000000000031f00000000000000000000000000010000000000000001104a346c
[stagetap] END-REGION
[stagetap] SITE region ENTER sched0 fn 3 r 23
[stagetap] TU 0 00000272 0d 01 04
[stagetap] RAW 0 288e346c720200000d01041000000000cc4a346c01000000000000000000000000000000feffffff0816526c2c15526c000000004c15526c720200000d01041000000000244c346c01000000000000000000000000000000feffffff604c346cd814526c00000000000000005c8e346cf80200001501041000000000cc4a346c
[stagetap] TU 1 00000272 0d 01 04
[stagetap] RAW 1 f814526c720200000d010410000000002816526c01000000000000000000000000000000feffffffe88d346c688d346c0000000000000000f80200001501041000000000cc4a346c01000000000000000000000000000000feffffff00000000948e346c0000000000000000000000009c020000010004100000000000000000
[stagetap] TU 2 00000272 0d 01 04
[stagetap] RAW 2 244c346c720200000d01041000000000288e346c01000000000000000000000000000000feffffffa88d346c301c526c00000000000000009c02000001000410000000000000000010000000e82a346c88fcc2100c91346c0f03000017000000000000005c16526c000000000000000000000000000000000000000000000000
[stagetap] TU 3 0000002b 0f 01 00
[stagetap] RAW 3 5c16526c2b0000000f01008000000000f814526c01000000000000000000000000000000feffffff044c346ce418526c000000000000000000000000000000009c02000001000410000000000000000010100000e82a346c88fcc210000000000000000000000000000000000000000000000000000000000000000000000000
[stagetap] TU 4 00000272 0d 01 04
[stagetap] RAW 4 4c15526c720200000d01041000000000244c346c01000000000000000000000000000000feffffff604c346cd814526c00000000000000005c8e346cf80200001501041000000000cc4a346c01000000000000000000000000000000feffffff00000000c88d346c00000000000000000000000000000000000000001d000000
[stagetap] TU 5 0000030f 17 00 00
[stagetap] RAW 5 0c91346c0f03000017000000000000005c16526c000000000000000000000000000000000000000000000000ac0200000b000000000000000000000010000000207a1a6c6829346c088f346ce60000000d01041000000000944b346c01000000000000000000000000000000feffffff101c526c088e346c00000000e815526c
[stagetap] TU 6 0000000b 0d 01 04
[stagetap] RAW 6 5c92346c0b0000000d010410000000004c15526c01000000000000000000000000000000feffffffec90346ccc90346c00000000000000009c0200000100041000000000000000003000000048f1c21048f1c210000000009c0200000100081000000000000000001000000088fcc21088fcc2104091346c9f02000006000810
[stagetap] TU 7 000000d6 0d 01 04
[stagetap] RAW 7 b092346cd60000000d010410000000000c91346c01000000000000000000000000000000feffffff2892346ce891346c00000000000000009c02000001000410000000000000000010000000a80fc310a80fc310b491346cf80000000d010410000000005c92346c01000000000000000000000000000000feffffffe492346c
[stagetap] TU 8 000000f8 0d 01 04
[stagetap] RAW 8 b491346cf80000000d010410000000005c92346c01000000000000000000000000000000feffffffe492346c9092346c00000000000000009c0200000100041000000000000000001000000068f5c21068f5c2100817526c840200001001008000000000b491346c01000000000000000000000000000000feffffff00000000
[stagetap] TU 9 000000a7 0d 01 08
[stagetap] RAW 9 0493346ca70000000d01081000000000b092346c01000000000000000000000000000000feffffff8091346c6091346c00000000000000009c0200000100041000000000000000001000000068f5c21068f5c210000000009c0200000100041000000000000000003000000048f1c21048f1c2100892346c9f02000006000410
[stagetap] TU 10 00000284 10 01 00
[stagetap] RAW 10 0817526c840200001001008000000000b491346c01000000000000000000000000000000feffffff00000000000000000000000000000000000000000000000000000000000000000000000000000000000000000000000000000000000000000000000000000000000000000000000000000000000000000000000000000000
[stagetap] TU 11 0000030b 19 00 00
[stagetap] RAW 11 d048346c0b03000019000000000000000493346c0100000000000000000000006035346ca44a346c090300001a00000000000000000000000000000000000000000000008c65346c000000000000000000000000000000000c000000000000000000000000000000000000000000000000000000000000000000000000000000
[stagetap] TU 12 00000309 1a 00 00
[stagetap] RAW 12 00000000090300001a000000000000000817526c0000000000000000000000000000000000000000000000004c49346c0000000000000000000000002002c41000000000000000000000000000000000000000000000000000000000f309000000000000031f00000000000000000000000000010000000000000001104a346c
[stagetap] END-REGION
[stagetap] SITE region ENTER sched0 fn 3 r 24
[stagetap] TU 0 0000030f 17 00 00
[stagetap] RAW 0 0c91346c0f03000017000000000000005c16526c000000000000000000000000000000000000000000000000ac0200000b000000000000000000000010000000207a1a6c6829346c088f346ce60000000d01041000000000944b346c01000000000000000000000000000000feffffff101c526c088e346c00000000e815526c
[stagetap] TU 1 0000000b 0d 01 04
[stagetap] RAW 1 5c92346c0b0000000d010410000000004c15526c01000000000000000000000000000000feffffffec90346ccc90346c00000000000000009c0200000100041000000000000000003000000048f1c21048f1c210000000009c0200000100081000000000000000001000000088fcc21088fcc2104091346c9f02000006000810
[stagetap] TU 2 000000d6 0d 01 04
[stagetap] RAW 2 b092346cd60000000d010410000000000c91346c01000000000000000000000000000000feffffff2892346ce891346c00000000000000009c02000001000410000000000000000010000000a80fc310a80fc310b491346cf80000000d010410000000005c92346c01000000000000000000000000000000feffffffe492346c
[stagetap] TU 3 000000f8 0d 01 04
[stagetap] RAW 3 b491346cf80000000d010410000000005c92346c01000000000000000000000000000000feffffffe492346c9092346c00000000000000009c0200000100041000000000000000001000000068f5c21068f5c2100817526c840200001001008000000000b491346c01000000000000000000000000000000feffffff00000000
[stagetap] TU 4 000000a7 0d 01 08
[stagetap] RAW 4 0493346ca70000000d01081000000000b092346c01000000000000000000000000000000feffffff8091346c6091346c00000000000000009c0200000100041000000000000000001000000068f5c21068f5c210000000009c0200000100041000000000000000003000000048f1c21048f1c2100892346c9f02000006000410
[stagetap] TU 5 00000284 10 01 00
[stagetap] RAW 5 0817526c840200001001008000000000b491346c01000000000000000000000000000000feffffff00000000000000000000000000000000000000000000000000000000000000000000000000000000000000000000000000000000000000000000000000000000000000000000000000000000000000000000000000000000
[stagetap] TU 6 0000030b 19 00 00
[stagetap] RAW 6 d048346c0b03000019000000000000000493346c0100000000000000000000006035346ca44a346c090300001a00000000000000000000000000000000000000000000008c65346c000000000000000000000000000000000c000000000000000000000000000000000000000000000000000000000000000000000000000000
[stagetap] TU 7 00000309 1a 00 00
[stagetap] RAW 7 00000000090300001a000000000000000817526c0000000000000000000000000000000000000000000000004c49346c0000000000000000000000002002c41000000000000000000000000000000000000000000000000000000000f309000000000000031f00000000000000000000000000010000000000000001104a346c
[stagetap] END-REGION
[stagetap] SITE region ENTER sched1 fn 4 r 25
[stagetap] TU 0 00000272 0d 01 04
[stagetap] RAW 0 9465346c720200000d010410000000008801346c01000000000000000000000000000000000000006024346cdc6b346c00000000000000009c020000010004100000000020000100100000000815526cf0e3c2108864346c0f03000017000000000000002424346c000000000000000000000000000000000000000000000000
[stagetap] TU 1 00000272 0d 01 04
[stagetap] RAW 1 2424346c720200000d01041000000000f864346c01000000000000000000000000000000000000002c65346cbc6b346c00000000e865346c9c020000010004100000000037000200100000000829346c08f2c2109466346c9c02000001000410000000005700020010000000a828346c68f2c2108801346c7a0100000d010410
[stagetap] TU 2 0000002b 0f 01 00
[stagetap] RAW 2 4c65346c2b0000000f010080000000009465346c01000000000000000000000000000000000000000424346c9068346c000000000000000000000000000000009c020000010004100000000040000100100000006815526cf0e3c210000000000000000000000000000000000000000000000000000000000000000000000000
[stagetap] TU 3 0000030f 17 00 00
[stagetap] RAW 3 8864346c0f03000017000000000000002424346c000000000000000000000000000000000000000000000000ac0200000b000000000000000000000010000000202a526c6829346c2424346c720200000d01041000000000f864346c01000000000000000000000000000000000000002c65346cbc6b346c00000000e865346c
[stagetap] TU 4 00000309 1a 00 00
[stagetap] RAW 4 b466346c090300001a000000000000004c65346c0000000000000000000000005c02526c00000000d866346c090300001a00000000000000000000000000000000000000000000005c2a526c00000000000000009c020000010004100000000000000000100000006829346c08f2c2109465346c720200000d01041000000000
[stagetap] TU 5 0000030b 19 00 00
[stagetap] RAW 5 d020346c0b03000019000000000000008864346c0100000000000000000000006035346ca422346c090300001a00000000000000000000000000000000000000000000008c29526c000000000000000000000000000000000c000000000000000000000000000000000000000000000000000000000000000000000000000000
[stagetap] TU 6 00000309 1a 00 00
[stagetap] RAW 6 00000000090300001a00000000000000b466346c0000000000000000000000000000000000000000000000004c21346c0000000000000000000000002002c41000000000000000000000000000000000000000000000000000000000f709000000000000031f000000000000000000000000000100000000000000011022346c
[stagetap] END-REGION
[stagetap] SITE region ENTER sched1 fn 4 r 26
[stagetap] TU 0 0000030f 17 00 00
[stagetap] RAW 0 8864346c0f03000017000000000000002424346c000000000000000000000000000000000000000000000000ac0200000b000000000000000000000010000000202a526c6829346c2424346c720200000d01041000000000f864346c01000000000000000000000000000000000000002c65346cbc6b346c00000000e865346c
[stagetap] TU 1 00000309 1a 00 00
[stagetap] RAW 1 b466346c090300001a000000000000004c65346c0000000000000000000000005c02526c00000000d866346c090300001a00000000000000000000000000000000000000000000005c2a526c00000000000000009c020000010004100000000000000000100000006829346c08f2c2109465346c720200000d01041000000000
[stagetap] TU 2 0000030b 19 00 00
[stagetap] RAW 2 d020346c0b03000019000000000000008864346c0100000000000000000000006035346ca422346c090300001a00000000000000000000000000000000000000000000008c29526c000000000000000000000000000000000c000000000000000000000000000000000000000000000000000000000000000000000000000000
[stagetap] TU 3 00000309 1a 00 00
[stagetap] RAW 3 00000000090300001a00000000000000b466346c0000000000000000000000000000000000000000000000004c21346c0000000000000000000000002002c41000000000000000000000000000000000000000000000000000000000f709000000000000031f000000000000000000000000000100000000000000011022346c
[stagetap] END-REGION
[stagetap] SITE region ENTER sched2 fn 4 r 27
[stagetap] TU 0 00000272 0d 01 04
[stagetap] RAW 0 2424346c720200000d01041000000000f864346c01000000000000000000000000000000000000006801346cbc6b346c00000000e865346c9c020000010004100000000037000200100000000829346c08f2c2109466346c9c02000001000410000000005700020010000000a828346c68f2c21000000000720200000d010410
[stagetap] TU 1 0000002b 0f 01 00
[stagetap] RAW 1 4c65346c2b0000000f010080000000009465346c01000000000000000000000000000000000000000424346c9068346c000000000000000000000000000000009c020000010004100000000000000000100000006829346c08f2c210000000000000000000000000000000000000000000000000000000000000000000000000
[stagetap] TU 2 0000030f 17 00 00
[stagetap] RAW 2 8864346c0f03000017000000000000002424346c000000000000000000000000000000000000000000000000ac0200000b000000000000000000000010000000202a526c6829346c2424346c720200000d01041000000000f864346c01000000000000000000000000000000000000006801346cbc6b346c00000000e865346c
[stagetap] TU 3 00000309 1a 00 00
[stagetap] RAW 3 b466346c090300001a000000000000004c65346c0000000000000000000000005c02526c00000000d866346c090300001a00000000000000000000000000000000000000000000005c2a526c000000000801346c9c020000010004100000000000000000100000006829346c08f2c2109465346c720200000d01041000000000
[stagetap] TU 4 0000030b 19 00 00
[stagetap] RAW 4 d020346c0b03000019000000000000008864346c0100000000000000000000006035346ca422346c090300001a00000000000000000000000000000000000000000000008c29526c000000000000000000000000000000000c000000000000000000000000000000000000000000000000000000000000000000000000000000
[stagetap] TU 5 00000309 1a 00 00
[stagetap] RAW 5 00000000090300001a00000000000000b466346c0000000000000000000000000000000000000000000000004c21346c0000000000000000000000002002c41000000000000000000000000000000000000000000000000000000000f709000000000000031f000000000000000000000000000100000000000000011022346c
[stagetap] END-REGION
[stagetap] SITE region ENTER sched2 fn 4 r 28
[stagetap] TU 0 0000030f 17 00 00
[stagetap] RAW 0 8864346c0f03000017000000000000002424346c000000000000000000000000000000000000000000000000ac0200000b000000000000000000000010000000202a526c6829346c2424346c720200000d01041000000000f864346c01000000000000000000000000000000000000006801346cbc6b346c00000000e865346c
[stagetap] TU 1 00000309 1a 00 00
[stagetap] RAW 1 b466346c090300001a000000000000004c65346c0000000000000000000000005c02526c00000000d866346c090300001a00000000000000000000000000000000000000000000005c2a526c000000000801346c9c020000010004100000000000000000100000006829346c08f2c2109465346c720200000d01041000000000
[stagetap] TU 2 0000030b 19 00 00
[stagetap] RAW 2 d020346c0b03000019000000000000008864346c0100000000000000000000006035346ca422346c090300001a00000000000000000000000000000000000000000000008c29526c000000000000000000000000000000000c000000000000000000000000000000000000000000000000000000000000000000000000000000
[stagetap] TU 3 00000309 1a 00 00
[stagetap] RAW 3 00000000090300001a00000000000000b466346c0000000000000000000000000000000000000000000000004c21346c0000000000000000000000002002c41000000000000000000000000000000000000000000000000000000000f709000000000000031f000000000000000000000000000100000000000000011022346c
[stagetap] END-REGION
[stagetap] SITE region ENTER sched3 fn 4 r 29
[stagetap] TU 0 00000272 0d 01 04
[stagetap] RAW 0 2424346c720200000d01041000000000f864346c01000000000000000000000000000000000000006801346cbc6b346c00000000e865346c9c020000010004100000000037000200100000000829346c08f2c2109466346c9c02000001000410000000005700020010000000a828346c68f2c21000000000720200000d010410
[stagetap] TU 1 0000002b 0f 01 00
[stagetap] RAW 1 4c65346c2b0000000f010080000000009465346c01000000000000000000000000000000000000000424346c9068346c000000000000000000000000000000009c020000010004100000000000000000100000006829346c08f2c210000000000000000000000000000000000000000000000000000000000000000000000000
[stagetap] TU 2 0000030f 17 00 00
[stagetap] RAW 2 8864346c0f03000017000000000000002424346c000000000000000000000000000000000000000000000000ac0200000b000000000000000000000010000000202a526c6829346c2424346c720200000d01041000000000f864346c01000000000000000000000000000000000000006801346cbc6b346c00000000e865346c
[stagetap] TU 3 00000309 1a 00 00
[stagetap] RAW 3 b466346c090300001a000000000000004c65346c0000000000000000000000005c02526c00000000d866346c090300001a00000000000000000000000000000000000000000000005c2a526c000000000801346c9c020000010004100000000000000000100000006829346c08f2c2109465346c720200000d01041000000000
[stagetap] TU 4 0000030b 19 00 00
[stagetap] RAW 4 d020346c0b03000019000000000000008864346c0100000000000000000000006035346ca422346c090300001a00000000000000000000000000000000000000000000008c29526c000000000000000000000000000000000c000000000000000000000000000000000000000000000000000000000000000000000000000000
[stagetap] TU 5 00000309 1a 00 00
[stagetap] RAW 5 00000000090300001a00000000000000b466346c0000000000000000000000000000000000000000000000004c21346c0000000000000000000000002002c41000000000000000000000000000000000000000000000000000000000f709000000000000031f000000000000000000000000000100000000000000011022346c
[stagetap] END-REGION
[stagetap] SITE region ENTER sched3 fn 4 r 30
[stagetap] TU 0 0000030f 17 00 00
[stagetap] RAW 0 8864346c0f03000017000000000000002424346c000000000000000000000000000000000000000000000000ac0200000b000000000000000000000010000000202a526c6829346c2424346c720200000d01041000000000f864346c01000000000000000000000000000000000000006801346cbc6b346c00000000e865346c
[stagetap] TU 1 00000309 1a 00 00
[stagetap] RAW 1 b466346c090300001a000000000000004c65346c0000000000000000000000005c02526c00000000d866346c090300001a00000000000000000000000000000000000000000000005c2a526c000000000801346c9c020000010004100000000000000000100000006829346c08f2c2109465346c720200000d01041000000000
[stagetap] TU 2 0000030b 19 00 00
[stagetap] RAW 2 d020346c0b03000019000000000000008864346c0100000000000000000000006035346ca422346c090300001a00000000000000000000000000000000000000000000008c29526c000000000000000000000000000000000c000000000000000000000000000000000000000000000000000000000000000000000000000000
[stagetap] TU 3 00000309 1a 00 00
[stagetap] RAW 3 00000000090300001a00000000000000b466346c0000000000000000000000000000000000000000000000004c21346c0000000000000000000000002002c41000000000000000000000000000000000000000000000000000000000f709000000000000031f000000000000000000000000000100000000000000011022346c
[stagetap] END-REGION
[stagetap] SITE region ENTER sched0 fn 4 r 31
[stagetap] TU 0 00000272 0d 01 04
[stagetap] RAW 0 f864346c720200000d01041000000000cc22346c01000000000000000000000000000000feffffff4801346cdc01346c00000000e865346c9c02000001000410000000000000000010000000c829346c68f2c210000000009c02000001000410000000000000000010000000282a346c08f5c2104c65346c1f00000012010000
[stagetap] TU 1 00000272 0d 01 04
[stagetap] RAW 1 9465346c720200000d010410000000008801346c01000000000000000000000000000000feffffff6024346cdc6b346c000000002801346ca602000004000410000000000000010010000000a43d1a6c00000000b466346c0f0300001700000000000000fc01346c00000000000000000000000000000000000000009068346c
[stagetap] TU 2 00000272 0d 01 04
[stagetap] RAW 2 fc01346c720200000d01041000000000f864346c01000000000000000000000000000000feffffff6801346cbc6b346c000000000424346c9c020000010004100000000037000200101000000829346c08f2c210c865346c9c02000001000410000000005700020010100000a828346c68f2c210000000008402000010010080
[stagetap] TU 3 0000001f 12 01 00
[stagetap] RAW 3 4c65346c1f00000012010000000000009465346c01000000000000000000000000000000feffffff2c65346c5402346c00000000000000000000000000000000ad0200000c000080000000000000010010000000060000007002346cad0200000c0000800000000000000000100000000600000000000000ac0200000b000000
[stagetap] TU 4 0000030f 17 00 00
[stagetap] RAW 4 b466346c0f0300001700000000000000fc01346c00000000000000000000000000000000000000009068346cac0200000b000000000000000000000010000000202a526c6829346cfc01346c720200000d01041000000000f864346c01000000000000000000000000000000feffffff6801346cbc6b346c000000000424346c
[stagetap] TU 5 0000030b 19 00 00
[stagetap] RAW 5 d020346c0b03000019000000000000004c65346c0100000000000000000000006035346ca422346c090300001a00000000000000000000000000000000000000000000008c29526c000000000000000000000000000000000c000000000000000000000000000000000000000000000000000000000000000000000000000000
[stagetap] TU 6 00000309 1a 00 00
[stagetap] RAW 6 00000000090300001a00000000000000b466346c0000000000000000000000000000000000000000000000004c21346c0000000000000000000000002002c41000000000000000000000000000000000000000000000000000000000f709000000000000031f000000000000000000000000000100000000000000011022346c
[stagetap] END-REGION
[stagetap] SITE region ENTER sched0 fn 4 r 32
[stagetap] TU 0 0000030f 17 00 00
[stagetap] RAW 0 b466346c0f0300001700000000000000fc01346c00000000000000000000000000000000000000009068346cac0200000b000000000000000000000010000000202a526c6829346cfc01346c720200000d01041000000000f864346c01000000000000000000000000000000feffffff6801346cbc6b346c000000000424346c
[stagetap] TU 1 0000030b 19 00 00
[stagetap] RAW 1 d020346c0b03000019000000000000004c65346c0100000000000000000000006035346ca422346c090300001a00000000000000000000000000000000000000000000008c29526c000000000000000000000000000000000c000000000000000000000000000000000000000000000000000000000000000000000000000000
[stagetap] TU 2 00000309 1a 00 00
[stagetap] RAW 2 00000000090300001a00000000000000b466346c0000000000000000000000000000000000000000000000004c21346c0000000000000000000000002002c41000000000000000000000000000000000000000000000000000000000f709000000000000031f000000000000000000000000000100000000000000011022346c
[stagetap] END-REGION
[stagetap] SITE region ENTER sched1 fn 5 r 33
[stagetap] TU 0 00000001 0d 01 04
[stagetap] RAW 0 6c4a346c010000000d01041000000000489a526c0100000000000000000000000000000000000000044c346cd49a526c00000000489a526c7a0100000d0104100000000068791a6c0100000000000000000000000000000000000000a898526cc899526c0000000088781a6c9c02000001000410000000000000000010000000
[stagetap] TU 1 000002f8 15 01 04
[stagetap] RAW 1 444c346cf80200001501041000000000a8781a6c0100000000000000000000000000000000000000bc791a6c00000000000000000000000000000000120300001700000000000000a848346c000000000000000000000000fe000000000000007c9a526c0d0300001700000000000000dc4b346c000000000000000000000000
[stagetap] TU 2 0000030f 17 00 00
[stagetap] RAW 2 dc791a6c0f03000017000000000000006c4a346c000000000000000000000000000000000000000000000000000000000035346c00000000000000000000000000000000000000000000000000000000000000000000000000000000000000000000000000000000000000000000000000000000000000000000000000000000
[stagetap] TU 3 00000309 1a 00 00
[stagetap] RAW 3 047a1a6c090300001a00000000000000444c346c0000000000000000000000005c2a526c00000000d048346c0b0300001900000000000000dc791a6c0100000000000000000000006035346c507a1a6c090300001a00000000000000000000000000000000000000000000005c8e346c00000000a44a346c090300001a000000
[stagetap] TU 4 0000030b 19 00 00
[stagetap] RAW 4 d048346c0b0300001900000000000000dc791a6c0100000000000000000000006035346c507a1a6c090300001a00000000000000000000000000000000000000000000005c8e346c00000000a44a346c090300001a00000000000000000000000000000000000000000000008c8d346c00000000000000000c00000000000000
[stagetap] TU 5 00000309 1a 00 00
[stagetap] RAW 5 00000000090300001a00000000000000047a1a6c0000000000000000000000000000000000000000000000004c49346c0000000000000000000000002002c41000000000000000000000000000000000000000000000000000000000fb09000000000000031f00000000000000000000000000010000000000000001104a346c
[stagetap] END-REGION
[stagetap] SITE region ENTER sched1 fn 5 r 34
[stagetap] TU 0 0000030f 17 00 00
[stagetap] RAW 0 dc791a6c0f03000017000000000000006c4a346c000000000000000000000000000000000000000000000000000000000035346c00000000000000000000000000000000000000000000000000000000000000000000000000000000000000000000000000000000000000000000000000000000000000000000000000000000
[stagetap] TU 1 00000309 1a 00 00
[stagetap] RAW 1 047a1a6c090300001a00000000000000444c346c0000000000000000000000005c2a526c00000000d048346c0b0300001900000000000000dc791a6c0100000000000000000000006035346c507a1a6c090300001a00000000000000000000000000000000000000000000005c8e346c00000000a44a346c090300001a000000
[stagetap] TU 2 0000030b 19 00 00
[stagetap] RAW 2 d048346c0b0300001900000000000000dc791a6c0100000000000000000000006035346c507a1a6c090300001a00000000000000000000000000000000000000000000005c8e346c00000000a44a346c090300001a00000000000000000000000000000000000000000000008c8d346c00000000000000000c00000000000000
[stagetap] TU 3 00000309 1a 00 00
[stagetap] RAW 3 00000000090300001a00000000000000047a1a6c0000000000000000000000000000000000000000000000004c49346c0000000000000000000000002002c41000000000000000000000000000000000000000000000000000000000fb09000000000000031f00000000000000000000000000010000000000000001104a346c
[stagetap] END-REGION
[stagetap] SITE region ENTER sched2 fn 5 r 35
[stagetap] TU 0 00000001 0d 01 04
[stagetap] RAW 0 6c4a346c010000000d01041000000000489a526c0100000000000000000000000000000000000000c899526cd49a526c00000000489a526c720200000d0104100000000068791a6c0100000000000000000000000000000000000000a898526c244c346c00000000000000009c02000001000410000000000000000010000000
[stagetap] TU 1 000002f8 15 01 04
[stagetap] RAW 1 444c346cf80200001501041000000000a8781a6c0100000000000000000000000000000000000000bc791a6c00000000000000000000000000000000120300001700000000000000a848346c000000000000000000000000fe000000000000007c9a526c0d0300001700000000000000dc4b346c000000000000000000000000
[stagetap] TU 2 0000030f 17 00 00
[stagetap] RAW 2 dc791a6c0f03000017000000000000006c4a346c000000000000000000000000000000000000000000000000000000000035346c00000000000000000000000000000000000000000000000000000000000000000000000000000000000000000000000000000000000000000000000000000000000000000000000000000000
[stagetap] TU 3 00000309 1a 00 00
[stagetap] RAW 3 047a1a6c090300001a00000000000000444c346c0000000000000000000000005c2a526c00000000d048346c0b0300001900000000000000dc791a6c0100000000000000000000006035346c507a1a6c090300001a00000000000000000000000000000000000000000000005c8e346c00000000a44a346c090300001a000000
[stagetap] TU 4 0000030b 19 00 00
[stagetap] RAW 4 d048346c0b0300001900000000000000dc791a6c0100000000000000000000006035346c507a1a6c090300001a00000000000000000000000000000000000000000000005c8e346c00000000a44a346c090300001a00000000000000000000000000000000000000000000008c8d346c00000000000000000c00000000000000
[stagetap] TU 5 00000309 1a 00 00
[stagetap] RAW 5 00000000090300001a00000000000000047a1a6c0000000000000000000000000000000000000000000000004c49346c0000000000000000000000002002c41000000000000000000000000000000000000000000000000000000000fb09000000000000031f00000000000000000000000000010000000000000001104a346c
[stagetap] END-REGION
[stagetap] SITE region ENTER sched2 fn 5 r 36
[stagetap] TU 0 0000030f 17 00 00
[stagetap] RAW 0 dc791a6c0f03000017000000000000006c4a346c000000000000000000000000000000000000000000000000000000000035346c00000000000000000000000000000000000000000000000000000000000000000000000000000000000000000000000000000000000000000000000000000000000000000000000000000000
[stagetap] TU 1 00000309 1a 00 00
[stagetap] RAW 1 047a1a6c090300001a00000000000000444c346c0000000000000000000000005c2a526c00000000d048346c0b0300001900000000000000dc791a6c0100000000000000000000006035346c507a1a6c090300001a00000000000000000000000000000000000000000000005c8e346c00000000a44a346c090300001a000000
[stagetap] TU 2 0000030b 19 00 00
[stagetap] RAW 2 d048346c0b0300001900000000000000dc791a6c0100000000000000000000006035346c507a1a6c090300001a00000000000000000000000000000000000000000000005c8e346c00000000a44a346c090300001a00000000000000000000000000000000000000000000008c8d346c00000000000000000c00000000000000
[stagetap] TU 3 00000309 1a 00 00
[stagetap] RAW 3 00000000090300001a00000000000000047a1a6c0000000000000000000000000000000000000000000000004c49346c0000000000000000000000002002c41000000000000000000000000000000000000000000000000000000000fb09000000000000031f00000000000000000000000000010000000000000001104a346c
[stagetap] END-REGION
[stagetap] SITE region ENTER sched3 fn 5 r 37
[stagetap] TU 0 0000030f 17 00 00
[stagetap] RAW 0 dc791a6c0f03000017000000000000006c4a346c000000000000000000000000000000000000000000000000000000000035346c00000000000000000000000000000000000000000000000000000000000000000000000000000000000000000000000000000000000000000000000000000000000000000000000000000000
[stagetap] TU 1 00000309 1a 00 00
[stagetap] RAW 1 047a1a6c090300001a00000000000000444c346c0000000000000000000000005c2a526c00000000d048346c0b0300001900000000000000dc791a6c0100000000000000000000006035346c507a1a6c090300001a00000000000000000000000000000000000000000000005c8e346c00000000a44a346c090300001a000000
[stagetap] TU 2 0000030b 19 00 00
[stagetap] RAW 2 d048346c0b0300001900000000000000dc791a6c0100000000000000000000006035346c507a1a6c090300001a00000000000000000000000000000000000000000000005c8e346c00000000a44a346c090300001a00000000000000000000000000000000000000000000008c8d346c00000000000000000c00000000000000
[stagetap] TU 3 00000309 1a 00 00
[stagetap] RAW 3 00000000090300001a00000000000000047a1a6c0000000000000000000000000000000000000000000000004c49346c0000000000000000000000002002c41000000000000000000000000000000000000000000000000000000000fb09000000000000031f00000000000000000000000000010000000000000001104a346c
[stagetap] END-REGION
[stagetap] SITE region ENTER sched0 fn 5 r 38
[stagetap] TU 0 00000001 0d 01 04
[stagetap] RAW 0 444c346c010000000d01041000000000cc4a346c01000000000000000000000000000000feffffff489b526cd49a526c0000000000000000720200000d0104100000000068791a6c0100000000000000000000000000000000000000a898526c244c346c00000000089a526c9c02000001000410000000000200000010000000
[stagetap] TU 1 0000030f 17 00 00
[stagetap] RAW 1 489a526c0f0300001700000000000000a8781a6c000000000000000000000000000000000000000000000000000000000035346c00000000000000000000000000000000000000000000000000000000000000000000000000000000000000000000000000000000000000000000000000000000000000000000000000000000
[stagetap] TU 2 00000284 10 01 00
[stagetap] RAW 2 047a1a6c840200001001008000000000444c346c01000000000000000000000000000000feffffff00000000000000000000000000000000f80200001501041000000000cc4a346c01000000000000000000000000000000feffffff00000000b49a526c000000000000000010791a6c9c020000010004100000000000000000
[stagetap] TU 3 0000030b 19 00 00
[stagetap] RAW 3 d048346c0b0300001900000000000000489a526c0100000000000000000000006035346c507a1a6c090300001a00000000000000000000000000000000000000000000005c8e346c00000000a44a346c090300001a00000000000000000000000000000000000000000000008c8d346c00000000000000000c00000000000000
[stagetap] TU 4 00000309 1a 00 00
[stagetap] RAW 4 00000000090300001a00000000000000047a1a6c0000000000000000000000000000000000000000000000004c49346c0000000000000000000000002002c41000000000000000000000000000000000000000000000000000000000fb09000000000000031f00000000000000000000000000010000000000000001104a346c
[stagetap] END-REGION
[stagetap] SITE region ENTER sched0 fn 5 r 39
[stagetap] TU 0 0000030f 17 00 00
[stagetap] RAW 0 489a526c0f0300001700000000000000a8781a6c000000000000000000000000000000000000000000000000000000000035346c00000000000000000000000000000000000000000000000000000000000000000000000000000000000000000000000000000000000000000000000000000000000000000000000000000000
[stagetap] TU 1 00000284 10 01 00
[stagetap] RAW 1 047a1a6c840200001001008000000000444c346c01000000000000000000000000000000feffffff00000000000000000000000000000000f80200001501041000000000cc4a346c01000000000000000000000000000000feffffff00000000b49a526c000000000000000010791a6c9c020000010004100000000000000000
[stagetap] TU 2 0000030b 19 00 00
[stagetap] RAW 2 d048346c0b0300001900000000000000489a526c0100000000000000000000006035346c507a1a6c090300001a00000000000000000000000000000000000000000000005c8e346c00000000a44a346c090300001a00000000000000000000000000000000000000000000008c8d346c00000000000000000c00000000000000
[stagetap] TU 3 00000309 1a 00 00
[stagetap] RAW 3 00000000090300001a00000000000000047a1a6c0000000000000000000000000000000000000000000000004c49346c0000000000000000000000002002c41000000000000000000000000000000000000000000000000000000000fb09000000000000031f00000000000000000000000000010000000000000001104a346c
[stagetap] END-REGION
[stagetap] ARENA bytes=61565 full=0
[c2host] returned 1

ERR wmain_no_return_neg.cpp armed replay: tapped replay produced no (or an empty) obj at <home>/tmp/c2rs-cli-stage-1792225-1787306607039231966-285/cap/out.obj — c2 crashed or aborted mid-pass.
stderr:
[c2host] InvokeCompilerPass @10BEBFFD argc=20 argv0=<home>/code/milohax/c2-rs-wt-w-restim/crates/c2-reference/../../compilers/X360/16.00.11886.00/c2.dll
[stagetap] hmodule=00000018 invoke=10bebffd slide=00000000 slide-virtualquery=00000000
[stagetap] ARM sched1 site=10b7dc9f -> 10be6382 (scheduler run 1 (mode 1), P_DAG.md S1)
[stagetap] ARM globregs site=10b7dcb7 -> 10b57633 (global register assignment)
[stagetap] ARM sched2 site=10b7dcde -> 10be6382 (scheduler run 2 (mode 1))
[stagetap] ARM color site=10b7dcf6 -> 10b31c9a (THE REGISTER ALLOCATOR (color.c band))
[stagetap] ARM sched3 site=10b7dd1d -> 10be6382 (scheduler run 3 (mode 1))
[stagetap] ARM sched0 site=10b7e00c -> 10be6382 (scheduler run 4 (mode 0), LAST)
[stagetap] ARM region site=10be643e -> 10be5d4b (the region finder — sole call site)
[stagetap] armed=7 of 7 requested-list=sched1,globregs,sched2,color,sched3,sched0,region
z:\<home>\code\milohax\c2-rs-wt-w-restim\fixtures\cpp\wmain_no_return_neg.cpp(45) : error C4716: 'neg_multi_reg' : must return a value
z:\<home>\code\milohax\c2-rs-wt-w-restim\fixtures\cpp\wmain_no_return_neg.cpp(49) : error C4716: 'neg_empty' : must return a value
z:\<home>\code\milohax\c2-rs-wt-w-restim\fixtures\cpp\wmain_no_return_neg.cpp(52) : error C4716: 'neg_call_stop' : must return a value
[stagetap] TAP 1 c80981c0 slide=0
[stagetap] END sched1 hits=3
[stagetap] END globregs hits=3
[stagetap] END sched2 hits=3
[stagetap] END color hits=3
[stagetap] END sched3 hits=3
[stagetap] END sched0 hits=3
[stagetap] END region hits=20
[stagetap] SITE region ENTER sched1 fn 1 r 1
[stagetap] TU 0 00000272 0d 01 04
[stagetap] RAW 0 bc79346c720200000d01041000000000d465346c0100000000000000000000000000000000000000604c346c607f346c00000000000000009c02000001000410000000002000010010000000e83d1b6cf0e3c21000000000ac0200000b00000000000000000000001000000020661b6c6829346c244c346c720200000d010410
[stagetap] TU 1 00000272 0d 01 04
[stagetap] RAW 1 244c346c720200000d010410000000004879346c01000000000000000000000000000000000000007c79346c407f346c00000000107a346c9c020000010004100000000037000200100000000829346c08f2c210f87b346c9c02000001000410000000007700020010000000a828346c68f2c2100865346c510100000d010820
[stagetap] TU 2 0000002b 0f 01 00
[stagetap] RAW 2 0079346c2b0000000f01008000000000bc79346c0100000000000000000000000000000000000000044c346c147c346c000000000000000000000000000000009c02000001000410000000006000010010000100a83e1b6cf0e3c210000000000000000000000000000000000000000000000000000000000000000000000000
[stagetap] TU 3 0000030f 17 00 00
[stagetap] RAW 3 8878346c0f0300001700000000000000244c346c0000000000000000000000000000000000000000000000009c020000010008200000000000000000100000006829346c08f2c210bc79346c720200000d01041000000000d465346c0100000000000000000000000000000000000000604c346c607f346c0000000000000000
[stagetap] TU 4 00000309 1a 00 00
[stagetap] RAW 4 d878346c090300001a000000000000000079346c0000000000000000000000005c8e346c00000000a44a346c090300001a00000000000000000000000000000000000000000000008c651b6c00000000d048346c0b03000019000000000000008878346c0100000000000000000000006035346c000000008878346c0f030000
[stagetap] TU 5 0000030b 19 00 00
[stagetap] RAW 5 d048346c0b03000019000000000000008878346c0100000000000000000000006035346c000000008878346c0f0300001700000000000000244c346c0000000000000000000000000000000000000000000000009c020000010008200000000000000000100000006829346c08f2c210bc79346c720200000d01041000000000
[stagetap] TU 6 00000309 1a 00 00
[stagetap] RAW 6 00000000090300001a00000000000000d878346c0000000000000000000000000000000000000000000000004c49346c0000000000000000000000002002c41000000000000000000000000000000000000000000000000000000000f409000000000000031f00000000000000000000000000010000000000000001104a346c
[stagetap] END-REGION
[stagetap] SITE region ENTER sched1 fn 1 r 2
[stagetap] TU 0 0000030f 17 00 00
[stagetap] RAW 0 8878346c0f0300001700000000000000244c346c0000000000000000000000000000000000000000000000009c020000010008200000000000000000100000006829346c08f2c210bc79346c720200000d01041000000000d465346c0100000000000000000000000000000000000000604c346c607f346c0000000000000000
[stagetap] TU 1 00000309 1a 00 00
[stagetap] RAW 1 d878346c090300001a000000000000000079346c0000000000000000000000005c8e346c00000000a44a346c090300001a00000000000000000000000000000000000000000000008c651b6c00000000d048346c0b03000019000000000000008878346c0100000000000000000000006035346c000000008878346c0f030000
[stagetap] TU 2 0000030b 19 00 00
[stagetap] RAW 2 d048346c0b03000019000000000000008878346c0100000000000000000000006035346c000000008878346c0f0300001700000000000000244c346c0000000000000000000000000000000000000000000000009c020000010008200000000000000000100000006829346c08f2c210bc79346c720200000d01041000000000
[stagetap] TU 3 00000309 1a 00 00
[stagetap] RAW 3 00000000090300001a00000000000000d878346c0000000000000000000000000000000000000000000000004c49346c0000000000000000000000002002c41000000000000000000000000000000000000000000000000000000000f409000000000000031f00000000000000000000000000010000000000000001104a346c
[stagetap] END-REGION
[stagetap] SITE region ENTER sched2 fn 1 r 3
[stagetap] TU 0 000000d6 0d 01 04
[stagetap] RAW 0 bc79346cd60000000d010410000000000865346c01000000000000000000000000000000000000008066346cd466346c00000000000000009c020000010004100a0000000000000010000000a828346c68f2c2100000000000000000000000000000000000000000000000000000000000000000000000000000000000000000
[stagetap] TU 1 00000272 0d 01 04
[stagetap] RAW 1 244c346c720200000d01041000000000a066346c01000000000000000000000000000000000000007c79346c407f346c00000000107a346c9c020000010004100000000037000200100000000829346c08f2c210f87b346c9c02000001000410000000007700020010000000a828346c68f2c2100865346c510100000d010820
[stagetap] TU 2 0000002b 0f 01 00
[stagetap] RAW 2 0079346c2b0000000f01008000000000bc79346c0100000000000000000000000000000000000000044c346c147c346c0000000000000000000000006066346c9c02000001000410000000006000010010000100882a346c882a346c000000000000000000000000000000000000000000000000000000000000000000000000
[stagetap] TU 3 0000030f 17 00 00
[stagetap] RAW 3 8878346c0f0300001700000000000000244c346c0000000000000000000000000000000000000000000000009c020000010008200000000000000000100000006829346c08f2c210d465346c720200000d01041000000000a066346c0100000000000000000000000000000000000000604c346c607f346c0000000000000000
[stagetap] TU 4 00000309 1a 00 00
[stagetap] RAW 4 d878346c090300001a000000000000000079346c0000000000000000000000005c8e346c00000000a44a346c090300001a00000000000000000000000000000000000000000000008c651b6c00000000d048346c0b03000019000000000000008878346c0100000000000000000000006035346c000000008878346c0f030000
[stagetap] TU 5 0000030b 19 00 00
[stagetap] RAW 5 d048346c0b03000019000000000000008878346c0100000000000000000000006035346c000000008878346c0f0300001700000000000000244c346c0000000000000000000000000000000000000000000000009c020000010008200000000000000000100000006829346c08f2c210d465346c720200000d01041000000000
[stagetap] TU 6 00000309 1a 00 00
[stagetap] RAW 6 00000000090300001a00000000000000d878346c0000000000000000000000000000000000000000000000004c49346c0000000000000000000000002002c41000000000000000000000000000000000000000000000000000000000f409000000000000031f00000000000000000000000000010000000000000001104a346c
[stagetap] END-REGION
[stagetap] SITE region ENTER sched2 fn 1 r 4
[stagetap] TU 0 0000030f 17 00 00
[stagetap] RAW 0 8878346c0f0300001700000000000000244c346c0000000000000000000000000000000000000000000000009c020000010008200000000000000000100000006829346c08f2c210d465346c720200000d01041000000000a066346c0100000000000000000000000000000000000000604c346c607f346c0000000000000000
[stagetap] TU 1 00000309 1a 00 00
[stagetap] RAW 1 d878346c090300001a000000000000000079346c0000000000000000000000005c8e346c00000000a44a346c090300001a00000000000000000000000000000000000000000000008c651b6c00000000d048346c0b03000019000000000000008878346c0100000000000000000000006035346c000000008878346c0f030000
[stagetap] TU 2 0000030b 19 00 00
[stagetap] RAW 2 d048346c0b03000019000000000000008878346c0100000000000000000000006035346c000000008878346c0f0300001700000000000000244c346c0000000000000000000000000000000000000000000000009c020000010008200000000000000000100000006829346c08f2c210d465346c720200000d01041000000000
[stagetap] TU 3 00000309 1a 00 00
[stagetap] RAW 3 00000000090300001a00000000000000d878346c0000000000000000000000000000000000000000000000004c49346c0000000000000000000000002002c41000000000000000000000000000000000000000000000000000000000f409000000000000031f00000000000000000000000000010000000000000001104a346c
[stagetap] END-REGION
[stagetap] SITE region ENTER sched3 fn 1 r 5
[stagetap] TU 0 000000d6 0d 01 04
[stagetap] RAW 0 244c346cd60000000d01041000000000bc79346c01000000000000000000000000000000000000008066346cd466346c00000000000000009c020000010004100a0000000000000010000000a828346c68f2c2100000000000000000000000000000000000000000000000000000000000000000000000000000000000000000
[stagetap] TU 1 0000002b 0f 01 00
[stagetap] RAW 1 0079346c2b0000000f01008000000000a066346c0100000000000000000000000000000000000000044c346c147c346c0000000000000000000000006066346c9c02000001000410000000006000010010000100882a346c882a346c000000000000000000000000000000000000000000000000000000000000000000000000
[stagetap] TU 2 0000030f 17 00 00
[stagetap] RAW 2 8878346c0f0300001700000000000000244c346c0000000000000000000000000000000000000000000000009c020000010008200000000000000000100000006829346c08f2c210d465346c720200000d01041000000000a066346c0100000000000000000000000000000000000000604c346c607f346c0000000000000000
[stagetap] TU 3 00000309 1a 00 00
[stagetap] RAW 3 d878346c090300001a000000000000000079346c0000000000000000000000005c8e346c00000000a44a346c090300001a00000000000000000000000000000000000000000000008c651b6c00000000d048346c0b03000019000000000000008878346c0100000000000000000000006035346c000000008878346c0f030000
[stagetap] TU 4 0000030b 19 00 00
[stagetap] RAW 4 d048346c0b03000019000000000000008878346c0100000000000000000000006035346c000000008878346c0f0300001700000000000000244c346c0000000000000000000000000000000000000000000000009c020000010008200000000000000000100000006829346c08f2c210d465346c720200000d01041000000000
[stagetap] TU 5 00000309 1a 00 00
[stagetap] RAW 5 00000000090300001a00000000000000d878346c0000000000000000000000000000000000000000000000004c49346c0000000000000000000000002002c41000000000000000000000000000000000000000000000000000000000f409000000000000031f00000000000000000000000000010000000000000001104a346c
[stagetap] END-REGION
[stagetap] SITE region ENTER sched3 fn 1 r 6
[stagetap] TU 0 0000030f 17 00 00
[stagetap] RAW 0 8878346c0f0300001700000000000000244c346c0000000000000000000000000000000000000000000000009c020000010008200000000000000000100000006829346c08f2c210d465346c720200000d01041000000000a066346c0100000000000000000000000000000000000000604c346c607f346c0000000000000000
[stagetap] TU 1 00000309 1a 00 00
[stagetap] RAW 1 d878346c090300001a000000000000000079346c0000000000000000000000005c8e346c00000000a44a346c090300001a00000000000000000000000000000000000000000000008c651b6c00000000d048346c0b03000019000000000000008878346c0100000000000000000000006035346c000000008878346c0f030000
[stagetap] TU 2 0000030b 19 00 00
[stagetap] RAW 2 d048346c0b03000019000000000000008878346c0100000000000000000000006035346c000000008878346c0f0300001700000000000000244c346c0000000000000000000000000000000000000000000000009c020000010008200000000000000000100000006829346c08f2c210d465346c720200000d01041000000000
[stagetap] TU 3 00000309 1a 00 00
[stagetap] RAW 3 00000000090300001a00000000000000d878346c0000000000000000000000000000000000000000000000004c49346c0000000000000000000000002002c41000000000000000000000000000000000000000000000000000000000f409000000000000031f00000000000000000000000000010000000000000001104a346c
[stagetap] END-REGION
[stagetap] SITE region ENTER sched0 fn 1 r 7
[stagetap] TU 0 00000151 0d 01 08
[stagetap] RAW 0 0865346c510100000d01082000000000cc4a346c01000000000000000000000000000000feffffff2879346c8864346c00000000000000000000000000000000000000000c0000000000000000000000000000000000000000000000000000000000000000000000000000000000000000000000cc7b346cb8641b6c00000000
[stagetap] TU 1 00000151 0d 01 08
[stagetap] RAW 1 bc79346c510100000d01082000000000307a346c01000000000000000000000000000000feffffffc864346ce864346c000000000866346cf80200001501082000000000cc4a346c01000000000000000000000000000000feffffff000000007465346c000000000000000000000000ac0200000b0000000000000000000000
[stagetap] TU 2 00000272 0d 01 04
[stagetap] RAW 2 a066346c720200000d010410000000000865346c01000000000000000000000000000000feffffff7c79346c407f346c00000000107a346c9c020000010004100000000037000200101000000829346c08f2c210f87b346c9c02000001000410000000007700020010100000a828346c68f2c2100865346c510100000d010820
[stagetap] TU 3 000000d6 0d 01 04
[stagetap] RAW 3 244c346cd60000000d01041000000000bc79346c01000000000000000000000000000000feffffff8066346cd466346c00000000000000009c020000010004100a0000000000000010000000a828346c68f2c2109c67346c7a0100000d010410000000004879346c01000000000000000000000000000000feffffff9465346c
[stagetap] TU 4 0000002b 0f 01 00
[stagetap] RAW 4 0079346c2b0000000f01008000000000a066346c01000000000000000000000000000000feffffff044c346c147c346c000000000000000000000000000000009c0200000100041000000000000000001000000068f5c21068f5c210000000000000000000000000000000000000000000000000000000000000000000000000
[stagetap] TU 5 0000030f 17 00 00
[stagetap] RAW 5 1068346c0f0300001700000000000000244c346c0000000000000000000000000000000000000000000000009c020000010008200000000000000000101000006829346c08f2c210f466346ce60000000d01041000000000944b346c01000000000000000000000000000000feffffff607f346c604c346c0000000000000000
[stagetap] TU 6 0000000b 0d 01 04
[stagetap] RAW 6 b868346c0b0000000d010410000000000079346c01000000000000000000000000000000fefffffff067346cd067346c00000000000000009c0200000100041000000000000000001000000068f5c21068f5c210000000009c0200000100041000000000000000003000000048f1c21048f1c2106468346c9f02000006000410
[stagetap] TU 7 000000d6 0d 01 04
[stagetap] RAW 7 0c69346cd60000000d010410000000001068346c01000000000000000000000000000000feffffff8468346c4468346c00000000000000009c02000001000410000000000000000010000000a80fc310a80fc3106069346cf80000000d01041000000000b868346c01000000000000000000000000000000feffffff4069346c
[stagetap] TU 8 000000f8 0d 01 04
[stagetap] RAW 8 6069346cf80000000d01041000000000b868346c01000000000000000000000000000000feffffff4069346cec68346c00000000000000009c0200000100041000000000000000001000000068f5c21068f5c210d878346c8402000010010080000000000c69346c01000000000000000000000000000000feffffff00000000
[stagetap] TU 9 00000284 10 01 00
[stagetap] RAW 9 d878346c8402000010010080000000000c69346c01000000000000000000000000000000feffffff00000000000000000000000000000000000000000000000000000000000000000000000000000000000000000000000000000000000000000000000000000000000000000000000000000000000000000000000000000000
[stagetap] TU 10 0000030b 19 00 00
[stagetap] RAW 10 d048346c0b03000019000000000000006069346c0100000000000000000000006035346c000000001068346c0f0300001700000000000000244c346c0000000000000000000000000000000000000000000000009c020000010008200000000000000000101000006829346c08f2c210f466346ce60000000d01041000000000
[stagetap] TU 11 00000309 1a 00 00
[stagetap] RAW 11 00000000090300001a00000000000000d878346c0000000000000000000000000000000000000000000000004c49346c0000000000000000000000002002c41000000000000000000000000000000000000000000000000000000000f409000000000000031f00000000000000000000000000010000000000000001104a346c
[stagetap] END-REGION
[stagetap] SITE region ENTER sched0 fn 1 r 8
[stagetap] TU 0 0000030f 17 00 00
[stagetap] RAW 0 1068346c0f0300001700000000000000244c346c0000000000000000000000000000000000000000000000009c020000010008200000000000000000101000006829346c08f2c210f466346ce60000000d01041000000000944b346c01000000000000000000000000000000feffffff607f346c604c346c0000000000000000
[stagetap] TU 1 0000000b 0d 01 04
[stagetap] RAW 1 b868346c0b0000000d010410000000000079346c01000000000000000000000000000000fefffffff067346cd067346c00000000000000009c0200000100041000000000000000001000000068f5c21068f5c210000000009c0200000100041000000000000000003000000048f1c21048f1c2106468346c9f02000006000410
[stagetap] TU 2 000000d6 0d 01 04
[stagetap] RAW 2 0c69346cd60000000d010410000000001068346c01000000000000000000000000000000feffffff8468346c4468346c00000000000000009c02000001000410000000000000000010000000a80fc310a80fc3106069346cf80000000d01041000000000b868346c01000000000000000000000000000000feffffff4069346c
[stagetap] TU 3 000000f8 0d 01 04
[stagetap] RAW 3 6069346cf80000000d01041000000000b868346c01000000000000000000000000000000feffffff4069346cec68346c00000000000000009c0200000100041000000000000000001000000068f5c21068f5c210d878346c8402000010010080000000000c69346c01000000000000000000000000000000feffffff00000000
[stagetap] TU 4 00000284 10 01 00
[stagetap] RAW 4 d878346c8402000010010080000000000c69346c01000000000000000000000000000000feffffff00000000000000000000000000000000000000000000000000000000000000000000000000000000000000000000000000000000000000000000000000000000000000000000000000000000000000000000000000000000
[stagetap] TU 5 0000030b 19 00 00
[stagetap] RAW 5 d048346c0b03000019000000000000006069346c0100000000000000000000006035346c000000001068346c0f0300001700000000000000244c346c0000000000000000000000000000000000000000000000009c020000010008200000000000000000101000006829346c08f2c210f466346ce60000000d01041000000000
[stagetap] TU 6 00000309 1a 00 00
[stagetap] RAW 6 00000000090300001a00000000000000d878346c0000000000000000000000000000000000000000000000004c49346c0000000000000000000000002002c41000000000000000000000000000000000000000000000000000000000f409000000000000031f00000000000000000000000000010000000000000001104a346c
[stagetap] END-REGION
[stagetap] SITE region ENTER sched1 fn 2 r 9
[stagetap] TU 0 0000030f 17 00 00
[stagetap] RAW 0 0424346c0f0300001700000000000000cc22346c0000000000000000000000000000000000000000888c346c090300001a00000000000000dc23346c0000000000000000000000005c661b6c000000006c22346c9702000015010410000000000000000000000000000000000000000000000000000000000000000000000000
[stagetap] TU 1 00000309 1a 00 00
[stagetap] RAW 1 888c346c090300001a00000000000000dc23346c0000000000000000000000005c661b6c000000006c22346c9702000015010410000000000000000000000000000000000000000000000000000000000000000000000000000000000000000000000000000000000035346c0000000000000000000000000000000000000000
[stagetap] TU 2 0000030b 19 00 00
[stagetap] RAW 2 d020346c0b03000019000000000000000424346c0100000000000000000000006035346ccc22346c090300001a000000000000009423346c0000000000000000000000008c651b6c00000000a422346c090300001a00000000000000000000000000000000000000000000008c01346c00000000000000000c00000000000000
[stagetap] TU 3 00000309 1a 00 00
[stagetap] RAW 3 00000000090300001a00000000000000888c346c0000000000000000000000000000000000000000000000004c21346c0000000000000000000000002002c41000000000000000000000000000000000000000000000000000000000f809000000000000031f000000000000000000000000000100000000000000011022346c
[stagetap] END-REGION
[stagetap] SITE region ENTER sched2 fn 2 r 10
[stagetap] TU 0 0000030f 17 00 00
[stagetap] RAW 0 0424346c0f0300001700000000000000cc22346c0000000000000000000000000000000000000000888c346c090300001a00000000000000dc23346c0000000000000000000000005c661b6c000000006c22346c9702000015010410000000000000000000000000000000000000000000000000000000000000000000000000
[stagetap] TU 1 00000309 1a 00 00
[stagetap] RAW 1 888c346c090300001a00000000000000dc23346c0000000000000000000000005c661b6c000000006c22346c9702000015010410000000000000000000000000000000000000000000000000000000000000000000000000000000000000000000000000000000000035346c0000000000000000000000000000000000000000
[stagetap] TU 2 0000030b 19 00 00
[stagetap] RAW 2 d020346c0b03000019000000000000000424346c0100000000000000000000006035346ccc22346c090300001a000000000000009423346c0000000000000000000000008c651b6c00000000a422346c090300001a00000000000000000000000000000000000000000000008c01346c00000000000000000c00000000000000
[stagetap] TU 3 00000309 1a 00 00
[stagetap] RAW 3 00000000090300001a00000000000000888c346c0000000000000000000000000000000000000000000000004c21346c0000000000000000000000002002c41000000000000000000000000000000000000000000000000000000000f809000000000000031f000000000000000000000000000100000000000000011022346c
[stagetap] END-REGION
[stagetap] SITE region ENTER sched3 fn 2 r 11
[stagetap] TU 0 0000030f 17 00 00
[stagetap] RAW 0 0424346c0f0300001700000000000000cc22346c0000000000000000000000000000000000000000888c346c090300001a00000000000000dc23346c0000000000000000000000005c661b6c000000006c22346c9702000015010410000000000000000000000000000000000000000000000000000000000000000000000000
[stagetap] TU 1 00000309 1a 00 00
[stagetap] RAW 1 888c346c090300001a00000000000000dc23346c0000000000000000000000005c661b6c000000006c22346c9702000015010410000000000000000000000000000000000000000000000000000000000000000000000000000000000000000000000000000000000035346c0000000000000000000000000000000000000000
[stagetap] TU 2 0000030b 19 00 00
[stagetap] RAW 2 d020346c0b03000019000000000000000424346c0100000000000000000000006035346ccc22346c090300001a000000000000009423346c0000000000000000000000008c651b6c00000000a422346c090300001a00000000000000000000000000000000000000000000008c01346c00000000000000000c00000000000000
[stagetap] TU 3 00000309 1a 00 00
[stagetap] RAW 3 00000000090300001a00000000000000888c346c0000000000000000000000000000000000000000000000004c21346c0000000000000000000000002002c41000000000000000000000000000000000000000000000000000000000f809000000000000031f000000000000000000000000000100000000000000011022346c
[stagetap] END-REGION
[stagetap] SITE region ENTER sched0 fn 2 r 12
[stagetap] TU 0 0000030f 17 00 00
[stagetap] RAW 0 2c24346c0f0300001700000000000000cc22346c0000000000000000000000000000000000000000ac8c346c090300001a00000000000000000000000000000000000000000000005c661b6c00000000888c346c840200001001008000000000dc23346c01000000000000000000000000000000feffffff0000000000000000
[stagetap] TU 1 00000284 10 01 00
[stagetap] RAW 1 888c346c840200001001008000000000dc23346c01000000000000000000000000000000feffffff0000000000000000000000000000000000000000000000000035346c000000000000000000000000000000000000000000000000000000000000000000000000000000000000000000000000000000000000000000000000
[stagetap] TU 2 0000030b 19 00 00
[stagetap] RAW 2 d020346c0b03000019000000000000002c24346c0100000000000000000000006035346cd48c346c090300001a00000000000000000000000000000000000000000000008c651b6c00000000a422346c090300001a00000000000000000000000000000000000000000000008c01346c00000000000000000c00000000000000
[stagetap] TU 3 00000309 1a 00 00
[stagetap] RAW 3 00000000090300001a00000000000000888c346c0000000000000000000000000000000000000000000000004c21346c0000000000000000000000002002c41000000000000000000000000000000000000000000000000000000000f809000000000000031f000000000000000000000000000100000000000000011022346c
[stagetap] END-REGION
[stagetap] SITE region ENTER sched1 fn 3 r 13
[stagetap] TU 0 00000272 0d 01 04
[stagetap] RAW 0 9401346c720200000d01041000000000880b346c01000000000000000000000000000000000000006088346cd800346c00000000000000009c020000010004100000000040000100100000006815346cf0e3c2108800346c0f03000017000000000000002802346c000000000000000000000000000000000000000000000000
[stagetap] TU 1 00000272 0d 01 04
[stagetap] RAW 1 2488346c720200000d01041000000000f800346c01000000000000000000000000000000000000002c01346c7401346c00000000e801346c9c02000001000410000000005700020010000000083d346c08f2c2107805346c9c02000001000410000000003700020010000000a83c346c68f2c2104c03346ca602000004000410
[stagetap] TU 2 0000002b 0f 01 00
[stagetap] RAW 2 a402346c2b0000000f010080000000009401346c01000000000000000000000000000000000000000488346c9405346c000000000000000000000000000000009c020000010004100000000020000100100000000815346cf0e3c210000000000000000000000000000000000000000000000000000000000000000000000000
[stagetap] TU 3 00000272 0d 01 04
[stagetap] RAW 3 1803346c720200000d010410000000002488346c01000000000000000000000000000000000000006402346c8402346c00000000000000009c020000010004100000000020000100100000000815346cf0e3c210000000009c020000010004101a0000000000000010000000c83d346c08f2c2102802346c720200000d010410
[stagetap] TU 4 00000272 0d 01 04
[stagetap] RAW 4 2802346c720200000d01041000000000a402346c0100000000000000000000000000000000000000d802346cf802346c000000006c03346c9c02000001000410000000003700020010000000c83d346c08f2c210c005346c9c02000001000410000000005700020010000000683d346c68f2c210880b346c7a0100000d010410
[stagetap] TU 5 0000002b 0f 01 00
[stagetap] RAW 5 4c01346c2b0000000f010080000000001803346c01000000000000000000000000000000000000000802346cdc05346c000000000000000000000000000000009c020000010004100000000040000100100000006815346cf0e3c210000000009c02000001000410160000000000000010000000683d346c68f2c2101803346c
[stagetap] TU 6 0000030f 17 00 00
[stagetap] RAW 6 8800346c0f03000017000000000000002802346c0000000000000000000000000000000000000000000000009c02000001000410120000000000000010000000083d346c08f2c2102488346c720200000d01041000000000f800346c01000000000000000000000000000000000000002c01346c7401346c00000000e801346c
[stagetap] TU 7 00000309 1a 00 00
[stagetap] RAW 7 c403346c090300001a000000000000004c01346c0000000000000000000000005c3e1b6c00000000bc0b346c0d0300001700000000000000dc87346c0000000000000000000000000000000000000000000000009c020000010004100e0000000000000010000000a83c346c68f2c2109401346c720200000d01041000000000
[stagetap] TU 8 0000030b 19 00 00
[stagetap] RAW 8 d084346c0b03000019000000000000008800346c0100000000000000000000006049346c0000000000000000000000000c00000000000000000000000000000000000000000000000000000000000000000000000000000000000000000000004c05346cb814526c000000000000000000000000000000000000000000000000
[stagetap] TU 9 00000309 1a 00 00
[stagetap] RAW 9 00000000090300001a00000000000000c403346c0000000000000000000000000000000000000000000000004c85346c0000000000000000000000002002c41000000000000000000000000000000000000000000000000000000000fc09000000000000031f000000000000000000000000000100000000000000011086346c
[stagetap] END-REGION
[stagetap] SITE region ENTER sched1 fn 3 r 14
[stagetap] TU 0 0000030f 17 00 00
[stagetap] RAW 0 8800346c0f03000017000000000000002802346c0000000000000000000000000000000000000000000000009c02000001000410120000000000000010000000083d346c08f2c2102488346c720200000d01041000000000f800346c01000000000000000000000000000000000000002c01346c7401346c00000000e801346c
[stagetap] TU 1 00000309 1a 00 00
[stagetap] RAW 1 c403346c090300001a000000000000004c01346c0000000000000000000000005c3e1b6c00000000bc0b346c0d0300001700000000000000dc87346c0000000000000000000000000000000000000000000000009c020000010004100e0000000000000010000000a83c346c68f2c2109401346c720200000d01041000000000
[stagetap] TU 2 0000030b 19 00 00
[stagetap] RAW 2 d084346c0b03000019000000000000008800346c0100000000000000000000006049346c0000000000000000000000000c00000000000000000000000000000000000000000000000000000000000000000000000000000000000000000000004c05346cb814526c000000000000000000000000000000000000000000000000
[stagetap] TU 3 00000309 1a 00 00
[stagetap] RAW 3 00000000090300001a00000000000000c403346c0000000000000000000000000000000000000000000000004c85346c0000000000000000000000002002c41000000000000000000000000000000000000000000000000000000000fc09000000000000031f000000000000000000000000000100000000000000011086346c
[stagetap] END-REGION
[stagetap] SITE region ENTER sched2 fn 3 r 15
[stagetap] TU 0 00000272 0d 01 04
[stagetap] RAW 0 9401346c720200000d01041000000000880b346c0100000000000000000000000000000000000000680b346cd800346c00000000000000009c02000001000410000000000000000010000000483f346c483f346c8800346c0f03000017000000000000002802346c000000000000000000000000000000000000000000000000
[stagetap] TU 1 00000272 0d 01 04
[stagetap] RAW 1 2488346c720200000d01041000000000f800346c0100000000000000000000000000000000000000080b346c7401346c00000000e801346c9c02000001000410000000005700020010000000083d346c08f2c2107805346c9c02000001000410000000003700020010000000a83c346c68f2c2104c03346ca602000004000410
[stagetap] TU 2 0000002b 0f 01 00
[stagetap] RAW 2 a402346c2b0000000f010080000000009401346c01000000000000000000000000000000000000000488346c9405346c000000000000000000000000000000009c02000001000410000000000000000010000000e83e346ce83e346c000000000000000000000000000000000000000000000000000000000000000000000000
[stagetap] TU 3 00000272 0d 01 04
[stagetap] RAW 3 1803346c720200000d010410000000002488346c01000000000000000000000000000000000000002c01346c8402346c00000000000000009c02000001000410000000000000000010000000483f346c483f346c000000009c020000010004101a0000000000000010000000c83d346c08f2c2102802346c720200000d010410
[stagetap] TU 4 00000272 0d 01 04
[stagetap] RAW 4 2802346c720200000d01041000000000a402346c01000000000000000000000000000000000000006088346cf802346c000000006c03346c9c02000001000410000000003700020010000000c83d346c08f2c210c005346c9c02000001000410000000005700020010000000683d346c68f2c210880b346c720200000d010410
[stagetap] TU 5 0000002b 0f 01 00
[stagetap] RAW 5 4c01346c2b0000000f010080000000001803346c01000000000000000000000000000000000000000802346cdc05346c000000000000000000000000000000009c020000010004100000000000000000000000006815346c50a1346c000000009c02000001000410160000000000000010000000683d346c68f2c2101803346c
[stagetap] TU 6 0000030f 17 00 00
[stagetap] RAW 6 8800346c0f03000017000000000000002802346c0000000000000000000000000000000000000000000000009c02000001000410120000000000000010000000083d346c08f2c2102488346c720200000d01041000000000f800346c0100000000000000000000000000000000000000080b346c7401346c00000000e801346c
[stagetap] TU 7 00000309 1a 00 00
[stagetap] RAW 7 c403346c090300001a000000000000004c01346c0000000000000000000000005c3e1b6c00000000bc0b346c0d0300001700000000000000dc87346c0000000000000000000000000000000000000000000000009c020000010004100e0000000000000010000000a83c346c68f2c2109401346c720200000d01041000000000
[stagetap] TU 8 0000030b 19 00 00
[stagetap] RAW 8 d084346c0b03000019000000000000008800346c0100000000000000000000006049346c0000000000000000000000000c00000000000000000000000000000000000000000000000000000000000000000000000000000000000000000000004c05346cb814526c000000000000000000000000000000000000000000000000
[stagetap] TU 9 00000309 1a 00 00
[stagetap] RAW 9 00000000090300001a00000000000000c403346c0000000000000000000000000000000000000000000000004c85346c0000000000000000000000002002c41000000000000000000000000000000000000000000000000000000000fc09000000000000031f000000000000000000000000000100000000000000011086346c
[stagetap] END-REGION
[stagetap] SITE region ENTER sched2 fn 3 r 16
[stagetap] TU 0 0000030f 17 00 00
[stagetap] RAW 0 8800346c0f03000017000000000000002802346c0000000000000000000000000000000000000000000000009c02000001000410120000000000000010000000083d346c08f2c2102488346c720200000d01041000000000f800346c0100000000000000000000000000000000000000080b346c7401346c00000000e801346c
[stagetap] TU 1 00000309 1a 00 00
[stagetap] RAW 1 c403346c090300001a000000000000004c01346c0000000000000000000000005c3e1b6c00000000bc0b346c0d0300001700000000000000dc87346c0000000000000000000000000000000000000000000000009c020000010004100e0000000000000010000000a83c346c68f2c2109401346c720200000d01041000000000
[stagetap] TU 2 0000030b 19 00 00
[stagetap] RAW 2 d084346c0b03000019000000000000008800346c0100000000000000000000006049346c0000000000000000000000000c00000000000000000000000000000000000000000000000000000000000000000000000000000000000000000000004c05346cb814526c000000000000000000000000000000000000000000000000
[stagetap] TU 3 00000309 1a 00 00
[stagetap] RAW 3 00000000090300001a00000000000000c403346c0000000000000000000000000000000000000000000000004c85346c0000000000000000000000002002c41000000000000000000000000000000000000000000000000000000000fc09000000000000031f000000000000000000000000000100000000000000011086346c
[stagetap] END-REGION
[stagetap] SITE region ENTER sched3 fn 3 r 17
[stagetap] TU 0 00000272 0d 01 04
[stagetap] RAW 0 9401346c720200000d01041000000000880b346c0100000000000000000000000000000000000000680b346cd800346c00000000000000009c02000001000410000000000000000010000000483f346c483f346c8800346c0f03000017000000000000002802346c000000000000000000000000000000000000000000000000
[stagetap] TU 1 00000272 0d 01 04
[stagetap] RAW 1 2488346c720200000d01041000000000f800346c0100000000000000000000000000000000000000080b346c7401346c00000000e801346c9c02000001000410000000005700020010000000083d346c08f2c2107805346c9c02000001000410000000003700020010000000a83c346c68f2c2104c03346ca602000004000410
[stagetap] TU 2 0000002b 0f 01 00
[stagetap] RAW 2 a402346c2b0000000f010080000000009401346c01000000000000000000000000000000000000000488346c9405346c000000000000000000000000000000009c02000001000410000000000000000010000000e83e346ce83e346c000000000000000000000000000000000000000000000000000000000000000000000000
[stagetap] TU 3 00000272 0d 01 04
[stagetap] RAW 3 1803346c720200000d010410000000002488346c01000000000000000000000000000000000000002c01346c8402346c00000000000000009c02000001000410000000000000000010000000483f346c483f346c000000009c020000010004101a0000000000000010000000c83d346c08f2c2102802346c720200000d010410
[stagetap] TU 4 00000272 0d 01 04
[stagetap] RAW 4 2802346c720200000d01041000000000a402346c01000000000000000000000000000000000000006088346cf802346c000000006c03346c9c02000001000410000000003700020010000000c83d346c08f2c210c005346c9c02000001000410000000005700020010000000683d346c68f2c210880b346c720200000d010410
[stagetap] TU 5 0000002b 0f 01 00
[stagetap] RAW 5 4c01346c2b0000000f010080000000001803346c01000000000000000000000000000000000000000802346cdc05346c000000000000000000000000000000009c020000010004100000000000000000000000006815346c50a1346c000000009c02000001000410160000000000000010000000683d346c68f2c2101803346c
[stagetap] TU 6 0000030f 17 00 00
[stagetap] RAW 6 8800346c0f03000017000000000000002802346c0000000000000000000000000000000000000000000000009c02000001000410120000000000000010000000083d346c08f2c2102488346c720200000d01041000000000f800346c0100000000000000000000000000000000000000080b346c7401346c00000000e801346c
[stagetap] TU 7 00000309 1a 00 00
[stagetap] RAW 7 c403346c090300001a000000000000004c01346c0000000000000000000000005c3e1b6c00000000bc0b346c0d0300001700000000000000dc87346c0000000000000000000000000000000000000000000000009c020000010004100e0000000000000010000000a83c346c68f2c2109401346c720200000d01041000000000
[stagetap] TU 8 0000030b 19 00 00
[stagetap] RAW 8 d084346c0b03000019000000000000008800346c0100000000000000000000006049346c0000000000000000000000000c00000000000000000000000000000000000000000000000000000000000000000000000000000000000000000000004c05346cb814526c000000000000000000000000000000000000000000000000
[stagetap] TU 9 00000309 1a 00 00
[stagetap] RAW 9 00000000090300001a00000000000000c403346c0000000000000000000000000000000000000000000000004c85346c0000000000000000000000002002c41000000000000000000000000000000000000000000000000000000000fc09000000000000031f000000000000000000000000000100000000000000011086346c
[stagetap] END-REGION
[stagetap] SITE region ENTER sched3 fn 3 r 18
[stagetap] TU 0 0000030f 17 00 00
[stagetap] RAW 0 8800346c0f03000017000000000000002802346c0000000000000000000000000000000000000000000000009c02000001000410120000000000000010000000083d346c08f2c2102488346c720200000d01041000000000f800346c0100000000000000000000000000000000000000080b346c7401346c00000000e801346c
[stagetap] TU 1 00000309 1a 00 00
[stagetap] RAW 1 c403346c090300001a000000000000004c01346c0000000000000000000000005c3e1b6c00000000bc0b346c0d0300001700000000000000dc87346c0000000000000000000000000000000000000000000000009c020000010004100e0000000000000010000000a83c346c68f2c2109401346c720200000d01041000000000
[stagetap] TU 2 0000030b 19 00 00
[stagetap] RAW 2 d084346c0b03000019000000000000008800346c0100000000000000000000006049346c0000000000000000000000000c00000000000000000000000000000000000000000000000000000000000000000000000000000000000000000000004c05346cb814526c000000000000000000000000000000000000000000000000
[stagetap] TU 3 00000309 1a 00 00
[stagetap] RAW 3 00000000090300001a00000000000000c403346c0000000000000000000000000000000000000000000000004c85346c0000000000000000000000002002c41000000000000000000000000000000000000000000000000000000000fc09000000000000031f000000000000000000000000000100000000000000011086346c
[stagetap] END-REGION
[stagetap] SITE region ENTER sched0 fn 3 r 19
[stagetap] TU 0 00000272 0d 01 04
[stagetap] RAW 0 880b346c720200000d01041000000000b000346c01000000000000000000000000000000feffffffe80a346cd802346c0000000000000000d084346c0b0300001900000000000000486e526c0100000000000000000000006049346c0000000000000000000000000c0000000000000000000000000000000000000000000000
[stagetap] TU 1 00000272 0d 01 04
[stagetap] RAW 1 2488346c720200000d010410000000008c03346c01000000000000000000000000000000feffffff480b346c140c346c0000000000000000f80200001501041000000000b000346c01000000000000000000000000000000feffffff00000000f40b346c0000000000000000000000009c020000010004100000000000000000
[stagetap] TU 2 0000002b 0f 01 00
[stagetap] RAW 2 a402346c2b0000000f01008000000000880b346c01000000000000000000000000000000feffffff0488346c9405346c000000000000000000000000000000009c02000001000410000000000000000010100000e83e346c28fcc210000000000000000000000000000000000000000000000000000000000000000000000000
[stagetap] TU 3 00000272 0d 01 04
[stagetap] RAW 3 1803346c720200000d010410000000002488346c01000000000000000000000000000000feffffff2c01346c8402346c00000000000000009c02000001000410000000000000000010000000483f346c88fcc210000000009c020000010004101a0000000000000010000000c83d346c08f2c2102802346c720200000d010410
[stagetap] TU 4 00000272 0d 01 04
[stagetap] RAW 4 2802346c720200000d01041000000000a402346c01000000000000000000000000000000feffffff6088346cf802346c000000006c03346c9c02000001000410000000003700020010100000c83d346c08f2c210c005346c9c02000001000410000000005700020010100000683d346c68f2c210880b346c720200000d010410
[stagetap] TU 5 0000002b 0f 01 00
[stagetap] RAW 5 4c01346c2b0000000f010080000000001803346c01000000000000000000000000000000feffffff0802346cdc05346c000000000000000000000000000000009c02000001000410000000000000000010000000a80fc310a80fc310000000009c02000001000410160000000000000010000000683d346c68f2c2101803346c
[stagetap] TU 6 0000030f 17 00 00
[stagetap] RAW 6 880f346c0f03000017000000000000002802346c0000000000000000000000000000000000000000080b346c9c02000001000410120000000000000010000000083d346c08f2c210f800346c720200000d01041000000000880b346c01000000000000000000000000000000feffffff080b346c7401346c00000000e801346c
[stagetap] TU 7 0000000b 0d 01 04
[stagetap] RAW 7 a06d526c0b0000000d010410000000004c01346c01000000000000000000000000000000feffffff680f346c480f346c00000000000000009c0200000100041000000000000000003000000048f1c21048f1c210000000009c0200000100081000000000000000001000000028fcc21028fcc210bc0f346c9f02000006000810
[stagetap] TU 8 000000d6 0d 01 04
[stagetap] RAW 8 f46d526cd60000000d01041000000000880f346c01000000000000000000000000000000feffffff6c6d526c2c6d526c00000000000000009c02000001000410000000000000000010000000a80fc310a80fc3103010346cf80000000d01041000000000a06d526c01000000000000000000000000000000feffffff286e526c
[stagetap] TU 9 000000f8 0d 01 04
[stagetap] RAW 9 3010346cf80000000d01041000000000a06d526c01000000000000000000000000000000feffffff286e526cd46d526c00000000000000009c0200000100041000000000000000001000000068f5c21068f5c210c403346c840200001001008000000000f86c526c01000000000000000000000000000000feffffff00000000
[stagetap] TU 10 000000a7 0d 01 08
[stagetap] RAW 10 f86c526ca70000000d01081000000000f46d526c01000000000000000000000000000000fefffffffc0f346cdc0f346c0000000000000000000000000000000000000000000000000000000000000000000000000000000000000000000000000000000000000000000000000000000000000000000000000000000000000000
[stagetap] TU 11 000000a7 0d 01 08
[stagetap] RAW 11 486e526ca70000000d010810000000003010346c01000000000000000000000000000000feffffffc46c526ca46c526c00000000000000009c0200000100041000000000000000001000000068f5c21068f5c210000000009c0200000100041000000000000000003000000048f1c21048f1c2104c6d526c9f02000006000410
[stagetap] TU 12 00000284 10 01 00
[stagetap] RAW 12 c403346c840200001001008000000000f86c526c01000000000000000000000000000000feffffff00000000000000000000000000000000000000000000000000000000000000000000000000000000000000000000000000000000000000000000000000000000000000000000000000000000000000000000000000000000
[stagetap] TU 13 0000030b 19 00 00
[stagetap] RAW 13 d084346c0b0300001900000000000000486e526c0100000000000000000000006049346c0000000000000000000000000c00000000000000000000000000000000000000000000000000000000000000000000000000000000000000000000004c05346cb814526c000000000000000000000000000000000000000000000000
[stagetap] TU 14 00000309 1a 00 00
[stagetap] RAW 14 00000000090300001a00000000000000c403346c0000000000000000000000000000000000000000000000004c85346c0000000000000000000000002002c41000000000000000000000000000000000000000000000000000000000fc09000000000000031f000000000000000000000000000100000000000000011086346c
[stagetap] END-REGION
[stagetap] SITE region ENTER sched0 fn 3 r 20
[stagetap] TU 0 0000030f 17 00 00
[stagetap] RAW 0 880f346c0f03000017000000000000002802346c0000000000000000000000000000000000000000080b346c9c02000001000410120000000000000010000000083d346c08f2c210f800346c720200000d01041000000000880b346c01000000000000000000000000000000feffffff080b346c7401346c00000000e801346c
[stagetap] TU 1 0000000b 0d 01 04
[stagetap] RAW 1 a06d526c0b0000000d010410000000004c01346c01000000000000000000000000000000feffffff680f346c480f346c00000000000000009c0200000100041000000000000000003000000048f1c21048f1c210000000009c0200000100081000000000000000001000000028fcc21028fcc210bc0f346c9f02000006000810
[stagetap] TU 2 000000d6 0d 01 04
[stagetap] RAW 2 f46d526cd60000000d01041000000000880f346c01000000000000000000000000000000feffffff6c6d526c2c6d526c00000000000000009c02000001000410000000000000000010000000a80fc310a80fc3103010346cf80000000d01041000000000a06d526c01000000000000000000000000000000feffffff286e526c
[stagetap] TU 3 000000f8 0d 01 04
[stagetap] RAW 3 3010346cf80000000d01041000000000a06d526c01000000000000000000000000000000feffffff286e526cd46d526c00000000000000009c0200000100041000000000000000001000000068f5c21068f5c210c403346c840200001001008000000000f86c526c01000000000000000000000000000000feffffff00000000
[stagetap] TU 4 000000a7 0d 01 08
[stagetap] RAW 4 f86c526ca70000000d01081000000000f46d526c01000000000000000000000000000000fefffffffc0f346cdc0f346c0000000000000000000000000000000000000000000000000000000000000000000000000000000000000000000000000000000000000000000000000000000000000000000000000000000000000000
[stagetap] TU 5 000000a7 0d 01 08
[stagetap] RAW 5 486e526ca70000000d010810000000003010346c01000000000000000000000000000000feffffffc46c526ca46c526c00000000000000009c0200000100041000000000000000001000000068f5c21068f5c210000000009c0200000100041000000000000000003000000048f1c21048f1c2104c6d526c9f02000006000410
[stagetap] TU 6 00000284 10 01 00
[stagetap] RAW 6 c403346c840200001001008000000000f86c526c01000000000000000000000000000000feffffff00000000000000000000000000000000000000000000000000000000000000000000000000000000000000000000000000000000000000000000000000000000000000000000000000000000000000000000000000000000
[stagetap] TU 7 0000030b 19 00 00
[stagetap] RAW 7 d084346c0b0300001900000000000000486e526c0100000000000000000000006049346c0000000000000000000000000c00000000000000000000000000000000000000000000000000000000000000000000000000000000000000000000004c05346cb814526c000000000000000000000000000000000000000000000000
[stagetap] TU 8 00000309 1a 00 00
[stagetap] RAW 8 00000000090300001a00000000000000c403346c0000000000000000000000000000000000000000000000004c85346c0000000000000000000000002002c41000000000000000000000000000000000000000000000000000000000fc09000000000000031f000000000000000000000000000100000000000000011086346c
[stagetap] END-REGION
[stagetap] ARENA bytes=38963 full=0
[c2host] returned 1

== wmcall_seq.cpp digest=298d05518012500b
  SCHED+GLOBREGS fn1: sched1=12 sched2=12 IDENTICAL
  SCHED+GLOBREGS fn2: sched1=14 sched2=14 IDENTICAL
  SCHED+GLOBREGS fn3: sched1=14 sched2=14 IDENTICAL
  SCHED+GLOBREGS fn4: sched1=12 sched2=11 DIFFERS
  SCHED+GLOBREGS fn5: sched1=11 sched2=10 DIFFERS
  SCHED+GLOBREGS fn6: sched1=11 sched2=11 IDENTICAL
  SCHED+GLOBREGS fn7: sched1=12 sched2=11 DIFFERS
  SCHED+GLOBREGS fn8: sched1=12 sched2=12 IDENTICAL
  COLOR fn1: sched2=12 sched3=12 IDENTICAL
  COLOR fn2: sched2=14 sched3=14 IDENTICAL
  COLOR fn3: sched2=14 sched3=14 IDENTICAL
  COLOR fn4: sched2=11 sched3=11 IDENTICAL
  COLOR fn5: sched2=10 sched3=10 IDENTICAL
  COLOR fn6: sched2=11 sched3=11 IDENTICAL
  COLOR fn7: sched2=11 sched3=11 IDENTICAL
  COLOR fn8: sched2=12 sched3=12 IDENTICAL
  LOWERING fn1: sched3=12 sched0=20 DIFFERS
  LOWERING fn2: sched3=14 sched0=22 DIFFERS
  LOWERING fn3: sched3=14 sched0=24 DIFFERS
  LOWERING fn4: sched3=11 sched0=20 DIFFERS
  LOWERING fn5: sched3=10 sched0=16 DIFFERS
  LOWERING fn6: sched3=11 sched0=20 DIFFERS
  LOWERING fn7: sched3=11 sched0=16 DIFFERS
  LOWERING fn8: sched3=12 sched0=20 DIFFERS
  gap-metric stage-snap-tuples 446
  gap-metric stage-snap-regions 64
  gap-metric stage-snap-walk-refusals 0
  gap-metric stage-snap-tuples-distinct 287
  gap-metric stage-snap-tuple-groups 32
  gap-metric stage-snap-suffix-violations 0
  gap-metric stage-color-pairs 8
  gap-metric stage-color-pairs-differing 0
  PAYLOAD 446 rows over 32 (phase,function) groups; 287 DISTINCT tuple positions (35.7% of the rows are suffix re-reads, inflation 1.55x). The nested-suffix model holds on every block, so DISTINCT is exact.
  RAW WINDOW 128B, 95 tuple pairs aligned across sched2/sched3 (0 function(s) skipped on a length mismatch).
                   offsets COLOR writes: NONE — the allocator wrote nothing in this window
  FINDING, not a green: the pre/post-COLOR snapshots are IDENTICAL on every
                   function here. The walk is reading fields COLOR does not write — it shows THAT
                   the allocator ran, not WHAT it did.
== wmcall_seq_neg.cpp digest=2f67563a9d7fd31a
  SCHED+GLOBREGS fn1: sched1=14 sched2=14 DIFFERS
  SCHED+GLOBREGS fn2: sched1=13 sched2=12 DIFFERS
  SCHED+GLOBREGS fn3: sched1=18 sched2=18 IDENTICAL
  SCHED+GLOBREGS fn4: sched1=34 sched2=33 DIFFERS
  SCHED+GLOBREGS fn5: sched1=12 sched2=12 IDENTICAL
  SCHED+GLOBREGS fn6: sched1=15 sched2=14 DIFFERS
  COLOR fn1: sched2=14 sched3=14 IDENTICAL
  COLOR fn2: sched2=12 sched3=12 IDENTICAL
  COLOR fn3: sched2=18 sched3=18 IDENTICAL
  COLOR fn4: sched2=33 sched3=33 IDENTICAL
  COLOR fn5: sched2=12 sched3=12 IDENTICAL
  COLOR fn6: sched2=14 sched3=14 IDENTICAL
  LOWERING fn1: sched3=14 sched0=22 DIFFERS
  LOWERING fn2: sched3=12 sched0=17 DIFFERS
  LOWERING fn3: sched3=18 sched0=26 DIFFERS
  LOWERING fn4: sched3=33 sched0=45 DIFFERS
  LOWERING fn5: sched3=12 sched0=20 DIFFERS
  LOWERING fn6: sched3=14 sched0=24 DIFFERS
  gap-metric stage-snap-tuples 466
  gap-metric stage-snap-regions 56
  gap-metric stage-snap-walk-refusals 0
  gap-metric stage-snap-tuples-distinct 274
  gap-metric stage-snap-tuple-groups 24
  gap-metric stage-snap-suffix-violations 0
  gap-metric stage-color-pairs 6
  gap-metric stage-color-pairs-differing 0
  PAYLOAD 466 rows over 24 (phase,function) groups; 274 DISTINCT tuple positions (41.2% of the rows are suffix re-reads, inflation 1.70x). The nested-suffix model holds on every block, so DISTINCT is exact.
  RAW WINDOW 128B, 103 tuple pairs aligned across sched2/sched3 (0 function(s) skipped on a length mismatch).
                   offsets COLOR writes: +0x4c(10) +0x4e(5) +0x51(5) +0x64(4) +0x65(4) +0x66(4) +0x67(4) +0x7d(2)
  FINDING, not a green: the pre/post-COLOR snapshots are IDENTICAL on every
                   function here. The walk is reading fields COLOR does not write — it shows THAT
                   the allocator ran, not WHAT it did.
== wmmio3_close_call_chain.cpp digest=82eee146990c5925
  SCHED+GLOBREGS fn1: sched1=10 sched2=10 IDENTICAL
  SCHED+GLOBREGS fn2: sched1=10 sched2=10 IDENTICAL
  SCHED+GLOBREGS fn3: sched1=10 sched2=10 IDENTICAL
  SCHED+GLOBREGS fn4: sched1=296 sched2=296 DIFFERS
  COLOR fn1: sched2=10 sched3=10 IDENTICAL
  COLOR fn2: sched2=10 sched3=10 IDENTICAL
  COLOR fn3: sched2=10 sched3=10 IDENTICAL
  COLOR fn4: sched2=296 sched3=295 DIFFERS
  LOWERING fn1: sched3=10 sched0=9 DIFFERS
  LOWERING fn2: sched3=10 sched0=9 DIFFERS
  LOWERING fn3: sched3=10 sched0=9 DIFFERS
  LOWERING fn4: sched3=295 sched0=151 DIFFERS
  gap-metric stage-snap-tuples 1155
  gap-metric stage-snap-regions 64
  gap-metric stage-snap-walk-refusals 0
  gap-metric stage-snap-tuples-distinct 238
  gap-metric stage-snap-tuple-groups 16
  gap-metric stage-snap-suffix-violations 0
  gap-metric stage-color-pairs 4
  gap-metric stage-color-pairs-differing 1
  PAYLOAD 1155 rows over 16 (phase,function) groups; 238 DISTINCT tuple positions (79.4% of the rows are suffix re-reads, inflation 4.85x). The nested-suffix model holds on every block, so DISTINCT is exact.
  RAW WINDOW 128B, 30 tuple pairs aligned across sched2/sched3 (1 function(s) skipped on a length mismatch).
                   offsets COLOR writes: NONE — the allocator wrote nothing in this window
== wmmio3_close_call_chain_neg.cpp digest=f18267a1dd08504e
  SCHED+GLOBREGS fn1: sched1=10 sched2=10 IDENTICAL
  SCHED+GLOBREGS fn2: sched1=10 sched2=10 IDENTICAL
  SCHED+GLOBREGS fn3: sched1=296 sched2=296 DIFFERS
  SCHED+GLOBREGS fn4: sched1=296 sched2=296 DIFFERS
  SCHED+GLOBREGS fn5: sched1=296 sched2=292 DIFFERS
  SCHED+GLOBREGS fn6: sched1=296 sched2=296 DIFFERS
  SCHED+GLOBREGS fn7: sched1=346 sched2=346 DIFFERS
  SCHED+GLOBREGS fn8: sched1=296 sched2=296 DIFFERS
  SCHED+GLOBREGS fn9: sched1=296 sched2=296 DIFFERS
  SCHED+GLOBREGS fn10: sched1=296 sched2=296 DIFFERS
  SCHED+GLOBREGS fn11: sched1=289 sched2=289 DIFFERS
  SCHED+GLOBREGS fn12: sched1=306 sched2=306 DIFFERS
  COLOR fn1: sched2=10 sched3=10 IDENTICAL
  COLOR fn2: sched2=10 sched3=10 IDENTICAL
  COLOR fn3: sched2=296 sched3=295 DIFFERS
  COLOR fn4: sched2=296 sched3=295 DIFFERS
  COLOR fn5: sched2=292 sched3=291 DIFFERS
  COLOR fn6: sched2=296 sched3=295 DIFFERS
  COLOR fn7: sched2=346 sched3=345 DIFFERS
  COLOR fn8: sched2=296 sched3=295 DIFFERS
  COLOR fn9: sched2=296 sched3=297 DIFFERS
  COLOR fn10: sched2=296 sched3=295 DIFFERS
  COLOR fn11: sched2=289 sched3=288 DIFFERS
  COLOR fn12: sched2=306 sched3=305 DIFFERS
  LOWERING fn1: sched3=10 sched0=9 DIFFERS
  LOWERING fn2: sched3=10 sched0=9 DIFFERS
  LOWERING fn3: sched3=295 sched0=151 DIFFERS
  LOWERING fn4: sched3=295 sched0=151 DIFFERS
  LOWERING fn5: sched3=291 sched0=167 DIFFERS
  LOWERING fn6: sched3=295 sched0=155 DIFFERS
  LOWERING fn7: sched3=345 sched0=175 DIFFERS
  LOWERING fn8: sched3=295 sched0=151 DIFFERS
  LOWERING fn9: sched3=297 sched0=153 DIFFERS
  LOWERING fn10: sched3=295 sched0=151 DIFFERS
  LOWERING fn11: sched3=288 sched0=167 DIFFERS
  LOWERING fn12: sched3=305 sched0=169 DIFFERS
  gap-metric stage-snap-tuples 10691
  gap-metric stage-snap-regions 418
  gap-metric stage-snap-walk-refusals 0
  gap-metric stage-snap-tuples-distinct 1760
  gap-metric stage-snap-tuple-groups 48
  gap-metric stage-snap-suffix-violations 0
  gap-metric stage-color-pairs 12
  gap-metric stage-color-pairs-differing 10
  PAYLOAD 10691 rows over 48 (phase,function) groups; 1760 DISTINCT tuple positions (83.5% of the rows are suffix re-reads, inflation 6.07x). The nested-suffix model holds on every block, so DISTINCT is exact.
  RAW WINDOW 128B, 20 tuple pairs aligned across sched2/sched3 (10 function(s) skipped on a length mismatch).
                   offsets COLOR writes: NONE — the allocator wrote nothing in this window
== wmmio3_close_extern_neg.cpp digest=51793cf9160bc48a
  SCHED+GLOBREGS fn1: sched1=4 sched2=4 IDENTICAL
  SCHED+GLOBREGS fn2: sched1=10 sched2=10 IDENTICAL
  SCHED+GLOBREGS fn3: sched1=10 sched2=10 IDENTICAL
  SCHED+GLOBREGS fn4: sched1=10 sched2=10 IDENTICAL
  SCHED+GLOBREGS fn5: sched1=188 sched2=181 DIFFERS
  COLOR fn1: sched2=4 sched3=4 IDENTICAL
  COLOR fn2: sched2=10 sched3=10 IDENTICAL
  COLOR fn3: sched2=10 sched3=10 IDENTICAL
  COLOR fn4: sched2=10 sched3=10 IDENTICAL
  COLOR fn5: sched2=181 sched3=180 DIFFERS
  LOWERING fn1: sched3=4 sched0=4 DIFFERS
  LOWERING fn2: sched3=10 sched0=9 DIFFERS
  LOWERING fn3: sched3=10 sched0=9 DIFFERS
  LOWERING fn4: sched3=10 sched0=9 DIFFERS
  LOWERING fn5: sched3=180 sched0=108 DIFFERS
  gap-metric stage-snap-tuples 790
  gap-metric stage-snap-regions 58
  gap-metric stage-snap-walk-refusals 0
  gap-metric stage-snap-tuples-distinct 216
  gap-metric stage-snap-tuple-groups 20
  gap-metric stage-snap-suffix-violations 0
  gap-metric stage-color-pairs 5
  gap-metric stage-color-pairs-differing 1
  PAYLOAD 790 rows over 20 (phase,function) groups; 216 DISTINCT tuple positions (72.7% of the rows are suffix re-reads, inflation 3.66x). The nested-suffix model holds on every block, so DISTINCT is exact.
  RAW WINDOW 128B, 34 tuple pairs aligned across sched2/sched3 (1 function(s) skipped on a length mismatch).
                   offsets COLOR writes: NONE — the allocator wrote nothing in this window
== wmmio3_close_sibling_neg.cpp digest=544b949b248ce99c
  SCHED+GLOBREGS fn1: sched1=10 sched2=10 IDENTICAL
  SCHED+GLOBREGS fn2: sched1=10 sched2=10 IDENTICAL
  SCHED+GLOBREGS fn3: sched1=346 sched2=346 DIFFERS
  COLOR fn1: sched2=10 sched3=10 IDENTICAL
  COLOR fn2: sched2=10 sched3=10 IDENTICAL
  COLOR fn3: sched2=346 sched3=345 DIFFERS
  LOWERING fn1: sched3=10 sched0=9 DIFFERS
  LOWERING fn2: sched3=10 sched0=9 DIFFERS
  LOWERING fn3: sched3=345 sched0=181 DIFFERS
  gap-metric stage-snap-tuples 1296
  gap-metric stage-snap-regions 56
  gap-metric stage-snap-walk-refusals 0
  gap-metric stage-snap-tuples-distinct 235
  gap-metric stage-snap-tuple-groups 12
  gap-metric stage-snap-suffix-violations 0
  gap-metric stage-color-pairs 3
  gap-metric stage-color-pairs-differing 1
  PAYLOAD 1296 rows over 12 (phase,function) groups; 235 DISTINCT tuple positions (81.9% of the rows are suffix re-reads, inflation 5.51x). The nested-suffix model holds on every block, so DISTINCT is exact.
  RAW WINDOW 128B, 20 tuple pairs aligned across sched2/sched3 (1 function(s) skipped on a length mismatch).
                   offsets COLOR writes: NONE — the allocator wrote nothing in this window
== wnpos_provide_rdata.cpp digest=e88a9d49380530cf
  gap-metric stage-snap-tuples 0
  gap-metric stage-snap-regions 0
  gap-metric stage-snap-walk-refusals 0
  gap-metric stage-snap-tuples-distinct 0
  gap-metric stage-snap-tuple-groups 0
  gap-metric stage-snap-suffix-violations 0
  gap-metric stage-color-pairs 0
  gap-metric stage-color-pairs-differing 0
  RAW WINDOW VACUOUS — 0 pairs aligned across sched2/sched3 (0 function(s) skipped on a length mismatch, window 128B).
                   NOTHING WAS COMPARED. This says nothing about what COLOR writes.
== wnpos_provide_rw.cpp digest=e88a9d49380530cf
  gap-metric stage-snap-tuples 0
  gap-metric stage-snap-regions 0
  gap-metric stage-snap-walk-refusals 0
  gap-metric stage-snap-tuples-distinct 0
  gap-metric stage-snap-tuple-groups 0
  gap-metric stage-snap-suffix-violations 0
  gap-metric stage-color-pairs 0
  gap-metric stage-color-pairs-differing 0
  RAW WINDOW VACUOUS — 0 pairs aligned across sched2/sched3 (0 function(s) skipped on a length mismatch, window 128B).
                   NOTHING WAS COMPARED. This says nothing about what COLOR writes.
== wnpos_provide_sizes.cpp digest=e88a9d49380530cf
  gap-metric stage-snap-tuples 0
  gap-metric stage-snap-regions 0
  gap-metric stage-snap-walk-refusals 0
  gap-metric stage-snap-tuples-distinct 0
  gap-metric stage-snap-tuple-groups 0
  gap-metric stage-snap-suffix-violations 0
  gap-metric stage-color-pairs 0
  gap-metric stage-color-pairs-differing 0
  RAW WINDOW VACUOUS — 0 pairs aligned across sched2/sched3 (0 function(s) skipped on a length mismatch, window 128B).
                   NOTHING WAS COMPARED. This says nothing about what COLOR writes.
== wnpos_refuse_explicit_inst.cpp digest=5d47710484320848
  SCHED+GLOBREGS fn1: sched1=10 sched2=10 IDENTICAL
  COLOR fn1: sched2=10 sched3=10 IDENTICAL
  LOWERING fn1: sched3=10 sched0=9 DIFFERS
  gap-metric stage-snap-tuples 39
  gap-metric stage-snap-regions 8
  gap-metric stage-snap-walk-refusals 0
  gap-metric stage-snap-tuples-distinct 23
  gap-metric stage-snap-tuple-groups 4
  gap-metric stage-snap-suffix-violations 0
  gap-metric stage-color-pairs 1
  gap-metric stage-color-pairs-differing 0
  PAYLOAD 39 rows over 4 (phase,function) groups; 23 DISTINCT tuple positions (41.0% of the rows are suffix re-reads, inflation 1.70x). The nested-suffix model holds on every block, so DISTINCT is exact.
  RAW WINDOW 128B, 10 tuple pairs aligned across sched2/sched3 (0 function(s) skipped on a length mismatch).
                   offsets COLOR writes: NONE — the allocator wrote nothing in this window
  FINDING, not a green: the pre/post-COLOR snapshots are IDENTICAL on every
                   function here. The walk is reading fields COLOR does not write — it shows THAT
                   the allocator ran, not WHAT it did.
== wnpos_refuse_suppressed.cpp digest=e88a9d49380530cf
  gap-metric stage-snap-tuples 0
  gap-metric stage-snap-regions 0
  gap-metric stage-snap-walk-refusals 0
  gap-metric stage-snap-tuples-distinct 0
  gap-metric stage-snap-tuple-groups 0
  gap-metric stage-snap-suffix-violations 0
  gap-metric stage-color-pairs 0
  gap-metric stage-color-pairs-differing 0
  RAW WINDOW VACUOUS — 0 pairs aligned across sched2/sched3 (0 function(s) skipped on a length mismatch, window 128B).
                   NOTHING WAS COMPARED. This says nothing about what COLOR writes.
== wor_emit_order.cpp digest=79d832b6de707327
  SCHED+GLOBREGS fn1: sched1=10 sched2=10 IDENTICAL
  SCHED+GLOBREGS fn2: sched1=4 sched2=4 IDENTICAL
  SCHED+GLOBREGS fn3: sched1=12 sched2=12 IDENTICAL
  COLOR fn1: sched2=10 sched3=4 DIFFERS
  COLOR fn2: sched2=4 sched3=4 IDENTICAL
  COLOR fn3: sched2=12 sched3=12 IDENTICAL
  LOWERING fn1: sched3=4 sched0=9 DIFFERS
  LOWERING fn2: sched3=4 sched0=4 DIFFERS
  LOWERING fn3: sched3=12 sched0=19 DIFFERS
  gap-metric stage-snap-tuples 104
  gap-metric stage-snap-regions 19
  gap-metric stage-snap-walk-refusals 0
  gap-metric stage-snap-tuples-distinct 72
  gap-metric stage-snap-tuple-groups 12
  gap-metric stage-snap-suffix-violations 0
  gap-metric stage-color-pairs 3
  gap-metric stage-color-pairs-differing 1
  PAYLOAD 104 rows over 12 (phase,function) groups; 72 DISTINCT tuple positions (30.8% of the rows are suffix re-reads, inflation 1.44x). The nested-suffix model holds on every block, so DISTINCT is exact.
  RAW WINDOW 128B, 16 tuple pairs aligned across sched2/sched3 (1 function(s) skipped on a length mismatch).
                   offsets COLOR writes: NONE — the allocator wrote nothing in this window
== wor_emit_order_led.cpp digest=a1a05dcf67c4caef
  SCHED+GLOBREGS fn1: sched1=10 sched2=9 DIFFERS
  SCHED+GLOBREGS fn2: sched1=12 sched2=12 IDENTICAL
  COLOR fn1: sched2=9 sched3=9 IDENTICAL
  COLOR fn2: sched2=12 sched3=12 IDENTICAL
  LOWERING fn1: sched3=9 sched0=7 DIFFERS
  LOWERING fn2: sched3=12 sched0=19 DIFFERS
  gap-metric stage-snap-tuples 90
  gap-metric stage-snap-regions 16
  gap-metric stage-snap-walk-refusals 0
  gap-metric stage-snap-tuples-distinct 55
  gap-metric stage-snap-tuple-groups 8
  gap-metric stage-snap-suffix-violations 0
  gap-metric stage-color-pairs 2
  gap-metric stage-color-pairs-differing 0
  PAYLOAD 90 rows over 8 (phase,function) groups; 55 DISTINCT tuple positions (38.9% of the rows are suffix re-reads, inflation 1.64x). The nested-suffix model holds on every block, so DISTINCT is exact.
  RAW WINDOW 128B, 21 tuple pairs aligned across sched2/sched3 (0 function(s) skipped on a length mismatch).
                   offsets COLOR writes: NONE — the allocator wrote nothing in this window
  FINDING, not a green: the pre/post-COLOR snapshots are IDENTICAL on every
                   function here. The walk is reading fields COLOR does not write — it shows THAT
                   the allocator ran, not WHAT it did.
== wor_emit_order_neg.cpp digest=79ca072c6b5e6648
  SCHED+GLOBREGS fn1: sched1=9 sched2=9 IDENTICAL
  SCHED+GLOBREGS fn2: sched1=9 sched2=9 IDENTICAL
  COLOR fn1: sched2=9 sched3=9 IDENTICAL
  COLOR fn2: sched2=9 sched3=9 IDENTICAL
  LOWERING fn1: sched3=9 sched0=7 DIFFERS
  LOWERING fn2: sched3=9 sched0=7 DIFFERS
  gap-metric stage-snap-tuples 68
  gap-metric stage-snap-regions 16
  gap-metric stage-snap-walk-refusals 0
  gap-metric stage-snap-tuples-distinct 38
  gap-metric stage-snap-tuple-groups 8
  gap-metric stage-snap-suffix-violations 0
  gap-metric stage-color-pairs 2
  gap-metric stage-color-pairs-differing 0
  PAYLOAD 68 rows over 8 (phase,function) groups; 38 DISTINCT tuple positions (44.1% of the rows are suffix re-reads, inflation 1.79x). The nested-suffix model holds on every block, so DISTINCT is exact.
  RAW WINDOW 128B, 18 tuple pairs aligned across sched2/sched3 (0 function(s) skipped on a length mismatch).
                   offsets COLOR writes: NONE — the allocator wrote nothing in this window
  FINDING, not a green: the pre/post-COLOR snapshots are IDENTICAL on every
                   function here. The walk is reading fields COLOR does not write — it shows THAT
                   the allocator ran, not WHAT it did.
== worder3_bss_slot_after_text.cpp digest=b76596b8ffc3047b
  SCHED+GLOBREGS fn1: sched1=9 sched2=11 DIFFERS
  COLOR fn1: sched2=11 sched3=11 IDENTICAL
  LOWERING fn1: sched3=11 sched0=11 DIFFERS
  gap-metric stage-snap-tuples 42
  gap-metric stage-snap-regions 8
  gap-metric stage-snap-walk-refusals 0
  gap-metric stage-snap-tuples-distinct 26
  gap-metric stage-snap-tuple-groups 4
  gap-metric stage-snap-suffix-violations 0
  gap-metric stage-color-pairs 1
  gap-metric stage-color-pairs-differing 0
  PAYLOAD 42 rows over 4 (phase,function) groups; 26 DISTINCT tuple positions (38.1% of the rows are suffix re-reads, inflation 1.62x). The nested-suffix model holds on every block, so DISTINCT is exact.
  RAW WINDOW 128B, 11 tuple pairs aligned across sched2/sched3 (0 function(s) skipped on a length mismatch).
                   offsets COLOR writes: +0x7d(1)
  FINDING, not a green: the pre/post-COLOR snapshots are IDENTICAL on every
                   function here. The walk is reading fields COLOR does not write — it shows THAT
                   the allocator ran, not WHAT it did.
== worder3_bss_slot_extern.cpp digest=e88a9d49380530cf
  gap-metric stage-snap-tuples 0
  gap-metric stage-snap-regions 0
  gap-metric stage-snap-walk-refusals 0
  gap-metric stage-snap-tuples-distinct 0
  gap-metric stage-snap-tuple-groups 0
  gap-metric stage-snap-suffix-violations 0
  gap-metric stage-color-pairs 0
  gap-metric stage-color-pairs-differing 0
  RAW WINDOW VACUOUS — 0 pairs aligned across sched2/sched3 (0 function(s) skipped on a length mismatch, window 128B).
                   NOTHING WAS COMPARED. This says nothing about what COLOR writes.
== worder3_bss_slot_mixed.cpp digest=e88a9d49380530cf
  gap-metric stage-snap-tuples 0
  gap-metric stage-snap-regions 0
  gap-metric stage-snap-walk-refusals 0
  gap-metric stage-snap-tuples-distinct 0
  gap-metric stage-snap-tuple-groups 0
  gap-metric stage-snap-suffix-violations 0
  gap-metric stage-color-pairs 0
  gap-metric stage-color-pairs-differing 0
  RAW WINDOW VACUOUS — 0 pairs aligned across sched2/sched3 (0 function(s) skipped on a length mismatch, window 128B).
                   NOTHING WAS COMPARED. This says nothing about what COLOR writes.
== worder3_bss_slot_y3.cpp digest=e88a9d49380530cf
  gap-metric stage-snap-tuples 0
  gap-metric stage-snap-regions 0
  gap-metric stage-snap-walk-refusals 0
  gap-metric stage-snap-tuples-distinct 0
  gap-metric stage-snap-tuple-groups 0
  gap-metric stage-snap-suffix-violations 0
  gap-metric stage-color-pairs 0
  gap-metric stage-color-pairs-differing 0
  RAW WINDOW VACUOUS — 0 pairs aligned across sched2/sched3 (0 function(s) skipped on a length mismatch, window 128B).
                   NOTHING WAS COMPARED. This says nothing about what COLOR writes.
== wosf_handle_guard.cpp digest=19fc7954138a469b
  SCHED+GLOBREGS fn1: sched1=221 sched2=218 DIFFERS
  COLOR fn1: sched2=218 sched3=217 DIFFERS
  LOWERING fn1: sched3=217 sched0=203 DIFFERS
  gap-metric stage-snap-tuples 859
  gap-metric stage-snap-regions 33
  gap-metric stage-snap-walk-refusals 0
  gap-metric stage-snap-tuples-distinct 179
  gap-metric stage-snap-tuple-groups 4
  gap-metric stage-snap-suffix-violations 0
  gap-metric stage-color-pairs 1
  gap-metric stage-color-pairs-differing 1
  PAYLOAD 859 rows over 4 (phase,function) groups; 179 DISTINCT tuple positions (79.2% of the rows are suffix re-reads, inflation 4.80x). The nested-suffix model holds on every block, so DISTINCT is exact.
  RAW WINDOW VACUOUS — 0 pairs aligned across sched2/sched3 (1 function(s) skipped on a length mismatch, window 128B).
                   NOTHING WAS COMPARED. This says nothing about what COLOR writes.
== wosf_handle_guard_neg.cpp digest=ad90387532380651
  SCHED+GLOBREGS fn1: sched1=221 sched2=218 DIFFERS
  SCHED+GLOBREGS fn2: sched1=221 sched2=218 DIFFERS
  SCHED+GLOBREGS fn3: sched1=221 sched2=218 DIFFERS
  SCHED+GLOBREGS fn4: sched1=225 sched2=222 DIFFERS
  SCHED+GLOBREGS fn5: sched1=218 sched2=215 DIFFERS
  SCHED+GLOBREGS fn6: sched1=221 sched2=218 DIFFERS
  SCHED+GLOBREGS fn7: sched1=221 sched2=218 DIFFERS
  SCHED+GLOBREGS fn8: sched1=221 sched2=218 DIFFERS
  SCHED+GLOBREGS fn9: sched1=221 sched2=218 DIFFERS
  SCHED+GLOBREGS fn10: sched1=228 sched2=225 DIFFERS
  COLOR fn1: sched2=218 sched3=217 DIFFERS
  COLOR fn2: sched2=218 sched3=217 DIFFERS
  COLOR fn3: sched2=218 sched3=217 DIFFERS
  COLOR fn4: sched2=222 sched3=217 DIFFERS
  COLOR fn5: sched2=215 sched3=214 DIFFERS
  COLOR fn6: sched2=218 sched3=217 DIFFERS
  COLOR fn7: sched2=218 sched3=217 DIFFERS
  COLOR fn8: sched2=218 sched3=217 DIFFERS
  COLOR fn9: sched2=218 sched3=217 DIFFERS
  COLOR fn10: sched2=225 sched3=224 DIFFERS
  LOWERING fn1: sched3=217 sched0=203 DIFFERS
  LOWERING fn2: sched3=217 sched0=203 DIFFERS
  LOWERING fn3: sched3=217 sched0=203 DIFFERS
  LOWERING fn4: sched3=217 sched0=200 DIFFERS
  LOWERING fn5: sched3=214 sched0=200 DIFFERS
  LOWERING fn6: sched3=217 sched0=203 DIFFERS
  LOWERING fn7: sched3=217 sched0=203 DIFFERS
  LOWERING fn8: sched3=217 sched0=203 DIFFERS
  LOWERING fn9: sched3=217 sched0=203 DIFFERS
  LOWERING fn10: sched3=224 sched0=210 DIFFERS
  gap-metric stage-snap-tuples 8611
  gap-metric stage-snap-regions 329
  gap-metric stage-snap-walk-refusals 0
  gap-metric stage-snap-tuples-distinct 1793
  gap-metric stage-snap-tuple-groups 40
  gap-metric stage-snap-suffix-violations 0
  gap-metric stage-color-pairs 10
  gap-metric stage-color-pairs-differing 10
  PAYLOAD 8611 rows over 40 (phase,function) groups; 1793 DISTINCT tuple positions (79.2% of the rows are suffix re-reads, inflation 4.80x). The nested-suffix model holds on every block, so DISTINCT is exact.
  RAW WINDOW VACUOUS — 0 pairs aligned across sched2/sched3 (10 function(s) skipped on a length mismatch, window 128B).
                   NOTHING WAS COMPARED. This says nothing about what COLOR writes.
== wpark_lit_permuted.cpp digest=b633389eab16593a
  SCHED+GLOBREGS fn1: sched1=64 sched2=64 IDENTICAL
  SCHED+GLOBREGS fn2: sched1=144 sched2=144 IDENTICAL
  SCHED+GLOBREGS fn3: sched1=68 sched2=68 IDENTICAL
  SCHED+GLOBREGS fn4: sched1=151 sched2=151 IDENTICAL
  SCHED+GLOBREGS fn5: sched1=68 sched2=68 IDENTICAL
  COLOR fn1: sched2=64 sched3=63 DIFFERS
  COLOR fn2: sched2=144 sched3=143 DIFFERS
  COLOR fn3: sched2=68 sched3=67 DIFFERS
  COLOR fn4: sched2=151 sched3=150 DIFFERS
  COLOR fn5: sched2=68 sched3=67 DIFFERS
  LOWERING fn1: sched3=63 sched0=60 DIFFERS
  LOWERING fn2: sched3=143 sched0=126 DIFFERS
  LOWERING fn3: sched3=67 sched0=66 DIFFERS
  LOWERING fn4: sched3=150 sched0=126 DIFFERS
  LOWERING fn5: sched3=67 sched0=60 DIFFERS
  gap-metric stage-snap-tuples 1918
  gap-metric stage-snap-regions 124
  gap-metric stage-snap-walk-refusals 0
  gap-metric stage-snap-tuples-distinct 442
  gap-metric stage-snap-tuple-groups 20
  gap-metric stage-snap-suffix-violations 0
  gap-metric stage-color-pairs 5
  gap-metric stage-color-pairs-differing 5
  PAYLOAD 1918 rows over 20 (phase,function) groups; 442 DISTINCT tuple positions (77.0% of the rows are suffix re-reads, inflation 4.34x). The nested-suffix model holds on every block, so DISTINCT is exact.
  RAW WINDOW VACUOUS — 0 pairs aligned across sched2/sched3 (5 function(s) skipped on a length mismatch, window 128B).
                   NOTHING WAS COMPARED. This says nothing about what COLOR writes.
== wpark_lit_permuted_neg.cpp digest=e3b73baa95f1b603
  SCHED+GLOBREGS fn1: sched1=13 sched2=12 DIFFERS
  SCHED+GLOBREGS fn2: sched1=64 sched2=63 DIFFERS
  SCHED+GLOBREGS fn3: sched1=68 sched2=68 IDENTICAL
  SCHED+GLOBREGS fn4: sched1=72 sched2=72 IDENTICAL
  SCHED+GLOBREGS fn5: sched1=64 sched2=63 DIFFERS
  SCHED+GLOBREGS fn6: sched1=96 sched2=96 DIFFERS
  SCHED+GLOBREGS fn7: sched1=68 sched2=67 DIFFERS
  COLOR fn1: sched2=12 sched3=12 IDENTICAL
  COLOR fn2: sched2=63 sched3=63 IDENTICAL
  COLOR fn3: sched2=68 sched3=67 DIFFERS
  COLOR fn4: sched2=72 sched3=71 DIFFERS
  COLOR fn5: sched2=63 sched3=63 DIFFERS
  COLOR fn6: sched2=96 sched3=95 DIFFERS
  COLOR fn7: sched2=67 sched3=67 IDENTICAL
  LOWERING fn1: sched3=12 sched0=18 DIFFERS
  LOWERING fn2: sched3=63 sched0=60 DIFFERS
  LOWERING fn3: sched3=67 sched0=64 DIFFERS
  LOWERING fn4: sched3=71 sched0=64 DIFFERS
  LOWERING fn5: sched3=63 sched0=65 DIFFERS
  LOWERING fn6: sched3=95 sched0=70 DIFFERS
  LOWERING fn7: sched3=67 sched0=65 DIFFERS
  gap-metric stage-snap-tuples 1730
  gap-metric stage-snap-regions 128
  gap-metric stage-snap-walk-refusals 0
  gap-metric stage-snap-tuples-distinct 511
  gap-metric stage-snap-tuple-groups 28
  gap-metric stage-snap-suffix-violations 0
  gap-metric stage-color-pairs 7
  gap-metric stage-color-pairs-differing 4
  PAYLOAD 1730 rows over 28 (phase,function) groups; 511 DISTINCT tuple positions (70.5% of the rows are suffix re-reads, inflation 3.39x). The nested-suffix model holds on every block, so DISTINCT is exact.
  RAW WINDOW 128B, 205 tuple pairs aligned across sched2/sched3 (3 function(s) skipped on a length mismatch).
                   offsets COLOR writes: +0x0(6) +0x1(3) +0x4(4) +0x10(8) +0x11(4) +0x28(20) +0x29(13) +0x2a(4) +0x2b(4) +0x2c(4) +0x34(8) +0x35(8) +0x36(8) +0x37(8) +0x38(8) +0x39(4) +0x3c(13) +0x3d(17) +0x3e(8) +0x3f(8) +0x40(5) +0x41(5) +0x44(37) +0x45(18) +0x46(30) +0x47(14) +0x49(24) +0x50(20) +0x51(20) +0x52(20) +0x53(16) +0x54(12) +0x55(8) +0x56(8) +0x57(8) +0x58(18) +0x59(13) +0x5a(8) +0x5b(8) +0x5c(4) +0x5d(4) +0x60(2) +0x61(2) +0x64(24) +0x66(12) +0x69(12) +0x6c(6) +0x6d(6) +0x6e(6) +0x6f(6) +0x70(8) +0x74(16) +0x75(12) +0x76(8) +0x78(12) +0x79(4) +0x7c(4) +0x7d(4) +0x7e(8) +0x7f(4)
== wpool2_free_list.cpp digest=f5d00193803bf519
  SCHED+GLOBREGS fn1: sched1=91 sched2=91 DIFFERS
  SCHED+GLOBREGS fn2: sched1=61 sched2=61 DIFFERS
  SCHED+GLOBREGS fn3: sched1=26 sched2=26 IDENTICAL
  COLOR fn1: sched2=91 sched3=89 DIFFERS
  COLOR fn2: sched2=61 sched3=61 IDENTICAL
  COLOR fn3: sched2=26 sched3=25 DIFFERS
  LOWERING fn1: sched3=89 sched0=67 DIFFERS
  LOWERING fn2: sched3=61 sched0=31 DIFFERS
  LOWERING fn3: sched3=25 sched0=22 DIFFERS
  gap-metric stage-snap-tuples 651
  gap-metric stage-snap-regions 55
  gap-metric stage-snap-walk-refusals 0
  gap-metric stage-snap-tuples-distinct 233
  gap-metric stage-snap-tuple-groups 12
  gap-metric stage-snap-suffix-violations 0
  gap-metric stage-color-pairs 3
  gap-metric stage-color-pairs-differing 2
  PAYLOAD 651 rows over 12 (phase,function) groups; 233 DISTINCT tuple positions (64.2% of the rows are suffix re-reads, inflation 2.79x). The nested-suffix model holds on every block, so DISTINCT is exact.
  RAW WINDOW 128B, 61 tuple pairs aligned across sched2/sched3 (2 function(s) skipped on a length mismatch).
                   offsets COLOR writes: +0x49(8) +0x50(12) +0x51(12) +0x52(12) +0x53(12)
== wpool2_free_list_neg.cpp digest=119af6e7d7239460
  SCHED+GLOBREGS fn1: sched1=61 sched2=61 DIFFERS
  SCHED+GLOBREGS fn2: sched1=24 sched2=24 IDENTICAL
  SCHED+GLOBREGS fn3: sched1=26 sched2=26 IDENTICAL
  SCHED+GLOBREGS fn4: sched1=26 sched2=26 IDENTICAL
  SCHED+GLOBREGS fn5: sched1=91 sched2=91 DIFFERS
  SCHED+GLOBREGS fn6: sched1=91 sched2=91 DIFFERS
  SCHED+GLOBREGS fn7: sched1=93 sched2=93 DIFFERS
  COLOR fn1: sched2=61 sched3=61 IDENTICAL
  COLOR fn2: sched2=24 sched3=23 DIFFERS
  COLOR fn3: sched2=26 sched3=25 DIFFERS
  COLOR fn4: sched2=26 sched3=25 DIFFERS
  COLOR fn5: sched2=91 sched3=89 DIFFERS
  COLOR fn6: sched2=91 sched3=89 DIFFERS
  COLOR fn7: sched2=93 sched3=91 DIFFERS
  LOWERING fn1: sched3=61 sched0=43 DIFFERS
  LOWERING fn2: sched3=23 sched0=20 DIFFERS
  LOWERING fn3: sched3=25 sched0=22 DIFFERS
  LOWERING fn4: sched3=25 sched0=22 DIFFERS
  LOWERING fn5: sched3=89 sched0=66 DIFFERS
  LOWERING fn6: sched3=89 sched0=67 DIFFERS
  LOWERING fn7: sched3=91 sched0=69 DIFFERS
  gap-metric stage-snap-tuples 1536
  gap-metric stage-snap-regions 128
  gap-metric stage-snap-walk-refusals 0
  gap-metric stage-snap-tuples-distinct 562
  gap-metric stage-snap-tuple-groups 28
  gap-metric stage-snap-suffix-violations 0
  gap-metric stage-color-pairs 7
  gap-metric stage-color-pairs-differing 6
  PAYLOAD 1536 rows over 28 (phase,function) groups; 562 DISTINCT tuple positions (63.4% of the rows are suffix re-reads, inflation 2.73x). The nested-suffix model holds on every block, so DISTINCT is exact.
  RAW WINDOW 128B, 61 tuple pairs aligned across sched2/sched3 (6 function(s) skipped on a length mismatch).
                   offsets COLOR writes: +0x49(8) +0x50(12) +0x51(12) +0x52(12) +0x53(12)
== wpool_guard_bclr_fold_neg.cpp digest=9ffd6c06cdc8fab1
  SCHED+GLOBREGS fn1: sched1=26 sched2=26 IDENTICAL
  COLOR fn1: sched2=26 sched3=25 DIFFERS
  LOWERING fn1: sched3=25 sched0=22 DIFFERS
  gap-metric stage-snap-tuples 99
  gap-metric stage-snap-regions 12
  gap-metric stage-snap-walk-refusals 0
  gap-metric stage-snap-tuples-distinct 45
  gap-metric stage-snap-tuple-groups 4
  gap-metric stage-snap-suffix-violations 0
  gap-metric stage-color-pairs 1
  gap-metric stage-color-pairs-differing 1
  PAYLOAD 99 rows over 4 (phase,function) groups; 45 DISTINCT tuple positions (54.5% of the rows are suffix re-reads, inflation 2.20x). The nested-suffix model holds on every block, so DISTINCT is exact.
  RAW WINDOW VACUOUS — 0 pairs aligned across sched2/sched3 (1 function(s) skipped on a length mismatch, window 128B).
                   NOTHING WAS COMPARED. This says nothing about what COLOR writes.
== wpool_store_leaf_member_value.cpp digest=b5a16202bbca6ad3
  SCHED+GLOBREGS fn1: sched1=10 sched2=10 IDENTICAL
  COLOR fn1: sched2=10 sched3=10 IDENTICAL
  LOWERING fn1: sched3=10 sched0=10 DIFFERS
  gap-metric stage-snap-tuples 40
  gap-metric stage-snap-regions 8
  gap-metric stage-snap-walk-refusals 0
  gap-metric stage-snap-tuples-distinct 24
  gap-metric stage-snap-tuple-groups 4
  gap-metric stage-snap-suffix-violations 0
  gap-metric stage-color-pairs 1
  gap-metric stage-color-pairs-differing 0
  PAYLOAD 40 rows over 4 (phase,function) groups; 24 DISTINCT tuple positions (40.0% of the rows are suffix re-reads, inflation 1.67x). The nested-suffix model holds on every block, so DISTINCT is exact.
  RAW WINDOW 128B, 10 tuple pairs aligned across sched2/sched3 (0 function(s) skipped on a length mismatch).
                   offsets COLOR writes: NONE — the allocator wrote nothing in this window
  FINDING, not a green: the pre/post-COLOR snapshots are IDENTICAL on every
                   function here. The walk is reading fields COLOR does not write — it shows THAT
                   the allocator ran, not WHAT it did.
== wpool_store_run_member_value_neg.cpp digest=1efd164b09320fcb
  SCHED+GLOBREGS fn1: sched1=11 sched2=11 IDENTICAL
  COLOR fn1: sched2=11 sched3=11 IDENTICAL
  LOWERING fn1: sched3=11 sched0=11 DIFFERS
  gap-metric stage-snap-tuples 44
  gap-metric stage-snap-regions 8
  gap-metric stage-snap-walk-refusals 0
  gap-metric stage-snap-tuples-distinct 28
  gap-metric stage-snap-tuple-groups 4
  gap-metric stage-snap-suffix-violations 0
  gap-metric stage-color-pairs 1
  gap-metric stage-color-pairs-differing 0
  PAYLOAD 44 rows over 4 (phase,function) groups; 28 DISTINCT tuple positions (36.4% of the rows are suffix re-reads, inflation 1.57x). The nested-suffix model holds on every block, so DISTINCT is exact.
  RAW WINDOW 128B, 11 tuple pairs aligned across sched2/sched3 (0 function(s) skipped on a length mismatch).
                   offsets COLOR writes: NONE — the allocator wrote nothing in this window
  FINDING, not a green: the pre/post-COLOR snapshots are IDENTICAL on every
                   function here. The walk is reading fields COLOR does not write — it shows THAT
                   the allocator ran, not WHAT it did.
== wr1_sym_addr.cpp digest=b594d95ed65c7fa2
  SCHED+GLOBREGS fn1: sched1=12 sched2=12 IDENTICAL
  SCHED+GLOBREGS fn2: sched1=13 sched2=13 IDENTICAL
  SCHED+GLOBREGS fn3: sched1=11 sched2=11 IDENTICAL
  SCHED+GLOBREGS fn4: sched1=12 sched2=12 IDENTICAL
  SCHED+GLOBREGS fn5: sched1=14 sched2=14 IDENTICAL
  SCHED+GLOBREGS fn6: sched1=18 sched2=18 IDENTICAL
  SCHED+GLOBREGS fn7: sched1=11 sched2=11 IDENTICAL
  SCHED+GLOBREGS fn8: sched1=11 sched2=11 IDENTICAL
  SCHED+GLOBREGS fn9: sched1=11 sched2=11 IDENTICAL
  SCHED+GLOBREGS fn10: sched1=11 sched2=11 IDENTICAL
  SCHED+GLOBREGS fn11: sched1=11 sched2=11 IDENTICAL
  SCHED+GLOBREGS fn12: sched1=11 sched2=11 IDENTICAL
  SCHED+GLOBREGS fn13: sched1=12 sched2=12 DIFFERS
  SCHED+GLOBREGS fn14: sched1=12 sched2=12 DIFFERS
  SCHED+GLOBREGS fn15: sched1=12 sched2=12 DIFFERS
  SCHED+GLOBREGS fn16: sched1=13 sched2=13 IDENTICAL
  SCHED+GLOBREGS fn17: sched1=13 sched2=13 IDENTICAL
  SCHED+GLOBREGS fn18: sched1=13 sched2=13 DIFFERS
  SCHED+GLOBREGS fn19: sched1=12 sched2=12 DIFFERS
  SCHED+GLOBREGS fn20: sched1=13 sched2=13 DIFFERS
  SCHED+GLOBREGS fn21: sched1=14 sched2=14 DIFFERS
  SCHED+GLOBREGS fn22: sched1=15 sched2=15 DIFFERS
  SCHED+GLOBREGS fn23: sched1=14 sched2=14 DIFFERS
  SCHED+GLOBREGS fn24: sched1=13 sched2=13 DIFFERS
  SCHED+GLOBREGS fn25: sched1=11 sched2=11 IDENTICAL
  SCHED+GLOBREGS fn26: sched1=11 sched2=11 IDENTICAL
  SCHED+GLOBREGS fn27: sched1=12 sched2=11 DIFFERS
  COLOR fn1: sched2=12 sched3=12 DIFFERS
  COLOR fn2: sched2=13 sched3=13 DIFFERS
  COLOR fn3: sched2=11 sched3=11 IDENTICAL
  COLOR fn4: sched2=12 sched3=12 DIFFERS
  COLOR fn5: sched2=14 sched3=14 DIFFERS
  COLOR fn6: sched2=18 sched3=18 DIFFERS
  COLOR fn7: sched2=11 sched3=11 IDENTICAL
  COLOR fn8: sched2=11 sched3=11 IDENTICAL
  COLOR fn9: sched2=11 sched3=11 IDENTICAL
  COLOR fn10: sched2=11 sched3=11 IDENTICAL
  COLOR fn11: sched2=11 sched3=11 IDENTICAL
  COLOR fn12: sched2=11 sched3=11 IDENTICAL
  COLOR fn13: sched2=12 sched3=12 DIFFERS
  COLOR fn14: sched2=12 sched3=12 DIFFERS
  COLOR fn15: sched2=12 sched3=12 DIFFERS
  COLOR fn16: sched2=13 sched3=13 DIFFERS
  COLOR fn17: sched2=13 sched3=13 DIFFERS
  COLOR fn18: sched2=13 sched3=13 DIFFERS
  COLOR fn19: sched2=12 sched3=12 DIFFERS
  COLOR fn20: sched2=13 sched3=13 DIFFERS
  COLOR fn21: sched2=14 sched3=14 DIFFERS
  COLOR fn22: sched2=15 sched3=15 DIFFERS
  COLOR fn23: sched2=14 sched3=14 DIFFERS
  COLOR fn24: sched2=13 sched3=13 DIFFERS
  COLOR fn25: sched2=11 sched3=11 IDENTICAL
  COLOR fn26: sched2=11 sched3=11 IDENTICAL
  COLOR fn27: sched2=11 sched3=11 IDENTICAL
  LOWERING fn1: sched3=12 sched0=9 DIFFERS
  LOWERING fn2: sched3=13 sched0=9 DIFFERS
  LOWERING fn3: sched3=11 sched0=9 DIFFERS
  LOWERING fn4: sched3=12 sched0=9 DIFFERS
  LOWERING fn5: sched3=14 sched0=9 DIFFERS
  LOWERING fn6: sched3=18 sched0=9 DIFFERS
  LOWERING fn7: sched3=11 sched0=9 DIFFERS
  LOWERING fn8: sched3=11 sched0=9 DIFFERS
  LOWERING fn9: sched3=11 sched0=9 DIFFERS
  LOWERING fn10: sched3=11 sched0=9 DIFFERS
  LOWERING fn11: sched3=11 sched0=9 DIFFERS
  LOWERING fn12: sched3=11 sched0=9 DIFFERS
  LOWERING fn13: sched3=12 sched0=10 DIFFERS
  LOWERING fn14: sched3=12 sched0=10 DIFFERS
  LOWERING fn15: sched3=12 sched0=10 DIFFERS
  LOWERING fn16: sched3=13 sched0=10 DIFFERS
  LOWERING fn17: sched3=13 sched0=10 DIFFERS
  LOWERING fn18: sched3=13 sched0=10 DIFFERS
  LOWERING fn19: sched3=12 sched0=10 DIFFERS
  LOWERING fn20: sched3=13 sched0=11 DIFFERS
  LOWERING fn21: sched3=14 sched0=12 DIFFERS
  LOWERING fn22: sched3=15 sched0=13 DIFFERS
  LOWERING fn23: sched3=14 sched0=12 DIFFERS
  LOWERING fn24: sched3=13 sched0=10 DIFFERS
  LOWERING fn25: sched3=11 sched0=9 DIFFERS
  LOWERING fn26: sched3=11 sched0=9 DIFFERS
  LOWERING fn27: sched3=11 sched0=16 DIFFERS
  gap-metric stage-snap-tuples 1276
  gap-metric stage-snap-regions 216
  gap-metric stage-snap-walk-refusals 0
  gap-metric stage-snap-tuples-distinct 867
  gap-metric stage-snap-tuple-groups 108
  gap-metric stage-snap-suffix-violations 0
  gap-metric stage-color-pairs 27
  gap-metric stage-color-pairs-differing 17
  PAYLOAD 1276 rows over 108 (phase,function) groups; 867 DISTINCT tuple positions (32.1% of the rows are suffix re-reads, inflation 1.47x). The nested-suffix model holds on every block, so DISTINCT is exact.
  RAW WINDOW 128B, 335 tuple pairs aligned across sched2/sched3 (0 function(s) skipped on a length mismatch).
                   offsets COLOR writes: +0x0(64) +0x1(60) +0x2(16) +0x4(68) +0x10(64) +0x11(60) +0x12(16) +0x28(56) +0x29(58) +0x2a(14) +0x2c(64) +0x2d(52) +0x2e(10) +0x34(64) +0x35(52) +0x36(28) +0x37(24) +0x38(12) +0x39(2) +0x3c(10) +0x3d(2) +0x3e(2) +0x3f(2) +0x40(8) +0x44(26) +0x45(6) +0x46(12) +0x47(4) +0x48(12) +0x49(7) +0x4a(3) +0x4c(30) +0x4d(46) +0x4e(20) +0x4f(20) +0x50(32) +0x51(66) +0x52(64) +0x53(64) +0x54(67) +0x55(63) +0x56(55) +0x57(48) +0x58(71) +0x59(29) +0x5c(56) +0x5d(20) +0x5e(28) +0x5f(36) +0x60(12) +0x61(12) +0x62(4) +0x63(4) +0x64(85) +0x65(58) +0x66(44) +0x67(28) +0x68(26) +0x6c(58) +0x6d(68) +0x6e(48) +0x6f(48) +0x70(20) +0x71(20) +0x72(20) +0x73(12) +0x74(64) +0x75(64) +0x76(56) +0x77(52) +0x78(69) +0x79(27) +0x7c(40) +0x7d(20) +0x7e(32) +0x7f(32)
== wr1_sym_addr_neg.cpp digest=139ab261632b7c14
  SCHED+GLOBREGS fn1: sched1=11 sched2=11 IDENTICAL
  SCHED+GLOBREGS fn2: sched1=12 sched2=12 IDENTICAL
  SCHED+GLOBREGS fn3: sched1=12 sched2=12 DIFFERS
  SCHED+GLOBREGS fn4: sched1=11 sched2=11 IDENTICAL
  SCHED+GLOBREGS fn5: sched1=11 sched2=11 IDENTICAL
  SCHED+GLOBREGS fn6: sched1=13 sched2=13 IDENTICAL
  SCHED+GLOBREGS fn7: sched1=14 sched2=14 IDENTICAL
  SCHED+GLOBREGS fn8: sched1=12 sched2=12 IDENTICAL
  SCHED+GLOBREGS fn9: sched1=12 sched2=12 IDENTICAL
  SCHED+GLOBREGS fn10: sched1=12 sched2=11 DIFFERS
  SCHED+GLOBREGS fn11: sched1=14 sched2=13 DIFFERS
  SCHED+GLOBREGS fn12: sched1=10 sched2=12 DIFFERS
  SCHED+GLOBREGS fn13: sched1=13 sched2=13 IDENTICAL
  COLOR fn1: sched2=11 sched3=11 IDENTICAL
  COLOR fn2: sched2=12 sched3=12 DIFFERS
  COLOR fn3: sched2=12 sched3=12 DIFFERS
  COLOR fn4: sched2=11 sched3=11 IDENTICAL
  COLOR fn5: sched2=11 sched3=11 IDENTICAL
  COLOR fn6: sched2=13 sched3=13 DIFFERS
  COLOR fn7: sched2=14 sched3=14 DIFFERS
  COLOR fn8: sched2=12 sched3=12 IDENTICAL
  COLOR fn9: sched2=12 sched3=12 IDENTICAL
  COLOR fn10: sched2=11 sched3=11 IDENTICAL
  COLOR fn11: sched2=13 sched3=13 DIFFERS
  COLOR fn12: sched2=12 sched3=12 IDENTICAL
  COLOR fn13: sched2=13 sched3=13 IDENTICAL
  LOWERING fn1: sched3=11 sched0=9 DIFFERS
  LOWERING fn2: sched3=12 sched0=9 DIFFERS
  LOWERING fn3: sched3=12 sched0=10 DIFFERS
  LOWERING fn4: sched3=11 sched0=9 DIFFERS
  LOWERING fn5: sched3=11 sched0=9 DIFFERS
  LOWERING fn6: sched3=13 sched0=11 DIFFERS
  LOWERING fn7: sched3=14 sched0=11 DIFFERS
  LOWERING fn8: sched3=12 sched0=10 DIFFERS
  LOWERING fn9: sched3=12 sched0=10 DIFFERS
  LOWERING fn10: sched3=11 sched0=10 DIFFERS
  LOWERING fn11: sched3=13 sched0=10 DIFFERS
  LOWERING fn12: sched3=12 sched0=9 DIFFERS
  LOWERING fn13: sched3=13 sched0=18 DIFFERS
  gap-metric stage-snap-tuples 606
  gap-metric stage-snap-regions 104
  gap-metric stage-snap-walk-refusals 0
  gap-metric stage-snap-tuples-distinct 407
  gap-metric stage-snap-tuple-groups 52
  gap-metric stage-snap-suffix-violations 0
  gap-metric stage-color-pairs 13
  gap-metric stage-color-pairs-differing 5
  PAYLOAD 606 rows over 52 (phase,function) groups; 407 DISTINCT tuple positions (32.8% of the rows are suffix re-reads, inflation 1.49x). The nested-suffix model holds on every block, so DISTINCT is exact.
  RAW WINDOW 128B, 157 tuple pairs aligned across sched2/sched3 (0 function(s) skipped on a length mismatch).
                   offsets COLOR writes: +0x0(16) +0x1(18) +0x4(16) +0x10(16) +0x11(18) +0x28(16) +0x29(16) +0x2c(18) +0x2d(14) +0x34(20) +0x35(13) +0x36(1) +0x38(4) +0x39(2) +0x3c(2) +0x3d(8) +0x3e(2) +0x3f(2) +0x40(2) +0x44(10) +0x45(12) +0x46(9) +0x47(8) +0x48(8) +0x49(3) +0x4c(12) +0x4d(14) +0x4e(4) +0x4f(4) +0x50(12) +0x51(14) +0x52(12) +0x53(12) +0x54(18) +0x55(17) +0x56(16) +0x57(16) +0x58(20) +0x59(6) +0x5c(16) +0x5d(8) +0x5e(8) +0x5f(6) +0x60(4) +0x61(4) +0x62(4) +0x63(4) +0x64(16) +0x65(22) +0x66(16) +0x67(16) +0x68(14) +0x6c(20) +0x6d(16) +0x6e(20) +0x6f(20) +0x70(4) +0x71(4) +0x72(4) +0x73(4) +0x74(18) +0x75(20) +0x76(20) +0x77(20) +0x78(21) +0x79(15) +0x7c(16) +0x7d(8) +0x7e(12) +0x7f(16)
== wr1c_dyninit_extern.cpp digest=e9afa20009f4ff41
  SCHED+GLOBREGS fn1: sched1=14 sched2=14 DIFFERS
  COLOR fn1: sched2=14 sched3=14 DIFFERS
  LOWERING fn1: sched3=14 sched0=12 DIFFERS
  gap-metric stage-snap-tuples 54
  gap-metric stage-snap-regions 8
  gap-metric stage-snap-walk-refusals 0
  gap-metric stage-snap-tuples-distinct 39
  gap-metric stage-snap-tuple-groups 4
  gap-metric stage-snap-suffix-violations 0
  gap-metric stage-color-pairs 1
  gap-metric stage-color-pairs-differing 1
  PAYLOAD 54 rows over 4 (phase,function) groups; 39 DISTINCT tuple positions (27.8% of the rows are suffix re-reads, inflation 1.38x). The nested-suffix model holds on every block, so DISTINCT is exact.
  RAW WINDOW 128B, 14 tuple pairs aligned across sched2/sched3 (0 function(s) skipped on a length mismatch).
                   offsets COLOR writes: +0x0(4) +0x1(2) +0x4(2) +0x10(4) +0x11(2) +0x28(2) +0x29(2) +0x2c(2) +0x2d(4) +0x34(3) +0x35(4) +0x44(2) +0x45(1) +0x48(2) +0x4c(2) +0x4d(2) +0x50(2) +0x51(2) +0x54(2) +0x55(4) +0x56(4) +0x57(4) +0x58(6) +0x59(1) +0x5c(2) +0x5d(2) +0x5f(2) +0x64(2) +0x65(4) +0x66(4) +0x67(4) +0x68(4) +0x6c(2) +0x6d(4) +0x6e(4) +0x6f(4) +0x74(2) +0x75(4) +0x76(4) +0x77(4) +0x78(4) +0x79(2) +0x7c(4) +0x7d(4) +0x7e(2) +0x7f(4)
== wr1c_dyninit_two_objects.cpp digest=e9afa20009f4ff41
  SCHED+GLOBREGS fn1: sched1=14 sched2=14 DIFFERS
  COLOR fn1: sched2=14 sched3=14 DIFFERS
  LOWERING fn1: sched3=14 sched0=12 DIFFERS
  gap-metric stage-snap-tuples 54
  gap-metric stage-snap-regions 8
  gap-metric stage-snap-walk-refusals 0
  gap-metric stage-snap-tuples-distinct 39
  gap-metric stage-snap-tuple-groups 4
  gap-metric stage-snap-suffix-violations 0
  gap-metric stage-color-pairs 1
  gap-metric stage-color-pairs-differing 1
  PAYLOAD 54 rows over 4 (phase,function) groups; 39 DISTINCT tuple positions (27.8% of the rows are suffix re-reads, inflation 1.38x). The nested-suffix model holds on every block, so DISTINCT is exact.
  RAW WINDOW 128B, 14 tuple pairs aligned across sched2/sched3 (0 function(s) skipped on a length mismatch).
                   offsets COLOR writes: +0x0(4) +0x1(2) +0x4(2) +0x10(4) +0x11(2) +0x28(2) +0x29(2) +0x2c(2) +0x2d(4) +0x34(3) +0x35(4) +0x44(2) +0x45(1) +0x48(2) +0x4c(2) +0x4d(2) +0x50(2) +0x51(2) +0x54(2) +0x55(4) +0x56(4) +0x57(4) +0x58(6) +0x59(1) +0x5c(2) +0x5d(2) +0x5f(2) +0x64(2) +0x65(4) +0x66(4) +0x67(4) +0x68(4) +0x6c(2) +0x6d(4) +0x6e(4) +0x6f(4) +0x74(2) +0x75(4) +0x76(4) +0x77(4) +0x78(4) +0x79(2) +0x7c(4) +0x7d(4) +0x7e(2) +0x7f(4)
== wrr_arg_vocab.cpp digest=f47c378c4609a867
  SCHED+GLOBREGS fn1: sched1=13 sched2=11 DIFFERS
  SCHED+GLOBREGS fn2: sched1=12 sched2=11 DIFFERS
  SCHED+GLOBREGS fn3: sched1=13 sched2=11 DIFFERS
  SCHED+GLOBREGS fn4: sched1=13 sched2=11 DIFFERS
  SCHED+GLOBREGS fn5: sched1=12 sched2=11 DIFFERS
  SCHED+GLOBREGS fn6: sched1=14 sched2=11 DIFFERS
  SCHED+GLOBREGS fn7: sched1=13 sched2=11 DIFFERS
  SCHED+GLOBREGS fn8: sched1=13 sched2=11 DIFFERS
  COLOR fn1: sched2=11 sched3=11 IDENTICAL
  COLOR fn2: sched2=11 sched3=11 IDENTICAL
  COLOR fn3: sched2=11 sched3=11 IDENTICAL
  COLOR fn4: sched2=11 sched3=11 IDENTICAL
  COLOR fn5: sched2=11 sched3=11 IDENTICAL
  COLOR fn6: sched2=11 sched3=11 IDENTICAL
  COLOR fn7: sched2=11 sched3=11 IDENTICAL
  COLOR fn8: sched2=11 sched3=11 IDENTICAL
  LOWERING fn1: sched3=11 sched0=7 DIFFERS
  LOWERING fn2: sched3=11 sched0=7 DIFFERS
  LOWERING fn3: sched3=11 sched0=7 DIFFERS
  LOWERING fn4: sched3=11 sched0=7 DIFFERS
  LOWERING fn5: sched3=11 sched0=7 DIFFERS
  LOWERING fn6: sched3=11 sched0=7 DIFFERS
  LOWERING fn7: sched3=11 sched0=7 DIFFERS
  LOWERING fn8: sched3=11 sched0=7 DIFFERS
  gap-metric stage-snap-tuples 335
  gap-metric stage-snap-regions 64
  gap-metric stage-snap-walk-refusals 0
  gap-metric stage-snap-tuples-distinct 215
  gap-metric stage-snap-tuple-groups 32
  gap-metric stage-snap-suffix-violations 0
  gap-metric stage-color-pairs 8
  gap-metric stage-color-pairs-differing 0
  PAYLOAD 335 rows over 32 (phase,function) groups; 215 DISTINCT tuple positions (35.8% of the rows are suffix re-reads, inflation 1.56x). The nested-suffix model holds on every block, so DISTINCT is exact.
  RAW WINDOW 128B, 88 tuple pairs aligned across sched2/sched3 (0 function(s) skipped on a length mismatch).
                   offsets COLOR writes: NONE — the allocator wrote nothing in this window
  FINDING, not a green: the pre/post-COLOR snapshots are IDENTICAL on every
                   function here. The walk is reading fields COLOR does not write — it shows THAT
                   the allocator ran, not WHAT it did.
== wrr_arg_vocab_neg.cpp digest=79a27b105a504deb
  SCHED+GLOBREGS fn1: sched1=13 sched2=13 IDENTICAL
  SCHED+GLOBREGS fn2: sched1=13 sched2=11 DIFFERS
  SCHED+GLOBREGS fn3: sched1=13 sched2=11 DIFFERS
  SCHED+GLOBREGS fn4: sched1=13 sched2=11 DIFFERS
  SCHED+GLOBREGS fn5: sched1=12 sched2=11 DIFFERS
  COLOR fn1: sched2=13 sched3=11 DIFFERS
  COLOR fn2: sched2=11 sched3=11 IDENTICAL
  COLOR fn3: sched2=11 sched3=11 IDENTICAL
  COLOR fn4: sched2=11 sched3=11 IDENTICAL
  COLOR fn5: sched2=11 sched3=11 IDENTICAL
  LOWERING fn1: sched3=11 sched0=8 DIFFERS
  LOWERING fn2: sched3=11 sched0=7 DIFFERS
  LOWERING fn3: sched3=11 sched0=7 DIFFERS
  LOWERING fn4: sched3=11 sched0=7 DIFFERS
  LOWERING fn5: sched3=11 sched0=7 DIFFERS
  gap-metric stage-snap-tuples 212
  gap-metric stage-snap-regions 40
  gap-metric stage-snap-walk-refusals 0
  gap-metric stage-snap-tuples-distinct 137
  gap-metric stage-snap-tuple-groups 20
  gap-metric stage-snap-suffix-violations 0
  gap-metric stage-color-pairs 5
  gap-metric stage-color-pairs-differing 1
  PAYLOAD 212 rows over 20 (phase,function) groups; 137 DISTINCT tuple positions (35.4% of the rows are suffix re-reads, inflation 1.55x). The nested-suffix model holds on every block, so DISTINCT is exact.
  RAW WINDOW 128B, 44 tuple pairs aligned across sched2/sched3 (1 function(s) skipped on a length mismatch).
                   offsets COLOR writes: NONE — the allocator wrote nothing in this window
== wsect_both.cpp digest=e88a9d49380530cf
  gap-metric stage-snap-tuples 0
  gap-metric stage-snap-regions 0
  gap-metric stage-snap-walk-refusals 0
  gap-metric stage-snap-tuples-distinct 0
  gap-metric stage-snap-tuple-groups 0
  gap-metric stage-snap-suffix-violations 0
  gap-metric stage-color-pairs 0
  gap-metric stage-color-pairs-differing 0
  RAW WINDOW VACUOUS — 0 pairs aligned across sched2/sched3 (0 function(s) skipped on a length mismatch, window 128B).
                   NOTHING WAS COMPARED. This says nothing about what COLOR writes.
== wsect_bss_big.cpp digest=e88a9d49380530cf
  gap-metric stage-snap-tuples 0
  gap-metric stage-snap-regions 0
  gap-metric stage-snap-walk-refusals 0
  gap-metric stage-snap-tuples-distinct 0
  gap-metric stage-snap-tuple-groups 0
  gap-metric stage-snap-suffix-violations 0
  gap-metric stage-color-pairs 0
  gap-metric stage-color-pairs-differing 0
  RAW WINDOW VACUOUS — 0 pairs aligned across sched2/sched3 (0 function(s) skipped on a length mismatch, window 128B).
                   NOTHING WAS COMPARED. This says nothing about what COLOR writes.
== wsect_bss_one.cpp digest=e88a9d49380530cf
  gap-metric stage-snap-tuples 0
  gap-metric stage-snap-regions 0
  gap-metric stage-snap-walk-refusals 0
  gap-metric stage-snap-tuples-distinct 0
  gap-metric stage-snap-tuple-groups 0
  gap-metric stage-snap-suffix-violations 0
  gap-metric stage-color-pairs 0
  gap-metric stage-color-pairs-differing 0
  RAW WINDOW VACUOUS — 0 pairs aligned across sched2/sched3 (0 function(s) skipped on a length mismatch, window 128B).
                   NOTHING WAS COMPARED. This says nothing about what COLOR writes.
== wsect_bss_pad.cpp digest=e88a9d49380530cf
  gap-metric stage-snap-tuples 0
  gap-metric stage-snap-regions 0
  gap-metric stage-snap-walk-refusals 0
  gap-metric stage-snap-tuples-distinct 0
  gap-metric stage-snap-tuple-groups 0
  gap-metric stage-snap-suffix-violations 0
  gap-metric stage-color-pairs 0
  gap-metric stage-color-pairs-differing 0
  RAW WINDOW VACUOUS — 0 pairs aligned across sched2/sched3 (0 function(s) skipped on a length mismatch, window 128B).
                   NOTHING WAS COMPARED. This says nothing about what COLOR writes.
== wsect_bss_two.cpp digest=e88a9d49380530cf
  gap-metric stage-snap-tuples 0
  gap-metric stage-snap-regions 0
  gap-metric stage-snap-walk-refusals 0
  gap-metric stage-snap-tuples-distinct 0
  gap-metric stage-snap-tuple-groups 0
  gap-metric stage-snap-suffix-violations 0
  gap-metric stage-color-pairs 0
  gap-metric stage-color-pairs-differing 0
  RAW WINDOW VACUOUS — 0 pairs aligned across sched2/sched3 (0 function(s) skipped on a length mismatch, window 128B).
                   NOTHING WAS COMPARED. This says nothing about what COLOR writes.
== wsect_data_linkage.cpp digest=e88a9d49380530cf
  gap-metric stage-snap-tuples 0
  gap-metric stage-snap-regions 0
  gap-metric stage-snap-walk-refusals 0
  gap-metric stage-snap-tuples-distinct 0
  gap-metric stage-snap-tuple-groups 0
  gap-metric stage-snap-suffix-violations 0
  gap-metric stage-color-pairs 0
  gap-metric stage-color-pairs-differing 0
  RAW WINDOW VACUOUS — 0 pairs aligned across sched2/sched3 (0 function(s) skipped on a length mismatch, window 128B).
                   NOTHING WAS COMPARED. This says nothing about what COLOR writes.
== wsect_data_one.cpp digest=e88a9d49380530cf
  gap-metric stage-snap-tuples 0
  gap-metric stage-snap-regions 0
  gap-metric stage-snap-walk-refusals 0
  gap-metric stage-snap-tuples-distinct 0
  gap-metric stage-snap-tuple-groups 0
  gap-metric stage-snap-suffix-violations 0
  gap-metric stage-color-pairs 0
  gap-metric stage-color-pairs-differing 0
  RAW WINDOW VACUOUS — 0 pairs aligned across sched2/sched3 (0 function(s) skipped on a length mismatch, window 128B).
                   NOTHING WAS COMPARED. This says nothing about what COLOR writes.
== wsect_data_two.cpp digest=e88a9d49380530cf
  gap-metric stage-snap-tuples 0
  gap-metric stage-snap-regions 0
  gap-metric stage-snap-walk-refusals 0
  gap-metric stage-snap-tuples-distinct 0
  gap-metric stage-snap-tuple-groups 0
  gap-metric stage-snap-suffix-violations 0
  gap-metric stage-color-pairs 0
  gap-metric stage-color-pairs-differing 0
  RAW WINDOW VACUOUS — 0 pairs aligned across sched2/sched3 (0 function(s) skipped on a length mismatch, window 128B).
                   NOTHING WAS COMPARED. This says nothing about what COLOR writes.
== wsect_drop_static.cpp digest=e88a9d49380530cf
  gap-metric stage-snap-tuples 0
  gap-metric stage-snap-regions 0
  gap-metric stage-snap-walk-refusals 0
  gap-metric stage-snap-tuples-distinct 0
  gap-metric stage-snap-tuple-groups 0
  gap-metric stage-snap-suffix-violations 0
  gap-metric stage-color-pairs 0
  gap-metric stage-color-pairs-differing 0
  RAW WINDOW VACUOUS — 0 pairs aligned across sched2/sched3 (0 function(s) skipped on a length mismatch, window 128B).
                   NOTHING WAS COMPARED. This says nothing about what COLOR writes.
== wsect_refuse_const.cpp digest=e88a9d49380530cf
  gap-metric stage-snap-tuples 0
  gap-metric stage-snap-regions 0
  gap-metric stage-snap-walk-refusals 0
  gap-metric stage-snap-tuples-distinct 0
  gap-metric stage-snap-tuple-groups 0
  gap-metric stage-snap-suffix-violations 0
  gap-metric stage-color-pairs 0
  gap-metric stage-color-pairs-differing 0
  RAW WINDOW VACUOUS — 0 pairs aligned across sched2/sched3 (0 function(s) skipped on a length mismatch, window 128B).
                   NOTHING WAS COMPARED. This says nothing about what COLOR writes.
== wsect_refuse_float.cpp digest=e88a9d49380530cf
  gap-metric stage-snap-tuples 0
  gap-metric stage-snap-regions 0
  gap-metric stage-snap-walk-refusals 0
  gap-metric stage-snap-tuples-distinct 0
  gap-metric stage-snap-tuple-groups 0
  gap-metric stage-snap-suffix-violations 0
  gap-metric stage-color-pairs 0
  gap-metric stage-color-pairs-differing 0
  RAW WINDOW VACUOUS — 0 pairs aligned across sched2/sched3 (0 function(s) skipped on a length mismatch, window 128B).
                   NOTHING WAS COMPARED. This says nothing about what COLOR writes.
== wsect_refuse_ptr.cpp digest=e88a9d49380530cf
  gap-metric stage-snap-tuples 0
  gap-metric stage-snap-regions 0
  gap-metric stage-snap-walk-refusals 0
  gap-metric stage-snap-tuples-distinct 0
  gap-metric stage-snap-tuple-groups 0
  gap-metric stage-snap-suffix-violations 0
  gap-metric stage-color-pairs 0
  gap-metric stage-color-pairs-differing 0
  RAW WINDOW VACUOUS — 0 pairs aligned across sched2/sched3 (0 function(s) skipped on a length mismatch, window 128B).
                   NOTHING WAS COMPARED. This says nothing about what COLOR writes.
== wsect_refuse_selectany.cpp digest=e88a9d49380530cf
  gap-metric stage-snap-tuples 0
  gap-metric stage-snap-regions 0
  gap-metric stage-snap-walk-refusals 0
  gap-metric stage-snap-tuples-distinct 0
  gap-metric stage-snap-tuple-groups 0
  gap-metric stage-snap-suffix-violations 0
  gap-metric stage-color-pairs 0
  gap-metric stage-color-pairs-differing 0
  RAW WINDOW VACUOUS — 0 pairs aligned across sched2/sched3 (0 function(s) skipped on a length mismatch, window 128B).
                   NOTHING WAS COMPARED. This says nothing about what COLOR writes.
== wsect_refuse_three.cpp digest=e88a9d49380530cf
  gap-metric stage-snap-tuples 0
  gap-metric stage-snap-regions 0
  gap-metric stage-snap-walk-refusals 0
  gap-metric stage-snap-tuples-distinct 0
  gap-metric stage-snap-tuple-groups 0
  gap-metric stage-snap-suffix-violations 0
  gap-metric stage-color-pairs 0
  gap-metric stage-color-pairs-differing 0
  RAW WINDOW VACUOUS — 0 pairs aligned across sched2/sched3 (0 function(s) skipped on a length mismatch, window 128B).
                   NOTHING WAS COMPARED. This says nothing about what COLOR writes.
== wsect_refuse_tls.cpp digest=e88a9d49380530cf
  gap-metric stage-snap-tuples 0
  gap-metric stage-snap-regions 0
  gap-metric stage-snap-walk-refusals 0
  gap-metric stage-snap-tuples-distinct 0
  gap-metric stage-snap-tuple-groups 0
  gap-metric stage-snap-suffix-violations 0
  gap-metric stage-color-pairs 0
  gap-metric stage-color-pairs-differing 0
  RAW WINDOW VACUOUS — 0 pairs aligned across sched2/sched3 (0 function(s) skipped on a length mismatch, window 128B).
                   NOTHING WAS COMPARED. This says nothing about what COLOR writes.
== wsl_store_load.cpp digest=2da66033cb668f66
  SCHED+GLOBREGS fn1: sched1=10 sched2=10 IDENTICAL
  SCHED+GLOBREGS fn2: sched1=10 sched2=10 IDENTICAL
  SCHED+GLOBREGS fn3: sched1=10 sched2=10 IDENTICAL
  SCHED+GLOBREGS fn4: sched1=10 sched2=10 IDENTICAL
  SCHED+GLOBREGS fn5: sched1=10 sched2=10 IDENTICAL
  SCHED+GLOBREGS fn6: sched1=10 sched2=10 IDENTICAL
  SCHED+GLOBREGS fn7: sched1=10 sched2=10 IDENTICAL
  SCHED+GLOBREGS fn8: sched1=10 sched2=10 IDENTICAL
  SCHED+GLOBREGS fn9: sched1=10 sched2=10 IDENTICAL
  SCHED+GLOBREGS fn10: sched1=10 sched2=10 IDENTICAL
  SCHED+GLOBREGS fn11: sched1=10 sched2=10 IDENTICAL
  SCHED+GLOBREGS fn12: sched1=10 sched2=10 IDENTICAL
  SCHED+GLOBREGS fn13: sched1=10 sched2=10 IDENTICAL
  SCHED+GLOBREGS fn14: sched1=10 sched2=10 IDENTICAL
  SCHED+GLOBREGS fn15: sched1=10 sched2=10 IDENTICAL
  SCHED+GLOBREGS fn16: sched1=10 sched2=10 IDENTICAL
  SCHED+GLOBREGS fn17: sched1=10 sched2=10 IDENTICAL
  SCHED+GLOBREGS fn18: sched1=10 sched2=10 IDENTICAL
  SCHED+GLOBREGS fn19: sched1=10 sched2=10 IDENTICAL
  SCHED+GLOBREGS fn20: sched1=10 sched2=10 IDENTICAL
  SCHED+GLOBREGS fn21: sched1=10 sched2=10 IDENTICAL
  SCHED+GLOBREGS fn22: sched1=10 sched2=10 IDENTICAL
  SCHED+GLOBREGS fn23: sched1=12 sched2=12 IDENTICAL
  SCHED+GLOBREGS fn24: sched1=14 sched2=14 IDENTICAL
  SCHED+GLOBREGS fn25: sched1=22 sched2=22 IDENTICAL
  SCHED+GLOBREGS fn26: sched1=12 sched2=12 IDENTICAL
  SCHED+GLOBREGS fn27: sched1=12 sched2=12 IDENTICAL
  SCHED+GLOBREGS fn28: sched1=12 sched2=12 IDENTICAL
  SCHED+GLOBREGS fn29: sched1=12 sched2=12 IDENTICAL
  SCHED+GLOBREGS fn30: sched1=16 sched2=16 IDENTICAL
  SCHED+GLOBREGS fn31: sched1=12 sched2=12 IDENTICAL
  SCHED+GLOBREGS fn32: sched1=14 sched2=14 IDENTICAL
  SCHED+GLOBREGS fn33: sched1=14 sched2=14 IDENTICAL
  SCHED+GLOBREGS fn34: sched1=16 sched2=16 IDENTICAL
  SCHED+GLOBREGS fn35: sched1=20 sched2=20 IDENTICAL
  SCHED+GLOBREGS fn36: sched1=16 sched2=16 IDENTICAL
  SCHED+GLOBREGS fn37: sched1=14 sched2=14 IDENTICAL
  SCHED+GLOBREGS fn38: sched1=14 sched2=14 IDENTICAL
  SCHED+GLOBREGS fn39: sched1=12 sched2=12 IDENTICAL
  SCHED+GLOBREGS fn40: sched1=14 sched2=14 IDENTICAL
  COLOR fn1: sched2=10 sched3=10 IDENTICAL
  COLOR fn2: sched2=10 sched3=10 IDENTICAL
  COLOR fn3: sched2=10 sched3=10 IDENTICAL
  COLOR fn4: sched2=10 sched3=10 IDENTICAL
  COLOR fn5: sched2=10 sched3=10 IDENTICAL
  COLOR fn6: sched2=10 sched3=10 IDENTICAL
  COLOR fn7: sched2=10 sched3=10 IDENTICAL
  COLOR fn8: sched2=10 sched3=10 IDENTICAL
  COLOR fn9: sched2=10 sched3=10 IDENTICAL
  COLOR fn10: sched2=10 sched3=10 IDENTICAL
  COLOR fn11: sched2=10 sched3=10 IDENTICAL
  COLOR fn12: sched2=10 sched3=10 IDENTICAL
  COLOR fn13: sched2=10 sched3=10 IDENTICAL
  COLOR fn14: sched2=10 sched3=10 IDENTICAL
  COLOR fn15: sched2=10 sched3=10 IDENTICAL
  COLOR fn16: sched2=10 sched3=10 IDENTICAL
  COLOR fn17: sched2=10 sched3=10 IDENTICAL
  COLOR fn18: sched2=10 sched3=10 IDENTICAL
  COLOR fn19: sched2=10 sched3=10 IDENTICAL
  COLOR fn20: sched2=10 sched3=10 IDENTICAL
  COLOR fn21: sched2=10 sched3=10 IDENTICAL
  COLOR fn22: sched2=10 sched3=10 IDENTICAL
  COLOR fn23: sched2=12 sched3=12 IDENTICAL
  COLOR fn24: sched2=14 sched3=14 IDENTICAL
  COLOR fn25: sched2=22 sched3=22 IDENTICAL
  COLOR fn26: sched2=12 sched3=12 IDENTICAL
  COLOR fn27: sched2=12 sched3=12 IDENTICAL
  COLOR fn28: sched2=12 sched3=12 IDENTICAL
  COLOR fn29: sched2=12 sched3=12 IDENTICAL
  COLOR fn30: sched2=16 sched3=16 IDENTICAL
  COLOR fn31: sched2=12 sched3=12 IDENTICAL
  COLOR fn32: sched2=14 sched3=14 IDENTICAL
  COLOR fn33: sched2=14 sched3=14 IDENTICAL
  COLOR fn34: sched2=16 sched3=16 IDENTICAL
  COLOR fn35: sched2=20 sched3=20 IDENTICAL
  COLOR fn36: sched2=16 sched3=16 IDENTICAL
  COLOR fn37: sched2=14 sched3=14 IDENTICAL
  COLOR fn38: sched2=14 sched3=14 IDENTICAL
  COLOR fn39: sched2=12 sched3=12 IDENTICAL
  COLOR fn40: sched2=14 sched3=14 IDENTICAL
  LOWERING fn1: sched3=10 sched0=10 DIFFERS
  LOWERING fn2: sched3=10 sched0=10 DIFFERS
  LOWERING fn3: sched3=10 sched0=10 DIFFERS
  LOWERING fn4: sched3=10 sched0=10 DIFFERS
  LOWERING fn5: sched3=10 sched0=10 DIFFERS
  LOWERING fn6: sched3=10 sched0=10 DIFFERS
  LOWERING fn7: sched3=10 sched0=10 DIFFERS
  LOWERING fn8: sched3=10 sched0=10 DIFFERS
  LOWERING fn9: sched3=10 sched0=10 DIFFERS
  LOWERING fn10: sched3=10 sched0=10 DIFFERS
  LOWERING fn11: sched3=10 sched0=10 DIFFERS
  LOWERING fn12: sched3=10 sched0=10 DIFFERS
  LOWERING fn13: sched3=10 sched0=10 DIFFERS
  LOWERING fn14: sched3=10 sched0=10 DIFFERS
  LOWERING fn15: sched3=10 sched0=10 DIFFERS
  LOWERING fn16: sched3=10 sched0=10 DIFFERS
  LOWERING fn17: sched3=10 sched0=10 DIFFERS
  LOWERING fn18: sched3=10 sched0=10 DIFFERS
  LOWERING fn19: sched3=10 sched0=10 DIFFERS
  LOWERING fn20: sched3=10 sched0=10 DIFFERS
  LOWERING fn21: sched3=10 sched0=10 DIFFERS
  LOWERING fn22: sched3=10 sched0=10 DIFFERS
  LOWERING fn23: sched3=12 sched0=12 DIFFERS
  LOWERING fn24: sched3=14 sched0=14 DIFFERS
  LOWERING fn25: sched3=22 sched0=22 DIFFERS
  LOWERING fn26: sched3=12 sched0=12 DIFFERS
  LOWERING fn27: sched3=12 sched0=12 DIFFERS
  LOWERING fn28: sched3=12 sched0=12 DIFFERS
  LOWERING fn29: sched3=12 sched0=12 DIFFERS
  LOWERING fn30: sched3=16 sched0=16 DIFFERS
  LOWERING fn31: sched3=12 sched0=12 DIFFERS
  LOWERING fn32: sched3=14 sched0=14 DIFFERS
  LOWERING fn33: sched3=14 sched0=14 DIFFERS
  LOWERING fn34: sched3=16 sched0=16 DIFFERS
  LOWERING fn35: sched3=20 sched0=20 DIFFERS
  LOWERING fn36: sched3=16 sched0=16 DIFFERS
  LOWERING fn37: sched3=14 sched0=12 DIFFERS
  LOWERING fn38: sched3=14 sched0=12 DIFFERS
  LOWERING fn39: sched3=12 sched0=12 DIFFERS
  LOWERING fn40: sched3=14 sched0=12 DIFFERS
  gap-metric stage-snap-tuples 1906
  gap-metric stage-snap-regions 320
  gap-metric stage-snap-walk-refusals 0
  gap-metric stage-snap-tuples-distinct 1266
  gap-metric stage-snap-tuple-groups 160
  gap-metric stage-snap-suffix-violations 0
  gap-metric stage-color-pairs 40
  gap-metric stage-color-pairs-differing 0
  PAYLOAD 1906 rows over 160 (phase,function) groups; 1266 DISTINCT tuple positions (33.6% of the rows are suffix re-reads, inflation 1.51x). The nested-suffix model holds on every block, so DISTINCT is exact.
  RAW WINDOW 128B, 478 tuple pairs aligned across sched2/sched3 (0 function(s) skipped on a length mismatch).
                   offsets COLOR writes: NONE — the allocator wrote nothing in this window
  FINDING, not a green: the pre/post-COLOR snapshots are IDENTICAL on every
                   function here. The walk is reading fields COLOR does not write — it shows THAT
                   the allocator ran, not WHAT it did.
== wsl_store_load_neg.cpp digest=881d0d0830ac9583
  SCHED+GLOBREGS fn1: sched1=11 sched2=11 IDENTICAL
  SCHED+GLOBREGS fn2: sched1=12 sched2=12 DIFFERS
  SCHED+GLOBREGS fn3: sched1=10 sched2=10 IDENTICAL
  SCHED+GLOBREGS fn4: sched1=24 sched2=24 IDENTICAL
  SCHED+GLOBREGS fn5: sched1=20 sched2=20 IDENTICAL
  SCHED+GLOBREGS fn6: sched1=12 sched2=12 IDENTICAL
  SCHED+GLOBREGS fn7: sched1=11 sched2=11 IDENTICAL
  SCHED+GLOBREGS fn8: sched1=11 sched2=11 IDENTICAL
  SCHED+GLOBREGS fn9: sched1=11 sched2=11 IDENTICAL
  SCHED+GLOBREGS fn10: sched1=10 sched2=11 DIFFERS
  SCHED+GLOBREGS fn11: sched1=10 sched2=10 IDENTICAL
  COLOR fn1: sched2=11 sched3=11 IDENTICAL
  COLOR fn2: sched2=12 sched3=12 IDENTICAL
  COLOR fn3: sched2=10 sched3=10 IDENTICAL
  COLOR fn4: sched2=24 sched3=24 IDENTICAL
  COLOR fn5: sched2=20 sched3=20 IDENTICAL
  COLOR fn6: sched2=12 sched3=12 IDENTICAL
  COLOR fn7: sched2=11 sched3=11 IDENTICAL
  COLOR fn8: sched2=11 sched3=11 IDENTICAL
  COLOR fn9: sched2=11 sched3=11 IDENTICAL
  COLOR fn10: sched2=11 sched3=11 IDENTICAL
  COLOR fn11: sched2=10 sched3=10 IDENTICAL
  LOWERING fn1: sched3=11 sched0=11 DIFFERS
  LOWERING fn2: sched3=12 sched0=12 DIFFERS
  LOWERING fn3: sched3=10 sched0=10 DIFFERS
  LOWERING fn4: sched3=24 sched0=24 DIFFERS
  LOWERING fn5: sched3=20 sched0=20 DIFFERS
  LOWERING fn6: sched3=12 sched0=12 DIFFERS
  LOWERING fn7: sched3=11 sched0=11 DIFFERS
  LOWERING fn8: sched3=11 sched0=10 DIFFERS
  LOWERING fn9: sched3=11 sched0=12 DIFFERS
  LOWERING fn10: sched3=11 sched0=11 DIFFERS
  LOWERING fn11: sched3=10 sched0=10 DIFFERS
  gap-metric stage-snap-tuples 571
  gap-metric stage-snap-regions 88
  gap-metric stage-snap-walk-refusals 0
  gap-metric stage-snap-tuples-distinct 395
  gap-metric stage-snap-tuple-groups 44
  gap-metric stage-snap-suffix-violations 0
  gap-metric stage-color-pairs 11
  gap-metric stage-color-pairs-differing 0
  PAYLOAD 571 rows over 44 (phase,function) groups; 395 DISTINCT tuple positions (30.8% of the rows are suffix re-reads, inflation 1.45x). The nested-suffix model holds on every block, so DISTINCT is exact.
  RAW WINDOW 128B, 143 tuple pairs aligned across sched2/sched3 (0 function(s) skipped on a length mismatch).
                   offsets COLOR writes: NONE — the allocator wrote nothing in this window
  FINDING, not a green: the pre/post-COLOR snapshots are IDENTICAL on every
                   function here. The walk is reading fields COLOR does not write — it shows THAT
                   the allocator ran, not WHAT it did.
== wtu3_framed_leaves_framed.cpp digest=366b8a6ff44598ad
  SCHED+GLOBREGS fn1: sched1=12 sched2=11 DIFFERS
  SCHED+GLOBREGS fn2: sched1=10 sched2=10 IDENTICAL
  SCHED+GLOBREGS fn3: sched1=10 sched2=10 IDENTICAL
  SCHED+GLOBREGS fn4: sched1=10 sched2=10 IDENTICAL
  SCHED+GLOBREGS fn5: sched1=10 sched2=10 IDENTICAL
  SCHED+GLOBREGS fn6: sched1=10 sched2=10 IDENTICAL
  SCHED+GLOBREGS fn7: sched1=12 sched2=11 DIFFERS
  COLOR fn1: sched2=11 sched3=11 IDENTICAL
  COLOR fn2: sched2=10 sched3=4 DIFFERS
  COLOR fn3: sched2=10 sched3=4 DIFFERS
  COLOR fn4: sched2=10 sched3=4 DIFFERS
  COLOR fn5: sched2=10 sched3=4 DIFFERS
  COLOR fn6: sched2=10 sched3=4 DIFFERS
  COLOR fn7: sched2=11 sched3=11 IDENTICAL
  LOWERING fn1: sched3=11 sched0=16 DIFFERS
  LOWERING fn2: sched3=4 sched0=9 DIFFERS
  LOWERING fn3: sched3=4 sched0=9 DIFFERS
  LOWERING fn4: sched3=4 sched0=9 DIFFERS
  LOWERING fn5: sched3=4 sched0=9 DIFFERS
  LOWERING fn6: sched3=4 sched0=9 DIFFERS
  LOWERING fn7: sched3=11 sched0=16 DIFFERS
  gap-metric stage-snap-tuples 265
  gap-metric stage-snap-regions 51
  gap-metric stage-snap-walk-refusals 0
  gap-metric stage-snap-tuples-distinct 167
  gap-metric stage-snap-tuple-groups 28
  gap-metric stage-snap-suffix-violations 0
  gap-metric stage-color-pairs 7
  gap-metric stage-color-pairs-differing 5
  PAYLOAD 265 rows over 28 (phase,function) groups; 167 DISTINCT tuple positions (37.0% of the rows are suffix re-reads, inflation 1.59x). The nested-suffix model holds on every block, so DISTINCT is exact.
  RAW WINDOW 128B, 22 tuple pairs aligned across sched2/sched3 (5 function(s) skipped on a length mismatch).
                   offsets COLOR writes: NONE — the allocator wrote nothing in this window
== wundname_alloc_init_or_fail.cpp digest=0b47b043c983fa2c
  SCHED+GLOBREGS fn1: sched1=127 sched2=127 DIFFERS
  COLOR fn1: sched2=127 sched3=126 DIFFERS
  LOWERING fn1: sched3=126 sched0=143 DIFFERS
  gap-metric stage-snap-tuples 523
  gap-metric stage-snap-regions 28
  gap-metric stage-snap-walk-refusals 0
  gap-metric stage-snap-tuples-distinct 140
  gap-metric stage-snap-tuple-groups 4
  gap-metric stage-snap-suffix-violations 0
  gap-metric stage-color-pairs 1
  gap-metric stage-color-pairs-differing 1
  PAYLOAD 523 rows over 4 (phase,function) groups; 140 DISTINCT tuple positions (73.2% of the rows are suffix re-reads, inflation 3.74x). The nested-suffix model holds on every block, so DISTINCT is exact.
  RAW WINDOW VACUOUS — 0 pairs aligned across sched2/sched3 (1 function(s) skipped on a length mismatch, window 128B).
                   NOTHING WAS COMPARED. This says nothing about what COLOR writes.
== wundname_alloc_init_or_fail_neg.cpp digest=c619fb84b726b35c
  SCHED+GLOBREGS fn1: sched1=130 sched2=129 DIFFERS
  SCHED+GLOBREGS fn2: sched1=123 sched2=123 DIFFERS
  SCHED+GLOBREGS fn3: sched1=129 sched2=129 DIFFERS
  SCHED+GLOBREGS fn4: sched1=127 sched2=127 DIFFERS
  SCHED+GLOBREGS fn5: sched1=127 sched2=127 DIFFERS
  SCHED+GLOBREGS fn6: sched1=124 sched2=124 DIFFERS
  SCHED+GLOBREGS fn7: sched1=127 sched2=126 DIFFERS
  SCHED+GLOBREGS fn8: sched1=127 sched2=127 DIFFERS
  COLOR fn1: sched2=129 sched3=129 DIFFERS
  COLOR fn2: sched2=123 sched3=122 DIFFERS
  COLOR fn3: sched2=129 sched3=128 DIFFERS
  COLOR fn4: sched2=127 sched3=126 DIFFERS
  COLOR fn5: sched2=127 sched3=126 DIFFERS
  COLOR fn6: sched2=124 sched3=123 DIFFERS
  COLOR fn7: sched2=126 sched3=126 DIFFERS
  COLOR fn8: sched2=127 sched3=126 DIFFERS
  LOWERING fn1: sched3=129 sched0=138 DIFFERS
  LOWERING fn2: sched3=122 sched0=139 DIFFERS
  LOWERING fn3: sched3=128 sched0=145 DIFFERS
  LOWERING fn4: sched3=126 sched0=143 DIFFERS
  LOWERING fn5: sched3=126 sched0=143 DIFFERS
  LOWERING fn6: sched3=123 sched0=140 DIFFERS
  LOWERING fn7: sched3=126 sched0=143 DIFFERS
  LOWERING fn8: sched3=126 sched0=143 DIFFERS
  gap-metric stage-snap-tuples 4166
  gap-metric stage-snap-regions 224
  gap-metric stage-snap-walk-refusals 0
  gap-metric stage-snap-tuples-distinct 1112
  gap-metric stage-snap-tuple-groups 32
  gap-metric stage-snap-suffix-violations 0
  gap-metric stage-color-pairs 8
  gap-metric stage-color-pairs-differing 8
  PAYLOAD 4166 rows over 32 (phase,function) groups; 1112 DISTINCT tuple positions (73.3% of the rows are suffix re-reads, inflation 3.75x). The nested-suffix model holds on every block, so DISTINCT is exact.
  RAW WINDOW 128B, 255 tuple pairs aligned across sched2/sched3 (6 function(s) skipped on a length mismatch).
                   offsets COLOR writes: +0x0(46) +0x1(46) +0x2(18) +0x4(40) +0x5(6) +0x10(46) +0x11(46) +0x12(18) +0x28(48) +0x29(40) +0x2c(30) +0x2d(46) +0x2e(12) +0x34(28) +0x35(28) +0x36(28) +0x37(28) +0x38(32) +0x39(18) +0x3a(12) +0x3b(12) +0x3c(38) +0x3d(19) +0x3e(12) +0x3f(16) +0x40(24) +0x41(6) +0x44(22) +0x46(4) +0x48(24) +0x49(30) +0x4a(24) +0x4b(24) +0x4c(38) +0x4d(28) +0x4e(32) +0x4f(28) +0x50(55) +0x51(38) +0x52(35) +0x53(29) +0x54(26) +0x55(28) +0x56(28) +0x57(28) +0x58(40) +0x59(14) +0x5c(22) +0x5d(12) +0x5e(22) +0x5f(22) +0x60(46) +0x61(44) +0x62(33) +0x63(24) +0x64(42) +0x65(22) +0x66(26) +0x67(22) +0x68(24) +0x69(29) +0x6a(24) +0x6b(24) +0x6c(24) +0x6d(18) +0x6e(12) +0x6f(12) +0x70(41) +0x71(15) +0x72(18) +0x73(18) +0x74(43) +0x75(29) +0x76(24) +0x77(24) +0x78(46) +0x79(38) +0x7a(28) +0x7b(28) +0x7c(28) +0x7d(12) +0x7e(16) +0x7f(22)
== wunw_float_beside_framed.cpp digest=a0d3a583023fb9ff
  SCHED+GLOBREGS fn1: sched1=10 sched2=4 DIFFERS
  SCHED+GLOBREGS fn2: sched1=10 sched2=10 IDENTICAL
  SCHED+GLOBREGS fn3: sched1=10 sched2=10 IDENTICAL
  SCHED+GLOBREGS fn4: sched1=10 sched2=4 DIFFERS
  SCHED+GLOBREGS fn5: sched1=12 sched2=11 DIFFERS
  COLOR fn1: sched2=4 sched3=4 IDENTICAL
  COLOR fn2: sched2=10 sched3=4 DIFFERS
  COLOR fn3: sched2=10 sched3=10 IDENTICAL
  COLOR fn4: sched2=4 sched3=4 IDENTICAL
  COLOR fn5: sched2=11 sched3=11 IDENTICAL
  LOWERING fn1: sched3=4 sched0=9 DIFFERS
  LOWERING fn2: sched3=4 sched0=9 DIFFERS
  LOWERING fn3: sched3=10 sched0=16 DIFFERS
  LOWERING fn4: sched3=4 sched0=9 DIFFERS
  LOWERING fn5: sched3=11 sched0=16 DIFFERS
  gap-metric stage-snap-tuples 183
  gap-metric stage-snap-regions 35
  gap-metric stage-snap-walk-refusals 0
  gap-metric stage-snap-tuples-distinct 117
  gap-metric stage-snap-tuple-groups 20
  gap-metric stage-snap-suffix-violations 0
  gap-metric stage-color-pairs 5
  gap-metric stage-color-pairs-differing 1
  PAYLOAD 183 rows over 20 (phase,function) groups; 117 DISTINCT tuple positions (36.1% of the rows are suffix re-reads, inflation 1.56x). The nested-suffix model holds on every block, so DISTINCT is exact.
  RAW WINDOW 128B, 29 tuple pairs aligned across sched2/sched3 (1 function(s) skipped on a length mismatch).
                   offsets COLOR writes: NONE — the allocator wrote nothing in this window
== wunw_float_neg.cpp digest=f96a7fdafeddf51f
  SCHED+GLOBREGS fn1: sched1=10 sched2=12 DIFFERS
  SCHED+GLOBREGS fn2: sched1=12 sched2=11 DIFFERS
  COLOR fn1: sched2=12 sched3=12 IDENTICAL
  COLOR fn2: sched2=11 sched3=11 IDENTICAL
  LOWERING fn1: sched3=12 sched0=11 DIFFERS
  LOWERING fn2: sched3=11 sched0=16 DIFFERS
  gap-metric stage-snap-tuples 95
  gap-metric stage-snap-regions 16
  gap-metric stage-snap-walk-refusals 0
  gap-metric stage-snap-tuples-distinct 60
  gap-metric stage-snap-tuple-groups 8
  gap-metric stage-snap-suffix-violations 0
  gap-metric stage-color-pairs 2
  gap-metric stage-color-pairs-differing 0
  PAYLOAD 95 rows over 8 (phase,function) groups; 60 DISTINCT tuple positions (36.8% of the rows are suffix re-reads, inflation 1.58x). The nested-suffix model holds on every block, so DISTINCT is exact.
  RAW WINDOW 128B, 23 tuple pairs aligned across sched2/sched3 (0 function(s) skipped on a length mismatch).
                   offsets COLOR writes: +0x75(1)
  FINDING, not a green: the pre/post-COLOR snapshots are IDENTICAL on every
                   function here. The walk is reading fields COLOR does not write — it shows THAT
                   the allocator ran, not WHAT it did.
== wunw_framed_pair.cpp digest=f61e10d6a6b22ec8
  SCHED+GLOBREGS fn1: sched1=12 sched2=11 DIFFERS
  SCHED+GLOBREGS fn2: sched1=12 sched2=11 DIFFERS
  COLOR fn1: sched2=11 sched3=11 IDENTICAL
  COLOR fn2: sched2=11 sched3=11 IDENTICAL
  LOWERING fn1: sched3=11 sched0=16 DIFFERS
  LOWERING fn2: sched3=11 sched0=16 DIFFERS
  gap-metric stage-snap-tuples 100
  gap-metric stage-snap-regions 16
  gap-metric stage-snap-walk-refusals 0
  gap-metric stage-snap-tuples-distinct 62
  gap-metric stage-snap-tuple-groups 8
  gap-metric stage-snap-suffix-violations 0
  gap-metric stage-color-pairs 2
  gap-metric stage-color-pairs-differing 0
  PAYLOAD 100 rows over 8 (phase,function) groups; 62 DISTINCT tuple positions (38.0% of the rows are suffix re-reads, inflation 1.61x). The nested-suffix model holds on every block, so DISTINCT is exact.
  RAW WINDOW 128B, 22 tuple pairs aligned across sched2/sched3 (0 function(s) skipped on a length mismatch).
                   offsets COLOR writes: NONE — the allocator wrote nothing in this window
  FINDING, not a green: the pre/post-COLOR snapshots are IDENTICAL on every
                   function here. The walk is reading fields COLOR does not write — it shows THAT
                   the allocator ran, not WHAT it did.
== wunw_leaf_then_framed.cpp digest=928c5d106465f945
  SCHED+GLOBREGS fn1: sched1=10 sched2=10 IDENTICAL
  SCHED+GLOBREGS fn2: sched1=12 sched2=11 DIFFERS
  COLOR fn1: sched2=10 sched3=4 DIFFERS
  COLOR fn2: sched2=11 sched3=11 IDENTICAL
  LOWERING fn1: sched3=4 sched0=9 DIFFERS
  LOWERING fn2: sched3=11 sched0=16 DIFFERS
  gap-metric stage-snap-tuples 83
  gap-metric stage-snap-regions 15
  gap-metric stage-snap-walk-refusals 0
  gap-metric stage-snap-tuples-distinct 52
  gap-metric stage-snap-tuple-groups 8
  gap-metric stage-snap-suffix-violations 0
  gap-metric stage-color-pairs 2
  gap-metric stage-color-pairs-differing 1
  PAYLOAD 83 rows over 8 (phase,function) groups; 52 DISTINCT tuple positions (37.3% of the rows are suffix re-reads, inflation 1.60x). The nested-suffix model holds on every block, so DISTINCT is exact.
  RAW WINDOW 128B, 11 tuple pairs aligned across sched2/sched3 (1 function(s) skipped on a length mismatch).
                   offsets COLOR writes: NONE — the allocator wrote nothing in this window
== wunw_mixed_order.cpp digest=b5a8d2ca27d51743
  SCHED+GLOBREGS fn1: sched1=12 sched2=11 DIFFERS
  SCHED+GLOBREGS fn2: sched1=10 sched2=10 IDENTICAL
  SCHED+GLOBREGS fn3: sched1=12 sched2=11 DIFFERS
  SCHED+GLOBREGS fn4: sched1=10 sched2=4 DIFFERS
  COLOR fn1: sched2=11 sched3=11 IDENTICAL
  COLOR fn2: sched2=10 sched3=4 DIFFERS
  COLOR fn3: sched2=11 sched3=11 IDENTICAL
  COLOR fn4: sched2=4 sched3=4 IDENTICAL
  LOWERING fn1: sched3=11 sched0=16 DIFFERS
  LOWERING fn2: sched3=4 sched0=9 DIFFERS
  LOWERING fn3: sched3=11 sched0=16 DIFFERS
  LOWERING fn4: sched3=4 sched0=4 DIFFERS
  gap-metric stage-snap-tuples 155
  gap-metric stage-snap-regions 28
  gap-metric stage-snap-walk-refusals 0
  gap-metric stage-snap-tuples-distinct 101
  gap-metric stage-snap-tuple-groups 16
  gap-metric stage-snap-suffix-violations 0
  gap-metric stage-color-pairs 4
  gap-metric stage-color-pairs-differing 1
  PAYLOAD 155 rows over 16 (phase,function) groups; 101 DISTINCT tuple positions (34.8% of the rows are suffix re-reads, inflation 1.53x). The nested-suffix model holds on every block, so DISTINCT is exact.
  RAW WINDOW 128B, 26 tuple pairs aligned across sched2/sched3 (1 function(s) skipped on a length mismatch).
                   offsets COLOR writes: NONE — the allocator wrote nothing in this window
== wunw_two_leaves_framed.cpp digest=828b3533a12c1cfd
  SCHED+GLOBREGS fn1: sched1=10 sched2=10 IDENTICAL
  SCHED+GLOBREGS fn2: sched1=10 sched2=10 IDENTICAL
  SCHED+GLOBREGS fn3: sched1=12 sched2=11 DIFFERS
  COLOR fn1: sched2=10 sched3=4 DIFFERS
  COLOR fn2: sched2=10 sched3=4 DIFFERS
  COLOR fn3: sched2=11 sched3=11 IDENTICAL
  LOWERING fn1: sched3=4 sched0=9 DIFFERS
  LOWERING fn2: sched3=4 sched0=9 DIFFERS
  LOWERING fn3: sched3=11 sched0=16 DIFFERS
  gap-metric stage-snap-tuples 116
  gap-metric stage-snap-regions 22
  gap-metric stage-snap-walk-refusals 0
  gap-metric stage-snap-tuples-distinct 73
  gap-metric stage-snap-tuple-groups 12
  gap-metric stage-snap-suffix-violations 0
  gap-metric stage-color-pairs 3
  gap-metric stage-color-pairs-differing 2
  PAYLOAD 116 rows over 12 (phase,function) groups; 73 DISTINCT tuple positions (37.1% of the rows are suffix re-reads, inflation 1.59x). The nested-suffix model holds on every block, so DISTINCT is exact.
  RAW WINDOW 128B, 11 tuple pairs aligned across sched2/sched3 (2 function(s) skipped on a length mismatch).
                   offsets COLOR writes: NONE — the allocator wrote nothing in this window
== wvalue_call_value.cpp digest=2e45edca36453825
  SCHED+GLOBREGS fn1: sched1=14 sched2=13 DIFFERS
  SCHED+GLOBREGS fn2: sched1=18 sched2=16 DIFFERS
  SCHED+GLOBREGS fn3: sched1=15 sched2=14 DIFFERS
  SCHED+GLOBREGS fn4: sched1=18 sched2=17 DIFFERS
  SCHED+GLOBREGS fn5: sched1=15 sched2=14 DIFFERS
  SCHED+GLOBREGS fn6: sched1=11 sched2=9 DIFFERS
  COLOR fn1: sched2=13 sched3=13 IDENTICAL
  COLOR fn2: sched2=16 sched3=16 IDENTICAL
  COLOR fn3: sched2=14 sched3=14 IDENTICAL
  COLOR fn4: sched2=17 sched3=17 IDENTICAL
  COLOR fn5: sched2=14 sched3=14 IDENTICAL
  COLOR fn6: sched2=9 sched3=9 IDENTICAL
  LOWERING fn1: sched3=13 sched0=21 DIFFERS
  LOWERING fn2: sched3=16 sched0=23 DIFFERS
  LOWERING fn3: sched3=14 sched0=21 DIFFERS
  LOWERING fn4: sched3=17 sched0=28 DIFFERS
  LOWERING fn5: sched3=14 sched0=22 DIFFERS
  LOWERING fn6: sched3=9 sched0=7 DIFFERS
  gap-metric stage-snap-tuples 379
  gap-metric stage-snap-regions 48
  gap-metric stage-snap-walk-refusals 0
  gap-metric stage-snap-tuples-distinct 263
  gap-metric stage-snap-tuple-groups 24
  gap-metric stage-snap-suffix-violations 0
  gap-metric stage-color-pairs 6
  gap-metric stage-color-pairs-differing 0
  PAYLOAD 379 rows over 24 (phase,function) groups; 263 DISTINCT tuple positions (30.6% of the rows are suffix re-reads, inflation 1.44x). The nested-suffix model holds on every block, so DISTINCT is exact.
  RAW WINDOW 128B, 83 tuple pairs aligned across sched2/sched3 (0 function(s) skipped on a length mismatch).
                   offsets COLOR writes: +0x3d(2) +0x44(7) +0x45(2) +0x46(2) +0x47(2) +0x49(3) +0x4c(4) +0x4d(1) +0x4e(2) +0x50(6) +0x51(8) +0x52(8) +0x53(8) +0x54(2) +0x55(2) +0x56(2) +0x57(2) +0x5d(4) +0x69(4) +0x71(1)
  FINDING, not a green: the pre/post-COLOR snapshots are IDENTICAL on every
                   function here. The walk is reading fields COLOR does not write — it shows THAT
                   the allocator ran, not WHAT it did.
== wvalue_call_value_neg.cpp digest=c3157670f5cabfa5
  SCHED+GLOBREGS fn1: sched1=12 sched2=11 DIFFERS
  SCHED+GLOBREGS fn2: sched1=36 sched2=35 DIFFERS
  SCHED+GLOBREGS fn3: sched1=14 sched2=13 DIFFERS
  SCHED+GLOBREGS fn4: sched1=14 sched2=14 DIFFERS
  SCHED+GLOBREGS fn5: sched1=13 sched2=13 IDENTICAL
  SCHED+GLOBREGS fn6: sched1=13 sched2=13 IDENTICAL
  COLOR fn1: sched2=11 sched3=11 IDENTICAL
  COLOR fn2: sched2=35 sched3=34 DIFFERS
  COLOR fn3: sched2=13 sched3=13 IDENTICAL
  COLOR fn4: sched2=14 sched3=14 IDENTICAL
  COLOR fn5: sched2=13 sched3=13 IDENTICAL
  COLOR fn6: sched2=13 sched3=13 IDENTICAL
  LOWERING fn1: sched3=11 sched0=19 DIFFERS
  LOWERING fn2: sched3=34 sched0=48 DIFFERS
  LOWERING fn3: sched3=13 sched0=20 DIFFERS
  LOWERING fn4: sched3=14 sched0=22 DIFFERS
  LOWERING fn5: sched3=13 sched0=21 DIFFERS
  LOWERING fn6: sched3=13 sched0=21 DIFFERS
  gap-metric stage-snap-tuples 450
  gap-metric stage-snap-regions 56
  gap-metric stage-snap-walk-refusals 0
  gap-metric stage-snap-tuples-distinct 259
  gap-metric stage-snap-tuple-groups 24
  gap-metric stage-snap-suffix-violations 0
  gap-metric stage-color-pairs 6
  gap-metric stage-color-pairs-differing 1
  PAYLOAD 450 rows over 24 (phase,function) groups; 259 DISTINCT tuple positions (42.4% of the rows are suffix re-reads, inflation 1.74x). The nested-suffix model holds on every block, so DISTINCT is exact.
  RAW WINDOW 128B, 64 tuple pairs aligned across sched2/sched3 (1 function(s) skipped on a length mismatch).
                   offsets COLOR writes: NONE — the allocator wrote nothing in this window
== wvec_float_store_leaf.cpp digest=af21d87d29555669
  SCHED+GLOBREGS fn1: sched1=11 sched2=4 DIFFERS
  COLOR fn1: sched2=4 sched3=4 IDENTICAL
  LOWERING fn1: sched3=4 sched0=11 DIFFERS
  gap-metric stage-snap-tuples 30
  gap-metric stage-snap-regions 6
  gap-metric stage-snap-walk-refusals 0
  gap-metric stage-snap-tuples-distinct 22
  gap-metric stage-snap-tuple-groups 4
  gap-metric stage-snap-suffix-violations 0
  gap-metric stage-color-pairs 1
  gap-metric stage-color-pairs-differing 0
  PAYLOAD 30 rows over 4 (phase,function) groups; 22 DISTINCT tuple positions (26.7% of the rows are suffix re-reads, inflation 1.36x). The nested-suffix model holds on every block, so DISTINCT is exact.
  RAW WINDOW 128B, 4 tuple pairs aligned across sched2/sched3 (0 function(s) skipped on a length mismatch).
                   offsets COLOR writes: NONE — the allocator wrote nothing in this window
  FINDING, not a green: the pre/post-COLOR snapshots are IDENTICAL on every
                   function here. The walk is reading fields COLOR does not write — it shows THAT
                   the allocator ran, not WHAT it did.
== wvec_float_store_leaf_data_bss_neg.cpp digest=af21d87d29555669
  SCHED+GLOBREGS fn1: sched1=11 sched2=4 DIFFERS
  COLOR fn1: sched2=4 sched3=4 IDENTICAL
  LOWERING fn1: sched3=4 sched0=11 DIFFERS
  gap-metric stage-snap-tuples 30
  gap-metric stage-snap-regions 6
  gap-metric stage-snap-walk-refusals 0
  gap-metric stage-snap-tuples-distinct 22
  gap-metric stage-snap-tuple-groups 4
  gap-metric stage-snap-suffix-violations 0
  gap-metric stage-color-pairs 1
  gap-metric stage-color-pairs-differing 0
  PAYLOAD 30 rows over 4 (phase,function) groups; 22 DISTINCT tuple positions (26.7% of the rows are suffix re-reads, inflation 1.36x). The nested-suffix model holds on every block, so DISTINCT is exact.
  RAW WINDOW 128B, 4 tuple pairs aligned across sched2/sched3 (0 function(s) skipped on a length mismatch).
                   offsets COLOR writes: NONE — the allocator wrote nothing in this window
  FINDING, not a green: the pre/post-COLOR snapshots are IDENTICAL on every
                   function here. The walk is reading fields COLOR does not write — it shows THAT
                   the allocator ran, not WHAT it did.
== wvec_inclass_ctor_folded_statics_neg.cpp digest=2cba6088dfd80701
  SCHED+GLOBREGS fn1: sched1=13 sched2=10 DIFFERS
  COLOR fn1: sched2=10 sched3=10 IDENTICAL
  LOWERING fn1: sched3=10 sched0=11 DIFFERS
  gap-metric stage-snap-tuples 44
  gap-metric stage-snap-regions 8
  gap-metric stage-snap-walk-refusals 0
  gap-metric stage-snap-tuples-distinct 28
  gap-metric stage-snap-tuple-groups 4
  gap-metric stage-snap-suffix-violations 0
  gap-metric stage-color-pairs 1
  gap-metric stage-color-pairs-differing 0
  PAYLOAD 44 rows over 4 (phase,function) groups; 28 DISTINCT tuple positions (36.4% of the rows are suffix re-reads, inflation 1.57x). The nested-suffix model holds on every block, so DISTINCT is exact.
  RAW WINDOW 128B, 10 tuple pairs aligned across sched2/sched3 (0 function(s) skipped on a length mismatch).
                   offsets COLOR writes: NONE — the allocator wrote nothing in this window
  FINDING, not a green: the pre/post-COLOR snapshots are IDENTICAL on every
                   function here. The walk is reading fields COLOR does not write — it shows THAT
                   the allocator ran, not WHAT it did.
== wvl_chain3.cpp digest=7d5a10e551c96c3e
  SCHED+GLOBREGS fn1: sched1=78 sched2=78 DIFFERS
  COLOR fn1: sched2=78 sched3=78 IDENTICAL
  LOWERING fn1: sched3=78 sched0=49 DIFFERS
  gap-metric stage-snap-tuples 283
  gap-metric stage-snap-regions 23
  gap-metric stage-snap-walk-refusals 0
  gap-metric stage-snap-tuples-distinct 89
  gap-metric stage-snap-tuple-groups 4
  gap-metric stage-snap-suffix-violations 0
  gap-metric stage-color-pairs 1
  gap-metric stage-color-pairs-differing 0
  PAYLOAD 283 rows over 4 (phase,function) groups; 89 DISTINCT tuple positions (68.6% of the rows are suffix re-reads, inflation 3.18x). The nested-suffix model holds on every block, so DISTINCT is exact.
  RAW WINDOW 128B, 78 tuple pairs aligned across sched2/sched3 (0 function(s) skipped on a length mismatch).
                   offsets COLOR writes: +0x3d(6) +0x49(3) +0x51(8) +0x52(8) +0x53(8) +0x54(4) +0x55(4) +0x56(4) +0x57(4) +0x75(4) +0x7c(4) +0x7d(8) +0x7e(8) +0x7f(8)
  FINDING, not a green: the pre/post-COLOR snapshots are IDENTICAL on every
                   function here. The walk is reading fields COLOR does not write — it shows THAT
                   the allocator ran, not WHAT it did.
== wvl_chain6_same.cpp digest=9e8bb4a2d9bcc467
  SCHED+GLOBREGS fn1: sched1=87 sched2=87 DIFFERS
  COLOR fn1: sched2=87 sched3=87 IDENTICAL
  LOWERING fn1: sched3=87 sched0=58 DIFFERS
  gap-metric stage-snap-tuples 319
  gap-metric stage-snap-regions 23
  gap-metric stage-snap-walk-refusals 0
  gap-metric stage-snap-tuples-distinct 100
  gap-metric stage-snap-tuple-groups 4
  gap-metric stage-snap-suffix-violations 0
  gap-metric stage-color-pairs 1
  gap-metric stage-color-pairs-differing 0
  PAYLOAD 319 rows over 4 (phase,function) groups; 100 DISTINCT tuple positions (68.7% of the rows are suffix re-reads, inflation 3.19x). The nested-suffix model holds on every block, so DISTINCT is exact.
  RAW WINDOW 128B, 87 tuple pairs aligned across sched2/sched3 (0 function(s) skipped on a length mismatch).
                   offsets COLOR writes: +0x3d(6) +0x49(3) +0x51(8) +0x52(8) +0x53(8) +0x54(2) +0x55(4) +0x56(4) +0x57(4) +0x75(4) +0x7c(8) +0x7d(4) +0x7e(8) +0x7f(8)
  FINDING, not a green: the pre/post-COLOR snapshots are IDENTICAL on every
                   function here. The walk is reading fields COLOR does not write — it shows THAT
                   the allocator ran, not WHAT it did.
== wvl_chain_neg.cpp digest=36c7d8b2ca8df834
  SCHED+GLOBREGS fn1: sched1=75 sched2=75 DIFFERS
  SCHED+GLOBREGS fn2: sched1=67 sched2=67 IDENTICAL
  SCHED+GLOBREGS fn3: sched1=74 sched2=74 DIFFERS
  SCHED+GLOBREGS fn4: sched1=75 sched2=75 DIFFERS
  COLOR fn1: sched2=75 sched3=75 IDENTICAL
  COLOR fn2: sched2=67 sched3=67 IDENTICAL
  COLOR fn3: sched2=74 sched3=74 IDENTICAL
  COLOR fn4: sched2=75 sched3=75 IDENTICAL
  LOWERING fn1: sched3=75 sched0=49 DIFFERS
  LOWERING fn2: sched3=67 sched0=47 DIFFERS
  LOWERING fn3: sched3=74 sched0=46 DIFFERS
  LOWERING fn4: sched3=75 sched0=46 DIFFERS
  gap-metric stage-snap-tuples 1061
  gap-metric stage-snap-regions 93
  gap-metric stage-snap-walk-refusals 0
  gap-metric stage-snap-tuples-distinct 321
  gap-metric stage-snap-tuple-groups 16
  gap-metric stage-snap-suffix-violations 0
  gap-metric stage-color-pairs 4
  gap-metric stage-color-pairs-differing 0
  PAYLOAD 1061 rows over 16 (phase,function) groups; 321 DISTINCT tuple positions (69.7% of the rows are suffix re-reads, inflation 3.31x). The nested-suffix model holds on every block, so DISTINCT is exact.
  RAW WINDOW 128B, 291 tuple pairs aligned across sched2/sched3 (0 function(s) skipped on a length mismatch).
                   offsets COLOR writes: +0x3d(34) +0x49(15) +0x4d(2) +0x50(6) +0x51(16) +0x52(20) +0x53(20) +0x54(8) +0x55(12) +0x56(12) +0x57(12) +0x64(6) +0x65(3) +0x66(6) +0x67(6) +0x69(3) +0x70(6) +0x71(6) +0x72(6) +0x73(6) +0x75(12) +0x7c(20) +0x7d(35) +0x7e(32) +0x7f(32)
  FINDING, not a green: the pre/post-COLOR snapshots are IDENTICAL on every
                   function here. The walk is reading fields COLOR does not write — it shows THAT
                   the allocator ran, not WHAT it did.
== wvl_chain_two_lengths.cpp digest=d5ef03bca3eb55e8
  SCHED+GLOBREGS fn1: sched1=75 sched2=75 DIFFERS
  SCHED+GLOBREGS fn2: sched1=87 sched2=87 DIFFERS
  COLOR fn1: sched2=75 sched3=75 IDENTICAL
  COLOR fn2: sched2=87 sched3=87 IDENTICAL
  LOWERING fn1: sched3=75 sched0=46 DIFFERS
  LOWERING fn2: sched3=87 sched0=58 DIFFERS
  gap-metric stage-snap-tuples 590
  gap-metric stage-snap-regions 46
  gap-metric stage-snap-walk-refusals 0
  gap-metric stage-snap-tuples-distinct 185
  gap-metric stage-snap-tuple-groups 8
  gap-metric stage-snap-suffix-violations 0
  gap-metric stage-color-pairs 2
  gap-metric stage-color-pairs-differing 0
  PAYLOAD 590 rows over 8 (phase,function) groups; 185 DISTINCT tuple positions (68.6% of the rows are suffix re-reads, inflation 3.19x). The nested-suffix model holds on every block, so DISTINCT is exact.
  RAW WINDOW 128B, 162 tuple pairs aligned across sched2/sched3 (0 function(s) skipped on a length mismatch).
                   offsets COLOR writes: +0x3d(18) +0x49(9) +0x51(10) +0x52(10) +0x53(10) +0x54(4) +0x55(8) +0x56(8) +0x57(8) +0x75(8) +0x7c(16) +0x7d(19) +0x7e(16) +0x7f(16)
  FINDING, not a green: the pre/post-COLOR snapshots are IDENTICAL on every
                   function here. The walk is reading fields COLOR does not write — it shows THAT
                   the allocator ran, not WHAT it did.
== wvsnprnc_guard_chain_arity_store.cpp digest=78fcf4eb04d12455
  SCHED+GLOBREGS fn1: sched1=381 sched2=381 DIFFERS
  SCHED+GLOBREGS fn2: sched1=377 sched2=357 DIFFERS
  SCHED+GLOBREGS fn3: sched1=13 sched2=11 DIFFERS
  COLOR fn1: sched2=381 sched3=380 DIFFERS
  COLOR fn2: sched2=357 sched3=356 DIFFERS
  COLOR fn3: sched2=11 sched3=11 IDENTICAL
  LOWERING fn1: sched3=380 sched0=261 DIFFERS
  LOWERING fn2: sched3=356 sched0=253 DIFFERS
  LOWERING fn3: sched3=11 sched0=7 DIFFERS
  gap-metric stage-snap-tuples 2788
  gap-metric stage-snap-regions 105
  gap-metric stage-snap-walk-refusals 0
  gap-metric stage-snap-tuples-distinct 425
  gap-metric stage-snap-tuple-groups 12
  gap-metric stage-snap-suffix-violations 0
  gap-metric stage-color-pairs 3
  gap-metric stage-color-pairs-differing 2
  PAYLOAD 2788 rows over 12 (phase,function) groups; 425 DISTINCT tuple positions (84.8% of the rows are suffix re-reads, inflation 6.56x). The nested-suffix model holds on every block, so DISTINCT is exact.
  RAW WINDOW 128B, 11 tuple pairs aligned across sched2/sched3 (2 function(s) skipped on a length mismatch).
                   offsets COLOR writes: NONE — the allocator wrote nothing in this window
== wvsnprnc_guard_chain_arity_store_neg.cpp digest=e068f4fe31b3c2da
  SCHED+GLOBREGS fn1: sched1=385 sched2=365 DIFFERS
  SCHED+GLOBREGS fn2: sched1=385 sched2=365 DIFFERS
  SCHED+GLOBREGS fn3: sched1=385 sched2=365 DIFFERS
  SCHED+GLOBREGS fn4: sched1=380 sched2=370 DIFFERS
  SCHED+GLOBREGS fn5: sched1=397 sched2=377 DIFFERS
  COLOR fn1: sched2=365 sched3=364 DIFFERS
  COLOR fn2: sched2=365 sched3=364 DIFFERS
  COLOR fn3: sched2=365 sched3=364 DIFFERS
  COLOR fn4: sched2=370 sched3=369 DIFFERS
  COLOR fn5: sched2=377 sched3=376 DIFFERS
  LOWERING fn1: sched3=364 sched0=261 DIFFERS
  LOWERING fn2: sched3=364 sched0=261 DIFFERS
  LOWERING fn3: sched3=364 sched0=261 DIFFERS
  LOWERING fn4: sched3=369 sched0=266 DIFFERS
  LOWERING fn5: sched3=376 sched0=276 DIFFERS
  gap-metric stage-snap-tuples 6936
  gap-metric stage-snap-regions 235
  gap-metric stage-snap-walk-refusals 0
  gap-metric stage-snap-tuples-distinct 1034
  gap-metric stage-snap-tuple-groups 20
  gap-metric stage-snap-suffix-violations 0
  gap-metric stage-color-pairs 5
  gap-metric stage-color-pairs-differing 5
  PAYLOAD 6936 rows over 20 (phase,function) groups; 1034 DISTINCT tuple positions (85.1% of the rows are suffix re-reads, inflation 6.71x). The nested-suffix model holds on every block, so DISTINCT is exact.
  RAW WINDOW VACUOUS — 0 pairs aligned across sched2/sched3 (5 function(s) skipped on a length mismatch, window 128B).
                   NOTHING WAS COMPARED. This says nothing about what COLOR writes.
== wvsnprnc_lit_insert_tail.cpp digest=a1837ac2cb56c554
  SCHED+GLOBREGS fn1: sched1=16 sched2=15 DIFFERS
  SCHED+GLOBREGS fn2: sched1=14 sched2=13 DIFFERS
  SCHED+GLOBREGS fn3: sched1=18 sched2=12 DIFFERS
  SCHED+GLOBREGS fn4: sched1=14 sched2=14 IDENTICAL
  SCHED+GLOBREGS fn5: sched1=12 sched2=11 DIFFERS
  COLOR fn1: sched2=15 sched3=15 IDENTICAL
  COLOR fn2: sched2=13 sched3=13 IDENTICAL
  COLOR fn3: sched2=12 sched3=12 IDENTICAL
  COLOR fn4: sched2=14 sched3=14 IDENTICAL
  COLOR fn5: sched2=11 sched3=11 IDENTICAL
  LOWERING fn1: sched3=15 sched0=9 DIFFERS
  LOWERING fn2: sched3=13 sched0=9 DIFFERS
  LOWERING fn3: sched3=12 sched0=14 DIFFERS
  LOWERING fn4: sched3=14 sched0=8 DIFFERS
  LOWERING fn5: sched3=11 sched0=16 DIFFERS
  gap-metric stage-snap-tuples 260
  gap-metric stage-snap-regions 40
  gap-metric stage-snap-walk-refusals 0
  gap-metric stage-snap-tuples-distinct 181
  gap-metric stage-snap-tuple-groups 20
  gap-metric stage-snap-suffix-violations 0
  gap-metric stage-color-pairs 5
  gap-metric stage-color-pairs-differing 0
  PAYLOAD 260 rows over 20 (phase,function) groups; 181 DISTINCT tuple positions (30.4% of the rows are suffix re-reads, inflation 1.44x). The nested-suffix model holds on every block, so DISTINCT is exact.
  RAW WINDOW 128B, 65 tuple pairs aligned across sched2/sched3 (0 function(s) skipped on a length mismatch).
                   offsets COLOR writes: NONE — the allocator wrote nothing in this window
  FINDING, not a green: the pre/post-COLOR snapshots are IDENTICAL on every
                   function here. The walk is reading fields COLOR does not write — it shows THAT
                   the allocator ran, not WHAT it did.
== wvsnprnc_lit_insert_tail_neg.cpp digest=c4a1a18ccb0e9a18
  SCHED+GLOBREGS fn1: sched1=14 sched2=14 IDENTICAL
  SCHED+GLOBREGS fn2: sched1=14 sched2=14 IDENTICAL
  SCHED+GLOBREGS fn3: sched1=13 sched2=13 IDENTICAL
  SCHED+GLOBREGS fn4: sched1=15 sched2=15 IDENTICAL
  SCHED+GLOBREGS fn5: sched1=14 sched2=13 DIFFERS
  SCHED+GLOBREGS fn6: sched1=20 sched2=19 DIFFERS
  SCHED+GLOBREGS fn7: sched1=14 sched2=14 IDENTICAL
  COLOR fn1: sched2=14 sched3=13 DIFFERS
  COLOR fn2: sched2=14 sched3=13 DIFFERS
  COLOR fn3: sched2=13 sched3=13 IDENTICAL
  COLOR fn4: sched2=15 sched3=14 DIFFERS
  COLOR fn5: sched2=13 sched3=13 IDENTICAL
  COLOR fn6: sched2=19 sched3=18 DIFFERS
  COLOR fn7: sched2=14 sched3=14 IDENTICAL
  LOWERING fn1: sched3=13 sched0=11 DIFFERS
  LOWERING fn2: sched3=13 sched0=11 DIFFERS
  LOWERING fn3: sched3=13 sched0=9 DIFFERS
  LOWERING fn4: sched3=14 sched0=10 DIFFERS
  LOWERING fn5: sched3=13 sched0=10 DIFFERS
  LOWERING fn6: sched3=18 sched0=21 DIFFERS
  LOWERING fn7: sched3=14 sched0=9 DIFFERS
  gap-metric stage-snap-tuples 385
  gap-metric stage-snap-regions 56
  gap-metric stage-snap-walk-refusals 0
  gap-metric stage-snap-tuples-distinct 276
  gap-metric stage-snap-tuple-groups 28
  gap-metric stage-snap-suffix-violations 0
  gap-metric stage-color-pairs 7
  gap-metric stage-color-pairs-differing 4
  PAYLOAD 385 rows over 28 (phase,function) groups; 276 DISTINCT tuple positions (28.3% of the rows are suffix re-reads, inflation 1.39x). The nested-suffix model holds on every block, so DISTINCT is exact.
  RAW WINDOW 128B, 40 tuple pairs aligned across sched2/sched3 (4 function(s) skipped on a length mismatch).
                   offsets COLOR writes: NONE — the allocator wrote nothing in this window
== wwbss_static_neg.cpp digest=068aa4d6db822b6c
  SCHED+GLOBREGS fn1: sched1=9 sched2=11 DIFFERS
  SCHED+GLOBREGS fn2: sched1=9 sched2=11 DIFFERS
  COLOR fn1: sched2=11 sched3=10 DIFFERS
  COLOR fn2: sched2=11 sched3=10 DIFFERS
  LOWERING fn1: sched3=10 sched0=10 DIFFERS
  LOWERING fn2: sched3=10 sched0=10 DIFFERS
  gap-metric stage-snap-tuples 80
  gap-metric stage-snap-regions 16
  gap-metric stage-snap-walk-refusals 0
  gap-metric stage-snap-tuples-distinct 48
  gap-metric stage-snap-tuple-groups 8
  gap-metric stage-snap-suffix-violations 0
  gap-metric stage-color-pairs 2
  gap-metric stage-color-pairs-differing 2
  PAYLOAD 80 rows over 8 (phase,function) groups; 48 DISTINCT tuple positions (40.0% of the rows are suffix re-reads, inflation 1.67x). The nested-suffix model holds on every block, so DISTINCT is exact.
  RAW WINDOW VACUOUS — 0 pairs aligned across sched2/sched3 (2 function(s) skipped on a length mismatch, window 128B).
                   NOTHING WAS COMPARED. This says nothing about what COLOR writes.
== wwbss_three_neg.cpp digest=ad2b78aaaa38f5c5
  SCHED+GLOBREGS fn1: sched1=9 sched2=11 DIFFERS
  SCHED+GLOBREGS fn2: sched1=9 sched2=11 DIFFERS
  SCHED+GLOBREGS fn3: sched1=9 sched2=11 DIFFERS
  COLOR fn1: sched2=11 sched3=10 DIFFERS
  COLOR fn2: sched2=11 sched3=10 DIFFERS
  COLOR fn3: sched2=11 sched3=10 DIFFERS
  LOWERING fn1: sched3=10 sched0=10 DIFFERS
  LOWERING fn2: sched3=10 sched0=10 DIFFERS
  LOWERING fn3: sched3=10 sched0=10 DIFFERS
  gap-metric stage-snap-tuples 120
  gap-metric stage-snap-regions 24
  gap-metric stage-snap-walk-refusals 0
  gap-metric stage-snap-tuples-distinct 72
  gap-metric stage-snap-tuple-groups 12
  gap-metric stage-snap-suffix-violations 0
  gap-metric stage-color-pairs 3
  gap-metric stage-color-pairs-differing 3
  PAYLOAD 120 rows over 12 (phase,function) groups; 72 DISTINCT tuple positions (40.0% of the rows are suffix re-reads, inflation 1.67x). The nested-suffix model holds on every block, so DISTINCT is exact.
  RAW WINDOW VACUOUS — 0 pairs aligned across sched2/sched3 (3 function(s) skipped on a length mismatch, window 128B).
                   NOTHING WAS COMPARED. This says nothing about what COLOR writes.
== wwbss_tls_neg.cpp digest=926a92c695f688e1
  SCHED+GLOBREGS fn1: sched1=9 sched2=11 DIFFERS
  COLOR fn1: sched2=11 sched3=10 DIFFERS
  LOWERING fn1: sched3=10 sched0=10 DIFFERS
  gap-metric stage-snap-tuples 40
  gap-metric stage-snap-regions 8
  gap-metric stage-snap-walk-refusals 0
  gap-metric stage-snap-tuples-distinct 24
  gap-metric stage-snap-tuple-groups 4
  gap-metric stage-snap-suffix-violations 0
  gap-metric stage-color-pairs 1
  gap-metric stage-color-pairs-differing 1
  PAYLOAD 40 rows over 4 (phase,function) groups; 24 DISTINCT tuple positions (40.0% of the rows are suffix re-reads, inflation 1.67x). The nested-suffix model holds on every block, so DISTINCT is exact.
  RAW WINDOW VACUOUS — 0 pairs aligned across sched2/sched3 (1 function(s) skipped on a length mismatch, window 128B).
                   NOTHING WAS COMPARED. This says nothing about what COLOR writes.
== wwbss_two.cpp digest=b1bfa00563eb2e0e
  SCHED+GLOBREGS fn1: sched1=9 sched2=11 DIFFERS
  SCHED+GLOBREGS fn2: sched1=9 sched2=11 DIFFERS
  COLOR fn1: sched2=11 sched3=10 DIFFERS
  COLOR fn2: sched2=11 sched3=10 DIFFERS
  LOWERING fn1: sched3=10 sched0=10 DIFFERS
  LOWERING fn2: sched3=10 sched0=10 DIFFERS
  gap-metric stage-snap-tuples 80
  gap-metric stage-snap-regions 16
  gap-metric stage-snap-walk-refusals 0
  gap-metric stage-snap-tuples-distinct 48
  gap-metric stage-snap-tuple-groups 8
  gap-metric stage-snap-suffix-violations 0
  gap-metric stage-color-pairs 2
  gap-metric stage-color-pairs-differing 2
  PAYLOAD 80 rows over 8 (phase,function) groups; 48 DISTINCT tuple positions (40.0% of the rows are suffix re-reads, inflation 1.67x). The nested-suffix model holds on every block, so DISTINCT is exact.
  RAW WINDOW VACUOUS — 0 pairs aligned across sched2/sched3 (2 function(s) skipped on a length mismatch, window 128B).
                   NOTHING WAS COMPARED. This says nothing about what COLOR writes.
== wwrap_gstore.cpp digest=926a92c695f688e1
  SCHED+GLOBREGS fn1: sched1=9 sched2=11 DIFFERS
  COLOR fn1: sched2=11 sched3=10 DIFFERS
  LOWERING fn1: sched3=10 sched0=10 DIFFERS
  gap-metric stage-snap-tuples 40
  gap-metric stage-snap-regions 8
  gap-metric stage-snap-walk-refusals 0
  gap-metric stage-snap-tuples-distinct 24
  gap-metric stage-snap-tuple-groups 4
  gap-metric stage-snap-suffix-violations 0
  gap-metric stage-color-pairs 1
  gap-metric stage-color-pairs-differing 1
  PAYLOAD 40 rows over 4 (phase,function) groups; 24 DISTINCT tuple positions (40.0% of the rows are suffix re-reads, inflation 1.67x). The nested-suffix model holds on every block, so DISTINCT is exact.
  RAW WINDOW VACUOUS — 0 pairs aligned across sched2/sched3 (1 function(s) skipped on a length mismatch, window 128B).
                   NOTHING WAS COMPARED. This says nothing about what COLOR writes.
== wwrap_gstore_conv_neg.cpp digest=e58617f7011e6a7a
  SCHED+GLOBREGS fn1: sched1=9 sched2=11 DIFFERS
  COLOR fn1: sched2=11 sched3=11 IDENTICAL
  LOWERING fn1: sched3=11 sched0=10 DIFFERS
  gap-metric stage-snap-tuples 41
  gap-metric stage-snap-regions 8
  gap-metric stage-snap-walk-refusals 0
  gap-metric stage-snap-tuples-distinct 25
  gap-metric stage-snap-tuple-groups 4
  gap-metric stage-snap-suffix-violations 0
  gap-metric stage-color-pairs 1
  gap-metric stage-color-pairs-differing 0
  PAYLOAD 41 rows over 4 (phase,function) groups; 25 DISTINCT tuple positions (39.0% of the rows are suffix re-reads, inflation 1.64x). The nested-suffix model holds on every block, so DISTINCT is exact.
  RAW WINDOW 128B, 11 tuple pairs aligned across sched2/sched3 (0 function(s) skipped on a length mismatch).
                   offsets COLOR writes: +0x7d(1)
  FINDING, not a green: the pre/post-COLOR snapshots are IDENTICAL on every
                   function here. The walk is reading fields COLOR does not write — it shows THAT
                   the allocator ran, not WHAT it did.
== wwrap_gstore_float_neg.cpp digest=c582b2bf1f75b317
  SCHED+GLOBREGS fn1: sched1=9 sched2=11 DIFFERS
  COLOR fn1: sched2=11 sched3=10 DIFFERS
  LOWERING fn1: sched3=10 sched0=10 DIFFERS
  gap-metric stage-snap-tuples 40
  gap-metric stage-snap-regions 8
  gap-metric stage-snap-walk-refusals 0
  gap-metric stage-snap-tuples-distinct 24
  gap-metric stage-snap-tuple-groups 4
  gap-metric stage-snap-suffix-violations 0
  gap-metric stage-color-pairs 1
  gap-metric stage-color-pairs-differing 1
  PAYLOAD 40 rows over 4 (phase,function) groups; 24 DISTINCT tuple positions (40.0% of the rows are suffix re-reads, inflation 1.67x). The nested-suffix model holds on every block, so DISTINCT is exact.
  RAW WINDOW VACUOUS — 0 pairs aligned across sched2/sched3 (1 function(s) skipped on a length mismatch, window 128B).
                   NOTHING WAS COMPARED. This says nothing about what COLOR writes.
== wwrap_gstore_gg_neg.cpp digest=b87169680c23bd3a
  SCHED+GLOBREGS fn1: sched1=9 sched2=13 DIFFERS
  COLOR fn1: sched2=13 sched3=12 DIFFERS
  LOWERING fn1: sched3=12 sched0=12 DIFFERS
  gap-metric stage-snap-tuples 46
  gap-metric stage-snap-regions 8
  gap-metric stage-snap-walk-refusals 0
  gap-metric stage-snap-tuples-distinct 30
  gap-metric stage-snap-tuple-groups 4
  gap-metric stage-snap-suffix-violations 0
  gap-metric stage-color-pairs 1
  gap-metric stage-color-pairs-differing 1
  PAYLOAD 46 rows over 4 (phase,function) groups; 30 DISTINCT tuple positions (34.8% of the rows are suffix re-reads, inflation 1.53x). The nested-suffix model holds on every block, so DISTINCT is exact.
  RAW WINDOW VACUOUS — 0 pairs aligned across sched2/sched3 (1 function(s) skipped on a length mismatch, window 128B).
                   NOTHING WAS COMPARED. This says nothing about what COLOR writes.
== wwrap_gstore_lit_neg.cpp digest=b76596b8ffc3047b
  SCHED+GLOBREGS fn1: sched1=9 sched2=11 DIFFERS
  COLOR fn1: sched2=11 sched3=11 IDENTICAL
  LOWERING fn1: sched3=11 sched0=11 DIFFERS
  gap-metric stage-snap-tuples 42
  gap-metric stage-snap-regions 8
  gap-metric stage-snap-walk-refusals 0
  gap-metric stage-snap-tuples-distinct 26
  gap-metric stage-snap-tuple-groups 4
  gap-metric stage-snap-suffix-violations 0
  gap-metric stage-color-pairs 1
  gap-metric stage-color-pairs-differing 0
  PAYLOAD 42 rows over 4 (phase,function) groups; 26 DISTINCT tuple positions (38.1% of the rows are suffix re-reads, inflation 1.62x). The nested-suffix model holds on every block, so DISTINCT is exact.
  RAW WINDOW 128B, 11 tuple pairs aligned across sched2/sched3 (0 function(s) skipped on a length mismatch).
                   offsets COLOR writes: +0x7d(1)
  FINDING, not a green: the pre/post-COLOR snapshots are IDENTICAL on every
                   function here. The walk is reading fields COLOR does not write — it shows THAT
                   the allocator ran, not WHAT it did.
== wwrap_gstore_second_neg.cpp digest=926a92c695f688e1
  SCHED+GLOBREGS fn1: sched1=9 sched2=11 DIFFERS
  COLOR fn1: sched2=11 sched3=10 DIFFERS
  LOWERING fn1: sched3=10 sched0=10 DIFFERS
  gap-metric stage-snap-tuples 40
  gap-metric stage-snap-regions 8
  gap-metric stage-snap-walk-refusals 0
  gap-metric stage-snap-tuples-distinct 24
  gap-metric stage-snap-tuple-groups 4
  gap-metric stage-snap-suffix-violations 0
  gap-metric stage-color-pairs 1
  gap-metric stage-color-pairs-differing 1
  PAYLOAD 40 rows over 4 (phase,function) groups; 24 DISTINCT tuple positions (40.0% of the rows are suffix re-reads, inflation 1.67x). The nested-suffix model holds on every block, so DISTINCT is exact.
  RAW WINDOW VACUOUS — 0 pairs aligned across sched2/sched3 (1 function(s) skipped on a length mismatch, window 128B).
                   NOTHING WAS COMPARED. This says nothing about what COLOR writes.
== wwrap_gstore_sub_neg.cpp digest=ca99ffab49653fd5
  SCHED+GLOBREGS fn1: sched1=9 sched2=12 DIFFERS
  COLOR fn1: sched2=12 sched3=11 DIFFERS
  LOWERING fn1: sched3=11 sched0=11 DIFFERS
  gap-metric stage-snap-tuples 43
  gap-metric stage-snap-regions 8
  gap-metric stage-snap-walk-refusals 0
  gap-metric stage-snap-tuples-distinct 27
  gap-metric stage-snap-tuple-groups 4
  gap-metric stage-snap-suffix-violations 0
  gap-metric stage-color-pairs 1
  gap-metric stage-color-pairs-differing 1
  PAYLOAD 43 rows over 4 (phase,function) groups; 27 DISTINCT tuple positions (37.2% of the rows are suffix re-reads, inflation 1.59x). The nested-suffix model holds on every block, so DISTINCT is exact.
  RAW WINDOW VACUOUS — 0 pairs aligned across sched2/sched3 (1 function(s) skipped on a length mismatch, window 128B).
                   NOTHING WAS COMPARED. This says nothing about what COLOR writes.
== wwrap_gstore_two_neg.cpp digest=2bd366b3ab1116a1
  SCHED+GLOBREGS fn1: sched1=10 sched2=14 DIFFERS
  COLOR fn1: sched2=14 sched3=12 DIFFERS
  LOWERING fn1: sched3=12 sched0=12 DIFFERS
  gap-metric stage-snap-tuples 48
  gap-metric stage-snap-regions 8
  gap-metric stage-snap-walk-refusals 0
  gap-metric stage-snap-tuples-distinct 32
  gap-metric stage-snap-tuple-groups 4
  gap-metric stage-snap-suffix-violations 0
  gap-metric stage-color-pairs 1
  gap-metric stage-color-pairs-differing 1
  PAYLOAD 48 rows over 4 (phase,function) groups; 32 DISTINCT tuple positions (33.3% of the rows are suffix re-reads, inflation 1.50x). The nested-suffix model holds on every block, so DISTINCT is exact.
  RAW WINDOW VACUOUS — 0 pairs aligned across sched2/sched3 (1 function(s) skipped on a length mismatch, window 128B).
                   NOTHING WAS COMPARED. This says nothing about what COLOR writes.
== wwrap_gstore_widths.cpp digest=8bb0d1e0152accdc
  SCHED+GLOBREGS fn1: sched1=9 sched2=11 DIFFERS
  SCHED+GLOBREGS fn2: sched1=9 sched2=11 DIFFERS
  SCHED+GLOBREGS fn3: sched1=9 sched2=11 DIFFERS
  COLOR fn1: sched2=11 sched3=10 DIFFERS
  COLOR fn2: sched2=11 sched3=10 DIFFERS
  COLOR fn3: sched2=11 sched3=10 DIFFERS
  LOWERING fn1: sched3=10 sched0=10 DIFFERS
  LOWERING fn2: sched3=10 sched0=10 DIFFERS
  LOWERING fn3: sched3=10 sched0=10 DIFFERS
  gap-metric stage-snap-tuples 120
  gap-metric stage-snap-regions 24
  gap-metric stage-snap-walk-refusals 0
  gap-metric stage-snap-tuples-distinct 72
  gap-metric stage-snap-tuple-groups 12
  gap-metric stage-snap-suffix-violations 0
  gap-metric stage-color-pairs 3
  gap-metric stage-color-pairs-differing 3
  PAYLOAD 120 rows over 12 (phase,function) groups; 72 DISTINCT tuple positions (40.0% of the rows are suffix re-reads, inflation 1.67x). The nested-suffix model holds on every block, so DISTINCT is exact.
  RAW WINDOW VACUOUS — 0 pairs aligned across sched2/sched3 (3 function(s) skipped on a length mismatch, window 128B).
                   NOTHING WAS COMPARED. This says nothing about what COLOR writes.
== wxlr_create_guard.cpp digest=0b2786d28c1400d9
  SCHED+GLOBREGS fn1: sched1=263 sched2=276 DIFFERS
  COLOR fn1: sched2=276 sched3=292 DIFFERS
  LOWERING fn1: sched3=292 sched0=241 DIFFERS
  gap-metric stage-snap-tuples 1072
  gap-metric stage-snap-regions 48
  gap-metric stage-snap-walk-refusals 0
  gap-metric stage-snap-tuples-distinct 177
  gap-metric stage-snap-tuple-groups 4
  gap-metric stage-snap-suffix-violations 0
  gap-metric stage-color-pairs 1
  gap-metric stage-color-pairs-differing 1
  PAYLOAD 1072 rows over 4 (phase,function) groups; 177 DISTINCT tuple positions (83.5% of the rows are suffix re-reads, inflation 6.06x). The nested-suffix model holds on every block, so DISTINCT is exact.
  RAW WINDOW VACUOUS — 0 pairs aligned across sched2/sched3 (1 function(s) skipped on a length mismatch, window 128B).
                   NOTHING WAS COMPARED. This says nothing about what COLOR writes.
== wxlr_create_guard_neg.cpp digest=fdef546f32a1f9f4
  SCHED+GLOBREGS fn1: sched1=263 sched2=276 DIFFERS
  SCHED+GLOBREGS fn2: sched1=265 sched2=279 DIFFERS
  SCHED+GLOBREGS fn3: sched1=263 sched2=276 DIFFERS
  SCHED+GLOBREGS fn4: sched1=263 sched2=276 DIFFERS
  SCHED+GLOBREGS fn5: sched1=263 sched2=276 DIFFERS
  SCHED+GLOBREGS fn6: sched1=246 sched2=259 DIFFERS
  SCHED+GLOBREGS fn7: sched1=228 sched2=241 DIFFERS
  SCHED+GLOBREGS fn8: sched1=283 sched2=296 DIFFERS
  SCHED+GLOBREGS fn9: sched1=263 sched2=276 DIFFERS
  SCHED+GLOBREGS fn10: sched1=256 sched2=269 DIFFERS
  COLOR fn1: sched2=276 sched3=292 DIFFERS
  COLOR fn2: sched2=279 sched3=295 DIFFERS
  COLOR fn3: sched2=276 sched3=292 DIFFERS
  COLOR fn4: sched2=276 sched3=284 DIFFERS
  COLOR fn5: sched2=276 sched3=292 DIFFERS
  COLOR fn6: sched2=259 sched3=275 DIFFERS
  COLOR fn7: sched2=241 sched3=262 DIFFERS
  COLOR fn8: sched2=296 sched3=312 DIFFERS
  COLOR fn9: sched2=276 sched3=292 DIFFERS
  COLOR fn10: sched2=269 sched3=285 DIFFERS
  LOWERING fn1: sched3=292 sched0=241 DIFFERS
  LOWERING fn2: sched3=295 sched0=244 DIFFERS
  LOWERING fn3: sched3=292 sched0=247 DIFFERS
  LOWERING fn4: sched3=284 sched0=233 DIFFERS
  LOWERING fn5: sched3=292 sched0=241 DIFFERS
  LOWERING fn6: sched3=275 sched0=230 DIFFERS
  LOWERING fn7: sched3=262 sched0=211 DIFFERS
  LOWERING fn8: sched3=312 sched0=261 DIFFERS
  LOWERING fn9: sched3=292 sched0=241 DIFFERS
  LOWERING fn10: sched3=285 sched0=233 DIFFERS
  gap-metric stage-snap-tuples 10580
  gap-metric stage-snap-regions 480
  gap-metric stage-snap-walk-refusals 0
  gap-metric stage-snap-tuples-distinct 1775
  gap-metric stage-snap-tuple-groups 40
  gap-metric stage-snap-suffix-violations 0
  gap-metric stage-color-pairs 10
  gap-metric stage-color-pairs-differing 10
  PAYLOAD 10580 rows over 40 (phase,function) groups; 1775 DISTINCT tuple positions (83.2% of the rows are suffix re-reads, inflation 5.96x). The nested-suffix model holds on every block, so DISTINCT is exact.
  RAW WINDOW VACUOUS — 0 pairs aligned across sched2/sched3 (10 function(s) skipped on a length mismatch, window 128B).
                   NOTHING WAS COMPARED. This says nothing about what COLOR writes.
== wxtea2_mcpy_rev_neg.cpp digest=65da3f270aae254e
  SCHED+GLOBREGS fn1: sched1=12 sched2=12 IDENTICAL
  SCHED+GLOBREGS fn2: sched1=12 sched2=11 DIFFERS
  COLOR fn1: sched2=12 sched3=11 DIFFERS
  COLOR fn2: sched2=11 sched3=11 IDENTICAL
  LOWERING fn1: sched3=11 sched0=11 DIFFERS
  LOWERING fn2: sched3=11 sched0=16 DIFFERS
  gap-metric stage-snap-tuples 96
  gap-metric stage-snap-regions 16
  gap-metric stage-snap-walk-refusals 0
  gap-metric stage-snap-tuples-distinct 62
  gap-metric stage-snap-tuple-groups 8
  gap-metric stage-snap-suffix-violations 0
  gap-metric stage-color-pairs 2
  gap-metric stage-color-pairs-differing 1
  PAYLOAD 96 rows over 8 (phase,function) groups; 62 DISTINCT tuple positions (35.4% of the rows are suffix re-reads, inflation 1.55x). The nested-suffix model holds on every block, so DISTINCT is exact.
  RAW WINDOW 128B, 11 tuple pairs aligned across sched2/sched3 (1 function(s) skipped on a length mismatch).
                   offsets COLOR writes: NONE — the allocator wrote nothing in this window
== wxtea2_mcpy_short_neg.cpp digest=d88df4353e5d40c3
  SCHED+GLOBREGS fn1: sched1=19 sched2=18 DIFFERS
  SCHED+GLOBREGS fn2: sched1=12 sched2=11 DIFFERS
  COLOR fn1: sched2=18 sched3=18 IDENTICAL
  COLOR fn2: sched2=11 sched3=11 IDENTICAL
  LOWERING fn1: sched3=18 sched0=17 DIFFERS
  LOWERING fn2: sched3=11 sched0=16 DIFFERS
  gap-metric stage-snap-tuples 122
  gap-metric stage-snap-regions 16
  gap-metric stage-snap-walk-refusals 0
  gap-metric stage-snap-tuples-distinct 87
  gap-metric stage-snap-tuple-groups 8
  gap-metric stage-snap-suffix-violations 0
  gap-metric stage-color-pairs 2
  gap-metric stage-color-pairs-differing 0
  PAYLOAD 122 rows over 8 (phase,function) groups; 87 DISTINCT tuple positions (28.7% of the rows are suffix re-reads, inflation 1.40x). The nested-suffix model holds on every block, so DISTINCT is exact.
  RAW WINDOW 128B, 29 tuple pairs aligned across sched2/sched3 (0 function(s) skipped on a length mismatch).
                   offsets COLOR writes: +0x3d(2) +0x44(2) +0x45(4) +0x46(4) +0x47(4) +0x49(1) +0x50(2) +0x51(2) +0x52(2) +0x53(2) +0x65(2) +0x69(2)
  FINDING, not a green: the pre/post-COLOR snapshots are IDENTICAL on every
                   function here. The walk is reading fields COLOR does not write — it shows THAT
                   the allocator ran, not WHAT it did.
== wxtea2_mcpy_srcoff_neg.cpp digest=64a9af1cfb06db02
  SCHED+GLOBREGS fn1: sched1=14 sched2=14 IDENTICAL
  SCHED+GLOBREGS fn2: sched1=12 sched2=11 DIFFERS
  COLOR fn1: sched2=14 sched3=12 DIFFERS
  COLOR fn2: sched2=11 sched3=11 IDENTICAL
  LOWERING fn1: sched3=12 sched0=10 DIFFERS
  LOWERING fn2: sched3=11 sched0=16 DIFFERS
  gap-metric stage-snap-tuples 100
  gap-metric stage-snap-regions 16
  gap-metric stage-snap-walk-refusals 0
  gap-metric stage-snap-tuples-distinct 66
  gap-metric stage-snap-tuple-groups 8
  gap-metric stage-snap-suffix-violations 0
  gap-metric stage-color-pairs 2
  gap-metric stage-color-pairs-differing 1
  PAYLOAD 100 rows over 8 (phase,function) groups; 66 DISTINCT tuple positions (34.0% of the rows are suffix re-reads, inflation 1.52x). The nested-suffix model holds on every block, so DISTINCT is exact.
  RAW WINDOW 128B, 11 tuple pairs aligned across sched2/sched3 (1 function(s) skipped on a length mismatch).
                   offsets COLOR writes: NONE — the allocator wrote nothing in this window
== wxtea2_mcpy_stmt_neg.cpp digest=e45bab66dfc0f26d
  SCHED+GLOBREGS fn1: sched1=15 sched2=15 IDENTICAL
  SCHED+GLOBREGS fn2: sched1=12 sched2=11 DIFFERS
  COLOR fn1: sched2=15 sched3=14 DIFFERS
  COLOR fn2: sched2=11 sched3=11 IDENTICAL
  LOWERING fn1: sched3=14 sched0=22 DIFFERS
  LOWERING fn2: sched3=11 sched0=16 DIFFERS
  gap-metric stage-snap-tuples 116
  gap-metric stage-snap-regions 16
  gap-metric stage-snap-walk-refusals 0
  gap-metric stage-snap-tuples-distinct 77
  gap-metric stage-snap-tuple-groups 8
  gap-metric stage-snap-suffix-violations 0
  gap-metric stage-color-pairs 2
  gap-metric stage-color-pairs-differing 1
  PAYLOAD 116 rows over 8 (phase,function) groups; 77 DISTINCT tuple positions (33.6% of the rows are suffix re-reads, inflation 1.51x). The nested-suffix model holds on every block, so DISTINCT is exact.
  RAW WINDOW 128B, 11 tuple pairs aligned across sched2/sched3 (1 function(s) skipped on a length mismatch).
                   offsets COLOR writes: NONE — the allocator wrote nothing in this window
== wxtea2_memcpy_tail.cpp digest=2cfe400ab8bde2f2
  SCHED+GLOBREGS fn1: sched1=13 sched2=13 IDENTICAL
  SCHED+GLOBREGS fn2: sched1=12 sched2=12 IDENTICAL
  SCHED+GLOBREGS fn3: sched1=12 sched2=12 IDENTICAL
  SCHED+GLOBREGS fn4: sched1=12 sched2=11 DIFFERS
  COLOR fn1: sched2=13 sched3=12 DIFFERS
  COLOR fn2: sched2=12 sched3=12 IDENTICAL
  COLOR fn3: sched2=12 sched3=12 IDENTICAL
  COLOR fn4: sched2=11 sched3=11 IDENTICAL
  LOWERING fn1: sched3=12 sched0=9 DIFFERS
  LOWERING fn2: sched3=12 sched0=8 DIFFERS
  LOWERING fn3: sched3=12 sched0=8 DIFFERS
  LOWERING fn4: sched3=11 sched0=16 DIFFERS
  gap-metric stage-snap-tuples 185
  gap-metric stage-snap-regions 32
  gap-metric stage-snap-walk-refusals 0
  gap-metric stage-snap-tuples-distinct 121
  gap-metric stage-snap-tuple-groups 16
  gap-metric stage-snap-suffix-violations 0
  gap-metric stage-color-pairs 4
  gap-metric stage-color-pairs-differing 1
  PAYLOAD 185 rows over 16 (phase,function) groups; 121 DISTINCT tuple positions (34.6% of the rows are suffix re-reads, inflation 1.53x). The nested-suffix model holds on every block, so DISTINCT is exact.
  RAW WINDOW 128B, 35 tuple pairs aligned across sched2/sched3 (1 function(s) skipped on a length mismatch).
                   offsets COLOR writes: NONE — the allocator wrote nothing in this window
== wxtea3_encrypt_loop.cpp digest=41425674ac8c3a3a
  SCHED+GLOBREGS fn1: sched1=14 sched2=15 DIFFERS
  SCHED+GLOBREGS fn2: sched1=15 sched2=15 DIFFERS
  SCHED+GLOBREGS fn3: sched1=84 sched2=84 DIFFERS
  SCHED+GLOBREGS fn4: sched1=59 sched2=57 DIFFERS
  COLOR fn1: sched2=15 sched3=13 DIFFERS
  COLOR fn2: sched2=15 sched3=15 IDENTICAL
  COLOR fn3: sched2=84 sched3=82 DIFFERS
  COLOR fn4: sched2=57 sched3=54 DIFFERS
  LOWERING fn1: sched3=13 sched0=11 DIFFERS
  LOWERING fn2: sched3=15 sched0=15 DIFFERS
  LOWERING fn3: sched3=82 sched0=70 DIFFERS
  LOWERING fn4: sched3=54 sched0=48 DIFFERS
  gap-metric stage-snap-tuples 651
  gap-metric stage-snap-regions 47
  gap-metric stage-snap-walk-refusals 0
  gap-metric stage-snap-tuples-distinct 334
  gap-metric stage-snap-tuple-groups 16
  gap-metric stage-snap-suffix-violations 0
  gap-metric stage-color-pairs 4
  gap-metric stage-color-pairs-differing 3
  PAYLOAD 651 rows over 16 (phase,function) groups; 334 DISTINCT tuple positions (48.7% of the rows are suffix re-reads, inflation 1.95x). The nested-suffix model holds on every block, so DISTINCT is exact.
  RAW WINDOW 128B, 15 tuple pairs aligned across sched2/sched3 (3 function(s) skipped on a length mismatch).
                   offsets COLOR writes: +0x49(3) +0x69(1)
== wxtea3_nobump_neg.cpp digest=33f02cf91167f400
  SCHED+GLOBREGS fn1: sched1=84 sched2=84 DIFFERS
  SCHED+GLOBREGS fn2: sched1=53 sched2=53 DIFFERS
  COLOR fn1: sched2=84 sched3=82 DIFFERS
  COLOR fn2: sched2=53 sched3=50 DIFFERS
  LOWERING fn1: sched3=82 sched0=70 DIFFERS
  LOWERING fn2: sched3=50 sched0=42 DIFFERS
  gap-metric stage-snap-tuples 518
  gap-metric stage-snap-regions 31
  gap-metric stage-snap-walk-refusals 0
  gap-metric stage-snap-tuples-distinct 243
  gap-metric stage-snap-tuple-groups 8
  gap-metric stage-snap-suffix-violations 0
  gap-metric stage-color-pairs 2
  gap-metric stage-color-pairs-differing 2
  PAYLOAD 518 rows over 8 (phase,function) groups; 243 DISTINCT tuple positions (53.1% of the rows are suffix re-reads, inflation 2.13x). The nested-suffix model holds on every block, so DISTINCT is exact.
  RAW WINDOW VACUOUS — 0 pairs aligned across sched2/sched3 (2 function(s) skipped on a length mismatch, window 128B).
                   NOTHING WAS COMPARED. This says nothing about what COLOR writes.
== wxtea3_nonce1_neg.cpp digest=72193e54ff724401
  SCHED+GLOBREGS fn1: sched1=12 sched2=12 DIFFERS
  COLOR fn1: sched2=12 sched3=12 IDENTICAL
  LOWERING fn1: sched3=12 sched0=12 DIFFERS
  gap-metric stage-snap-tuples 48
  gap-metric stage-snap-regions 8
  gap-metric stage-snap-walk-refusals 0
  gap-metric stage-snap-tuples-distinct 32
  gap-metric stage-snap-tuple-groups 4
  gap-metric stage-snap-suffix-violations 0
  gap-metric stage-color-pairs 1
  gap-metric stage-color-pairs-differing 0
  PAYLOAD 48 rows over 4 (phase,function) groups; 32 DISTINCT tuple positions (33.3% of the rows are suffix re-reads, inflation 1.50x). The nested-suffix model holds on every block, so DISTINCT is exact.
  RAW WINDOW 128B, 12 tuple pairs aligned across sched2/sched3 (0 function(s) skipped on a length mismatch).
                   offsets COLOR writes: +0x3d(2) +0x44(4) +0x45(4) +0x46(4) +0x47(4) +0x49(3) +0x69(1)
  FINDING, not a green: the pre/post-COLOR snapshots are IDENTICAL on every
                   function here. The walk is reading fields COLOR does not write — it shows THAT
                   the allocator ran, not WHAT it did.
== wxtea3_nonce_run.cpp digest=0cafaa8f8c9200b9
  SCHED+GLOBREGS fn1: sched1=15 sched2=15 DIFFERS
  COLOR fn1: sched2=15 sched3=15 IDENTICAL
  LOWERING fn1: sched3=15 sched0=15 DIFFERS
  gap-metric stage-snap-tuples 60
  gap-metric stage-snap-regions 8
  gap-metric stage-snap-walk-refusals 0
  gap-metric stage-snap-tuples-distinct 44
  gap-metric stage-snap-tuple-groups 4
  gap-metric stage-snap-suffix-violations 0
  gap-metric stage-color-pairs 1
  gap-metric stage-color-pairs-differing 0
  PAYLOAD 60 rows over 4 (phase,function) groups; 44 DISTINCT tuple positions (26.7% of the rows are suffix re-reads, inflation 1.36x). The nested-suffix model holds on every block, so DISTINCT is exact.
  RAW WINDOW 128B, 15 tuple pairs aligned across sched2/sched3 (0 function(s) skipped on a length mismatch).
                   offsets COLOR writes: +0x49(3) +0x69(1)
  FINDING, not a green: the pre/post-COLOR snapshots are IDENTICAL on every
                   function here. The walk is reading fields COLOR does not write — it shows THAT
                   the allocator ran, not WHAT it did.
== wxtea3_nonce_u64_neg.cpp digest=735a83b73d93414b
  SCHED+GLOBREGS fn1: sched1=14 sched2=14 IDENTICAL
  COLOR fn1: sched2=14 sched3=14 IDENTICAL
  LOWERING fn1: sched3=14 sched0=14 DIFFERS
  gap-metric stage-snap-tuples 56
  gap-metric stage-snap-regions 8
  gap-metric stage-snap-walk-refusals 0
  gap-metric stage-snap-tuples-distinct 40
  gap-metric stage-snap-tuple-groups 4
  gap-metric stage-snap-suffix-violations 0
  gap-metric stage-color-pairs 1
  gap-metric stage-color-pairs-differing 0
  PAYLOAD 56 rows over 4 (phase,function) groups; 40 DISTINCT tuple positions (28.6% of the rows are suffix re-reads, inflation 1.40x). The nested-suffix model holds on every block, so DISTINCT is exact.
  RAW WINDOW 128B, 14 tuple pairs aligned across sched2/sched3 (0 function(s) skipped on a length mismatch).
                   offsets COLOR writes: +0x49(3) +0x71(2)
  FINDING, not a green: the pre/post-COLOR snapshots are IDENTICAL on every
                   function here. The walk is reading fields COLOR does not write — it shows THAT
                   the allocator ran, not WHAT it did.
== wxtea3_nosum_neg.cpp digest=55da9a4bda2360e0
  SCHED+GLOBREGS fn1: sched1=68 sched2=68 DIFFERS
  COLOR fn1: sched2=68 sched3=68 IDENTICAL
  LOWERING fn1: sched3=68 sched0=54 DIFFERS
  gap-metric stage-snap-tuples 258
  gap-metric stage-snap-regions 16
  gap-metric stage-snap-walk-refusals 0
  gap-metric stage-snap-tuples-distinct 118
  gap-metric stage-snap-tuple-groups 4
  gap-metric stage-snap-suffix-violations 0
  gap-metric stage-color-pairs 1
  gap-metric stage-color-pairs-differing 0
  PAYLOAD 258 rows over 4 (phase,function) groups; 118 DISTINCT tuple positions (54.3% of the rows are suffix re-reads, inflation 2.19x). The nested-suffix model holds on every block, so DISTINCT is exact.
  RAW WINDOW 128B, 68 tuple pairs aligned across sched2/sched3 (0 function(s) skipped on a length mismatch).
                   offsets COLOR writes: +0x3d(4) +0x49(4) +0x50(8) +0x51(8) +0x52(8) +0x53(8) +0x64(1) +0x69(1) +0x70(8) +0x71(8) +0x72(8) +0x73(8)
  FINDING, not a green: the pre/post-COLOR snapshots are IDENTICAL on every
                   function here. The walk is reading fields COLOR does not write — it shows THAT
                   the allocator ran, not WHAT it did.
== wxtea3_round_loop.cpp digest=df3b782f3043eef1
  SCHED+GLOBREGS fn1: sched1=84 sched2=84 DIFFERS
  COLOR fn1: sched2=84 sched3=82 DIFFERS
  LOWERING fn1: sched3=82 sched0=70 DIFFERS
  gap-metric stage-snap-tuples 320
  gap-metric stage-snap-regions 16
  gap-metric stage-snap-walk-refusals 0
  gap-metric stage-snap-tuples-distinct 149
  gap-metric stage-snap-tuple-groups 4
  gap-metric stage-snap-suffix-violations 0
  gap-metric stage-color-pairs 1
  gap-metric stage-color-pairs-differing 1
  PAYLOAD 320 rows over 4 (phase,function) groups; 149 DISTINCT tuple positions (53.4% of the rows are suffix re-reads, inflation 2.15x). The nested-suffix model holds on every block, so DISTINCT is exact.
  RAW WINDOW VACUOUS — 0 pairs aligned across sched2/sched3 (1 function(s) skipped on a length mismatch, window 128B).
                   NOTHING WAS COMPARED. This says nothing about what COLOR writes.
== wxtea3_shift6_neg.cpp digest=df3b782f3043eef1
  SCHED+GLOBREGS fn1: sched1=84 sched2=84 DIFFERS
  COLOR fn1: sched2=84 sched3=82 DIFFERS
  LOWERING fn1: sched3=82 sched0=70 DIFFERS
  gap-metric stage-snap-tuples 320
  gap-metric stage-snap-regions 16
  gap-metric stage-snap-walk-refusals 0
  gap-metric stage-snap-tuples-distinct 149
  gap-metric stage-snap-tuple-groups 4
  gap-metric stage-snap-suffix-violations 0
  gap-metric stage-color-pairs 1
  gap-metric stage-color-pairs-differing 1
  PAYLOAD 320 rows over 4 (phase,function) groups; 149 DISTINCT tuple positions (53.4% of the rows are suffix re-reads, inflation 2.15x). The nested-suffix model holds on every block, so DISTINCT is exact.
  RAW WINDOW VACUOUS — 0 pairs aligned across sched2/sched3 (1 function(s) skipped on a length mismatch, window 128B).
                   NOTHING WAS COMPARED. This says nothing about what COLOR writes.
