   Compiling c2-core v0.1.0 (<WORKTREE>/crates/c2-core)
warning: unused imports: `ChainForm` and `chain_form`
   --> crates/c2-il/src/func/body/chain.rs:755:17
    |
755 |     use super::{chain_form, ChainForm};
    |                 ^^^^^^^^^^  ^^^^^^^^^
    |
    = note: `#[warn(unused_imports)]` (part of `#[warn(unused)]`) on by default

warning: unused variable: `link`
    --> crates/c2-il/src/func/body/shapes/calls.rs:3061:13
     |
3061 |         let link = |slots: &[SlotArg]| SeqCall {
     |             ^^^^ help: if this is intentional, prefix it with an underscore: `_link`
     |
     = note: `#[warn(unused_variables)]` (part of `#[warn(unused)]`) on by default

warning: constant `WILD_CHAIN_AS_RECV_LOAD` is never used
    --> crates/c2-il/src/func/body/mcall.rs:4328:11
     |
4328 |     const WILD_CHAIN_AS_RECV_LOAD: &[u8] = &[
     |           ^^^^^^^^^^^^^^^^^^^^^^^
     |
     = note: `#[warn(dead_code)]` (part of `#[warn(unused)]`) on by default

warning: function `a_26_introduced_record_is_SEEN_by_the_scanner_and_REFUSED_by_the_gate` should have a snake case name
    --> crates/c2-il/src/func/gl.rs:3575:8
     |
3575 |     fn a_26_introduced_record_is_SEEN_by_the_scanner_and_REFUSED_by_the_gate() {
     |        ^^^^^^^^^^^^^^^^^^^^^^^^^^^^^^^^^^^^^^^^^^^^^^^^^^^^^^^^^^^^^^^^^^^^^ help: convert the identifier to snake case: `a_26_introduced_record_is_seen_by_the_scanner_and_refused_by_the_gate`
     |
     = note: `#[warn(non_snake_case)]` (part of `#[warn(nonstandard_style)]`) on by default

warning: variable does not need to be mutable
   --> crates/c2-obj/src/plan.rs:631:17
    |
631 |             let mut long = |s: &str, out: &mut Vec<u8>| {
    |                 ----^^^^
    |                 |
    |                 help: remove this `mut`
    |
    = note: `#[warn(unused_mut)]` (part of `#[warn(unused)]`) on by default

warning: `c2-il` (lib test) generated 4 warnings (run `cargo fix --lib -p c2-il --tests` to apply 2 suggestions)
warning: `c2-obj` (lib test) generated 1 warning (run `cargo fix --lib -p c2-obj --tests` to apply 1 suggestion)
   Compiling c2-reference v0.1.0 (<WORKTREE>/crates/c2-reference)
   Compiling c2-harness v0.1.0 (<WORKTREE>/crates/c2-harness)
    Finished `release` profile [optimized] target(s) in 10.18s
     Running unittests src/lib.rs (target/release/deps/c2_core-d11d0e0158155eff)
codegen::alloc::tests::a_link_into_a_formal_is_not_a_bind_link: test
codegen::alloc::tests::a_pure_constant_run_is_the_only_kind_the_emitter_can_build: test
codegen::alloc::tests::all_in_r11_holds_for_one_producer_and_no_more: test
codegen::alloc::tests::allocate_ignores_the_roots_carrier: test
codegen::alloc::tests::clause_one_is_the_use_count: test
codegen::alloc::tests::grid_m_frontier_is_pinned_and_every_cell_of_it_is_refused: test
codegen::alloc::tests::grid_z_two_frontiers_and_the_refusal_fires_on_both: test
codegen::alloc::tests::one_producer_takes_pool_top_at_every_floor: test
codegen::alloc::tests::refusals_are_measured_regimes_not_caution: test
codegen::alloc::tests::the_carrier_decides_only_whether_a_mixed_run_is_served: test
codegen::alloc::tests::the_carrier_is_not_symmetric_in_the_two_roots: test
codegen::alloc::tests::the_carrier_is_one_bind_link_short: test
codegen::alloc::tests::the_carrier_states_the_decoded_grid_z_table: test
codegen::alloc::tests::the_four_refuted_rules_killer_cells: test
codegen::alloc::tests::the_grid_x_table_is_stated_in_the_ports_own_types: test
codegen::alloc::tests::the_mixed_refusal_covers_the_measured_refutations: test
codegen::alloc::tests::the_offset_lists_state_a_prefix_and_a_sum_only_carrier_refuses: test
codegen::alloc::tests::the_pool_starts_below_the_live_in_formals: test
codegen::alloc::tests::the_same_address_spelled_two_ways_takes_two_registers_so_the_run_refuses: test
codegen::alloc::tests::the_strict_use_count_subcase_is_refused_too: test
codegen::alloc::tests::the_tiebreak_sign_flips_on_the_count_and_on_the_kind: test
codegen::alloc::tests::the_witness_pair_needs_the_root_s_own_base: test
codegen::alloc_init_or_fail::tests::a_mode_other_than_o1_refuses: test
codegen::alloc_init_or_fail::tests::the_body_is_the_reference_obj_word_for_word: test
codegen::alloc_init_or_fail::tests::the_middle_branch_lands_on_the_link_store_not_the_epilogue: test
codegen::alloc_init_or_fail::tests::the_status_store_is_a_byte_store: test
codegen::alloc_init_or_fail::tests::the_ten_immediates_are_fields: test
codegen::alloc_init_or_fail::tests::the_three_tests_do_not_share_one_condition_register: test
codegen::alloc_init_or_fail::tests::the_two_high_halves_have_different_hoist_distances: test
codegen::block_ir::tests::a_backward_branch_is_refused_by_the_label_maps_own_rule: test
codegen::block_ir::tests::a_bc_past_its_field_is_refused_through_the_same_map: test
codegen::block_ir::tests::a_bclr_terminator_emits_the_conditional_return: test
codegen::block_ir::tests::a_block_id_from_another_layout_is_refused_on_both_paths: test
codegen::block_ir::tests::a_block_relative_position_moves_with_its_block_and_a_body_constant_does_not: test
codegen::block_ir::tests::a_block_reports_the_producer_in_its_own_run: test
codegen::block_ir::tests::a_block_that_is_not_a_whole_number_of_words_is_refused: test
codegen::block_ir::tests::a_body_with_no_blocks_is_refused: test
codegen::block_ir::tests::a_branch_reading_a_field_its_own_run_did_not_write_is_refused: test
codegen::block_ir::tests::a_declared_but_unplaced_block_is_refused_and_names_itself: test
codegen::block_ir::tests::a_fall_through_emits_no_bytes_and_the_next_block_starts_immediately: test
codegen::block_ir::tests::a_finished_body_says_where_every_block_landed: test
codegen::block_ir::tests::a_last_block_that_falls_through_is_refused_and_names_itself: test
codegen::block_ir::tests::a_placed_block_reports_its_name_body_and_terminator: test
codegen::block_ir::tests::a_position_past_its_own_blocks_run_is_refused_and_names_both_numbers: test
codegen::block_ir::tests::a_producer_in_a_predecessor_block_is_not_an_accusation: test
codegen::block_ir::tests::a_tail_call_leaves_a_zero_word_and_reports_its_offset: test
codegen::block_ir::tests::an_intra_section_b_is_patched_with_its_true_displacement: test
codegen::block_ir::tests::an_unmodelled_word_leaves_the_question_open_rather_than_refusing: test
codegen::block_ir::tests::emission_order_is_placement_order_not_declaration_order: test
codegen::block_ir::tests::placing_one_block_twice_is_refused_and_names_both_positions: test
codegen::block_ir::tests::the_ir_spells_all_six_of_item_as_terminator_kinds: test
codegen::block_ir::tests::the_memfree_shape_lays_out_to_the_bytes_the_real_obj_carries: test
codegen::block_ir::tests::the_position_accessors_refuse_a_block_id_from_another_layout: test
codegen::block_ir::tests::the_same_block_with_the_field_its_run_wrote_is_accepted_and_emits_the_obj_word: test
codegen::block_ir::tests::the_terminator_constructors_derive_bo_and_bi_from_the_producer: test
codegen::block_ir::tests::the_terminator_word_is_outside_the_run_a_lowering_may_name: test
codegen::block_ir::tests::the_terminators_that_read_no_condition_register_say_none: test
codegen::calls::tests::a_chain_links_literals_interleave_in_slot_order: test
codegen::calls::tests::a_chain_links_moves_ascend_where_every_other_calls_descend: test
codegen::calls::tests::a_computed_address_is_not_scheduled_like_a_data_symbol_address: test
codegen::calls::tests::a_dropped_formal_is_not_an_insertion: test
codegen::calls::tests::a_guard_with_no_call_after_it_refuses_in_the_emitter_too: test
codegen::calls::tests::a_guarded_call_sequence_matches_the_reference_bytes: test
codegen::calls::tests::a_literal_below_the_park_remainder_goes_after_it: test
codegen::calls::tests::a_literal_call_argument_is_one_li_and_two_of_them_descend: test
codegen::calls::tests::a_moved_formal_hoists_past_the_literal_only_when_the_li_clobbers_it: test
codegen::calls::tests::a_permuted_call_behind_a_guarded_early_return_refuses_but_the_unguarded_one_emits: test
codegen::calls::tests::argument_permutations_match_the_reference: test
codegen::calls::tests::argument_permutations_refuse_the_uncharacterized_shapes: test
codegen::calls::tests::encode_call_branch_sets_link_bit: test
codegen::calls::tests::encode_tail_branch_stores_negative_self_offset: test
codegen::calls::tests::framed_call_moves_a_non_first_formal_into_r3: test
codegen::calls::tests::framed_call_text_matches_reference_body: test
codegen::calls::tests::int_tail_call_arg_setup_prepends_addi: test
codegen::calls::tests::int_tail_call_passthrough_is_bare_branch: test
codegen::calls::tests::the_address_addi_is_emitted_last_even_when_a_literal_sits_at_a_lower_slot: test
codegen::calls::tests::the_chain_tail_fp_load_is_an_lfs_or_an_lfd_into_f1: test
codegen::calls::tests::the_chain_tail_load_does_not_fold_at_offset_zero_but_the_add_does: test
codegen::calls::tests::the_computed_address_schedule_is_not_established_and_has_no_slot_variant: test
codegen::calls::tests::the_data_address_addi_is_emitted_second_not_last: test
codegen::calls::tests::the_data_address_setup_refuses_the_shapes_it_has_no_capture_for: test
codegen::calls::tests::the_dyninit_thunk_body_is_the_measured_payload: test
codegen::calls::tests::the_entry_block_ascends_the_call_site_descends_and_a_dip_has_no_layout: test
codegen::calls::tests::the_first_guard_reads_a_live_home_and_a_later_guard_reads_where_it_went: test
codegen::calls::tests::the_guard_compares_the_scrutinees_home_register: test
codegen::calls::tests::the_guarded_branch_steps_over_the_arms_setup: test
codegen::calls::tests::the_literal_slot_tracks_the_decoded_value_and_refuses_outside_li: test
codegen::calls::tests::the_park_anchors_at_the_guards_scrutinee_and_not_at_the_cycle_minimum: test
codegen::calls::tests::the_park_remainder_merges_a_literal_by_descending_destination: test
codegen::calls::tests::the_park_reproduces_mmiogetinfos_own_entry_block_and_call_remainder: test
codegen::calls::tests::the_spliced_literal_matches_grid_l_at_every_arity_it_graded: test
codegen::calls::tests::the_symbol_at_slot_zero_does_not_discriminate_the_two_rules: test
codegen::calls::tests::the_tail_branch_displacement_is_negative_its_own_offset: test
codegen::calls::tests::two_park_moves_beside_a_literal_are_out_of_class: test
codegen::cfg_class::tests::census_strings_round_trip: test
codegen::cfg_class::tests::claims_are_one_per_class_and_internally_consistent: test
codegen::cfg_class::tests::declared_class_lists_are_well_formed: test
codegen::cfg_class::tests::every_partial_row_is_exactly_its_class_s_lowerings: test
codegen::cfg_class::tests::lowering_all_is_complete_and_has_no_duplicates: test
codegen::cfg_class::tests::nothing_emits_switch_and_nothing_claims_it: test
codegen::cfg_class::tests::whole_claims_reproduce_the_frozen_port_cfg_classes_list: test
codegen::close_call_chain::tests::bctrl_is_the_reference_word: test
codegen::close_call_chain::tests::it_refuses_outside_o1: test
codegen::close_call_chain::tests::the_frame_is_ninety_six: test
codegen::close_call_chain::tests::the_text_is_byte_identical_to_the_reference_obj: test
codegen::cond::tests::a_bo_that_ignores_the_cr_has_no_sense_to_invert: test
codegen::cond::tests::a_compare_carries_its_field_and_a_record_form_has_only_cr0: test
codegen::cond::tests::a_cond_reports_its_producer_bo_bit_and_derived_field: test
codegen::cond::tests::a_run_with_no_writer_says_so_and_is_not_the_same_as_unknown: test
codegen::cond::tests::bo_20_and_bo_16_read_no_condition_register_and_bo_12_and_4_do: test
codegen::cond::tests::every_encoder_in_this_crates_ordinary_vocabulary_is_recognised: test
codegen::cond::tests::every_producer_word_section_3_2_published_decodes_to_the_field_the_obj_reads: test
codegen::cond::tests::inverting_a_cond_moves_only_the_sense: test
codegen::cond::tests::the_bi_comes_from_the_producer_and_both_words_are_real_obj_bytes: test
codegen::cond::tests::the_compare_encoders_report_the_field_they_were_given: test
codegen::cond::tests::the_ds_form_stores_are_not_record_forms: test
codegen::cond::tests::the_record_form_encoders_report_record_and_their_twins_do_not: test
codegen::cond::tests::the_scan_reads_backwards_and_the_last_writer_wins: test
codegen::cond_tail::tests::a_value_both_arms_want_in_the_same_register_is_hoisted: test
codegen::cond_tail::tests::memfree_matches_the_published_bytes: test
codegen::cond_tail::tests::signedness_selects_the_compare_instruction: test
codegen::cond_tail::tests::the_branch_sense_negates_every_relation: test
codegen::cond_tail::tests::the_class_states_fold_band_3_for_every_relation_it_admits: test
codegen::cond_tail::tests::the_relation_grid_matches_the_real_obj_bytes: test
codegen::counted_accum_loop::tests::bdnz_is_the_captured_word_at_both_measured_displacements: test
codegen::counted_accum_loop::tests::every_accumulate_word_is_the_one_c2_emitted: test
codegen::counted_accum_loop::tests::mtctr_uses_the_split_spr_field: test
codegen::counted_accum_loop::tests::the_accumulate_words_are_pairwise_distinct: test
codegen::counted_accum_loop::tests::the_init_literal_is_the_li_immediate_at_both_simm16_edges: test
codegen::counted_accum_loop::tests::the_selector_routes_the_shape_at_both_modes_and_to_the_same_bytes: test
codegen::counted_accum_loop::tests::the_signed_sub_cell_is_the_bytes_real_c2_emitted: test
codegen::counted_accum_loop::tests::the_unsigned_cell_moves_exactly_two_words_and_they_are_the_guard: test
codegen::ctor_forward_call::tests::nothing_sits_between_the_call_and_the_epilogue: test
codegen::ctor_forward_call::tests::the_call_displacement_follows_the_function: test
codegen::ctor_forward_call::tests::the_nine_words_are_the_reference_obj: test
codegen::div_mod_leaf::tests::a_different_arity_refuses_in_codegen_too: test
codegen::div_mod_leaf::tests::each_shape_has_its_own_measured_length: test
codegen::div_mod_leaf::tests::the_four_o1_bodies_are_reproduced_word_for_word: test
codegen::div_mod_leaf::tests::the_four_ox_bodies_are_reproduced_word_for_word: test
codegen::div_mod_leaf::tests::unsigned_divide_is_byte_identical_across_the_modes_and_the_others_are_not: test
codegen::encode::cross_check::every_branch_encoder_reproduces_its_incumbent_word_and_its_refusal: test
codegen::encode::cross_check::every_displacement_encoder_reproduces_its_incumbent_word: test
codegen::encode::cross_check::every_fp_encoder_reproduces_its_incumbent_word: test
codegen::encode::cross_check::every_rotate_encoder_reproduces_its_incumbent_word: test
codegen::encode::cross_check::every_three_register_encoder_reproduces_its_incumbent_word: test
codegen::encode::cross_check::every_two_register_encoder_reproduces_its_incumbent_word: test
codegen::encode::tests::a_branch_past_the_field_refuses_rather_than_truncating: test
codegen::encode::tests::encode_add_matches_reference_words: test
codegen::encode::tests::encode_addi_matches_reference_words: test
codegen::encode::tests::encode_bclr_and_extsb_record_match_reference_words: test
codegen::encode::tests::encode_blr_is_fixed: test
codegen::encode::tests::encode_lwz_matches_reference_words: test
codegen::encode::tests::encode_mullw_matches_reference_words: test
codegen::encode::tests::encode_subf_matches_reference_words: test
codegen::encode::tests::narrow_load_encoders_match_reference_words: test
codegen::encode::tests::the_logical_destination_field_is_ra_and_not_rt: test
codegen::encode::tests::the_logical_xforms_reproduce_their_captured_words: test
codegen::encode::tests::the_two_right_shifts_are_different_instructions: test
codegen::encode::tests::w8_branch_words_match_the_reference_obj: test
codegen::encode::tests::w8_compare_words_match_the_reference_obj: test
codegen::encode::tests::w_blockir_fp_walk_forms_match_the_reference_obj_and_are_none_of_their_neighbours: test
codegen::encode::tests::w_json_lhzx_matches_the_reference_obj_and_is_none_of_its_neighbours: test
codegen::encode::tests::w_json_sthu_matches_the_reference_obj_and_is_one_bit_from_sth: test
codegen::encode::tests::w_osfinfo_clrlwi_record_matches_the_reference_obj: test
codegen::encode::tests::w_osfinfo_cmplw_matches_the_reference_obj_and_is_none_of_its_neighbours: test
codegen::float_walk_loop::tests::a_base_difference_count_that_disagrees_with_the_shape_refuses: test
codegen::float_walk_loop::tests::the_back_edge_lands_on_the_first_body_word: test
codegen::float_walk_loop::tests::the_four_ipp_bodies_reproduce_byte_for_byte: test
codegen::float_walk_loop::tests::the_shape_routes_and_carries_its_two_tu_level_facts: test
codegen::float_walk_loop::tests::the_two_operations_are_injective_and_use_different_fields: test
codegen::fold::tests::a_join_against_an_epilogue_is_unmeasured_and_is_not_the_declined_pair: test
codegen::fold::tests::a_shape_in_another_band_is_refused_and_the_refusal_names_both_bands: test
codegen::fold::tests::band_1_is_excluded_and_never_confirmed: test
codegen::fold::tests::band_1s_conjuncts_cannot_move_a_transfer_shape: test
codegen::fold::tests::the_band_rule_is_symmetric_in_the_two_arms: test
codegen::fold::tests::the_declined_cost_model_refuses_whichever_band_is_asked_for: test
codegen::fold::tests::the_eighteen_rows_of_section_3_5_classify_to_their_measured_branch_column: test
codegen::fold::tests::the_equality_clause_comes_from_the_existing_relation_reader: test
codegen::fold::tests::the_join_clause_beats_band_1s_precondition_which_is_the_clause_order: test
codegen::fold::tests::the_record_carries_three_bands_numbered_as_the_document_numbers_them: test
codegen::fold::tests::the_two_shipped_clients_decide_to_two_different_bands: test
codegen::fp_store_diamond::tests::both_branches_land_on_their_blocks_at_every_arm_size: test
codegen::fp_store_diamond::tests::store_offsets_are_then_then_join: test
codegen::fp_store_diamond::tests::the_block_local_pool_has_its_halves_five_words_apart: test
codegen::fp_store_diamond::tests::the_divisor_loads_first_in_every_statement_but_the_last: test
codegen::fp_store_diamond::tests::the_emitter_backstops_refuse_by_name: test
codegen::fp_store_diamond::tests::the_thirty_five_words_are_the_reference_obj: test
codegen::frame::tests::frame_helper_and_probe_thresholds_are_where_the_captures_put_them: test
codegen::frame::tests::frame_prologue_and_epilogue_match_the_reference_words: test
codegen::frame::tests::frame_size_fits_every_captured_witness: test
codegen::frontier_bytes::mmio_tests::mmiogetinfo_eighty_four_bytes_reconstruct_from_the_encoders: test
codegen::frontier_bytes::mmio_tests::no_word_of_mmiogetinfo_needed_a_new_encoder: test
codegen::frontier_bytes::mmio_tests::the_park_is_two_ordinary_mrs_in_an_extraordinary_place: test
codegen::frontier_bytes::tests::one_wrong_field_anywhere_breaks_the_reconstruction: test
codegen::frontier_bytes::tests::only_two_of_sixteen_words_needed_a_new_encoder: test
codegen::frontier_bytes::tests::primes_sixty_four_bytes_reconstruct_from_the_encoders: test
codegen::frontier_bytes::tests::the_back_edge_is_still_a_backward_reference_the_label_map_refuses: test
codegen::frontier_bytes::tests::the_builder_is_unchanged_by_the_mutation_test: test
codegen::frontier_bytes::tests::the_plan_is_five_blocks_and_the_entry_branch_overshoots_the_loop_top: test
codegen::frontier_bytes::tests::the_two_new_encoders_are_pinned_to_real_c2_words: test
codegen::global_store_leaf::tests::an_unmeasured_width_refuses: test
codegen::global_store_leaf::tests::the_target_body_is_twelve_bytes: test
codegen::global_store_leaf::tests::the_three_other_widths_are_grid_t_cells: test
codegen::guard_chain_shared_tail::tests::a_seventh_formal_is_in_class_now_and_an_eighth_still_is_not: test
codegen::guard_chain_shared_tail::tests::arity_outside_three_to_seven_refuses: test
codegen::guard_chain_shared_tail::tests::body_matches_the_reference_obj_word_for_word: test
codegen::guard_chain_shared_tail::tests::duplicating_the_shared_tail_would_be_twelve_bytes_longer: test
codegen::guard_chain_shared_tail::tests::refuses_outside_o1: test
codegen::guard_chain_shared_tail::tests::the_five_formal_byte_store_body_matches_its_reference_obj: test
codegen::guard_chain_shared_tail::tests::the_high_half_is_word_fourteen_and_not_word_zero: test
codegen::guard_chain_shared_tail::tests::the_hoisted_move_follows_the_arity: test
codegen::guard_chain_shared_tail::tests::the_lis_sits_above_the_r6_r5_r4_block_at_every_arity: test
codegen::guard_chain_shared_tail::tests::the_store_width_is_the_only_word_that_follows_the_pointee_type: test
codegen::guard_chain_shared_tail::tests::the_two_result_tests_use_different_condition_registers: test
codegen::guard_ret_chain::tests::a_copy_below_the_measured_step_is_refused: test
codegen::guard_ret_chain::tests::a_third_guard_is_refused: test
codegen::guard_ret_chain::tests::only_the_bl_moves_with_base_off: test
codegen::guard_ret_chain::tests::sub_shape_g_is_mmiogetinfo_word_for_word: test
codegen::guard_ret_chain::tests::sub_shape_s_is_mmiosetinfo_word_for_word: test
codegen::guard_ret_chain::tests::the_emitter_refuses_outside_o1: test
codegen::guard_ret_chain::tests::the_pdata_words_fall_out_of_the_two_lengths: test
codegen::if_call_join::tests::a_wide_literal_refuses: test
codegen::if_call_join::tests::one_compare_serves_both_entry_guards: test
codegen::if_call_join::tests::only_the_two_call_words_move_with_the_function: test
codegen::if_call_join::tests::ox_refuses: test
codegen::if_call_join::tests::the_body_is_the_bytes_c2_emitted_for_negate_test: test
codegen::if_call_join::tests::the_frame_offsets_are_the_ones_the_pdata_record_needs: test
codegen::if_call_join::tests::the_join_round_trip_is_not_removable: test
codegen::if_call_join::tests::the_literals_are_two_immediate_fields: test
codegen::json_utf8_copy::tests::body_matches_the_reference_words: test
codegen::json_utf8_copy::tests::each_field_moves_exactly_the_words_it_names: test
codegen::json_utf8_copy::tests::every_branch_lands_on_a_block_boundary_and_there_are_fourteen_of_them: test
codegen::json_utf8_copy::tests::exactly_two_words_move_with_the_function: test
codegen::json_utf8_copy::tests::relocation_sites_and_prologue_length_match_the_reference: test
codegen::json_utf8_copy::tests::the_back_edge_through_a_default_layout_is_refused_in_the_maps_own_words: test
codegen::json_utf8_copy::tests::the_emitter_refuses_every_mode_but_o1: test
codegen::json_utf8_copy::tests::the_published_prologue_length_and_the_published_save_site_agree: test
codegen::labels::tests::a_backward_bc_past_its_field_is_refused_with_the_expansion_named: test
codegen::labels::tests::a_backward_reference_is_refused_because_it_moves_the_label_counter: test
codegen::labels::tests::a_bc_past_its_field_is_refused_with_the_expansion_named: test
codegen::labels::tests::a_conditional_reference_patches_the_bc_form: test
codegen::labels::tests::a_fixup_site_that_was_written_over_is_refused: test
codegen::labels::tests::a_label_from_another_map_is_refused: test
codegen::labels::tests::a_self_reference_is_refused_by_the_same_rule: test
codegen::labels::tests::a_self_reference_is_refused_even_for_an_admitted_class: test
codegen::labels::tests::an_admitted_back_edge_resolves_to_its_true_negative_displacement: test
codegen::labels::tests::an_undefined_label_is_refused_and_names_itself: test
codegen::labels::tests::an_unreferenced_label_is_not_an_error: test
codegen::labels::tests::defining_a_label_twice_is_refused: test
codegen::labels::tests::every_admitted_class_has_a_registered_control_flow_surcharge: test
codegen::labels::tests::json_utf8_copy_is_admitted_as_a_framed_class_and_not_at_lead_plus_one: test
codegen::labels::tests::the_admitted_class_list_is_complete: test
codegen::labels::tests::the_same_back_edge_through_a_default_map_is_still_refused: test
codegen::labels::tests::the_same_distance_is_in_range_for_the_wider_b_field: test
codegen::labels::tests::two_references_to_one_forward_label_resolve_to_their_own_displacements: test
codegen::leaf::addr::tests::addr_leaf_text_is_one_addi_and_a_blr: test
codegen::leaf::compare::tests::compare_general_spines_match_the_reference: test
codegen::leaf::compare::tests::compare_lt_ge_le_against_a_nonzero_literal_match_the_reference: test
codegen::leaf::compare::tests::compare_uncharacterized_relations_fail_closed: test
codegen::leaf::compare::tests::compare_zero_folds_match_the_reference: test
codegen::leaf::compare::w43_tests::w43_emits_getxallocattributes_in_both_modes: test
codegen::leaf::compare::w43_tests::w43_the_class_never_hands_addis_a_negative_immediate: test
codegen::leaf::compare::w43_tests::w43_the_selection_region_is_exactly_what_the_grid_supports: test
codegen::leaf::float::tests::double_constant_uses_lfd_and_the_double_primary_opcode: test
codegen::leaf::float::tests::float_chain_matches_the_reference: test
codegen::leaf::float::tests::fp_argument_permutation_breaks_its_cycle_through_f0: test
codegen::leaf::float::tests::fp_argument_permutation_refuses_the_two_scratch_shapes: test
codegen::leaf::float::tests::fp_constant_claims_its_register_before_any_interior_temporary: test
codegen::leaf::float::tests::fp_constant_loads_through_a_relocated_addis_lfs_pair: test
codegen::leaf::float::tests::fp_constant_pool_refuses_what_it_has_not_characterized: test
codegen::leaf::float::tests::fp_rejects_the_shapes_that_would_mis_emit: test
codegen::leaf::float::tests::fp_subtract_uses_source_order_not_the_integer_reversal: test
codegen::leaf::float::tests::fp_tail_call_emits_the_move_the_capture_shows: test
codegen::leaf::load::tests::indirect_load_text_is_one_lwz_and_a_blr: test
codegen::leaf::load::tests::narrow_indirect_load_text_matches_the_captured_bodies: test
codegen::leaf::store::tests::an_interior_address_in_the_value_position_emits_addi_in_both_spellings: test
codegen::leaf::store::tests::load_valued_store_is_a_scratch_pair_and_the_mode_picks_the_register: test
codegen::leaf::store::tests::store_leaf_text_is_one_store_and_a_blr: test
codegen::leaf::store::tests::store_run_text_is_one_store_per_statement_in_source_order: test
codegen::leaf::store::tests::the_bind_carrier_emits_both_spellings_and_they_stay_apart: test
codegen::leaf::store::tests::the_carrier_decodes_both_roots_of_a_bind_valued_store: test
codegen::leaf::store::tests::the_interior_address_domain_is_refused_at_its_three_edges: test
codegen::leaf::store::tests::the_reachable_lineage_is_exactly_one_deep: test
codegen::leaf::store::tests::the_schedule_never_refuses_a_run_the_parser_admits_today: test
codegen::leaf::store::tests::the_scheduled_run_text_is_a_whole_body_and_ends_in_blr: test
codegen::leaf::store::tests::the_widening_refuses_one_step_outside_every_models_domain: test
codegen::memcpy_tail::tests::a_zero_destination_offset_emits_no_addi: test
codegen::memcpy_tail::tests::an_out_of_range_offset_or_length_refuses: test
codegen::memcpy_tail::tests::ox_refuses_and_names_the_threshold: test
codegen::memcpy_tail::tests::the_length_is_the_li_immediate_and_nothing_else_moves: test
codegen::memcpy_tail::tests::the_target_body_is_addi_then_li: test
codegen::mop::ops_tests::an_empty_op_stream_renders_to_no_bytes: test
codegen::mop::ops_tests::every_d_form_mop_agrees_with_its_encoder: test
codegen::mop::ops_tests::every_fallible_branch_mop_agrees_with_its_encoder_including_its_refusals: test
codegen::mop::ops_tests::every_fp_a_form_mop_agrees_with_its_encoder: test
codegen::mop::ops_tests::every_immediate_mop_agrees_with_its_encoder: test
codegen::mop::ops_tests::every_nullary_and_unary_mop_agrees_with_its_encoder: test
codegen::mop::ops_tests::every_register_register_mop_agrees_with_its_encoder: test
codegen::mop::ops_tests::every_rotate_mop_agrees_with_its_encoder: test
codegen::mop::ops_tests::every_two_register_mop_agrees_with_its_encoder: test
codegen::mop::ops_tests::ops_to_bytes_is_concatenated_encoder_output: test
codegen::mop::ops_tests::the_encoder_and_mop_populations_are_the_same_size: test
codegen::mop::tests::a_field_width_mutation_bites_and_the_default_does_not: test
codegen::mop::tests::after0_agreement_with_c2s_base_word_table: test
codegen::mop::tests::an_untranscribed_opcode_refuses: test
codegen::mop::tests::every_transcribed_row_is_internally_consistent: test
codegen::mop::tests::form_39_puts_the_destination_in_ra_and_form_49_does_not: test
codegen::mop::tests::form_55_supplies_bo_20_from_the_arm_not_from_the_base_word: test
codegen::mop::tests::the_index_and_the_scan_agree_on_every_opcode: test
codegen::mop::tests::the_spr_field_is_split_low_half_first: test
codegen::mop::tests::the_table_is_total_and_has_no_duplicate_opcode: test
codegen::nonce_add_run::tests::an_out_of_range_or_misaligned_base_refuses: test
codegen::nonce_add_run::tests::ox_refuses_and_names_the_register_that_moves: test
codegen::nonce_add_run::tests::the_rldicl_encoder_reproduces_both_measured_words: test
codegen::nonce_add_run::tests::the_target_body_is_thirty_two_bytes: test
codegen::nonce_add_run::tests::the_two_bases_move_independently: test
codegen::order::tests::family_a_the_all_produced_tie: test
codegen::order::tests::family_b_the_hoist_fires_with_a_full_head: test
codegen::order::tests::four_producers_are_refused_with_alloc: test
codegen::order::tests::producers_are_contiguous_when_there_is_nothing_to_slot_against: test
codegen::order::tests::schedules_published_cells_stay_derived: test
codegen::order::tests::source_order_predicate_is_inert_on_what_the_parser_admits: test
codegen::order::tests::the_bind_runs_the_model_answers_and_the_one_it_answers_that_is_declined: test
codegen::order::tests::the_emitted_symbol_pattern_is_always_the_source_pattern: test
codegen::order::tests::the_fallback_never_fires_on_any_enumerable_run: test
codegen::order::tests::the_hoist_is_rank_zero: test
codegen::order::tests::the_layout_answers_two_masks_and_refuses_the_third: test
codegen::order::tests::the_layout_guard_is_inert_on_what_the_parser_admits: test
codegen::order::tests::the_layout_u_is_the_leading_run_not_the_count: test
codegen::order::tests::the_strict_use_count_lift_is_refuted_by_this_lanes_own_grid: test
codegen::order::tests::the_two_readings_of_u_agree_on_every_single_symbol_run: test
codegen::order::tests::three_fillers_do_not_displace_the_rank_one_store: test
codegen::order::tests::three_producers_through_two_symbols_are_refused: test
codegen::order::tests::three_symbols_need_no_new_constant: test
codegen::order::tests::u_is_lowered_rather_than_a_floor_relaxed: test
codegen::order::tests::xboxheap_allocation_is_still_refused_and_the_answer_it_owes_is_recorded: test
codegen::order::tests::xboxheap_two_symbols_is_answered_not_refused: test
codegen::order::tests::xboxheap_without_the_reference_bind_is_a_different_body_and_is_predicted: test
codegen::osf_handle_guard::tests::a_handle_member_away_from_zero_refuses: test
codegen::osf_handle_guard::tests::a_mode_other_than_o1_refuses: test
codegen::osf_handle_guard::tests::a_non_contiguous_mask_refuses: test
codegen::osf_handle_guard::tests::a_power_of_two_element_size_refuses: test
codegen::osf_handle_guard::tests::four_guards_name_one_sunk_error_block: test
codegen::osf_handle_guard::tests::the_body_is_the_reference_obj_word_for_word: test
codegen::osf_handle_guard::tests::the_flag_test_is_a_record_form_mask_reading_cr0: test
codegen::osf_handle_guard::tests::the_success_and_error_stores_are_one_word: test
codegen::osf_handle_guard::tests::the_ten_immediates_are_fields: test
codegen::osf_handle_guard::tests::the_two_entry_guards_do_not_share_a_compare_form: test
codegen::pool_ctor_chain::tests::an_ungraded_alignment_or_arity_refuses: test
codegen::pool_ctor_chain::tests::the_body_is_pool_ctor_word_for_word: test
codegen::pool_ctor_chain::tests::the_class_is_o1_only: test
codegen::pool_ctor_chain::tests::the_member_offset_moves_only_the_member_init_store: test
codegen::pool_ctor_chain::tests::the_two_displacements_agree_with_the_body_they_span: test
codegen::pool_free_list::tests::a_wide_member_offset_refuses_rather_than_truncating: test
codegen::pool_free_list::tests::an_arity_the_register_plan_was_not_measured_at_refuses: test
codegen::pool_free_list::tests::pop_is_pool_alloc_word_for_word: test
codegen::pool_free_list::tests::push_is_pool_free_word_for_word: test
codegen::pool_free_list::tests::the_class_is_o1_only: test
codegen::pool_free_list::tests::the_guard_is_fold_band_2_and_the_class_never_reaches_the_declined_cost_model: test
codegen::pool_free_list::tests::the_member_offset_moves_both_displacements_and_nothing_else: test
codegen::ptr_walk_chain_loop::tests::a_chain_that_never_reads_the_character_refuses: test
codegen::ptr_walk_chain_loop::tests::a_different_arity_refuses_in_codegen_too: test
codegen::ptr_walk_chain_loop::tests::a_late_character_read_stays_in_the_two_regime_at_every_length: test
codegen::ptr_walk_chain_loop::tests::four_step_chain_flips_to_the_same_regime_and_jumps_in: test
codegen::ptr_walk_chain_loop::tests::one_step_chain_is_reproduced_word_for_word: test
codegen::ptr_walk_chain_loop::tests::ox_refuses_because_nothing_graded_it_there: test
codegen::ptr_walk_chain_loop::tests::s5_orders_a_commutative_operand_pair_by_recency: test
codegen::ptr_walk_chain_loop::tests::the_element_signedness_moves_only_the_record_and_entry_forms: test
codegen::ptr_walk_chain_loop::tests::the_emitted_length_follows_the_chain_and_the_regime: test
codegen::ptr_walk_chain_loop::tests::the_schedule_is_a_bijection_onto_the_body_slots: test
codegen::ptr_walk_chain_loop::tests::three_step_chain_puts_the_load_at_slot_one: test
codegen::ptr_walk_loop::tests::a_different_arity_refuses_in_codegen_too: test
codegen::ptr_walk_loop::tests::hash_string_is_reproduced_word_for_word: test
codegen::ptr_walk_loop::tests::only_the_two_immediates_move_across_the_graded_axes: test
codegen::ptr_walk_loop::tests::ox_refuses_because_c2_emits_a_different_body_there: test
codegen::ptr_walk_loop::tests::the_entry_guard_and_the_back_edge_read_two_different_producers: test
codegen::ptr_walk_loop::tests::the_same_three_blocks_through_a_default_layout_are_refused: test
codegen::reach::tests::a_b_past_its_own_field_has_nothing_to_expand_into: test
codegen::reach::tests::a_backward_overflow_is_unmeasured_but_a_backward_fit_is_direct: test
codegen::reach::tests::a_bo_with_no_sense_cannot_be_expanded: test
codegen::reach::tests::a_misaligned_displacement_is_its_own_verdict_at_any_distance: test
codegen::reach::tests::inverting_the_sense_walks_branch_senses_own_negation_pairs: test
codegen::reach::tests::the_expansion_is_a_bc_and_a_b_and_never_a_register_indirect_form: test
codegen::reach::tests::the_expansion_moves_the_sense_and_nothing_else: test
codegen::reach::tests::the_far_branch_carries_the_pre_expansion_displacement: test
codegen::reach::tests::the_gate_agrees_with_the_encoder_across_the_entire_field: test
codegen::reach::tests::the_gate_refuses_an_overflow_and_names_the_site_and_the_expansion: test
codegen::reach::tests::the_gate_returns_memfrees_own_branch_word: test
codegen::reach::tests::the_last_direct_displacement_is_the_field_and_the_next_word_expands: test
codegen::reach::tests::the_map_and_the_gate_agree_on_every_in_range_site: test
codegen::reach::tests::the_op_twin_agrees_with_the_word_form_over_the_whole_bc_field: test
codegen::reach::tests::the_whole_of_section_3_3_1s_sweep_comes_back_out_of_the_model: test
codegen::reach::tests::the_wider_b_field_reaches_where_the_bc_field_does_not: test
codegen::schedule::tests::measured_cells_from_real_c2: test
codegen::schedule::tests::rule_2_runs_out_of_slots_and_the_rest_go_contiguous: test
codegen::schedule::tests::source_order_predicate_agrees_with_the_schedule: test
codegen::schedule::tests::two_base_symbols_pin_the_order_and_that_is_what_killed_h4_h5: test
codegen::schedule::tests::xboxheap_constructor_is_derived_not_fitted: test
codegen::select::tests::a_chain_with_an_addition_is_mode_independent: test
codegen::select::tests::a_comparison_leaf_reallocates_temps_under_o1: test
codegen::select::tests::o1_reuses_r11_where_ox_descends: test
codegen::select::tests::unsigned_eq_above_simm16_refuses_but_its_neighbours_do_not: test
codegen::static_scan_loop::tests::the_sixteen_words_are_the_bytes_real_c2_emitted: test
codegen::static_scan_loop::tests::the_value_block_rematerializes_into_different_registers: test
codegen::store_run_call::tests::a_bind_carrying_run_emits_the_leading_run_slot_not_the_count: test
codegen::store_run_call::tests::the_composition_emits_the_interior_address_in_both_spellings: test
codegen::store_run_call::tests::the_empty_pool_refusal_is_the_same_under_both_readings: test
codegen::store_run_call::tests::the_mr_slot_domain_boundary_is_refused_with_its_counterexample: test
codegen::store_run_call::tests::the_save_slot_rule_reproduces_every_graded_cell_in_its_domain: test
codegen::straightline::tests::add_chain_reuses_one_accumulator_register: test
codegen::straightline::tests::depth2_tree_matches_the_reference: test
codegen::straightline::tests::depth2_tree_with_an_add_root_swaps_the_child_registers: test
codegen::straightline::tests::mul_chain_of_three_ops_uses_descending_scratch_registers: test
codegen::straightline::tests::select_text_add_immediate: test
codegen::straightline::tests::select_text_bare_constant_return_is_li: test
codegen::straightline::tests::select_text_bare_non_first_parameter_is_one_mr: test
codegen::straightline::tests::select_text_folds_consecutive_add_immediates: test
codegen::straightline::tests::select_text_folds_mixed_add_sub_immediates: test
codegen::straightline::tests::select_text_for_add3: test
codegen::straightline::tests::select_text_mul_is_commutative_order: test
codegen::straightline::tests::select_text_rejects_immediate_multiply: test
codegen::straightline::tests::select_text_sub_immediate_folds_to_addi_neg: test
codegen::straightline::tests::select_text_sub_uses_reversed_operands: test
codegen::straightline::tests::select_text_wide_add_immediate_uses_addis_addi: test
codegen::straightline::tests::select_text_wide_constant_load_uses_lis_ori: test
codegen::straightline::tests::sub_chain_of_three_ops_descends_and_keeps_operand_order: test
codegen::straightline::tests::tree_shapes_c2_does_not_lower_as_trees_fail_closed: test
codegen::word_seam::seam::const_word_and_encode_op_agree: test
codegen::word_seam::seam::every_big_endian_emission_is_inventoried: test
codegen::word_seam::seam::no_inventoried_word_is_one_mop_can_compose: test
codegen::word_seam::seam::no_word_is_composed_outside_the_mop_seam: test
codegen::word_seam::seam::the_folded_words_still_have_their_captured_values: test
codegen::word_seam::seam::the_structural_half_can_fail: test
codegen::word_seam::seam::the_value_half_can_fail: test
codegen::xlrc_create_guard::tests::a_wrong_formal_count_is_refused: test
codegen::xlrc_create_guard::tests::body_matches_the_reference_words: test
codegen::xlrc_create_guard::tests::every_branch_lands_where_the_block_plan_says: test
codegen::xlrc_create_guard::tests::only_the_relocated_words_depend_on_base_off: test
codegen::xlrc_create_guard::tests::relocation_sites_and_prologue_length_match_the_reference: test
codegen::xlrc_create_guard::tests::the_emitter_refuses_ox: test
codegen::xlrc_create_guard::tests::the_five_immediates_are_fields: test
codegen::xlrc_create_guard::tests::the_frame_is_the_published_rule_at_six_saved_gprs: test
codegen::xlrc_create_guard::tests::the_helper_prologue_and_epilogue_are_three_words_and_two: test
codegen::xtea_encrypt_loop::tests::exactly_three_words_move_with_the_function: test
codegen::xtea_encrypt_loop::tests::ox_refuses_and_names_the_inliner: test
codegen::xtea_encrypt_loop::tests::the_frame_is_one_hundred_and_forty_four_bytes_over_six_saved_gprs: test
codegen::xtea_encrypt_loop::tests::the_same_self_branching_block_through_a_default_layout_is_refused: test
codegen::xtea_encrypt_loop::tests::the_target_body_is_ninety_six_bytes: test
codegen::xtea_encrypt_loop::tests::the_three_new_encoders_reproduce_their_measured_words: test
codegen::xtea_encrypt_loop::tests::the_trip_count_reaches_exactly_one_word: test
codegen::xtea_encrypt_loop::tests::the_two_member_offsets_reach_exactly_two_words_and_the_nonce_is_biased: test
codegen::xtea_round_loop::tests::an_out_of_range_trip_count_or_a_borrowing_constant_refuses: test
codegen::xtea_round_loop::tests::ox_refuses_and_names_the_frame_it_would_need: test
codegen::xtea_round_loop::tests::swapping_the_returned_halves_moves_exactly_two_words: test
codegen::xtea_round_loop::tests::the_rldimi_encoder_reproduces_the_measured_word: test
codegen::xtea_round_loop::tests::the_target_body_is_one_hundred_and_sixteen_bytes: test
codegen::xtea_round_loop::tests::the_trip_count_reaches_exactly_one_word: test
coff::container::alloc_tests::the_promotion_table_is_shared: test
coff::data::tests::a_negative_addend_is_in_the_raw_bytes_and_in_the_checksum: test
coff::data::tests::a_non_comdat_data_carries_a_real_crc: test
coff::data::tests::a_pointer_initializer_emits_one_addr32_into_this_tus_own_object: test
coff::data::tests::a_relocation_free_obj_carries_no_relocation_table_at_all: test
coff::data::tests::a_static_only_bss_takes_slot_a_and_a_mixed_one_is_refused: test
coff::data::tests::an_array_of_pointers_emits_one_relocation_per_slot: test
coff::data::tests::an_object_may_name_itself: test
coff::data::tests::bss_has_a_size_a_null_pointer_and_no_file_bytes: test
coff::data::tests::data_walks_declaration_order_where_bss_walks_gl_order: test
coff::data::tests::more_than_two_objects_in_one_section_refuses_but_two_of_each_does_not: test
coff::data::tests::out_of_class_inputs_refuse: test
coff::data::tests::the_allocator_is_a_plain_bump_and_the_nibble_is_the_max: test
coff::data::tests::the_c1_watermarks_section_number_moves_with_the_bss: test
coff::data::tests::the_promotion_thresholds_are_at_2_and_64: test
coff::data::tests::the_relocation_refusals_are_refusals_and_not_dropped_records: test
coff::data::tests::the_relocations_symbol_index_follows_the_symbol_table_and_not_the_input: test
coff::data::tests::the_uninitialized_section_sits_between_the_watermarks_and_data_follows_them: test
coff::ehscope::tests::an_unmeasured_formal_count_refuses: test
coff::ehscope::tests::the_eh_rdata_is_sixty_four_bytes_as_nine_dwords_plus_the_printed_pad: test
coff::ehscope::tests::the_handler_free_record_is_the_incumbent_one: test
coff::ehscope::tests::the_label_model_is_affine_in_the_seed: test
coff::ehscope::tests::the_layout_matches_the_reference_offsets: test
coff::ehscope::tests::the_ten_labels_reproduce_at_main_cpps_seed: test
coff::ehscope::tests::the_text_is_byte_identical_to_the_reference_obj: test
coff::ehscope::tests::the_two_pdata_records_reproduce: test
coff::function::external_order_tests::a_body_whose_data_refs_all_precede_its_calls_gets_the_same_list_either_way: test
coff::function::external_order_tests::a_callee_named_twice_takes_its_first_references_rank_once: test
coff::function::external_order_tests::a_function_addresss_reference_keeps_its_function_symbol_type: test
coff::function::external_order_tests::the_undefined_externals_are_one_list_in_reverse_first_reference_order: test
coff::order::tests::a_chain_needs_one_pass_per_link: test
coff::order::tests::a_cycle_refuses: test
coff::order::tests::a_deferred_caller_lands_after_everything_ready: test
coff::order::tests::a_repeated_callee_is_one_edge: test
coff::order::tests::a_satisfied_caller_does_not_move: test
coff::order::tests::an_unwind_only_reference_is_an_edge: test
coff::order::tests::callee_defined_later_moves_ahead: test
coff::order::tests::degenerate_inputs: test
coff::order::tests::no_edges_is_the_identity: test
coff::order::tests::self_reference_is_not_an_edge: test
coff::order::tests::two_callers_of_one_callee_keep_their_order: test
coff::order::tests::undefined_callee_is_not_an_edge: test
coff::order::tests::unwind_edge_with_an_unrelated_function_between: test
coff::provide::tests::refuses_every_unwitnessed_shape: test
coff::provide::tests::the_alignment_nibble_is_the_measured_table_not_natural_alignment: test
coff::provide::tests::the_npos_shape_reproduces: test
coff::provide::tests::the_rw_twin_lands_in_data: test
coff::reloc::tests::the_five_emitted_type_values_are_unchanged_by_the_table_port: test
coff::tests::comdat_tests::callee_symbols_are_emitted_once_per_distinct_name: test
coff::tests::comdat_tests::comdat_dedups_callees_and_places_relocs_with_their_section: test
coff::tests::comdat_tests::comdat_obj_has_one_text_section_per_function: test
coff::tests::seedgap_tests::eh_labels_with_gap_translates_the_whole_block: test
coff::tests::seedgap_tests::global_optimizer_derives_from_the_optimization_word: test
coff::tests::seedgap_tests::od_walks_the_whole_derivation_to_7: test
coff::tests::seedgap_tests::plan_labels_with_gap_translates_the_whole_block: test
coff::tests::seedgap_tests::section_needs_and_workload_flags_do_not_move_the_gap: test
coff::tests::seedgap_tests::the_model_is_settable: test
coff::tests::seedgap_tests::the_model_reproduces_all_22_measured_cells: test
coff::tests::seedgap_tests::the_shipped_constant_is_the_model_at_the_admitted_configuration: test
coff::tests::seedgap_tests::the_third_term_needs_both_conjuncts: test
coff::tests::seedgap_tests::the_unmeasured_corner_is_an_extrapolation_and_is_labelled_as_one: test
coff::tests::tests::a_leading_label_surcharge_moves_its_own_triple_and_every_later_one: test
coff::tests::tests::a_newly_pooled_fp_constant_costs_two_slots_and_dedups_tu_wide: test
coff::tests::tests::an_unmeasured_escape_byte_refuses_the_name_rather_than_guessing: test
coff::tests::tests::debug_s_size_for_mvp_path: test
coff::tests::tests::drectve_is_132_bytes: test
coff::tests::tests::dyninit_section_order_puts_bss_and_crt_xcu_last: test
coff::tests::tests::emit_dyninit_obj_declines_everything_outside_the_measured_class: test
coff::tests::tests::every_production_emitter_has_a_lib_rs_caller: test
coff::tests::tests::framed_obj_has_six_sections_and_twenty_symbols: test
coff::tests::tests::gy_constant_pools_interleave_and_reverse_within_one_function: test
coff::tests::tests::label_plan_matches_the_captured_counters: test
coff::tests::tests::pdata_checksum_matches_reference_aux: test
coff::tests::tests::pdata_unwind_word_encodes_function_and_prologue_lengths: test
coff::tests::tests::s_compile2_is_57_bytes: test
coff::tests::tests::the_alignment_nibble_rule_matches_both_measured_columns: test
coff::tests::tests::the_bss_section_declares_its_size_but_occupies_no_file_bytes: test
coff::tests::tests::the_comdat_emitter_places_reflo_at_its_own_offset_too: test
coff::tests::tests::the_data_address_quad_puts_reflo_at_its_own_offset_not_beside_refhi: test
coff::tests::tests::the_dyninit_relocations_pair_both_halves_and_leave_rel24_bare: test
coff::tests::tests::the_dyninit_symbol_table_is_the_reference_cells_twenty_four_records: test
coff::tests::tests::the_escaped_text_is_cut_at_thirty_two_source_bytes_not_output_characters: test
coff::tests::tests::the_inter_function_label_stride_is_a_constant_and_the_source_lead_cancels: test
coff::tests::tests::the_label_triple_binds_prolog_to_n_and_function_length_to_n_plus_one: test
coff::tests::tests::the_pooled_fp_constant_quad_is_adjacent_which_is_why_the_data_one_looked_it: test
coff::tests::tests::the_string_comdat_name_matches_every_measured_literal: test
coff::tests::tests::the_three_pre_existing_emitters_are_byte_stable: test
coff::tests::tests::the_two_crc_initial_values_are_not_interchangeable: test
coff::tests::tests::the_two_workload_tus_differ_only_in_the_objects_linkage: test
coff::tests::tests::the_undefined_constructor_sits_inside_the_text_yc_group_at_index_fourteen: test
coff::tests::tests::the_writer_vocabulary_is_every_section_name_this_file_emits: test
coff::tests::xlrc_helper_symbols::a_shared_bss_is_spliced_into_the_shell_between_the_watermarks: test
coff::tests::xlrc_helper_symbols::all_three_relocations_resolve_against_the_indices_the_writer_assigned: test
coff::tests::xlrc_helper_symbols::an_uninitialized_def_with_no_tu_level_object_refuses_rather_than_panics: test
coff::tests::xlrc_helper_symbols::the_helper_pair_is_emitted_after_the_t_label: test
coff::tests::xlrc_helper_symbols::the_shared_bss_class_bounds_refuse_rather_than_guess: test
coff::tests::xlrc_helper_symbols::two_shared_bss_objects_bump_forwards_and_emit_their_symbols_backwards: test
comdat::inlfence_tests::n1_an_external_callee_is_untouched: test
comdat::inlfence_tests::n2_a_large_same_tu_callee_is_untouched: test
comdat::inlfence_tests::n3_a_varargs_callee_is_untouched: test
comdat::inlfence_tests::n4_direct_recursion_is_untouched: test
comdat::inlfence_tests::n5_a_body_mechanism_i_replaced_has_no_call_to_fence: test
comdat::inlfence_tests::n6_an_unlowerable_same_tu_callee_is_untouched: test
comdat::inlfence_tests::n7_a_noinline_same_tu_callee_is_untouched: test
comdat::inlfence_tests::n7_only_some_false_moves_the_fence: test
comdat::inlfence_tests::p_a_call_to_a_small_same_tu_callee_is_refused: test
comdat::inlfence_tests::the_size_is_the_only_field_that_moves_the_verdict: test
comdat::s1b_collapse_tests::terminator_callee_resolves_the_three_obligations_from_one_place: test
comdat::s1b_collapse_tests::the_retired_variants_read_back_as_views_and_only_where_they_should: test
comdat::s1b_collapse_tests::the_three_published_selected_tags_survive_the_collapse: test
comdat::s1b_collapse_tests::the_three_terminators_map_to_three_distinct_tags: test
elide::tests::a_callee_this_tu_does_not_define_is_not_elided: test
elide::tests::a_caller_with_a_data_symbol_is_not_elided: test
elide::tests::a_caller_with_a_data_symbol_is_not_elided_over_a_seed: test
elide::tests::a_chain_of_refused_links_closes_on_a_refused_seed: test
elide::tests::a_chain_stays_elided_at_every_graded_depth: test
elide::tests::a_chain_two_deep_elides_at_both_links: test
elide::tests::a_cycle_beside_a_live_chain_admits_only_the_chain: test
elide::tests::a_cycle_is_not_elided_and_terminates: test
elide::tests::a_cycle_of_refused_links_beside_a_seed_admits_only_the_chain: test
elide::tests::a_function_with_no_tail_call_is_never_elided: test
elide::tests::a_mid_node_that_materializes_data_does_not_propagate: test
elide::tests::a_name_defined_twice_with_different_bodies_is_refused: test
elide::tests::a_non_empty_link_stops_the_chain_at_every_depth: test
elide::tests::a_refused_body_with_no_call_seeds_the_fixpoint: test
elide::tests::a_same_tu_empty_callee_is_elided: test
elide::tests::a_same_tu_non_empty_callee_is_not_elided: test
elide::tests::a_seed_does_not_admit_a_call_to_an_external: test
elide::tests::a_seed_that_disagrees_with_a_parsed_definition_is_refused: test
elide::tests::a_seeding_refused_body_carries_no_link: test
elide::tests::a_seq_mid_node_is_refused: test
elide::tests::an_unnamed_definition_admits_nothing: test
elide::tests::direct_self_recursion_is_not_elided: test
elide::tests::eliding_a_call_and_reducing_to_nothing_are_the_same_fact: test
elide::tests::mechanism_i_mid_chain_does_not_propagate: test
elide::tests::the_closure_does_not_depend_on_bundle_order: test
elide::tests::the_round_ceiling_cannot_fire: test
plan::tests::a_bundle_with_no_gl_names_its_reason: test
plan::tests::every_file_under_plan_obeys_the_fence_not_just_this_one: test
plan::tests::every_unmodelled_component_names_its_own_stage: test
plan::tests::the_attr_census_histograms_every_bit: test
plan::tests::the_plan_module_does_not_reach_the_emitter_or_the_admission_gate: test
plan::tests::unknown_is_never_known_empty: test
plan::tests::without_function_level_linking_the_seed_refuses: test
splice::tests::a_callee_this_bundle_does_not_define_is_refused: test
splice::tests::a_caller_with_a_data_symbol_is_refused: test
splice::tests::a_chain_cycle_terminates_and_refuses: test
splice::tests::a_chain_that_ends_in_a_call_is_refused: test
splice::tests::a_name_defined_twice_is_refused: test
splice::tests::a_no_effect_call_row_feeds_e_and_never_the_splice: test
splice::tests::a_noinline_callee_is_not_spliced: test
splice::tests::a_refused_row_with_no_edge_is_visible_and_nothing_else: test
splice::tests::a_seq_with_a_working_tail_is_refused: test
splice::tests::a_spliced_body_never_relocates_against_its_callee: test
splice::tests::a_tail_call_with_an_argument_setup_is_refused: test
splice::tests::a_two_call_body_is_refused: test
splice::tests::a_varargs_callee_is_refused: test
splice::tests::an_empty_setup_tail_call_takes_the_callees_body: test
splice::tests::an_unlowerable_callee_leaves_the_branch_alone: test
splice::tests::an_unnamed_definition_is_never_a_splice_source: test
splice::tests::definition_lookup_handles_the_table_edges: test
splice::tests::mechanism_e_keeps_its_own_callers: test
splice::tests::self_recursion_is_refused: test
splice::tests::the_chain_closes_at_every_depth: test
splice::tests::the_row_count_and_the_e_context_are_not_the_same_number: test
splice::tests::the_splice_closes_the_chain: test
tests::a_function_that_is_not_eh_bare_is_untouched: test
tests::a_local_but_non_empty_unwind_target_still_pays: test
tests::a_lwz_displacement_and_a_non_scratch_high_half_both_pair: test
tests::a_mixed_unwind_list_refuses: test
tests::a_zero_displacement_load_with_no_open_pair_is_not_a_low_half: test
tests::eh_bare_lead_is_charged_when_the_unwind_target_is_external: test
tests::eh_bare_lead_is_suppressed_by_a_local_empty_unwind_target: test
tests::the_low_half_offset_is_found_in_the_body_not_assumed_four_past_the_lis: test
tests::the_low_half_search_refuses_a_body_it_cannot_read: test
tests::the_lwz_form_never_preempts_an_addi_form: test
tests::two_quads_in_one_body_pair_by_position_and_take_their_names_in_order: test

634 tests, 0 benchmarks
     Running unittests src/lib.rs (target/release/deps/c2_harness-c90fb563741b697b)
capture_cache::tests::a_blob_without_its_obj_reads_as_a_miss: test
capture_cache::tests::a_hash_collision_would_read_as_a_miss: test
capture_cache::tests::a_relative_root_and_an_absolute_root_agree_on_key_and_on_served_path: test
capture_cache::tests::a_torn_blob_reads_as_a_miss: test
capture_cache::tests::a_written_entry_records_its_own_capture_path: test
capture_cache::tests::an_entry_recorded_at_another_path_is_refused_not_served: test
capture_cache::tests::an_orphan_cl_file_beside_a_valid_blob_does_not_change_the_read: test
capture_cache::tests::argv_normalization_drops_only_the_il_nonce: test
capture_cache::tests::canonicalizing_the_cwd_folds_spellings_but_not_directories: test
capture_cache::tests::compare_captures_names_the_field_that_differs: test
capture_cache::tests::digest_is_deterministic_and_input_sensitive: test
capture_cache::tests::digest_separates_the_empty_and_zero_inputs: test
capture_cache::tests::gc_deletes_only_a_provably_unreachable_entry: test
capture_cache::tests::gc_dry_run_deletes_nothing: test
capture_cache::tests::gc_keeps_an_entry_whose_source_parent_is_unreadable: test
capture_cache::tests::gc_never_touches_the_lock_dir: test
capture_cache::tests::gc_reports_strays_without_deleting_them: test
capture_cache::tests::gc_skips_a_locked_key: test
capture_cache::tests::key_material_parses_back_to_its_src_arg_and_cwd: test
capture_cache::tests::key_material_separates_every_documented_component: test
capture_cache::tests::the_cache_root_is_part_of_the_key: test
capture_cache::tests::the_context_contains_no_nul: test
capture_cache::tests::the_fold_preserves_compare_captures_semantics: test
capture_cache::tests::the_key_lock_excludes_a_second_holder_and_releases_on_drop: test
capture_cache::tests::the_lock_directory_is_not_a_readable_entry: test
capture_cache::tests::two_spellings_of_one_cwd_capture_identical_bytes: test
capture_cache::tests::wibo_source_paths_convert_back_to_host_paths: test
capture_cache::tests::write_entry_folds_the_il_files_away: test
corpus::tests::gen_source_is_deterministic: test
corpus::tests::gen_source_varies_across_seeds_and_indices: test
corpus::tests::json_roundtrips_a_manifest_row: test
corpus::tests::sha256_known_vectors: test
corpus::tests::synthetic_bundle_roundtrips_and_is_path_free: test
corpus::tests::write_synthetic_sample_is_loadable_and_consistent: test
fixture_profile::tests::a_declaration_parses_flags_reason_and_line: test
fixture_profile::tests::a_profile_without_slash_c_is_refused: test
fixture_profile::tests::a_reason_is_mandatory_with_and_without_the_separator: test
fixture_profile::tests::flags_are_mandatory: test
fixture_profile::tests::indented_markers_are_read_and_mid_line_ones_are_not: test
fixture_profile::tests::no_marker_resolves_to_the_default_unchanged: test
fixture_profile::tests::the_loud_failure_names_the_fixture_and_the_profile_on_its_first_line: test
fixture_profile::tests::two_markers_is_an_error_not_last_wins: test
gap::blind::tests::a_reference_with_no_bytes_is_its_own_bucket: test
gap::blind::tests::every_unlowerable_reason_has_its_own_printed_key: test
gap::blind::tests::no_candidate_is_no_decode_and_never_differs: test
gap::blind::tests::the_keys_are_namespaced_and_never_collide_with_fbm: test
gap::blind::tests::the_ladder_depth_is_a_named_parameter: test
gap::blind::tests::the_per_tu_key_and_the_metric_key_agree_on_the_reason: test
gap::decode::tests::a_row_with_no_body_is_its_own_arm: test
gap::decode::tests::every_reach_arm_has_its_own_printed_key: test
gap::decode::tests::model_reach_is_contained_in_frame_reach: test
gap::decode::tests::reach_and_admission_are_independent_on_one_row: test
gap::decode::tests::the_decoder_identity_is_recorded: test
gap::decode::tests::the_keys_never_collide_with_fbm_or_blind: test
gap::decode::tests::the_knob_moves_model_reach_and_must_not_move_frame_reach: test
gap::decode::tests::the_parameters_are_named_with_stated_defaults: test
gap::decode::tests::the_partition_control_fires_when_a_bucket_stops_being_written: test
gap::decode::tests::the_population_control_compares_against_a_walk_it_did_not_write: test
gap::decode::tests::the_residue_suffix_does_not_move_the_reach_verdict: test
gap::decode::tests::the_slicing_predicate_is_wider_than_model_reach: test
gap::decode::tests::the_stop_key_exists_only_for_a_body_that_stopped: test
gap::fndiff::tests::a_branch_target_only_difference_is_classified_as_one: test
gap::fndiff::tests::a_displacement_only_difference_is_classified_as_one: test
gap::fndiff::tests::a_pure_reordering_reads_as_same_multiset: test
gap::fndiff::tests::a_register_only_difference_is_classified_as_one: test
gap::fndiff::tests::a_relocated_word_is_marked_as_one: test
gap::fndiff::tests::adjacent_insert_and_delete_runs_pair_into_substitutions: test
gap::fndiff::tests::alignment_finds_an_insertion_rather_than_a_shift: test
gap::fndiff::tests::an_immediate_only_difference_is_classified_as_one: test
gap::fndiff::tests::an_unmodelled_form_is_undecoded_and_never_guessed: test
gap::fndiff::tests::captured_frame_words_decode_and_name_their_fields: test
gap::fndiff::tests::every_port_encoder_word_round_trips: test
gap::fndiff::tests::one_primary_with_two_layouts_is_an_opcode_difference: test
gap::fndiff::tests::the_accounting_identity_holds_on_every_edit_shape: test
gap::fndiff::tests::the_cap_degrades_positionally_and_says_so: test
gap::fndiff::tests::the_json_row_is_parseable_and_carries_the_keys: test
gap::fndiff::tests::two_d_form_instructions_with_different_field_names_are_an_opcode_difference: test
gap::fndiff::tests::two_different_instructions_are_an_opcode_difference: test
gap::plan::tests::a_check_that_cannot_fire_is_counted_as_not_reached: test
gap::plan::tests::a_malformed_row_refuses_the_whole_file: test
gap::plan::tests::an_unknown_component_names_the_stage_that_owes_it: test
gap::plan::tests::bounds_violations_catch_an_impossible_ladder: test
gap::plan::tests::no_reference_obj_is_unobservable_and_not_unknown: test
gap::plan::tests::the_control_diff_names_both_directions: test
gap::plan::tests::the_control_is_re_derivable_from_the_rows: test
gap::plan::tests::the_key_table_and_the_component_list_agree: test
gap::plan::tests::the_pinned_control_is_a_nonempty_set_of_paths: test
gap::plan::tests::the_tsv_round_trips: test
gap::plan::tests::the_uncovered_key_list_is_exactly_the_keys_the_tsv_cannot_reach: test
gap::render::tests::the_label_channel_distinguishes_label_free_from_unreadable_from_not_evaluated: test
gap::render::tests::unreadable_wins_over_any_count_that_was_also_recorded: test
gap::splitter_predicate_guard::the_class_predicate_is_not_the_segment_counter: test
gap::symbind::tests::all_four_cells_are_reachable: test
gap::symbind::tests::every_cell_has_its_own_printed_key: test
gap::symbind::tests::the_identity_arm_makes_the_fused_cell_unreachable: test
gap::symbind::tests::the_keys_never_collide_with_the_other_gradients: test
gap::symbind::tests::the_missing_bucket_prints_the_anomaly_arm: test
gap::symbind::tests::the_monotonicity_control_fires_on_a_narrowing_relaxation: test
gap::symbind::tests::the_parameter_is_named_with_a_stated_default: test
gap::symbind::tests::the_partition_control_fires_when_a_bucket_stops_being_written: test
gap::symbind::tests::the_placeholder_names_come_from_the_seam_and_are_distinct: test
gap::symbind::tests::the_tu_bucket_is_a_partition_of_the_counts: test
gap::tests::a_control_of_empty_cells_reports_its_own_vacuity: test
gap::tests::a_count_disagreement_is_decided_first_and_in_both_directions: test
gap::tests::a_flag_bit_makes_two_otherwise_identical_records_differ: test
gap::tests::a_join_on_the_wrong_key_is_loud_and_names_the_normalization_it_did_not_apply: test
gap::tests::a_key_extending_a_listed_key_is_not_admitted: test
gap::tests::a_log_with_no_gap_metric_lines_scrapes_to_nothing_rather_than_to_agreement: test
gap::tests::a_match_no_acceptance_path_takes_is_still_not_on_the_frontier: test
gap::tests::a_match_tu_credits_every_emitted_function_and_a_differing_body_is_a_control_break: test
gap::tests::a_match_tu_whose_emitted_symbols_do_not_all_bind_is_a_binding_defect: test
gap::tests::a_matching_tu_outside_any_factor_is_a_red_control: test
gap::tests::a_moved_record_reports_its_offset_and_not_its_target: test
gap::tests::a_multi_cause_tu_counts_as_first_blocker_only_never_as_exact: test
gap::tests::a_pair_displacement_is_compared_as_a_number: test
gap::tests::a_parse_refusal_is_not_a_codegen_refusal: test
gap::tests::a_partial_miss_names_the_key_and_a_total_miss_names_only_the_class: test
gap::tests::a_port_that_emits_nothing_scores_zero: test
gap::tests::a_reloc_differ_is_its_own_bucket_and_the_old_count_is_recoverable: test
gap::tests::a_reloc_naming_a_different_symbol_is_a_target_disagreement: test
gap::tests::a_restricted_entry_admits_a_subset_of_what_the_whole_class_admits: test
gap::tests::a_section_target_never_equals_a_symbol_of_the_same_spelling: test
gap::tests::a_sole_blocked_all_exact_tu_fires_the_fence_counter_and_a_bodiless_one_does_not: test
gap::tests::a_tu_with_no_text_bytes_has_no_byte_fraction_and_is_never_100_percent: test
gap::tests::a_wrong_body_scores_exactly_what_a_refusal_scores: test
gap::tests::a_wrong_emit_raises_the_codegen_price_and_never_lowers_it: test
gap::tests::a_wrong_emit_scores_strictly_below_the_refusal_it_replaced: test
gap::tests::an_empty_candidate_set_is_refused_rather_than_intersected: test
gap::tests::an_empty_partial_histogram_is_empty_and_not_absent: test
gap::tests::an_empty_restriction_admits_nothing_and_a_whole_entry_admits_everything: test
gap::tests::an_entirely_untagged_scan_reports_its_residue_rather_than_nothing: test
gap::tests::an_intersection_is_bounded_by_both_of_its_operands: test
gap::tests::an_order_swap_at_equal_offsets_is_a_disagreement: test
gap::tests::an_unclassified_blocked_body_is_not_credited_as_reachable: test
gap::tests::an_unreadable_obj_is_outside_factor_c_rather_than_vacuously_inside_it: test
gap::tests::bytes_the_judge_called_wrong_are_credited_nowhere: test
gap::tests::cl_error_normalization_extracts_code: test
gap::tests::cl_error_normalization_survives_codeless_blobs: test
gap::tests::dispatch_axes_aggregate_across_tus: test
gap::tests::distinct_counts_observed_values_and_not_tus: test
gap::tests::duplicate_candidate_names_are_counted_rather_than_absorbed: test
gap::tests::emitted_counterfactual_excludes_straight_line_bodies: test
gap::tests::emitted_counterfactual_is_nested: test
gap::tests::equal_reloc_sequences_agree_and_two_empty_ones_agree: test
gap::tests::every_named_set_re_derives_the_gap_metric_it_is_counted_into: test
gap::tests::every_plan_metric_is_re_derived_from_the_rows_and_agrees: test
gap::tests::fence_controls_catch_malformed_rows_residues_and_class_disagreement: test
gap::tests::fence_metric_keys_print_zeros_for_the_closed_vocabulary_and_never_drop_an_observed_cause: test
gap::tests::fn_census_aggregates_across_tus: test
gap::tests::fnbyte_compare_is_byte_equality_and_the_triple_is_forensic: test
gap::tests::fnbyte_is_unrepresentable_over_zero_emitted_functions: test
gap::tests::fnbyte_metrics_publish_every_bucket_beside_the_ratio: test
gap::tests::grade_one_files_a_parse_refusal_under_the_parser_and_not_the_selector: test
gap::tests::per_tu_fnbyte_ranks_nearest_first_and_excludes_the_unmeasured: test
gap::tests::plan_differs_is_derived_from_known_minus_exact: test
gap::tests::population_cross_does_not_enter_the_class_histogram: test
gap::tests::progress_mass_is_unrepresentable_over_an_empty_scan: test
gap::tests::progress_mass_matches_the_hand_computation: test
gap::tests::report_ranks_reasons_by_count: test
gap::tests::residue_control_counts_only_the_in_class_population: test
gap::tests::the_alias_keys_print_their_zeroes: test
gap::tests::the_byte_ranking_inverts_the_function_ranking_that_was_refuted: test
gap::tests::the_cfg_control_passes_on_xboxmem_and_is_absent_rather_than_true_when_missing: test
gap::tests::the_cfg_screen_separates_a_loop_from_a_straight_line_body_at_equal_cost: test
gap::tests::the_codegen_column_counts_the_unmeasurable_half_separately: test
gap::tests::the_codegen_column_metrics_survive_an_empty_frontier: test
gap::tests::the_codegen_partition_control_fires_on_a_short_row: test
gap::tests::the_column_contract_is_one_string_and_not_two: test
gap::tests::the_control_goes_red_for_an_unregistered_whole_tu_path: test
gap::tests::the_control_separates_the_legitimate_shortfall_from_a_broken_numerator: test
gap::tests::the_counterfactual_and_its_denominator_are_published_together: test
gap::tests::the_differ_witnesses_collapse_to_signatures_with_an_example: test
gap::tests::the_emit_set_ceiling_is_bounded_by_an_invariant_that_can_go_red: test
gap::tests::the_emitted_census_aggregates_and_keeps_its_denominator_whole: test
gap::tests::the_emitted_series_partitions_and_reproduces_the_published_pair: test
gap::tests::the_factorization_is_a_joint_and_not_a_product_of_marginals: test
gap::tests::the_fifth_term_is_a_disjunct_on_d_and_the_old_conjunction_is_still_measured: test
gap::tests::the_frontier_is_the_tus_whose_only_remaining_factor_is_codegen: test
gap::tests::the_frontier_sets_exclude_matches_the_way_the_scan_does: test
gap::tests::the_greedy_ladder_runs_through_a_zero_gain_step: test
gap::tests::the_hint_counts_what_it_would_have_recovered_without_recovering_it: test
gap::tests::the_joint_set_agrees_with_the_report_that_publishes_it_by_name: test
gap::tests::the_ledger_counts_a_listed_key_no_scan_witnessed: test
gap::tests::the_ledger_cross_check_catches_a_matcher_that_admits_beyond_its_declaration: test
gap::tests::the_metric_block_derives_the_projection_instead_of_leaving_it_to_a_reader: test
gap::tests::the_metrics_publish_the_cfg_bracket_and_a_zero_violation_count: test
gap::tests::the_modeled_widening_order_is_a_different_order_from_the_full_one: test
gap::tests::the_named_control_reports_its_shortfall_by_name_and_component: test
gap::tests::the_near_match_table_excludes_the_tus_that_were_never_measured: test
gap::tests::the_offclass_decomposition_accounts_for_every_off_class_in_class_body: test
gap::tests::the_offclass_decomposition_cannot_leak_into_the_residue_total: test
gap::tests::the_partition_identity_survives_the_shapes_becoming_gradeable: test
gap::tests::the_per_tu_factor_membership_re_derives_the_joints_it_is_counted_into: test
gap::tests::the_plan_containment_control_reads_zero_and_is_published: test
gap::tests::the_plan_tsv_view_and_the_live_report_are_the_same_rows: test
gap::tests::the_reach_bounds_nest_and_bottom_is_empty: test
gap::tests::the_refusal_split_is_published_with_its_own_control: test
gap::tests::the_residue_errs_in_both_directions: test
gap::tests::the_section_vocabulary_counts_objs_and_not_sections: test
gap::tests::the_series_bucketer_never_shards_and_splits_the_residue_on_the_suffix: test
gap::tests::the_shape_census_reports_each_shape_and_verdict_separately: test
gap::tests::the_step5_boundary_publishes_its_cells_and_always_publishes_its_alarm: test
gap::tests::the_subclass_ledger_declines_to_pass_a_claim_it_cannot_check: test
gap::tests::the_tsv_parser_refuses_a_file_it_cannot_read_positionally: test
gap::tests::the_tsv_view_and_the_live_report_are_the_same_rows: test
gap::tests::the_two_distances_are_different_populations_and_may_disagree: test
gap::tests::the_two_pools_board_213_prices_are_not_the_same_set: test
gap::tests::the_verdicts_partition_the_graded_tus_for_every_component: test
gap::tests::the_weak_external_need_is_intersected_per_tu_and_never_scaled: test
gap::tests::the_whole_tu_registry_is_non_empty_and_its_names_are_distinct: test
gap::tests::the_witness_list_ranks_across_tus_and_reconciles_with_its_counter: test
gap::tests::wr1_census_key_guards::callee_unresolved_arms::each_callee_unresolved_cell_is_moved_by_one_gl_byte_and_nothing_else: test
gap::tests::wr1_census_key_guards::callee_unresolved_arms::every_raise_site_of_the_callee_unresolved_family_has_its_own_witness: test
gap::tests::wr1_census_key_guards::callee_unresolved_arms::the_default_arm_is_the_catch_all_reached_by_more_than_one_label: test
gap::tests::wr1_census_key_guards::the_call_argument_arity_fence_is_a_series_and_admits_exactly_one_symbol: test
gap::tests::wr1_census_key_guards::the_census_key_survives_the_round_trip_into_the_reachable_ranking: test
gap::tests::wr1_census_key_guards::the_data_symbol_linkage_gate_is_the_one_byte_that_moves_the_key: test
gap::tests::wr1_census_key_guards::the_string_literal_admission_is_narrow_only_and_leaves_cell_b_alone: test
gap::tests::wr1_census_key_guards::the_two_data_symbol_census_keys_are_not_interchangeable: test
gap::tests::wr1_census_key_guards::the_two_symbol_thunk_exemption_turns_on_the_bare_body_marker_alone: test
listing::tests::mangled_operands_are_never_read_as_stall_codes: test
listing::tests::mangling_class_separates_generated_from_ordinary: test
listing::tests::stall_flags_reads_the_three_shapes_and_nothing_else: test
perf::tests::fmt_dur_scales: test
perf::tests::geomean_of_ratios: test
perf::tests::mean_averages: test
perf::tests::median_picks_middle: test
perf::tests::scalepoint_speedup: test
perf::tests::speedup_only_when_matched: test
prefilter::tests::absent_toolchain_fails_closed_not_reject: test
prefilter::tests::cl_error_normalization_extracts_the_code: test
prefilter::tests::compare_without_obj_name_is_refused_not_rejected: test
prefilter::tests::declines_carry_no_obj: test
prefilter::tests::json_is_schema_tagged_and_parseable_shape: test
prefilter::tests::obj_name_guard_reason_is_stable_and_not_a_reject: test
prefilter::tests::verdict_labels_are_the_wire_vocabulary: test
provenance::tests::every_worktree_resolves_to_one_main_repo_root: test
provenance::tests::git_info_unknown_is_tri_state: test
provenance::tests::git_probe_on_a_non_repo_degrades_to_unknown: test
provenance::tests::git_token_separates_clean_from_dirty_at_the_same_commit: test
retrieval::tests::cosine_identical_is_one_orthogonal_is_zero: test
retrieval::tests::leave_one_out_excludes_self: test
retrieval::tests::random_recall_monotone_in_k: test
retrieval::tests::rank_puts_identical_text_first: test
retrieval::tests::recall_credits_text_twin_not_random: test
retrieval::tests::split_is_deterministic_and_partitions: test
search::tests::already_solved_seed_is_zero_step_success: test
search::tests::beam_is_deterministic_and_budget_bounded: test
search::tests::budget_bounds_compiles_and_reports_failure: test
search::tests::climber_recovers_a_widen_perturbation: test
search::tests::climber_recovers_an_added_term_by_delete: test
search::tests::climber_skips_rejects_cleanly: test
search::tests::generative_operands_regenerates_vanished_scope: test
search::tests::greedy_stalls_but_beam_crosses_the_plateau: test
search::tests::insn_seq_edit_distance_handles_different_lengths: test
search::tests::insn_seq_gradient_is_monotone_toward_target: test
search::tests::insn_similarity_opcode_fix_beats_nothing_fixed: test
search::tests::max_gradient_on_non_byte_exact_obj_does_not_terminate: test
search::tests::mul_reorder_generated_for_mul_swaps_the_two_leaves: test
search::tests::mul_reorder_is_opt_in_off_by_default: test
search::tests::mul_reorder_never_generated_for_sub_or_add: test
search::tests::neighbors_are_in_scope_and_deduped: test
search::tests::per_fn_gradient_falls_back_when_splits_disagree: test
search::tests::per_fn_gradient_lifts_a_masked_function_edit: test
search::tests::per_fn_gradient_max_does_not_terminate: test
search::tests::perturb_drop_then_recover_by_insert: test
search::tests::register_bijection_is_injective_not_any_matches_any: test
search::tests::register_tolerant_credit_beats_wrong_and_raw: test
search::tests::select_seed_flags_a_twin_as_retrieval_trivial: test
search::tests::select_seed_picks_nearest_non_self_non_twin: test
search::tests::split_by_blr_partitions_at_returns: test
search::tests::stuck_dc3_step1_decode_stress: test
search::tests::stuck_dc3_step2_codec_move_blocker: test
search::tests::word_match_ratio_basics: test
subsys::tests::control_a_dropped_subsystem_is_caught: test
subsys::tests::control_a_fabricated_denominator_is_caught: test
subsys::tests::control_a_fabricated_ported_is_caught: test
subsys::tests::control_a_moved_coverage_line_is_caught: test
subsys::tests::control_a_ported_number_with_no_recount_is_caught: test
subsys::tests::control_an_empty_residue_is_caught: test
subsys::tests::every_denominator_reproduces_on_this_tree: test
subsys::tests::keys_are_namespaced_and_name_sorted: test
subsys::tests::no_strength_prints_a_bare_zero: test
subsys::tests::the_endpoint_convention_is_load_bearing: test
subsys::tests::the_mark_census_reproduces: test
subsys::tests::the_section_census_control_holds_or_the_file_is_absent: test
subsys::tests::the_three_ported_readings_are_distinct: test
tests::all_fixtures_finds_the_bundled_cpp: test
testsupport::tests::a_shared_scratch_dir_is_stable_and_a_unique_one_is_not: test
testsupport::tests::workload_flags_are_the_workload_s_flags_in_order: test
toolchain_gate::tests::every_converted_skip_line_is_byte_identical_to_the_string_it_replaced: test
toolchain_gate::tests::the_demand_reads_unset_disabled_and_demanded_as_three_distinct_states: test

292 tests, 0 benchmarks
     Running unittests src/main.rs (target/release/deps/c2rs-401c9b732c599a8c)
cli::util::tests::absent_work_falls_back_to_an_owned_scratch: test
cli::util::tests::owned_scratch_is_removed_on_drop: test
cli::util::tests::owned_scratch_is_removed_when_the_handler_panics: test
cli::util::tests::user_supplied_work_dir_is_never_removed: test
cli::util::tests::user_supplied_work_dir_is_not_created_here: test

5 tests, 0 benchmarks
     Running tests/call_targets.rs (target/release/deps/call_targets-027486321f6cdee2)
the_port_and_the_reference_agree_on_a_call_the_port_gets_right: test
the_ports_call_list_comes_from_the_emitter_and_not_from_a_copy: test
two_byte_identical_comdats_call_two_different_symbols: test

3 tests, 0 benchmarks
     Running tests/callee_unresolved_sites.rs (target/release/deps/callee_unresolved_sites-49c753d38ab7ab44)
the_callee_unresolved_family_still_has_exactly_four_raise_sites: test

1 test, 0 benchmarks
     Running tests/capture_cache.rs (target/release/deps/capture_cache-05568a7c1e95138c)
a_hit_is_byte_identical_and_a_poisoned_entry_is_caught: test
editing_the_source_at_the_same_path_misses: test
replay_overwrites_its_output_path: test

3 tests, 0 benchmarks
     Running tests/census_gate.rs (target/release/deps/census_gate-24f17dcc28e8d1e1)
port_cfg_classes_is_exactly_the_registrys_whole_claims: test
the_census_and_the_port_agree_about_what_is_in_class: test
the_census_and_the_port_agree_over_the_generated_corpus: test
the_emitter_cfg_class_registry_agrees_with_select_function_and_the_census: test

4 tests, 0 benchmarks
     Running tests/census_key_routing.rs (target/release/deps/census_key_routing-0a5642be36d5b5f0)
a_body_in_class_at_an_unmodelled_optimization_word_reports_the_opt_mode_key: test
each_bind_run_refusal_reports_its_own_key_and_not_the_no_carrier_fallback: test
the_bss_object_gate_refuses_an_initialized_or_comdat_destination: test
the_static_scan_loop_object_gate_refuses_a_non_comdat_or_uninitialized_array: test

4 tests, 0 benchmarks
     Running tests/cli_flags.rs (target/release/deps/cli_flags-3325071abf144b04)
a_cwd_without_a_profile_is_refused: test
a_numeric_option_refuses_a_non_number: test
a_relax_depth_that_does_not_parse_is_refused_not_defaulted: test
an_accepted_but_unconsumed_argument_is_refused: test
an_empty_flags_file_is_refused: test
an_enumerated_option_refuses_a_value_outside_its_set: test
an_unknown_option_is_refused_not_ignored: test
every_invocation_the_scripts_make_is_still_accepted_bench: test
every_invocation_the_scripts_make_is_still_accepted_perf: test
every_invocation_the_scripts_make_is_still_accepted_rest: test
every_invocation_the_scripts_make_is_still_accepted_selftest: test
every_subcommand_refuses_an_unknown_option: test
locate_is_reachable_only_through_the_arg_seam: test
the_corpus_verdict_guard_covers_exactly_the_three_whole_corpus_rows: test
the_default_profile_is_unchanged_by_the_widening: test
the_parser_refuses_what_a_scan_could_not_see: test
the_position_scan_helper_is_not_reintroduced: test
the_relax_ladder_names_every_level_it_has: test
the_split_is_a_partition_of_the_roster: test
two_profiles_must_not_produce_one_bundle: test
two_profiles_must_not_produce_one_obj: test

21 tests, 0 benchmarks
     Running tests/corpus.rs (target/release/deps/corpus-689520cc59170ad5)
corpus_obj_is_reproducible_per_root: test
generate_small_corpus_roundtrips_and_indexes: test
sample_corpus_committed_is_valid: test

3 tests, 0 benchmarks
     Running tests/cost_arms_preflight.rs (target/release/deps/cost_arms_preflight-f2f50b77b783052a)
a_pre_fix_arm_is_refused_end_to_end_and_the_message_names_3470: test
the_cost_protocols_own_self_test_passes: test

2 tests, 0 benchmarks
     Running tests/dead_temp_elision.rs (target/release/deps/dead_temp_elision-6fa4fece7fbbdd51)
a_callee_that_keeps_bytes_stops_the_chain: test
a_cycle_of_dead_temporary_bodies_is_never_admitted: test
a_real_memset_is_not_a_dead_temporary: test
a_second_statement_stops_the_reader: test
an_external_callee_keeps_its_relocation: test
the_chain_closes_one_link_deeper: test
the_dead_temporary_chain_collapses_to_one_blr: test
the_loop_overload_converts_once_its_leaf_can_seed: test

8 tests, 0 benchmarks
     Running tests/destroy_loop_elision.rs (target/release/deps/destroy_loop_elision-979881370bdb8f19)
a_condition_over_a_global_is_refused: test
a_cycle_through_a_loop_is_never_admitted: test
a_dead_temporary_call_inside_the_loop_composes: test
a_loop_over_an_empty_callee_collapses_to_one_blr: test
a_loop_over_an_external_callee_keeps_its_relocation: test
a_loop_that_stores_is_refused: test
a_loop_whose_callee_keeps_bytes_stops_the_chain: test
a_second_statement_in_the_loop_body_is_refused: test
an_impure_induction_step_is_refused: test
the_induction_and_the_comparison_are_not_pinned_to_one_value: test
the_pseudo_destructor_leaf_seeds_and_the_whole_chain_closes: test

11 tests, 0 benchmarks
     Running tests/differential.rs (target/release/deps/differential-25105e4ac011580d)
differential_class_a_many_calls_byte_exact: test
differential_fp_argument_registers_byte_exact: test
differential_mvp_add3_port_byte_exact: test
differential_mvp_argtail_arg_setup_byte_exact: test
differential_mvp_call_tailcall_byte_exact: test
differential_mvp_framed_call_byte_exact: test
differential_mvp_lit_immediates_byte_exact: test
differential_mvp_plus0_identity_fold_byte_exact: test
differential_mvp_sub_noncommutative_byte_exact: test
differential_mvp_tailret_int_passthrough_byte_exact: test
differential_mvp_two_multifunction_byte_exact: test
differential_mvp_wide_immediates_byte_exact: test
differential_out_of_class_call_shapes_not_implemented: test
differential_reference_byte_exact_port_not_implemented: test
differential_w1274_interior_address_producer_byte_exact: test
differential_wadjust_object_receiver_byte_exact: test
differential_wbdnz_ctr_ox_accepted: test
differential_wbiquad_fp_store_diamond_pair: test
differential_wblockir_float_walk_then_framed_refuses_outside_its_mode: test
differential_wcfg1_if_call_join_refuses_outside_its_mode: test
differential_wdata_static_scan_refuses_outside_its_mode: test
differential_wextdata_guard_chain_refuses_outside_its_mode: test
differential_whash_loop_then_framed_refuses_outside_its_mode: test
differential_wjson_utf8_copy_refuses_outside_its_mode: test
differential_wosf_handle_guard_refuses_outside_its_mode: test
differential_wpark_lit_permuted_pair: test
differential_wundname_alloc_init_or_fail_refuses_outside_its_mode: test
differential_wunw_float_beside_framed_refuses: test
differential_wunw_multi_function_framed_byte_exact: test
differential_wxlr_create_guard_refuses_outside_its_mode: test
oracle_selftest_passes_on_fixtures: test

31 tests, 0 benchmarks
     Running tests/edit_differential.rs (target/release/deps/edit_differential-03385a0befbb1e88)
edit_a_widen_single_fn_byte_exact: test
edit_d_widen_nonlast_reemit_gl_and_c_stale_negative: test
edit_e_grow_insert_term_byte_exact: test
edit_f_shrink_delete_term_byte_exact: test

4 tests, 0 benchmarks
     Running tests/empty_elision.rs (target/release/deps/empty_elision-796edcddcc29bfa8)
a_callee_this_tu_does_not_define_is_not_elided: test
a_chain_of_empty_callees_collapses_at_every_link: test
a_cycle_is_not_elided: test
a_destructor_chain_is_elided_by_c2_and_refused_by_the_parser: test
a_non_empty_link_stops_the_chain: test
a_returning_callee_is_mechanism_i_and_never_e: test
an_empty_same_tu_callee_leaves_the_caller_a_bare_blr: test
an_indirect_call_site_is_still_refused_by_the_il_parser: test
mechanism_i_mid_chain_is_not_elided: test
the_argument_setup_goes_with_the_dropped_call: test

10 tests, 0 benchmarks
     Running tests/fence_count.rs (target/release/deps/fence_count-53c70cb06a381e5d)
the_inline_fence_holds_one_all_exact_tu_and_the_counter_says_so: test

1 test, 0 benchmarks
     Running tests/fence_site_census.rs (target/release/deps/fence_site_census-cd17ce205a8be391)
a_key_with_no_fence_at_all_is_still_counted_and_still_zero: test
every_census_fence_key_has_the_sites_this_repo_last_scored: test
the_enumerator_itself_is_not_vacuous: test
the_two_textual_fence_populations_are_the_size_this_rule_measured: test

4 tests, 0 benchmarks
     Running tests/fixture_profiles.rs (target/release/deps/fixture_profiles-33212c6693f1eba1)
every_fixture_compiles_at_the_profile_selftest_will_use: test
every_fixture_declares_a_wellformed_profile_or_none: test
the_default_is_unchanged_for_every_non_declaring_fixture: test

3 tests, 0 benchmarks
     Running tests/float_leaf_neighbors.rs (target/release/deps/float_leaf_neighbors-127d9fcefc34794a)
float_leaf_body_yields_nonzero_k3a_neighbors: test
float_mul_reorder_is_opt_in_and_generated_on_volf: test
floatload_is_a_delete_anchor_on_volf: test

3 tests, 0 benchmarks
     Running tests/fnbyte_gy.rs (target/release/deps/fnbyte_gy-6bad78d914a07acb)
the_four_gy_shapes_are_graded_and_every_reconstructed_word_is_compared: test

1 test, 0 benchmarks
     Running tests/gate_cause.rs (target/release/deps/gate_cause-a541719d9673949e)
the_diagnostic_agrees_with_the_gate_on_every_vec_cell: test
the_three_vec_cells_stop_at_three_different_gates: test

2 tests, 0 benchmarks
     Running tests/gate_identity_diff.rs (target/release/deps/gate_identity_diff-7c5581a773c071a7)
a_table_that_is_not_a_gate_table_is_refused_rather_than_read_as_identical: test
the_identity_diffs_own_controls_all_fire: test

2 tests, 0 benchmarks
     Running tests/il_roundtrip.rs (target/release/deps/il_roundtrip-80759236b1bad35c)
roundtrip_all_fixtures_byte_identical: test

1 test, 0 benchmarks
     Running tests/inline_fence.rs (target/release/deps/inline_fence-aeadef78018a3d03)
a_callee_this_tu_defines_is_fenced_and_its_opaque_twin_is_not: test
a_defined_name_that_is_a_prefix_of_the_callee_fences_nothing: test
the_fence_yields_to_the_empty_callee_mechanism_e_already_models: test
the_parser_hands_on_only_the_linkage_class_the_decline_bound_was_measured_on: test

4 tests, 0 benchmarks
     Running tests/ir0_framing.rs (target/release/deps/ir0_framing-79b7167a3122176d)
ir0_three_way_differential_over_all_fixtures: test
ir0_three_way_differential_portable_cases: test

2 tests, 0 benchmarks
     Running tests/lane_registry.rs (target/release/deps/lane_registry-b2baf85f4c9415af)
cross_product_lane_takes_its_modes_from_the_registry: test
registry_parser_counts_rows_it_cannot_turn_into_lanes: test
shaping_flags_drops_only_what_does_not_shape_the_obj: test
shipped_registry_crosses_the_exception_handling_axis: test
shipped_registry_varies_every_flag_the_workload_depends_on: test
the_workloads_own_profile_is_a_lane: test

6 tests, 0 benchmarks
     Running tests/noinline_boundary.rs (target/release/deps/noinline_boundary-65b48e76c1cb014e)
a_noinline_callee_is_no_longer_spliced_through: test
c2_does_not_close_a_chain_through_a_noinline_intermediate: test
the_attribute_is_invisible_outside_the_gl_record: test
the_same_cell_without_the_attribute_splices_byte_exactly: test

4 tests, 0 benchmarks
     Running tests/nonformal_sites.rs (target/release/deps/nonformal_sites-a61a284fa20540c9)
each_of_the_five_raise_sites_of_call_arg_nonformal_has_its_own_witness: test
the_slot_paths_two_refusals_are_distinct_keys_and_neither_answers_for_the_other: test

2 tests, 0 benchmarks
     Running tests/nothing_seed.rs (target/release/deps/nothing_seed-e15fb0cd6f65bb23)
a_body_refused_for_another_reason_never_seeds: test
a_body_that_keeps_bytes_never_seeds: test
a_caller_that_materializes_data_is_not_elided: test
a_cycle_of_nothing_bodies_is_never_admitted: test
a_nothing_body_seeds_and_its_caller_collapses: test
a_seed_propagates_up_a_chain: test
an_external_nothing_body_keeps_its_relocation: test
mechanism_i_above_a_seed_does_not_propagate: test
self_recursion_through_a_nothing_statement_is_refused: test
the_workload_five_level_chain_closes: test
two_nothing_statements_are_refused: test

11 tests, 0 benchmarks
     Running tests/plan_agreement.rs (target/release/deps/plan_agreement-61fbf160d3d0ad01)
each_cell_exhibits_the_shape_it_was_chosen_for: test
observe_agrees_with_every_existing_accessor_on_real_objs: test
the_plan_does_not_move_when_a_real_objs_text_bytes_are_rewritten: test
the_two_emit_set_walks_agree_as_sets_and_the_order_is_a_property_of_the_cell: test

4 tests, 0 benchmarks
     Running tests/pool2_cells.rs (target/release/deps/pool2_cells-786c90f8a506049d)
both_pool2_files_bind_their_records_before_any_body_is_looked_at: test
every_negative_cell_refuses_and_the_keys_are_fall_throughs: test
neither_class_is_in_class_at_ox: test
the_free_list_tu_is_in_class_end_to_end: test

4 tests, 0 benchmarks
     Running tests/pool_cells.rs (target/release/deps/pool_cells-7b3739435e778537)
each_pool_negative_is_fenced_by_its_own_shipped_neighbour: test
every_pool_cell_binds_its_records_before_the_body_is_looked_at: test
the_diagnostic_agrees_with_the_gate_on_every_pool_cell: test
the_three_pool_cells_each_move_the_verdict_by_one_construct: test

4 tests, 0 benchmarks
     Running tests/pwords_bijection.rs (target/release/deps/pwords_bijection-8608816763797094)
pwords_corrected_bijection_over_the_fixture_corpus: test
the_identity_pairing_empties_the_quarantine_and_moves_nothing_else: test
the_instrument_fails_on_deliberately_broken_input: test
the_pdata_decode_matches_the_emitters_own_witnesses: test

4 tests, 0 benchmarks
     Running tests/reloc_identity.rs (target/release/deps/reloc_identity-02be4ab8a171d4bb)
a_function_whose_bytes_and_relocations_are_both_c2s_stays_exact: test
the_cells_population_is_three_functions_one_of_which_disagrees: test
the_s12_reproducer_moves_from_exact_to_a_relocation_disagreement: test
two_grade_calls_never_share_a_scratch_directory: test

4 tests, 0 benchmarks
     Running tests/require_toolchain.rs (target/release/deps/require_toolchain-9191e23a3cb01a1c)
a_run_that_claims_to_grade_must_have_a_toolchain_to_grade_with: test

1 test, 0 benchmarks
     Running tests/rung_registry.rs (target/release/deps/rung_registry-972b0442be65e94c)
rung_docs_claim_their_tag_slug_and_fixtures_exactly_once: test
rung_index_is_generated_and_current: test

2 tests, 0 benchmarks
     Running tests/search_differential.rs (target/release/deps/search_differential-4edc8671d3288e7a)
search_solves_addterm_d1_byte_exact: test
search_solves_addterm_d2_byte_exact: test
search_solves_float_mul_reorder_byte_exact: test
search_solves_litnudge_d1_byte_exact: test

4 tests, 0 benchmarks
     Running tests/stage_region_trace.rs (target/release/deps/stage_region_trace-1edc82f6a069d63b)
a_port_cannot_emit_c2s_region_trace_because_the_two_have_no_common_coordinate: test

1 test, 0 benchmarks
     Running tests/status_check.rs (target/release/deps/status_check-53037d9674f70279)
the_check_reports_a_nonzero_registry_denominator: test
the_status_collectors_own_check_passes: test
the_voided_ceiling_is_watched_refusing_to_publish_a_number: test

3 tests, 0 benchmarks
     Running tests/strlit_fence.rs (target/release/deps/strlit_fence-1f65538556267353)
each_raise_site_of_the_strlit_fence_has_its_own_witness_and_neither_covers_the_other: test
only_the_narrow_string_literal_is_admitted_and_the_wide_twin_still_refuses: test
the_older_inline_fence_shadows_this_one_on_a_walkable_tu: test
the_strlit_fence_turns_on_the_local_callees_eh_state_and_nothing_else: test

4 tests, 0 benchmarks
     Running tests/sweep_registry.rs (target/release/deps/sweep_registry-e75c5afdefe5dba1)
every_sweep_fragment_emits_cases_and_the_counts_match_the_disk: test
sweep_generation_is_deterministic: test

2 tests, 0 benchmarks
     Running tests/tracked_artifact_audit.rs (target/release/deps/tracked_artifact_audit-6a6599248d7b0ed8)
every_class_the_guard_claims_is_watched_going_red: test
the_index_carries_no_artifact_claude_md_forbids: test

2 tests, 0 benchmarks
     Running tests/wt_pin_audit.rs (target/release/deps/wt_pin_audit-2272fa1be1b91e68)
every_class_the_reap_guard_claims_is_watched_going_red: test
no_worktree_holds_an_unlocked_pinned_artifact: test
the_reaper_vetoes_a_tree_holding_a_unique_binary: test
the_shell_audit_and_the_python_reaper_agree_on_what_is_pinned: test

4 tests, 0 benchmarks
     Running unittests src/lib.rs (target/release/deps/c2_il-767bc6b9b20b36af)
cachefmt::tests::a_corrupted_section_table_cannot_survive_the_digest: test
cachefmt::tests::a_flipped_payload_byte_fails_the_digest: test
cachefmt::tests::a_gap_between_payloads_is_refused: test
cachefmt::tests::a_lying_total_len_is_refused: test
cachefmt::tests::a_section_running_past_the_end_is_refused: test
cachefmt::tests::an_absent_il_stream_stays_absent: test
cachefmt::tests::an_absurd_section_count_is_refused_before_any_allocation: test
cachefmt::tests::an_empty_bundle_still_round_trips: test
cachefmt::tests::bad_magic_and_bad_version_are_distinguished: test
cachefmt::tests::digest_is_deterministic_and_input_sensitive: test
cachefmt::tests::encode_is_byte_stable_and_decode_is_its_inverse: test
cachefmt::tests::reordered_and_duplicated_sections_are_refused: test
cachefmt::tests::the_digest_covers_the_body_and_not_the_header: test
cachefmt::tests::truncation_reads_as_a_length_mismatch_not_as_garbage: test
codec::tests::block_start_token_round_trips: test
codec::tests::delete_arith_term_shrinks_and_shifts_gl: test
codec::tests::edit_errors_are_typed_and_nonmutating: test
codec::tests::edit_that_creates_a_function_is_refused: test
codec::tests::ex_token_encodings_are_exact: test
codec::tests::fn_header_falls_back_to_opaque_without_block_start: test
codec::tests::full_model_round_trips_and_opaque_files_preserved: test
codec::tests::gl_offsets_are_one_to_one_with_ex_function_count: test
codec::tests::insert_arith_term_grows_and_shifts_gl: test
codec::tests::narrow_of_a_wide_literal_shrinks_by_four: test
codec::tests::negative_one_byte_line_payload_is_refused_not_sign_extended: test
codec::tests::nested_stmt_marker_in_block_start_and_module_end_is_vi32: test
codec::tests::nonlast_edit_without_typed_gl_is_refused_but_last_is_allowed: test
codec::tests::out_of_class_bytes_stay_opaque_but_round_trip: test
codec::tests::parse_ex_round_trips_and_types_the_body: test
codec::tests::parse_gl_all_opaque_when_no_ex_offsets: test
codec::tests::parse_gl_rejects_when_framed_offsets_disagree_with_ex: test
codec::tests::parse_gl_types_body_start_offset_by_record_framing: test
codec::tests::prefix_decodes_header_blockstart_ss_resultref_formals: test
codec::tests::realistic_ex_round_trips_and_shrinks_opaque: test
codec::tests::stmt_marker_decodes_the_source_line_value: test
codec::tests::stmt_marker_payload_is_vi32_not_a_fixed_byte: test
codec::tests::volf_float_leaf_body_is_token_addressable_with_editable_ops: test
codec::tests::volf_float_leaf_round_trips_and_is_fully_typed: test
codec::tests::wide_stmt_marker_does_not_synthesize_a_phantom_operator: test
codec::tests::widen_last_fn_leaves_gl_unchanged: test
codec::tests::widen_nonlast_fn_bumps_downstream_gl_by_delta: test
func::bind::tests::a_26_separated_name_binds_and_the_framing_arity_does_not_move: test
func::bind::tests::a_26_that_introduces_no_plausible_name_yields_no_binding: test
func::bind::tests::a_body_record_is_reported_even_when_its_row_binding_collides: test
func::bind::tests::a_broken_framing_yields_no_record_at_all: test
func::bind::tests::a_name_two_rows_claim_binds_to_neither: test
func::bind::tests::a_record_pointing_before_the_first_row_is_residue_not_a_binding: test
func::bind::tests::a_record_whose_name_is_too_far_away_binds_nothing_rather_than_borrowing: test
func::bind::tests::a_row_two_records_claim_binds_to_neither: test
func::bind::tests::a_symbol_with_no_body_record_is_not_reported: test
func::bind::tests::a_three_record_collision_accounts_for_all_three_records: test
func::bind::tests::an_empty_defined_set_fences_nothing_and_that_is_the_open_direction: test
func::bind::tests::census_is_unpaired_and_nameless_when_the_records_do_not_bind_one_to_one: test
func::bind::tests::emit_binding_binds_each_record_to_the_row_containing_its_offset: test
func::bind::tests::per_record_binds_each_segment_to_the_record_carrying_its_offset: test
func::bind::tests::per_record_binds_nothing_when_the_offsets_are_not_the_split_points: test
func::bind::tests::per_record_refuses_a_short_prefix_because_an_unseen_record_looks_like_a_dropped_one: test
func::bind::tests::record_bytes_before_a_26_are_not_glued_onto_the_next_name: test
func::bind::tests::resolve_data_admits_the_narrow_literal_and_nothing_else_new: test
func::bind::tests::selective_is_per_record_when_the_records_are_one_to_one: test
func::bind::tests::selective_refuses_a_mangled_run_no_record_claims: test
func::bind::tests::selective_refuses_a_record_offset_that_is_not_a_split_point: test
func::bind::tests::selective_refuses_an_unclaimed_run_that_fits_the_inline_name_field: test
func::bind::tests::selective_refuses_even_an_exhausted_name_set_because_records_are_not_the_emit_set: test
func::bind::tests::selective_refuses_records_that_do_not_advance_through_the_segments: test
func::bind::tests::the_gates_framing_sees_one_record_where_the_instrument_sees_three: test
func::bind::tests::the_inline_fence_matches_a_whole_name_and_not_a_prefix: test
func::bind::tests::the_inline_fence_reads_every_call_edge_and_not_only_the_tail: test
func::bind::tests::the_three_walk_free_readers_differ_by_exactly_one_byte_each: test
func::bind::tests::the_two_bindings_agree_after_the_ir1_consolidation: test
func::bind::tests::the_varargs_gate_is_one_predicate_on_both_paths: test
func::body::chain::chain_form_tests::a_multiply_after_the_first_operator_is_not_a_serial_chain: test
func::body::chain::chain_form_tests::a_pending_immediate_at_a_reg_reg_operator_is_not_affine: test
func::body::chain::chain_form_tests::a_single_leaf_is_a_serial_chain: test
func::body::chain::chain_form_tests::every_stream_the_affine_selector_lowers_survives_the_gate: test
func::body::chain::chain_form_tests::the_depth2_tree_is_the_one_deeper_shape_and_its_rewrites_are_not: test
func::body::chain::chain_form_tests::the_two_straight_line_producers_canonicalize_identically: test
func::body::chain::tests::chains_canonicalize_to_c2s_register_order: test
func::body::chain::tests::each_out_of_class_clause_reports_its_own_key: test
func::body::chain::tests::reassociation_gates_separate_canonical_from_rewritten_chains: test
func::body::chain::tests::repeated_leaves_are_refused_before_and_after_substitution: test
func::body::chain::tests::substitution_captures_operands_at_definition_time: test
func::body::decode::tests::a_refused_body_is_still_decoded_and_still_readable: test
func::body::decode::tests::all_is_complete_and_indexed: test
func::body::decode::tests::decode_facts_are_available_on_a_refused_body: test
func::body::decode::tests::default_policy_is_decode_reach: test
func::body::decode::tests::the_admission_layer_owns_a_reason_only_where_it_alone_refused: test
func::body::decode::tests::the_default_is_untouched_by_the_second_variant: test
func::body::decode::tests::the_default_policy_is_pinned: test
func::body::decode::tests::the_yes_no_and_the_emitting_form_cannot_disagree_under_any_policy: test
func::body::expr::tests::a_call_end_payload_would_eat_the_next_opcode_and_0x59_is_not_one: test
func::body::expr::tests::a_class_preserving_convert_is_free_at_every_position: test
func::body::expr::tests::a_convert_to_a_narrower_type_refuses: test
func::body::expr::tests::a_division_with_no_operand_type_read_says_so: test
func::body::expr::tests::a_float_literal_still_desyncs_and_this_lane_did_not_fix_it: test
func::body::expr::tests::a_float_operand_blocks_at_the_load_not_at_the_division: test
func::body::expr::tests::a_pointer_convert_in_a_call_argument_is_free: test
func::body::expr::tests::a_reinterpret_to_a_pointer_indicts_the_value_for_the_pointer_guard: test
func::body::expr::tests::an_eh_state_read_as_one_byte_stops_inside_the_escape: test
func::body::expr::tests::dropping_the_call_flags_byte_lands_on_a_byte_no_arm_accepts: test
func::body::expr::tests::intrinsic_call_census_reports_the_selector_not_the_opcode: test
func::body::expr::tests::intrinsic_call_decode_does_not_accept: test
func::body::expr::tests::intrinsic_call_token_has_no_trailing_field: test
func::body::expr::tests::parse_formals_anchors_on_the_marker_that_reaches_lo: test
func::body::expr::tests::pinning_the_call_moved_no_other_opcode: test
func::body::expr::tests::same_descriptor_and_offset_different_selector_is_a_different_emission: test
func::body::expr::tests::selector_must_be_exactly_int_typed_or_the_decode_declines: test
func::body::expr::tests::the_64_bit_literal_desync_lands_on_a_byte_that_is_not_an_opcode: test
func::body::expr::tests::the_call_end_closes_an_argument_region_and_carries_nothing: test
func::body::expr::tests::the_call_token_consumes_exactly_its_capture: test
func::body::expr::tests::the_chain_sink_is_off_unless_the_environment_names_it: test
func::body::expr::tests::the_class_pair_descriptor_consumes_exactly_its_capture: test
func::body::expr::tests::the_convert_s_trailing_field_is_required_to_be_zero: test
func::body::expr::tests::the_convert_trailer_is_not_widened_by_an_8_byte_target: test
func::body::expr::tests::the_div_mod_key_is_an_exact_refinement_of_the_published_one: test
func::body::expr::tests::the_div_mod_key_names_the_operand_type: test
func::body::expr::tests::the_documented_cast_convert_table_still_holds: test
func::body::expr::tests::the_eh_live_state_marker_consumes_exactly_its_capture: test
func::body::expr::tests::the_literal_escape_width_is_type_directed: test
func::body::expr::tests::the_pinned_skip_forms_consume_exactly_their_capture: test
func::body::expr::tests::the_statement_layer_fence_holds_only_statement_and_control_flow_bytes: test
func::body::expr::tests::the_statement_sink_is_off_unless_the_environment_names_it: test
func::body::expr::tests::the_statement_walk_reaches_the_function_tail_of_a_real_while_loop: test
func::body::expr::tests::the_two_statement_sink_sites_do_not_share_a_bucket: test
func::body::expr::tests::the_unpinned_opcodes_refuse_rather_than_guess_a_width: test
func::body::expr::tests::the_value_model_poison_is_anchored_at_the_first_call_it_consumed: test
func::body::expr::tests::the_varint_varint_form_consumes_exactly_the_eh_probe_bytes: test
func::body::expr::tests::the_width4_reinterpret_is_free_in_both_directions: test
func::body::expr::tests::unpinned_selector_ids_stay_hex: test
func::body::mcall::tests::a_bare_binary_operator_is_granted_and_the_pair_then_says_what_it_is: test
func::body::mcall::tests::a_branch_target_is_a_label_defined_later_in_the_segment: test
func::body::mcall::tests::a_byte_offset_add_call_argument_was_never_a_second_construct: test
func::body::mcall::tests::a_chain_is_a_chain_in_both_statement_positions: test
func::body::mcall::tests::a_chain_is_not_filed_as_its_innermost_receiver: test
func::body::mcall::tests::a_measure_and_its_emitter_admit_the_same_operand_streams: test
func::body::mcall::tests::a_measure_and_its_emitter_admit_the_same_types: test
func::body::mcall::tests::a_pointer_call_argument_was_never_a_second_construct: test
func::body::mcall::tests::a_rewound_designator_is_not_counted: test
func::body::mcall::tests::a_single_link_call_with_a_destination_is_not_promoted_to_a_chain: test
func::body::mcall::tests::a_void_return_and_an_unmodeled_one_are_two_answers: test
func::body::mcall::tests::a_zero_offset_receiver_is_a_different_bucket_from_a_nonzero_one: test
func::body::mcall::tests::an_unmodelable_second_blocker_leaves_the_pair_unmeasured: test
func::body::mcall::tests::an_untokenizable_byte_becomes_an_honest_hex_bucket: test
func::body::mcall::tests::completeness_requires_the_whole_segment: test
func::body::mcall::tests::every_grantable_operator_byte_is_one_byte_in_a_capture: test
func::body::mcall::tests::every_probe_reports_its_own_construct: test
func::body::mcall::tests::every_second_blocker_names_its_own_construct: test
func::body::mcall::tests::per_tu_identifiers_do_not_shard_the_bucket: test
func::body::mcall::tests::statement_position_does_not_change_the_bucket: test
func::body::mcall::tests::the_aux_packing_round_trips_every_form: test
func::body::mcall::tests::the_aux_packing_round_trips_every_pair: test
func::body::mcall::tests::the_class_pair_descriptor_refs_are_leb_ids_not_fixed_pairs: test
func::body::mcall::tests::the_completeness_axis_agrees_with_the_rendered_key: test
func::body::mcall::tests::the_count_follows_the_designator_into_the_second_blocker: test
func::body::mcall::tests::the_decode_accepts_nothing: test
func::body::mcall::tests::the_greedy_chain_is_bounded_and_terminates: test
func::body::mcall::tests::the_intrinsic_receiver_vocabulary_is_not_widened_by_the_off_add_arm: test
func::body::mcall::tests::the_key_shapes_partition_the_bucket: test
func::body::mcall::tests::the_load_and_the_address_of_a_sub_object_are_different_buckets: test
func::body::mcall::tests::the_second_blocker_is_not_the_byte_the_matcher_stopped_on: test
func::body::mcall::tests::the_symbol_count_is_the_addresses_the_call_materializes: test
func::body::mcall::tests::the_trailer_arms_take_exactly_what_their_doc_claims: test
func::body::mcall::tests::the_trailer_flag_alone_turns_a_whole_body_into_the_op_0x5c_key: test
func::body::mcall::tests::the_trailer_sink_arms_are_nested: test
func::body::mcall::tests::the_trailer_sink_is_off_in_the_test_process: test
func::body::mcall::tests::the_value_model_consumes_a_whole_member_call_and_lands_after_its_4c: test
func::body::mcall::tests::the_value_model_declines_what_is_not_a_call_and_moves_no_cursor: test
func::body::mcall::tests::the_value_model_never_turns_a_refusal_into_an_acceptance: test
func::body::mcall::tests::the_value_model_walks_through_a_chain_rather_than_stopping_at_the_inner_4c: test
func::body::mcall::tests::the_whole_suffix_counts_granted_constructs_not_occurrences: test
func::body::mcall::tests::widening_the_count_prints_none_where_there_is_no_designator: test
func::body::shapes::assign::tests::everything_outside_the_operand_vocabulary_refuses_at_the_load_instead: test
func::body::shapes::assign::tests::int_like_store_types_pass_the_type_gate_and_stop_at_the_destination: test
func::body::shapes::assign::tests::store_type_key_names_the_kind_and_not_just_the_slot_width: test
func::body::shapes::assign::tests::the_default_arm_of_the_store_type_gate_is_the_shipped_eat_int_like: test
func::body::shapes::assign::tests::the_sink_arms_are_nested: test
func::body::shapes::assign::tests::the_store_type_sink_is_off_in_the_test_process: test
func::body::shapes::calls::tests::a_call_argument_from_a_formal_beyond_the_argument_count_refuses_and_does_not_panic: test
func::body::shapes::calls::tests::a_call_argument_that_is_not_a_formal_refuses_in_the_parser: test
func::body::shapes::calls::tests::a_call_bound_to_a_local_gets_the_same_argument_gates_as_the_direct_form: test
func::body::shapes::calls::tests::a_call_tail_literal_takes_any_width_four_integer_spelling: test
func::body::shapes::calls::tests::a_literal_slot_reads_as_a_fixed_point: test
func::body::shapes::calls::tests::a_two_argument_tail_call_over_the_leading_formals_is_still_in_class: test
func::body::shapes::calls::tests::a_wide_literal_slot_is_refused_by_name: test
func::body::shapes::calls::tests::arg_site_decides_the_literal_paths_permutation_clause: test
func::body::shapes::calls::tests::arg_site_does_not_change_the_in_place_literal_list: test
func::body::shapes::calls::tests::arg_site_sequence_still_refuses_the_slot_bound: test
func::body::shapes::calls::tests::class_a_many_calls_decode_and_the_lone_statement_call_stays_a_tail_call: test
func::body::shapes::calls::tests::class_b_saves_the_formals_that_survive_a_call_in_parameter_order: test
func::body::shapes::calls::tests::eat_member_stmt_call_restores_the_cursor_on_every_decline: test
func::body::shapes::calls::tests::park_call_moves_is_total_on_a_non_permutation: test
func::body::shapes::calls::tests::park_in_class_refuses_a_non_permutation: test
func::body::shapes::calls::tests::the_permutation_walk_refuses_an_out_of_range_source_instead_of_panicking: test
func::body::shapes::cond_tail::tests::a_body_whose_arms_call_the_same_callee_is_refused: test
func::body::shapes::cond_tail::tests::memfree_parses_as_a_cond_tail_pair: test
func::body::shapes::cond_tail::tests::the_register_plan_matches_the_reference_obj: test
func::body::shapes::cond_tail::tests::w42_the_shift_mask_local_parses_and_schedules: test
func::body::shapes::control_flow::tests::a_marker_then_a_stop_is_not_bare: test
func::body::shapes::control_flow::tests::a_proven_state_survives_an_undecoded_tail: test
func::body::shapes::control_flow::tests::a_wrong_scope_depth_refuses_rather_than_landing_on_the_tail: test
func::body::shapes::control_flow::tests::decoding_a_body_never_makes_it_in_class: test
func::body::shapes::control_flow::tests::early_return_is_forward_with_two_jumps_to_one_label: test
func::body::shapes::control_flow::tests::empty_body_is_one_basic_block: test
func::body::shapes::control_flow::tests::if_else_is_a_forward_diamond_blocked_on_control_flow_alone: test
func::body::shapes::control_flow::tests::landing_near_the_tail_is_not_landing_on_it: test
func::body::shapes::control_flow::tests::one_unmodeled_operand_takes_a_body_out_of_expr_modeled: test
func::body::shapes::control_flow::tests::the_43_escape_is_sub_opcode_width_and_unknown_sub_opcodes_refuse: test
func::body::shapes::control_flow::tests::the_boundary_is_one_statement_wide: test
func::body::shapes::control_flow::tests::the_boundary_is_one_transfer_wide: test
func::body::shapes::control_flow::tests::the_control_flow_rename_is_one_to_one: test
func::body::shapes::control_flow::tests::the_eh_axis_agrees_with_whether_the_obj_carries_an_eh_record: test
func::body::shapes::control_flow::tests::the_materialize_takes_a_type: test
func::body::shapes::control_flow::tests::the_maxstate_axis_agrees_with_whether_the_obj_carries_an_eh_record: test
func::body::shapes::control_flow::tests::the_polymorphic_base_load_is_five_bytes_and_the_body_closes_on_it: test
func::body::shapes::control_flow::tests::the_same_byte_in_two_productions_stays_two_buckets: test
func::body::shapes::control_flow::tests::the_trailer_widths_are_decoded_not_guessed: test
func::body::shapes::control_flow::tests::the_vtable_bind_has_no_trailing_field: test
func::body::shapes::control_flow::tests::the_vtable_slot_is_a_varint_not_a_byte: test
func::body::shapes::control_flow::tests::virtual_dispatch_and_byvalue_return_decode: test
func::body::shapes::control_flow::tests::while_is_a_loop_by_its_back_edge: test
func::body::shapes::counted_accum_loop::tests::the_accumulate_opcode_map_is_the_measured_set: test
func::body::shapes::counted_accum_loop::tests::the_counted_loop_charges_an_unrepresentable_number_of_label_slots: test
func::body::shapes::counted_accum_loop::tests::the_counter_type_reader_separates_int_from_unsigned: test
func::body::shapes::ctor_dtor::tests::a_different_layout_intrinsic_refuses: test
func::body::shapes::ctor_dtor::tests::a_missing_count_trailer_on_an_eh_body_refuses_and_so_does_a_spurious_one: test
func::body::shapes::ctor_dtor::tests::a_nonzero_base_adjust_refuses: test
func::body::shapes::ctor_dtor::tests::a_receiver_that_is_not_this_refuses: test
func::body::shapes::ctor_dtor::tests::a_second_statement_and_a_short_segment_both_refuse: test
func::body::shapes::ctor_dtor::tests::the_constructor_call_must_return_a_pointer_and_bind_directly: test
func::body::shapes::ctor_dtor::tests::the_empty_base_constructor_parses_with_and_without_the_unwind_half: test
func::body::shapes::ctor_dtor::tests::the_generated_empty_destructor_parses_under_both_trailer_flags: test
func::body::shapes::ctor_dtor::tests::the_leading_literal_must_be_zero_and_int_typed: test
func::body::shapes::ctor_dtor::tests::the_member_destructor_parses_at_both_offsets: test
func::body::shapes::ctor_dtor::tests::the_member_form_keeps_the_base_forms_gates: test
func::body::shapes::ctor_dtor::tests::the_member_offset_must_fit_one_addi: test
func::body::shapes::ctor_dtor::tests::the_member_receiver_must_be_this_and_must_be_an_offset_add: test
func::body::shapes::ctor_dtor::tests::the_object_type_must_be_a_class_and_the_body_must_end: test
func::body::shapes::ctor_dtor::tests::the_trailer_flags_must_agree_and_a_third_value_refuses: test
func::body::shapes::ctor_dtor::tests::the_unwind_half_must_agree_with_the_statement_it_belongs_to: test
func::body::shapes::ctor_dtor::tests::two_destroyed_members_in_one_body_refuse: test
func::body::shapes::ctor_dtor::tests::two_destroyed_subobjects_refuse: test
func::body::shapes::designator::tests::an_empty_offset_add_run_reports_no_retype: test
func::body::shapes::designator::tests::the_any_pointee_pointer_gate_is_a_literal_whitelist: test
func::body::shapes::designator::tests::the_offset_add_literals_are_a_list_and_the_sum_cannot_state_a_prefix: test
func::body::shapes::designator::tests::the_offset_add_run_is_one_walk_with_two_readings: test
func::body::shapes::designator::tests::the_ptr4_type_gate_is_a_literal_whitelist_on_both_bytes: test
func::body::shapes::designator::tests::the_two_pointer_predicates_guarding_byte_27_disagree_in_both_directions: test
func::body::shapes::div_mod_leaf::tests::a_mixed_type_triple_refuses: test
func::body::shapes::div_mod_leaf::tests::long_spellings_are_refused_even_though_c2_emits_the_same_bytes: test
func::body::shapes::div_mod_leaf::tests::only_the_two_division_opcodes_are_taken: test
func::body::shapes::early_return::tests::a_body_with_no_guard_is_not_this_shape: test
func::body::shapes::early_return::tests::a_distinct_exit_value_still_parses: test
func::body::shapes::early_return::tests::a_short_circuit_and_is_one_early_return_carrying_both_conditions: test
func::body::shapes::early_return::tests::a_void_arm_with_and_conjuncts_is_refused: test
func::body::shapes::early_return::tests::an_arm_that_jumps_somewhere_else_is_refused: test
func::body::shapes::early_return::tests::an_else_arm_is_refused: test
func::body::shapes::early_return::tests::an_exit_value_that_repeats_is_refused: test
func::body::shapes::early_return::tests::the_minimal_cell_is_one_early_return_over_a_one_call_sequence: test
func::body::shapes::float_walk_loop::tests::a_cursor_at_the_wrong_depth_refuses_on_its_own_clause: test
func::body::shapes::float_walk_loop::tests::the_entry_depth_is_one_below_the_then_clause: test
func::body::shapes::float_walk_loop::tests::the_float_walk_loop_charges_a_lead_of_two_in_every_shape: test
func::body::shapes::float_walk_loop::tests::the_mode_gate_refuses_before_the_first_body_byte: test
func::body::shapes::float_walk_loop::tests::the_operator_maps_are_the_measured_sets: test
func::body::shapes::global_store_leaf::tests::float_and_double_are_refused_by_name: test
func::body::shapes::global_store_leaf::tests::the_store_width_table_is_grid_t: test
func::body::shapes::global_store_leaf::tests::the_volatile_tag_is_not_in_the_table: test
func::body::shapes::guarded_seq::tests::a_guard_with_nothing_after_it_is_refused: test
func::body::shapes::guarded_seq::tests::an_else_arm_is_refused_because_its_layout_is_mode_dependent: test
func::body::shapes::guarded_seq::tests::the_else_refusal_is_caused_by_the_else_clause_and_nothing_else: test
func::body::shapes::guarded_seq::tests::the_minimal_cell_is_a_two_call_sequence_with_a_one_armed_guard: test
func::body::shapes::json_utf8_copy::tests::a_status_constant_with_a_zero_half_is_refused: test
func::body::shapes::json_utf8_copy::tests::every_block_boundary_is_a_label_definition: test
func::body::shapes::json_utf8_copy::tests::the_template_has_the_shape_the_emitter_expects: test
func::body::shapes::leaf_addr::tests::an_address_leaf_refuses_what_it_cannot_emit_in_one_addi: test
func::body::shapes::leaf_addr::tests::the_offset_add_without_a_load_is_an_address_and_emits_an_addi: test
func::body::shapes::leaf_fp_tail::tests::a_gpr_argument_beside_an_fp_one_refuses_because_the_two_files_interleave: test
func::body::shapes::leaf_fp_tail::tests::a_gpr_argument_that_does_not_move_is_free_and_the_fp_half_is_unchanged: test
func::body::shapes::leaf_fp_tail::tests::a_member_receivers_this_does_not_enter_the_fp_argument_file: test
func::body::shapes::leaf_fp_tail::tests::a_non_fp_formal_between_the_fp_ones_does_not_move_the_fp_file: test
func::body::shapes::leaf_fp_tail::tests::a_volatile_fp_formal_refuses_because_its_load_is_a_spill: test
func::body::shapes::leaf_fp_tail::tests::an_undetermined_sy_declines_and_leaves_the_census_key_alone: test
func::body::shapes::leaf_fp_tail::tests::the_argument_stream_is_reverse_source_order: test
func::body::shapes::leaf_fp_tail::tests::the_boundary_conversion_is_recorded_in_the_direction_that_costs_an_instruction: test
func::body::shapes::leaf_fp_tail::tests::the_destinations_are_numbered_over_the_fp_arguments_and_the_sources_over_the_fp_formals: test
func::body::shapes::leaf_fp_tail::tests::the_discarded_call_and_the_member_receiver_are_the_same_shape: test
func::body::shapes::leaf_fp_tail::tests::the_permutation_gate_counts_local_minima_and_not_cycle_length: test
func::body::shapes::leaf_load::tests::a_cross_class_2c_over_a_pointer_load_refuses: test
func::body::shapes::leaf_load::tests::a_run_of_offset_adds_folds_into_one_displacement: test
func::body::shapes::leaf_load::tests::a_single_offset_add_is_unchanged_by_the_run_walk: test
func::body::shapes::leaf_load::tests::indirect_load_leaf_binds_this_as_argument_zero: test
func::body::shapes::leaf_load::tests::indirect_load_leaf_decodes_deref_member_and_subscript: test
func::body::shapes::leaf_load::tests::indirect_load_leaf_decodes_narrow_and_wide_pointees: test
func::body::shapes::leaf_load::tests::indirect_load_leaf_refuses_the_adjacent_shapes: test
func::body::shapes::leaf_load::tests::indirect_load_leaf_requires_the_offset_type_and_the_load_to_agree_on_width: test
func::body::shapes::leaf_load::tests::only_the_last_offset_add_announces_the_pointee_width: test
func::body::shapes::leaf_load::tests::ptr_getter_leaf_decodes_as_the_same_indirect_load_an_int_getter_does: test
func::body::shapes::leaf_load::tests::ptr_identity_leaf_binds_this_and_a_formal_alike: test
func::body::shapes::leaf_load::tests::ptr_leaves_refuse_the_shapes_that_cost_an_instruction: test
func::body::shapes::leaf_load::tests::the_displacement_gate_is_on_the_sum_not_on_any_one_add: test
func::body::shapes::leaf_store::tests::bind_at_displacement_zero_stays_refused_because_the_two_spellings_are_one_body: test
func::body::shapes::leaf_store::tests::bind_reads_the_plain_run_tail_as_well_as_the_call_one: test
func::body::shapes::leaf_store::tests::bind_reads_the_shipped_xboxheap_spelling_and_keeps_it_apart_from_the_direct_one: test
func::body::shapes::leaf_store::tests::bind_refuses_a_destination_the_sy_layer_does_not_call_a_local: test
func::body::shapes::leaf_store::tests::every_bind_gate_fires_on_a_named_input: test
func::body::shapes::leaf_store::tests::f2_admits_a_member_address_as_a_stored_value_and_the_30_still_separates_the_load: test
func::body::shapes::leaf_store::tests::f2_leaves_the_zero_offset_address_refused_because_c2_emits_no_addi_there: test
func::body::shapes::leaf_store::tests::f3_reads_the_store_run_then_call_composition_and_the_bundle_refuses_it: test
func::body::shapes::leaf_store::tests::store_leaf_decodes_both_designators_and_refuses_a_float_value: test
func::body::shapes::leaf_store::tests::the_call_tail_key_has_no_producer_since_1212: test
func::body::shapes::leaf_store::tests::the_carrier_keeps_the_bound_token_and_leaves_the_offset_undischarged: test
func::body::shapes::mcall_chain::tests::a_chain_whose_receiver_is_not_a_load_declines_without_taking_the_key: test
func::body::shapes::mcall_chain::tests::a_computed_or_nonformal_link_argument_refuses_by_name: test
func::body::shapes::mcall_chain::tests::a_designator_on_the_chain_result_is_a_load_or_an_add_and_they_differ_at_zero: test
func::body::shapes::mcall_chain::tests::a_displacement_past_sixteen_bits_refuses_by_name: test
func::body::shapes::mcall_chain::tests::a_floating_point_member_on_the_chain_result_is_an_lfs_or_an_lfd: test
func::body::shapes::mcall_chain::tests::a_formal_argument_on_a_later_link_is_class_b_at_slot_one: test
func::body::shapes::mcall_chain::tests::a_links_argument_region_is_read_in_stream_order_like_every_other: test
func::body::shapes::mcall_chain::tests::a_literal_link_argument_keeps_the_body_class_a: test
func::body::shapes::mcall_chain::tests::a_loaded_width_that_is_not_four_refuses_by_name: test
func::body::shapes::mcall_chain::tests::a_two_link_chain_is_a_class_a_call_sequence_innermost_first: test
func::body::shapes::mcall_chain::tests::a_volatile_floating_point_member_stays_refused_and_the_key_says_so: test
func::body::shapes::mcall_chain::tests::a_wild_float_member_on_the_chain_result_is_the_fp_load: test
func::body::shapes::mcall_chain::tests::no_decline_out_of_the_chain_production_lands_in_the_residue: test
func::body::shapes::mcall_chain::tests::the_chain_link_binds_through_the_one_shared_locator: test
func::body::shapes::mcall_chain::tests::the_emission_order_is_the_push_run_reversed_not_a_swap: test
func::body::shapes::mcall_chain::tests::the_fp_tail_is_what_puts_fltused_in_the_obj: test
func::body::shapes::mcall_chain::tests::the_narrowing_and_the_integer_conversion_refuse_by_name: test
func::body::shapes::mcall_chain::tests::the_offset_run_folds_because_the_locator_is_shared: test
func::body::shapes::mcall_chain::tests::the_promotion_is_free_and_the_width_follows_the_member: test
func::body::shapes::mcall_cmp::tests::a_mixed_signedness_comparison_has_no_operand_signedness: test
func::body::shapes::mcall_cmp::tests::equality_and_the_two_order_relations_are_admitted_and_the_rest_refuse_by_name: test
func::body::shapes::mcall_cmp::tests::no_decline_out_of_the_cmp_production_lands_in_the_residue: test
func::body::shapes::mcall_cmp::tests::only_the_signed_order_spine_takes_leading_label_slots: test
func::body::shapes::mcall_cmp::tests::the_operand_signedness_is_read_from_the_call_result_type: test
func::body::shapes::mcall_cmp::tests::the_source_operand_order_moves_only_the_spine_not_the_calls: test
func::body::shapes::mcall_cmp::tests::the_tail_s_saved_call_result_counts_toward_the_gpr_total: test
func::body::shapes::mcall_cmp::tests::this_has_parameter_index_zero_and_the_highest_token_so_its_call_goes_last: test
func::body::shapes::mcall_cmp::tests::this_ranks_after_every_declared_formal_although_it_is_parameter_zero: test
func::body::shapes::mcall_cmp::tests::two_member_calls_compared_for_equality_are_a_class_b_sequence: test
func::body::shapes::mcall_tail::tests::a_converted_real_result_is_refused_and_keeps_its_key: test
func::body::shapes::mcall_tail::tests::a_guarded_sequence_does_not_admit_a_member_call: test
func::body::shapes::mcall_tail::tests::a_literal_behind_an_offset_add_is_named_for_the_add_not_the_byte: test
func::body::shapes::mcall_tail::tests::a_member_call_in_the_value_tail_is_admitted_with_this_in_slot_zero: test
func::body::shapes::mcall_tail::tests::a_member_call_sequence_is_a_class_b_call_seq: test
func::body::shapes::mcall_tail::tests::a_member_call_with_a_literal_postop_is_a_framed_call: test
func::body::shapes::mcall_tail::tests::a_named_object_receiver_enters_slot_zero_as_an_address: test
func::body::shapes::mcall_tail::tests::a_non_pointer_receiver_declines: test
func::body::shapes::mcall_tail::tests::a_nullary_member_call_is_a_tail_call_whose_argument_is_the_receiver: test
func::body::shapes::mcall_tail::tests::a_postop_of_zero_folds_to_the_tail_call_rather_than_a_frame: test
func::body::shapes::mcall_tail::tests::an_indirect_store_at_the_bind_position_is_named_a_store: test
func::body::shapes::mcall_tail::tests::every_receiver_refusal_has_a_name: test
func::body::shapes::mcall_tail::tests::member_tail_call_puts_this_in_slot_zero: test
func::body::shapes::mcall_tail::tests::no_decline_out_of_the_tail_production_lands_in_the_residue: test
func::body::shapes::mcall_tail::tests::the_bind_s_trailing_field_is_required_to_be_zero: test
func::body::shapes::mcall_tail::tests::the_census_still_names_the_member_call_when_the_shape_declines: test
func::body::shapes::mcall_tail::tests::the_float_value_tail_is_what_puts_fltused_in_the_obj: test
func::body::shapes::mcall_tail::tests::the_implicit_this_receiver_parses_as_a_sequence: test
func::body::shapes::mcall_tail::tests::the_intrinsic_receiver_arm_separates_by_selector: test
func::body::shapes::mcall_tail::tests::the_member_arm_only_ever_turns_an_err_into_an_ok: test
func::body::shapes::mcall_tail::tests::the_object_receiver_declines_a_chain_without_consuming_it: test
func::body::shapes::mcall_tail::tests::the_receiver_is_argument_slot_zero_in_every_sequence_call: test
func::body::shapes::mcall_tail::tests::the_receiver_may_carry_a_pointer_conversion_and_it_emits_nothing: test
func::body::shapes::mcall_tail::tests::the_receiver_vocabulary_is_injective: test
func::body::shapes::mcall_tail::tests::the_sequence_loop_reads_a_member_call_after_a_free_one: test
func::body::shapes::no_effect::tests::a_body_with_no_temporary_is_not_recognized: test
func::body::shapes::no_effect::tests::a_call_whose_result_is_not_discarded_is_refused: test
func::body::shapes::no_effect::tests::a_continue_that_does_not_name_the_step_label_is_refused: test
func::body::shapes::no_effect::tests::a_different_intrinsic_selector_is_refused: test
func::body::shapes::no_effect::tests::a_different_temporary_in_the_argument_is_refused: test
func::body::shapes::no_effect::tests::a_formal_load_in_place_of_the_int_literal_is_declined: test
func::body::shapes::no_effect::tests::a_head_branch_that_does_not_name_the_test_label_is_refused: test
func::body::shapes::no_effect::tests::a_line_marker_before_the_return_plumbing_is_eaten: test
func::body::shapes::no_effect::tests::a_load_of_a_non_formal_is_refused: test
func::body::shapes::no_effect::tests::a_loop_call_outside_the_argument_vocabulary_is_refused: test
func::body::shapes::no_effect::tests::a_nothing_body_that_opens_a_deeper_scope_is_refused: test
func::body::shapes::no_effect::tests::a_nothing_literal_of_another_type_is_refused: test
func::body::shapes::no_effect::tests::a_nothing_statement_whose_value_is_consumed_is_refused: test
func::body::shapes::no_effect::tests::a_nothing_statement_without_the_bind_is_refused: test
func::body::shapes::no_effect::tests::a_pointer_result_memset_is_not_a_dead_temporary: test
func::body::shapes::no_effect::tests::a_second_nothing_statement_is_refused: test
func::body::shapes::no_effect::tests::a_test_operand_that_is_not_a_formal_is_refused: test
func::body::shapes::no_effect::tests::an_argument_outside_the_vocabulary_refuses_the_body: test
func::body::shapes::no_effect::tests::an_exit_branch_that_does_not_name_the_exit_label_is_refused: test
func::body::shapes::no_effect::tests::an_induction_step_over_a_non_formal_is_refused: test
func::body::shapes::no_effect::tests::an_ungraded_comparison_opcode_is_refused: test
func::body::shapes::no_effect::tests::an_ungraded_induction_operator_is_refused: test
func::body::shapes::no_effect::tests::recognizing_the_body_does_not_accept_it: test
func::body::shapes::no_effect::tests::recognizing_the_loop_does_not_accept_it: test
func::body::shapes::no_effect::tests::recognizing_the_nothing_body_does_not_accept_it: test
func::body::shapes::no_effect::tests::the_dead_temporary_call_body_is_recognized_and_names_its_callee: test
func::body::shapes::no_effect::tests::the_destroy_loop_body_is_recognized_and_names_its_callee: test
func::body::shapes::no_effect::tests::the_induction_stride_is_read_and_not_matched: test
func::body::shapes::no_effect::tests::the_nothing_values_and_the_void_type_id_are_not_constrained: test
func::body::shapes::no_effect::tests::the_pseudo_destructor_body_emits_nothing: test
func::body::shapes::no_effect::tests::the_three_no_effect_shapes_are_disjoint: test
func::body::shapes::no_effect::tests::the_two_no_effect_shapes_are_disjoint: test
func::body::shapes::no_effect::tests::trailing_bytes_after_the_function_tail_are_refused: test
func::body::shapes::no_effect::tests::trailing_bytes_after_the_loop_are_refused: test
func::body::shapes::no_effect::tests::trailing_bytes_after_the_nothing_statement_are_refused: test
func::body::shapes::ptr_walk_chain_loop::tests::element_type_classes_are_the_two_const_one_byte_spellings: test
func::body::shapes::ptr_walk_chain_loop::tests::literal_ranges_follow_the_immediate_field_and_not_a_single_guess: test
func::body::shapes::ptr_walk_chain_loop::tests::only_the_four_measured_operators_are_admitted: test
func::body::shapes::ptr_walk_loop::tests::mulli_literal_is_the_measured_set_and_nothing_else: test
func::body::shapes::ptr_walk_loop::tests::the_pointer_walk_loop_charges_a_lead_of_two_and_not_the_published_three: test
func::body::shapes::step5::tests::a_body_can_define_its_epilogue_label_and_never_jump_to_it: test
func::body::shapes::step5::tests::a_body_with_two_returns_to_one_label_still_admits: test
func::body::shapes::step5::tests::a_dangling_branch_target_refuses_while_the_shape_still_reads_forward: test
func::body::shapes::step5::tests::a_partial_walk_scores_undecoded_and_not_admit: test
func::body::shapes::step5::tests::a_wholly_empty_map_on_a_decoded_body_is_the_alarm: test
func::body::shapes::step5::tests::every_admitted_body_satisfies_all_five_clauses_independently: test
func::body::shapes::step5::tests::the_back_edge_clause_and_the_loop_shape_never_disagree: test
func::body::shapes::step5::tests::the_back_edge_clause_refuses_a_real_while_loop: test
func::body::shapes::step5::tests::the_map_on_a_diamond_is_three_forward_references_and_no_dead_label: test
func::body::shapes::step5::tests::the_map_on_the_smallest_body_is_one_definition_and_one_reference: test
func::body::shapes::step5::tests::the_residue_clause_refuses_a_diamond_with_one_indirect_load: test
func::body::shapes::step5::tests::the_switch_clause_refuses_before_any_question_is_read_off_a_partial_map: test
func::body::shapes::step5::tests::the_verdict_names_are_distinct_and_forward_is_one_bucket: test
func::body::shapes::step5::tests::two_definitions_of_one_token_refuse_before_any_position_is_read: test
func::body::shapes::step5::tests::unresolved_outranks_back_edge_and_the_body_that_proves_it_is_both: test
func::body::shapes::tests::bool_value_class_is_free_inside_and_refuses_the_widening: test
func::body::shapes::xlrc_create_guard::tests::callees_are_the_two_il_named_ones_and_not_the_frame_helpers: test
func::body::shapes::xlrc_create_guard::tests::the_label_lead_is_two_and_the_gy_stride_is_seven: test
func::body::tests::a_body_that_reaches_no_tagged_site_still_reads_a_named_default: test
func::body::tests::a_call_token_inside_a_consumed_payload_is_not_recounted: test
func::body::tests::a_four_byte_pointer_at_the_load_is_an_operand_not_a_blocker: test
func::body::tests::a_four_byte_token_parses_as_one_operand_not_two: test
func::body::tests::a_pointer_operand_is_barred_from_arithmetic: test
func::body::tests::census_agrees_with_the_gate_on_every_pinned_segment: test
func::body::tests::census_names_the_first_blocking_opcode: test
func::body::tests::census_reports_the_operand_type_class_not_its_shared_first_byte: test
func::body::tests::every_field_of_the_call_token_is_required_literally: test
func::body::tests::parse_segment_accepts_bare_literal_return_and_wide: test
func::body::tests::parse_segment_accepts_bare_void_tail_call: test
func::body::tests::parse_segment_accepts_framed_call: test
func::body::tests::parse_segment_accepts_int_tail_call_family: test
func::body::tests::parse_segment_accepts_nonlast_function_reaching_segment_end: test
func::body::tests::parse_segment_accepts_straight_line_add3: test
func::body::tests::parse_segment_rejects_all_out_of_class_call_shapes: test
func::body::tests::parse_segment_rejects_unmodeled_arithmetic_ops: test
func::body::tests::parse_segment_routes_framed_nonzero_but_folds_zero_k: test
func::body::tests::prod_tag_is_the_seam_the_member_call_productions_write_against: test
func::body::tests::the_call_token_count_is_the_number_of_calls_the_body_issues: test
func::body::tests::the_dispatch_axes_are_reset_per_body: test
func::body::tests::the_dispatch_axis_names_the_arm_that_claimed_each_body: test
func::body::tests::the_eof_suffix_is_earned_by_reaching_the_segment_end: test
func::body::tests::the_operand_type_bucket_does_not_shard_on_the_per_tu_type_id: test
func::body::tests::the_operand_type_rekey_is_an_exact_coarsening: test
func::body::wr1_dyninit::the_dynamic_initializer_thunk_decodes_to_a_three_slot_tail_call: test
func::body::wr1_dyninit::the_empty_module_scope_is_optional_and_the_module_end_is_not: test
func::body::wr1_dyninit::the_transcript_carries_the_bare_lo_and_the_empty_module_scope: test
func::bundle::dyninit_tests::a_bundle_without_the_three_streams_refuses: test
func::bundle::dyninit_tests::decodes_is_the_union_of_both_acceptance_paths: test
func::bundle::dyninit_tests::functions_refuses_when_a_body_c2_may_have_emitted_is_unaccounted_for: test
func::bundle::dyninit_tests::gl_body_start_coverage_counts_the_segments_gl_can_never_name: test
func::bundle::dyninit_tests::gl_body_start_coverage_over_counts_towards_bindability_on_purpose: test
func::bundle::dyninit_tests::only_the_dynamic_initializer_thunk_is_admitted: test
func::bundle::provide_tests::a_module_block_carrying_statements_refuses_class_b: test
func::bundle::provide_tests::class_b_without_a_module_block_refuses: test
func::bundle::provide_tests::the_root_record_fence_reads_the_linkage_byte: test
func::bundle::tests::a_bare_lo_with_formals_is_read_through_the_formal_list: test
func::bundle::tests::a_mixed_tu_splits_both_forms_and_the_composed_one_identically: test
func::bundle::tests::an_alias_that_also_has_a_body_is_visible_to_the_consumer: test
func::bundle::tests::data_tu_refuses_rather_than_resolving_a_relocation_that_names_an_alias: test
func::bundle::tests::ex_segment_count_is_a_pure_reader_that_never_refuses: test
func::bundle::tests::fp_contract_off_is_still_the_mode_it_was_compiled_at: test
func::bundle::tests::opt_words_is_empty_for_a_module_with_no_segments: test
func::bundle::tests::opt_words_reads_one_word_per_segment: test
func::bundle::tests::opt_words_reports_an_unreadable_prefix_rather_than_guessing: test
func::bundle::tests::the_alias_report_separates_absent_from_empty: test
func::bundle::tests::the_atexit_thunk_has_no_block_start_and_is_still_found: test
func::bundle::tests::the_bare_walk_refuses_everything_that_is_not_this_grammar: test
func::bundle::tests::the_body_split_sees_the_thunk_the_census_could_not: test
func::bundle::tests::the_composed_marker_still_wins_and_wins_first: test
func::bundle::tests::the_dynamic_initializer_thunk_opens_with_a_bare_lo: test
func::bundle::tests::the_optimization_word_is_a_varint_not_a_fixed_escape: test
func::census::tests::a_body_the_ladder_never_ran_for_reads_disp_not_run: test
func::census::tests::census_classifies_each_function_independently: test
func::census::tests::census_hex_window_is_clamped_to_the_segment: test
func::census::tests::every_census_row_carries_a_named_dispatch_and_production_reading: test
func::census::tests::every_in_class_row_is_a_single_basic_block: test
func::census::tests::strict_relax_is_the_incumbent_census: test
func::census::tests::the_completeness_axis_reads_the_segment_end_producer_both_ways: test
func::census::tests::the_relaxation_is_actually_wired_to_something: test
func::compare_leaf_gate_tests::the_difference_spine_gates_are_the_ones_the_census_now_applies: test
func::diag::tests::an_empty_bundle_names_both_missing_files_and_agrees_with_the_gate: test
func::diag::tests::both_framings_see_zero_records_in_a_gl_with_none: test
func::diag::tests::every_decode_cause_string_is_distinct: test
func::diag::tests::the_first_cause_is_always_a_member_of_the_cause_list: test
func::diag::tests::the_gate_framing_sees_only_the_low_256_type_indices: test
func::ehscope::tests::a_deeper_state_refuses: test
func::ehscope::tests::a_reordered_body_refuses: test
func::ehscope::tests::a_trailing_statement_refuses: test
func::ehscope::tests::a_two_object_scope_end_refuses: test
func::ehscope::tests::the_class_size_walk_skips_non_type_records_and_forward_references: test
func::ehscope::tests::the_locals_type_index_is_read_and_a_primitive_refuses: test
func::ehscope::tests::the_segment_prefix_is_fenced_with_the_hash_record_exempt: test
func::ehscope::tests::the_template_matches_a_second_independent_capture: test
func::ehscope::tests::the_template_matches_the_workload_tu_and_names_its_four_tokens: test
func::gl::data_object_tests::a_record_truncated_before_the_flags_byte_refuses: test
func::gl::data_object_tests::a_size_past_127_uses_the_varint_escape: test
func::gl::data_object_tests::an_ambiguous_token_is_dropped: test
func::gl::data_object_tests::selectany_fails_closed_on_the_attribute_byte: test
func::gl::data_object_tests::the_attr_byte_separates_bss_objects_from_data_objects: test
func::gl::data_object_tests::the_attribute_byte_is_two_independent_bits: test
func::gl::data_object_tests::the_frame_check_refuses_everything_it_has_not_measured: test
func::gl::data_object_tests::the_measured_gl_data_records_decode: test
func::gl::data_object_tests::the_new_reader_and_the_extern_gate_admit_disjoint_linkages: test
func::gl::data_object_tests::the_selectany_forms_still_fail_closed: test
func::gl::data_object_tests::the_thread_local_bit_is_published_not_swallowed: test
func::gl::data_object_tests::the_type_tag_encodes_alignment_and_not_size: test
func::gl::tests::a_26_introduced_name_is_invisible_to_the_nul_scanner_and_visible_to_the_other: test
func::gl::tests::a_26_introduced_record_is_SEEN_by_the_scanner_and_REFUSED_by_the_gate: test
func::gl::tests::a_distant_name_does_not_get_borrowed: test
func::gl::tests::a_gl_whose_walk_stops_exempts_nothing: test
func::gl::tests::a_record_name_terminated_by_26_refuses_rather_than_reading_past_it: test
func::gl::tests::a_refused_file_is_not_an_empty_noinline_set: test
func::gl::tests::a_token_two_symbols_claim_is_dropped_rather_than_guessed: test
func::gl::tests::a_type_table_record_never_binds_the_type_name: test
func::gl::tests::a_whole_mangled_name_outranks_a_bare_one_on_the_same_token: test
func::gl::tests::a_wrong_escape_width_reads_a_different_byte: test
func::gl::tests::an_ambiguous_defined_name_is_not_exempt: test
func::gl::tests::an_undecorated_callee_is_still_indexed: test
func::gl::tests::an_undecorated_record_name_is_seen_then_refused: test
func::gl::tests::both_fields_escape_in_one_record_at_their_own_widths: test
func::gl::tests::drectve_boilerplate_is_one_entry: test
func::gl::tests::flipping_only_fn_flag_inlinable_inverts_the_answer: test
func::gl::tests::gl_framed_offset_without_a_name_binds_nothing: test
func::gl::tests::gl_names_bind_to_their_own_record_not_their_position: test
func::gl::tests::gl_symbol_index_binds_tokens_to_names: test
func::gl::tests::gl_symbol_index_does_not_glue_a_records_own_token_onto_its_name: test
func::gl::tests::gl_symbol_index_ignores_non_identifier_runs: test
func::gl::tests::gl_symbol_index_reads_both_separator_forms: test
func::gl::tests::gl_symbol_runs_ignore_non_symbol_strings: test
func::gl::tests::label_counter_is_a_fixed_width_u32_behind_the_header: test
func::gl::tests::mangled_name_from_gl_slice: test
func::gl::tests::mangled_name_rejects_stray_question_mark: test
func::gl::tests::mangled_names_collects_all_in_order: test
func::gl::tests::one_unreadable_record_refuses_the_whole_file: test
func::gl::tests::only_a_plain_external_defined_record_is_exempt: test
func::gl::tests::source_path_from_gl_slice: test
func::gl::tests::the_attribute_byte_separates_noinline_from_plain: test
func::gl::tests::the_fence_walk_never_grows_when_the_binding_walk_widens: test
func::gl::tests::the_high_byte_size_form_is_still_refused: test
func::gl::tests::the_inline_keyword_and_static_do_not_clear_the_bit: test
func::gl::tests::the_name_lookup_rewrite_keeps_the_distance_bound: test
func::gl::tests::the_relaxed_framing_reaches_the_binding_and_neither_fence: test
func::gl::tests::the_relaxed_framing_refuses_an_offset_past_the_bound: test
func::gl::tests::the_size_escape_decodes_and_the_attribute_moves_by_two: test
func::gl::tests::the_wide_type_tag_reads_the_same_width_as_the_narrow_one: test
func::gl::tests::the_widened_walk_refuses_an_unmangled_variadic_record: test
func::glalias::tests::a_body_record_is_never_an_alias: test
func::glalias::tests::a_disagreeing_duplicate_is_dropped: test
func::glalias::tests::a_self_alias_is_refused: test
func::glalias::tests::a_truncated_record_fails_the_header_walk: test
func::glalias::tests::a_wild_header_count_does_not_spin: test
func::glalias::tests::alias_pair_decodes: test
func::glalias::tests::an_alias_that_also_has_a_body_is_counted: test
func::glalias::tests::an_empty_stream_decodes_to_nothing: test
func::glalias::tests::an_unbound_target_is_refused: test
func::glalias::tests::dom_with_body_is_zero_when_the_alias_is_bodyless: test
func::glalias::tests::i16c_reads_the_escape_and_the_sign: test
func::glalias::tests::i32c_reads_the_escape_and_the_sign: test
func::glalias::tests::resolution_is_not_transitive: test
func::glalias::tests::shift_null_binds_yet_pairs_nothing: test
func::glalias::tests::skipvar_consumes_the_high_bit_run: test
func::glalias::tests::var_u_reads_both_widths: test
func::ininit::tests::a_fail_closed_candidate_is_counted_where_it_used_to_be_silent: test
func::ininit::tests::a_fail_closed_candidate_is_not_also_counted_as_a_no_token_one: test
func::ininit::tests::a_fill_count_escapes_at_0x80_with_le32_and_not_le16: test
func::ininit::tests::a_fill_moves_the_offset_of_every_reference_after_it: test
func::ininit::tests::a_mixed_aggregate_yields_both_elements_and_the_reference_at_offset_4: test
func::ininit::tests::a_pure_symbol_address_record_is_read_and_carries_its_reference: test
func::ininit::tests::a_target_token_past_the_two_byte_form_is_read_at_four_bytes: test
func::ininit::tests::a_truncated_stream_yields_nothing_and_does_not_panic: test
func::ininit::tests::a_width_1_value_of_0x80_is_a_raw_byte_and_at_width_2_it_is_the_escape: test
func::ininit::tests::an_address_anchor_that_does_not_frame_counts_nothing: test
func::ininit::tests::an_aggregate_is_several_elements_in_one_record: test
func::ininit::tests::an_ambiguous_token_drops_its_references_too: test
func::ininit::tests::an_ambiguous_token_is_dropped_and_agreement_is_not_a_conflict: test
func::ininit::tests::an_omitted_element_is_a_fill_and_a_written_zero_is_a_scalar: test
func::ininit::tests::an_unanchored_record_is_counted_and_changes_nothing_else: test
func::ininit::tests::an_unmeasured_address_width_and_a_high_bit_offset_both_refuse: test
func::ininit::tests::every_framed_record_is_a_value_or_a_named_residue_entry: test
func::ininit::tests::every_residue_variant_is_reported: test
func::ininit::tests::several_addresses_in_one_record_keep_their_offsets: test
func::ininit::tests::the_crt_throw_records_decode_whole: test
func::ininit::tests::the_measured_pointer_typed_scalars_decode: test
func::ininit::tests::the_measured_scalar_records_decode_big_endian: test
func::ininit::tests::the_measured_symbol_address_cells_decode: test
func::ininit::tests::the_measured_zero_fill_cells_decode_to_that_many_zero_bytes: test
func::ininit::tests::the_refusals_are_named_in_the_residue: test
func::ininit::tests::the_type_descriptor_record_needs_all_three_kinds_at_once: test
func::ininit::tests::two_records_agreeing_on_one_token_are_two_records_and_one_value: test
func::inlit::tests::a_length_that_does_not_frame_refuses: test
func::inlit::tests::a_literal_past_127_bytes_uses_an_le16_escape_not_the_statement_varint: test
func::inlit::tests::a_truncated_stream_yields_nothing: test
func::inlit::tests::an_ambiguous_token_is_dropped: test
func::inlit::tests::the_four_measured_literal_records_decode: test
func::readers::tests::a_packed_eight_byte_int_is_not_a_four_byte_int: test
func::readers::tests::a_wide_aggregate_is_still_never_accepted: test
func::readers::tests::aggregate_size_field_moves_with_the_struct_and_the_id_moves_separately: test
func::readers::tests::aggregate_varint_size_escape_is_pinned_by_the_next_marker: test
func::readers::tests::call_token_is_decoded_not_anchor_matched: test
func::readers::tests::malformed_aggregates_fail_closed: test
func::readers::tests::operand_type_takes_int_like_or_a_four_byte_pointer_and_says_which: test
func::readers::tests::read_type_walks_the_aggregate_size_ladder: test
func::readers::tests::read_type_widths_match_the_captured_boundaries: test
func::readers::tests::the_aggregate_branch_does_not_touch_other_classes: test
func::readers::tests::the_operand_position_reads_the_pointers_own_width: test
func::readers::tests::the_polymorphic_base_takes_one_more_byte_than_its_plain_neighbour: test
func::readers::tests::the_volatile_qualifier_is_a_tag_bit_and_const_is_a_different_one: test
func::readers::tests::the_wide_tag_is_a_bit_test_and_the_mark_is_not_the_literal_81: test
func::readers::tests::the_width4_reinterpret_admits_four_of_nine_class_pairs_and_no_others: test
func::readers::tests::token_identities_cannot_collide_across_widths: test
func::readers::tests::token_is_four_bytes_when_the_continuation_bit_is_set: test
func::readers::tests::token_is_two_bytes_when_the_continuation_bit_is_clear: test
func::readers::tests::token_width_two_from_4f02_gap: test
func::readers::tests::varint_short_form_is_signed: test
func::sy::tests::a_binding_that_goes_backwards_unbinds_the_whole_file: test
func::sy::tests::a_block_that_does_not_declare_the_ex_formals_is_not_bound: test
func::sy::tests::a_block_with_fewer_than_two_sections_refuses: test
func::sy::tests::a_body_with_an_inner_return_keys_on_the_last_one: test
func::sy::tests::a_brace_scoped_local_is_admitted_at_depth_three: test
func::sy::tests::a_by_reference_class_parameter_is_a_four_byte_pointer_in_one_register: test
func::sy::tests::a_compiler_generated_formal_with_a_nonzero_pre_name_byte_parses: test
func::sy::tests::a_cv_qualified_float_formal_is_still_a_floating_point_register: test
func::sy::tests::a_flags_bit_seven_extra_field_does_not_require_an_aggregate_class: test
func::sy::tests::a_formal_and_two_int_locals_are_told_apart: test
func::sy::tests::a_function_scope_static_is_located_and_refused: test
func::sy::tests::a_named_inter_block_record_still_carries_its_two_tail_bytes: test
func::sy::tests::a_plain_unsigned_local_lands_in_its_own_list_and_moves_nothing_else: test
func::sy::tests::a_polymorphic_class_formal_is_a_hidden_pointer_of_one_register_width: test
func::sy::tests::a_qualified_int_is_refused_despite_an_int_kind: test
func::sy::tests::a_record_disagreeing_with_its_scope_depth_refuses: test
func::sy::tests::a_refused_record_does_not_desync_the_one_after_it: test
func::sy::tests::a_repeated_header_token_unbinds_the_whole_file: test
func::sy::tests::a_return_without_a_matching_assign_is_not_an_exit_label: test
func::sy::tests::a_segment_that_never_assigns_its_exit_label_still_keys: test
func::sy::tests::a_segment_with_no_exit_label_leaves_its_neighbour_bound: test
func::sy::tests::a_size_past_the_varint_escape_is_five_bytes_not_two: test
func::sy::tests::a_static_array_local_is_stepped_over_and_the_next_local_still_binds: test
func::sy::tests::a_storage_class_disagreeing_with_the_depth_refuses: test
func::sy::tests::a_surplus_block_between_two_bound_ones_shifts_nothing: test
func::sy::tests::a_surplus_block_in_front_does_not_shift_the_binding: test
func::sy::tests::a_trailing_run_of_closes_ends_the_file_but_an_interleaved_one_refuses: test
func::sy::tests::a_truncated_or_unterminated_file_refuses: test
func::sy::tests::a_twenty_byte_aggregate_formal_reports_its_width: test
func::sy::tests::a_typedef_record_is_located_and_declares_nothing: test
func::sy::tests::a_union_formal_is_an_aggregate_by_its_class_nibble: test
func::sy::tests::a_volatile_int_local_has_no_extra_field_and_is_still_refused: test
func::sy::tests::a_wide_type_prefix_is_a_tag_bit_not_the_literal_c6_81: test
func::sy::tests::a_wider_or_differently_kinded_local_is_refused: test
func::sy::tests::addr_locals_is_four_byte_integer_scalars_only_and_moves_nothing_else: test
func::sy::tests::an_address_taken_local_is_refused_but_its_neighbour_is_not: test
func::sy::tests::an_aggregate_extra_field_that_is_not_80_00_refuses: test
func::sy::tests::an_aggregate_formal_carries_one_extra_field_before_its_id: test
func::sy::tests::an_aggregate_local_parses_and_is_still_not_an_admissible_local: test
func::sy::tests::an_aggregate_typed_local_parses_once_the_kind_disambiguates_it: test
func::sy::tests::an_array_local_is_class_six_with_no_extra_field: test
func::sy::tests::an_array_local_is_located_and_refused: test
func::sy::tests::an_eight_byte_typed_formal_parses_and_is_not_mistaken_for_int: test
func::sy::tests::an_empty_file_is_zero_blocks_not_a_refusal: test
func::sy::tests::an_exit_label_behind_a_line_marker_is_still_the_key: test
func::sy::tests::an_exit_label_token_starting_with_the_return_opcode_still_keys: test
func::sy::tests::an_unknown_flag_bit_is_refused: test
func::sy::tests::an_unknown_record_tag_refuses: test
func::sy::tests::an_unnameable_formal_class_refuses_rather_than_defaulting_to_a_gpr: test
func::sy::tests::an_unparseable_sy_binds_nothing: test
func::sy::tests::blocks_are_counted_across_a_multi_function_file: test
func::sy::tests::both_sections_may_be_empty: test
func::sy::tests::fewer_blocks_than_segments_unbinds_the_whole_file: test
func::sy::tests::labels_before_a_block_are_stepped_over: test
func::sy::tests::other_inter_block_records_are_stepped_over_and_unknown_ones_refuse: test
func::sy::tests::the_3a_less_arm_still_has_to_pass_the_formals_check: test
func::sy::tests::the_3a_less_arm_takes_the_last_anchored_site: test
func::sy::tests::the_fp_file_skips_non_fp_formals_and_the_gpr_file_counts_fp_ones: test
func::sy::tests::the_size_varint_escape_boundary_is_at_128: test
func::sy::tests::the_wide_inter_block_record_has_a_varint_size_not_a_fixed_width: test
stream::ex::tests::a_bare_4c_thunk_region_is_found_by_the_additive_pass: test
stream::ex::tests::a_body_marker_before_any_start_anchors_on_itself: test
stream::ex::tests::a_file_with_no_marker_is_one_opaque_record: test
stream::ex::tests::a_marker_after_a_head_owns_the_head_as_opaque: test
stream::ex::tests::a_marker_at_offset_zero_leaves_no_opaque_head: test
stream::ex::tests::a_marker_in_the_last_two_bytes_opens_a_segment: test
stream::ex::tests::a_truncated_marker_at_end_of_file_is_not_a_marker: test
stream::ex::tests::an_overlapping_candidate_resolves_the_way_the_incumbent_walk_does: test
stream::ex::tests::empty_file_frames_to_no_records_and_verifies: test
stream::ex::tests::the_two_views_are_not_the_same_segmentation: test
stream::ex::tests::the_views_refuse_a_file_that_is_not_ex: test
stream::ex::tests::two_bodies_sharing_one_start_do_not_reuse_it: test
stream::ex::tests::two_markers_put_a_seam_between_two_framed_records: test
tests::is_ex_magic_matches: test
tests::missing_files_are_skipped_not_errors: test
tests::round_trip_load_write_load_byte_identical: test
tests::token_width_heuristic: test

695 tests, 0 benchmarks
     Running tests/gl_alias_corpus.rs (target/release/deps/gl_alias_corpus-5bd678705e6b8448)
gl_alias_corpus_dump: test

1 test, 0 benchmarks
     Running tests/in_init_probe.rs (target/release/deps/in_init_probe-819a573b8cc09113)
in_init_probe: test

1 test, 0 benchmarks
     Running unittests src/lib.rs (target/release/deps/c2_obj-526fc0fb2d58308e)
plan::tests::a_comdat_flag_without_a_selection_record_refuses: test
plan::tests::align_is_derived_from_characteristics: test
plan::tests::associativity_resolves_to_the_leader_not_to_the_ambiguous_name: test
plan::tests::fail_closed_on_every_malformed_shape: test
plan::tests::inserting_an_unrelated_section_moves_only_that_entry: test
plan::tests::mutating_text_bytes_does_not_move_the_plan: test
plan::tests::observe_is_deterministic: test
plan::tests::the_section_ladder_rungs_are_distinguishable: test
plan::tests::the_specimen_decodes_whole: test
reloc::tests::a_comdat_with_no_records_returns_an_empty_list: test
reloc::tests::a_flag_bit_does_not_change_the_base_type: test
reloc::tests::a_non_text_sections_records_are_not_attributed_to_a_function: test
reloc::tests::a_pair_records_index_field_is_read_as_a_displacement: test
reloc::tests::a_section_definition_target_comes_back_as_a_section: test
reloc::tests::all_four_modifiers_can_be_set_at_once: test
reloc::tests::an_index_landing_on_an_aux_record_refuses_the_whole_obj: test
reloc::tests::an_out_of_range_symbol_index_refuses_the_whole_obj: test
reloc::tests::an_unknown_base_type_prints_its_number: test
reloc::tests::an_unnamed_high_bit_is_reported: test
reloc::tests::each_text_comdat_gets_its_own_records_with_the_target_resolved_to_a_name: test
reloc::tests::pair_is_the_only_type_whose_sym_field_is_not_an_index: test
reloc::tests::the_four_undocumented_constants_are_present: test
reloc::tests::the_record_reader_agrees_with_the_record_counter: test
reloc::tests::the_table_has_twenty_three_distinct_base_types: test
tests::a_call_target_is_named_by_its_relocation_and_not_by_its_bytes: test
tests::a_comdat_with_no_relocations_is_an_empty_list_and_not_an_absent_row: test
tests::a_leaf_only_obj_is_label_free: test
tests::a_long_section_name_resolves_through_the_string_table: test
tests::a_modifier_bit_does_not_hide_a_call_target: test
tests::a_non_comdat_text_section_is_not_counted: test
tests::a_relocation_naming_an_aux_slot_returns_no_answer_at_all: test
tests::a_short_image_has_no_section_list_rather_than_an_empty_one: test
tests::a_short_image_refuses: test
tests::a_symbol_index_past_the_table_returns_no_answer_at_all: test
tests::a_text_comdat_section_with_no_leader_refuses_the_whole_obj: test
tests::a_truncated_symbol_table_refuses_rather_than_shortening_the_set: test
tests::a_user_symbol_beginning_dollar_m_is_not_a_compiler_label: test
tests::an_aux_count_past_the_table_end_refuses: test
tests::an_undecodable_obj_is_none_and_not_an_empty_label_list: test
tests::an_unwind_label_in_a_text_comdat_is_not_an_emitted_function: test
tests::both_walks_share_one_section_name_decoder: test
tests::differ_only_in_timestamp_compares_identical: test
tests::difference_elsewhere_reports_offset: test
tests::length_mismatch_reports_at_common_len: test
tests::no_weak_externals_is_an_empty_list_and_not_a_refusal: test
tests::normalized_zeroes_timestamp_only: test
tests::only_rel24_records_are_call_targets: test
tests::relocs_named_reaches_a_non_text_section: test
tests::the_compiler_label_list_is_the_dollar_m_and_dollar_t_symbols_in_order: test
tests::the_emitted_set_is_one_leader_per_text_comdat_section: test
tests::the_section_name_list_is_every_section_in_order: test
tests::timestamp_reads_offset_4_le: test
tests::weak_external_characteristics_is_carried_not_filtered: test
tests::weak_external_pairs_the_alias_with_its_default: test
tests::weak_external_with_an_out_of_range_default_refuses_the_obj: test

55 tests, 0 benchmarks
     Running tests/reloc_corpus.rs (target/release/deps/reloc_corpus-522f56357fabe6d8)
the_workload_relocation_histogram: test

1 test, 0 benchmarks
     Running unittests src/lib.rs (target/release/deps/c2_reference-9115a35840b551c1)
cod::tests::both_proc_separators_are_read: test
cod::tests::extrn_declarations_are_not_definitions: test
cod::tests::only_branches_are_canonical_not_every_relocated_row: test
cod::tests::publics_include_the_build_stamps_and_the_caller_filters_them: test
cod::tests::rows_decode_offset_word_and_mnemonic: test
stage::tests::a_block_that_is_not_a_suffix_makes_the_distinct_count_a_floor: test
stage::tests::a_duplicate_identity_is_refused_rather_than_resolved_by_position: test
stage::tests::a_full_arena_is_a_truncated_payload_even_without_a_refuse_line: test
stage::tests::a_matching_identity_set_verifies_and_reports_the_ordinal_agreement: test
stage::tests::a_payload_without_the_identity_field_says_so: test
stage::tests::a_permuted_ordinal_is_paired_correctly_and_reported_as_disagreeing: test
stage::tests::a_refusal_is_not_an_armed_run: test
stage::tests::a_refusal_spelling_is_not_an_identity: test
stage::tests::a_short_expected_list_is_refused: test
stage::tests::a_wrong_expected_name_is_refused_and_both_sides_are_named: test
stage::tests::an_armed_run_that_never_fired_is_not_a_graded_cell: test
stage::tests::an_unarmed_run_reports_nothing_and_is_not_ok: test
stage::tests::no_walk_at_a_phase_is_empty_and_never_a_vacuous_pass: test
stage::tests::parses_an_armed_run: test
stage::tests::phases_and_functions_are_separate_groups: test
stage::tests::the_fn_row_carries_a_function_identity: test
stage::tests::the_tuple_count_is_a_payload_size_and_the_distinct_count_is_the_coverage: test
tests::a_member_crate_directory_is_not_a_repo_marker: test
tests::a_tree_with_no_marker_at_all_yields_none_rather_than_failing: test
tests::locate_is_none_when_paths_absent: test
tests::parse_c1_argv_isolates_the_c1xx_line: test
tests::parse_c1_argv_none_without_c1xx_line: test
tests::scrape_bare_form_uses_fallback_dir: test
tests::scrape_current_wibo_form: test
tests::scrape_ignores_non_flag: test
tests::the_search_walks_past_a_scratch_tree_to_the_root_that_has_the_toolchain: test
tests::to_wibo_path_absolute: test
tests::to_wibo_path_relative_unchanged: test
tests::wibo_version_ordering_puts_the_stale_build_first: test
tests::wibo_version_parses_the_shapes_wibo_prints: test

35 tests, 0 benchmarks
     Running tests/listing.rs (target/release/deps/listing-7e785cd467830636)
qxstalls_annotates_the_listing_and_only_with_the_flag: test
the_cod_is_byte_truth_except_at_relocated_branches: test
the_listing_does_not_perturb_the_obj: test

3 tests, 0 benchmarks
     Running tests/middle_interfaces.rs (target/release/deps/middle_interfaces-6173782a2918710f)
the_final_tuple_order_reproduces_the_text_words: test
the_il_subset_decoder_reproduces_the_tuple_rows: test
the_opcode_space_is_c2s_own_mnemonic_table: test
the_probe_levers_never_move_the_obj_at_this_lanes_profile: test
the_region_view_is_a_strict_subset_of_the_function: test

5 tests, 0 benchmarks
     Running tests/reference.rs (target/release/deps/reference-b360339e1d0dd16b)
bk_capture_matches_strace_capture_and_replay: test
capture_il_is_stable: test
capture_il_yields_ex_bundle: test
compile_obj_is_deterministic: test
compile_obj_yields_coff: test
concurrent_host_stub_builds_never_publish_a_partial_exe: test
p0_1_replay_byte_exact: test

7 tests, 0 benchmarks
     Running tests/stage.rs (target/release/deps/stage-3481f785e5cd6992)
a_wrong_slide_arms_nothing_and_never_moves_the_obj: test
scheduler_taps_are_silent_at_od_and_loud_at_o1: test
taps_are_inert_unarmed_and_never_move_the_obj: test
the_snapshot_is_nonempty_and_agrees_with_a_second_derivation: test
the_tapped_run_actually_armed: test
the_tuple_walk_sees_the_scheduler_move_the_list: test
the_two_site_tables_are_one_table: test

7 tests, 0 benchmarks
   Doc-tests c2_core
0 tests, 0 benchmarks
   Doc-tests c2_harness
0 tests, 0 benchmarks
   Doc-tests c2_il
crates/c2-il/src/func/body/mod.rs - func::body::prod_tag (line 141): test

1 test, 0 benchmarks
   Doc-tests c2_obj
0 tests, 0 benchmarks
   Doc-tests c2_reference
0 tests, 0 benchmarks
