# DISASSEMBLY-DERIVED (tier 2: addresses, tu, label, hop;
# tier 1: the 53 file names, the string TEXT, the import names).
# GENERATED by docs/whitebox/scripts/build_funcs.py -- do not hand-edit.
# ONE ROW PER FUNCTION IN THE IMAGE -- the complement of ADDR.tsv,
# which has a row only for an address already cited or labelled.
# Every addr is an absolute VA in c2.dll sha256 c80981c015166effecc71ad8112d5577a065b2300891dfdb02b9c13787a66258.
# NAVIGATION ONLY.  Nothing here may enter crates/ without a
# docs/whitebox/DISCLOSURE.md row naming the address.
# cover:   paged > labelled > cited > none
# conf:    a hand label's own confidence, else `mech` -- WEAKER than [R].
#          [R] says the instructions were read correctly; `mech` says only
#          that these tables join here.
# tu_conf: in-anchor (a fact) | gap (a hypothesis, C2_MAP.md 3.1)
#          no-ice-site (a TU the partition cannot see) | n/a
# hop:     undirected call-graph distance to the nearest paged/labelled
#          function; 0 = itself, >6 prints as `6+`, `-` = unreachable.
addr	size	kind	tu	tu_conf	subsys	page	cover	conf	label	ncallers	ncallees	hop	nstr	strings	nimp	imports
10b266d0	147	ghidra	-	gap	-	-	cited	mech	-	2	0	2	0	-	0	-
10b26763	29	ghidra	-	gap	-	-	cited	mech	-	4	1	1	0	-	0	-
10b26780	34	ghidra	-	gap	-	-	none	mech	-	5	0	1	0	-	0	-
10b267a2	52	ghidra	-	gap	-	-	none	mech	-	1	1	2	0	-	0	-
10b267d6	26	ghidra	-	gap	-	-	none	mech	-	2	0	2	0	-	0	-
10b267f0	20	ghidra	-	gap	-	-	none	mech	-	23	2	1	0	-	0	-
10b26804	18	ghidra	-	gap	-	-	none	mech	-	13	0	2	0	-	0	-
10b26816	33	ghidra	-	gap	-	-	none	mech	-	21	0	2	0	-	0	-
10b26837	33	ghidra	-	gap	-	-	none	mech	-	3	0	2	0	-	0	-
10b26858	38	ghidra	-	gap	-	-	none	mech	-	4	0	3	0	-	0	-
10b2687e	58	ghidra	-	gap	-	-	none	mech	-	1	0	3	0	-	0	-
10b268b8	38	ghidra	-	gap	-	-	none	mech	-	7	0	2	0	-	0	-
10b268de	43	ghidra	-	gap	-	-	none	mech	-	45	0	2	0	-	0	-
10b26909	57	ghidra	-	gap	-	-	none	mech	-	2	0	2	0	-	0	-
10b26942	35	ghidra	-	gap	-	-	none	mech	-	2	2	2	0	-	0	-
10b26965	48	ghidra	-	gap	-	-	none	medium	only-from:pgo-client	1	0	3	0	-	0	-
10b26995	38	ghidra	-	gap	-	-	none	mech	-	5	0	2	0	-	0	-
10b269bb	23	ghidra	-	gap	-	-	none	medium	only-from:pgo-client	1	2	3	0	-	0	-
10b269d2	45	ghidra	-	gap	-	-	none	mech	-	1	0	3	0	-	0	-
10b269ff	111	ghidra	-	gap	-	-	none	mech	-	2	0	3	0	-	0	-
10b26a6e	37	ghidra	-	gap	-	-	none	medium	only-from:pgo-client	1	0	3	0	-	0	-
10b26a93	63	ghidra	-	gap	-	-	none	mech	-	4	0	2	0	-	0	-
10b26ad2	47	ghidra	-	gap	-	-	none	mech	-	1	1	3	0	-	0	-
10b26b01	151	ghidra	-	gap	-	-	none	mech	-	7	1	2	0	-	0	-
10b26b98	213	ghidra	-	gap	-	-	none	mech	-	1	1	2	0	-	0	-
10b26c6d	55	ghidra	-	gap	-	-	none	mech	-	2	0	2	0	-	0	-
10b26ca4	33	ghidra	-	gap	-	-	cited	mech	-	15	1	1	0	-	0	-
10b26cc5	15	ghidra	-	gap	-	-	none	mech	-	1	0	2	0	-	0	-
10b26cd4	101	ghidra	-	gap	-	-	none	mech	-	4	1	2	0	-	0	-
10b26d39	47	ghidra	-	gap	-	-	none	mech	-	2	1	1	0	-	0	-
10b26d68	34	ghidra	-	gap	-	-	none	mech	-	3	0	1	0	-	0	-
10b26d8a	36	ghidra	-	gap	-	-	none	mech	-	2	1	2	0	-	0	-
10b26dae	90	ghidra	-	gap	-	-	none	mech	-	5	0	1	0	-	0	-
10b26e08	99	ghidra	-	gap	-	-	none	mech	-	1	0	2	0	-	0	-
10b26e6b	71	ghidra	-	gap	-	-	none	mech	-	2	0	1	0	-	0	-
10b26eb2	27	ghidra	-	gap	-	-	labelled	high	bitset-free: 144 callers; always paired with a store of 0 into the field it frees	144	1	0	0	-	0	-
10b26ecd	13	ghidra	-	gap	-	-	labelled	high	bitset-new: bitset library, 177 callers — allocate. The five below are the set primitives every allocator pass in p2 is written over; identified by caller count and by their use in 10b55eae/10b2ceb7 …	177	1	0	0	-	0	-
10b26eda	33	ghidra	-	gap	-	-	labelled	high	bitset-insert: 206 callers; called as (set, *(u32*)(reg + 0x1c)) throughout globregs.c and color.c	206	1	0	0	-	0	-
10b26efb	60	ghidra	-	gap	-	-	labelled	high	bitset-remove: 70 callers; the inverse of 10b26eda at the same call shapes	70	2	0	0	-	0	-
10b26f37	47	ghidra	-	gap	-	-	labelled	high	bitset-test: 168 callers, returns a char; guards every insert in 10b2ceb7's coalescing test	168	1	0	0	-	0	-
10b26f66	68	ghidra	-	gap	-	-	none	mech	-	6	1	2	0	-	0	-
10b26faa	108	ghidra	-	gap	-	-	none	mech	-	6	2	2	0	-	0	-
10b27016	5	thunk	-	gap	-	-	none	high	thunk	51	0	1	0	-	0	-
10b2701b	118	ghidra	-	gap	-	-	none	mech	-	6	1	1	0	-	0	-
10b27091	107	ghidra	-	gap	-	-	cited	mech	-	35	3	1	0	-	0	-
10b270fc	51	ghidra	-	gap	-	-	cited	mech	-	16	0	1	0	-	0	-
10b2712f	82	ghidra	-	gap	-	-	cited	mech	-	65	2	1	0	-	0	-
10b27181	36	ghidra	-	gap	-	-	none	mech	-	36	2	1	0	-	0	-
10b271a5	82	ghidra	-	gap	-	-	cited	mech	-	58	1	1	0	-	0	-
10b271f7	23	ghidra	-	gap	-	-	cited	mech	-	4	2	2	0	-	0	-
10b2720e	23	ghidra	-	gap	-	-	none	mech	-	1	2	2	0	-	0	-
10b27225	107	ghidra	-	gap	-	-	none	mech	-	68	1	1	0	-	0	-
10b27290	137	ghidra	-	gap	-	-	labelled	high	bitset-pop: 30 callers; returns 0xffffffff when empty — the iteration idiom in 10b55eae	30	1	0	0	-	0	-
10b27319	36	ghidra	-	gap	-	-	none	mech	-	2	0	2	0	-	0	-
10b2733d	63	ghidra	-	gap	-	-	cited	mech	-	11	1	1	0	-	0	-
10b2737c	87	ghidra	-	gap	-	-	none	mech	-	2	0	2	0	-	0	-
10b273d3	161	ghidra	-	gap	-	-	none	mech	-	2	3	1	0	-	0	-
10b27474	132	ghidra	-	gap	-	-	cited	mech	-	92	2	1	0	-	0	-
10b274f8	201	ghidra	-	gap	-	-	none	mech	-	2	2	2	0	-	0	-
10b275c1	23	ghidra	-	gap	-	-	none	mech	-	3	2	2	0	-	0	-
10b275d8	27	ghidra	-	gap	-	-	cited	mech	-	6	2	1	0	-	0	-
10b275f3	125	ghidra	-	gap	-	-	none	mech	-	5	6	1	0	-	0	-
10b27670	17	ghidra	-	gap	-	-	none	mech	-	1	0	3	0	-	0	-
10b27681	70	ghidra	-	gap	-	-	none	mech	-	1	2	2	0	-	0	-
10b276c7	29	ghidra	-	gap	-	-	none	mech	-	1	1	2	0	-	0	-
10b276e4	91	ghidra	-	gap	-	-	labelled	high	emit-marker: sets +0x4c|=0x20, recurses over the func record reference list	6	1	0	0	-	0	-
10b2773f	79	ghidra	-	gap	-	-	labelled	high	emit-closure: additive fixpoint over the inline-candidate list; non-LTCG path	1	0	0	0	-	0	-
10b2778e	354	ghidra	-	gap	-	-	labelled	high	emit-order: topological sort (callee before caller) of DAT_10c4630c	4	1	0	0	-	0	-
10b278f0	166	ghidra	-	gap	-	-	labelled	high	emit-reachability: recursive reachability step; sets rec+0xb1 bit 0x4	2	1	0	0	-	0	-
10b27996	49	ghidra	-	gap	-	-	none	mech	-	1	0	1	0	-	0	-
10b279c7	34	ghidra	-	gap	-	-	none	mech	-	2	0	3	0	-	0	-
10b279e9	16	ghidra	-	gap	-	-	none	mech	-	1	1	2	0	-	0	-
10b279f9	51	ghidra	-	gap	-	-	none	mech	-	1	0	4	0	-	0	-
10b27a2c	288	ghidra	-	gap	-	-	none	mech	-	2	6	2	2	%s is a recursive arc\n | %s -> 	0	-
10b27b4c	51	ghidra	-	gap	-	-	none	mech	-	4	2	1	0	-	0	-
10b27b7f	416	ghidra	-	gap	-	-	labelled	high	emit-prune: LTCG pruner; clears +0x4c bit 0x20; "not allowed to be inlined (globally unreferenced)"	1	5	0	1	INF:\t%s not allowed to be inlined (globally …	0	-
10b27d1f	51	ghidra	-	gap	-	-	none	mech	-	1	2	2	0	-	0	-
10b27d52	41	ghidra	-	gap	-	-	none	mech	-	1	1	2	0	-	0	-
10b27d7b	42	ghidra	-	gap	-	-	none	mech	-	1	1	2	0	-	0	-
10b27da5	13	ghidra	-	gap	-	-	none	mech	-	3	1	1	0	-	0	-
10b27db2	32	ghidra	-	gap	-	-	labelled	high	inline-candidate-reg: pushes a record onto DAT_10c3cf68, sets sym+0x80	3	1	0	0	-	0	-
10b27dd2	21	ghidra	-	gap	-	-	none	mech	-	3	1	2	0	-	0	-
10b27de7	21	ghidra	-	gap	-	-	none	mech	-	1	1	2	0	-	0	-
10b27dfc	13	ghidra	-	gap	-	-	none	mech	-	3	1	2	0	-	0	-
10b27e09	28	ghidra	-	gap	-	-	none	mech	-	1	1	2	0	-	0	-
10b27e25	46	ghidra	-	gap	-	-	none	mech	-	1	1	2	0	-	0	-
10b27e53	56	ghidra	-	gap	-	-	none	mech	-	1	2	3	0	-	0	-
10b27e8b	60	ghidra	-	gap	-	-	none	mech	-	2	1	3	0	-	0	-
10b27ec7	87	ghidra	-	gap	-	-	cited	mech	-	2	3	1	0	-	0	-
10b27f1e	30	ghidra	-	gap	-	-	none	mech	-	1	0	4	0	-	0	-
10b27f3c	400	ghidra	-	gap	-	-	labelled	high	emit-prune-driver: sets DAT_10c2e308=1; selects 10b2773f vs 10b27b7f on DAT_10c45f9c	1	7	0	0	-	0	-
10b280cc	19	ghidra	-	gap	-	-	none	mech	-	1	1	3	0	-	0	-
10b280df	46	ghidra	-	gap	-	-	none	mech	-	4	2	2	0	-	0	-
10b2810d	40	ghidra	-	gap	-	-	none	mech	-	1	3	2	0	-	0	-
10b28135	49	ghidra	-	gap	-	-	none	mech	-	1	3	2	0	-	0	-
10b281af	34	ghidra	-	gap	coff	P_COFF.md	paged	high	coff-writer: sole _time64 caller; TimeDateStamp callback; returns 0 when DAT_10c2ead8 set	0	0	0	0	-	1	_time64
10b281d1	38	ghidra	-	gap	-	-	none	mech	-	1	1	1	0	-	0	-
10b281f7	32	ghidra	-	gap	coff	P_COFF.md	paged	high	comdat: identity map 1..8 for the COMDAT Selection byte	1	0	0	0	-	0	-
10b2823b	38	ghidra	-	gap	symbol	P_SYMBOL.md	paged	high	coff-sym-type: 38 bytes: THE COFF `Type` word. Returns 0x20 (IMAGE_SYM_DTYPE_FUNCTION<<4) iff ([sym+0x30]==3 AND (byte)([sym+0x31]+0xac) <= 2, i.e. +0x31 in {0x54,0x55,0x56}) OR ([sym+0x30]==4 AND [s…	2	0	0	0	-	0	-
10b28261	163	ghidra	-	gap	coff	P_COFF.md	paged	high	section-align|section-select: align -> nibble: (log2(a)+1)<<20, 1->0x100000 ... 0x1000->0xD00000	1	0	0	0	-	0	-
10b28304	172	ghidra	-	gap	coff	P_COFF.md	paged	high	section-select: inverse of 10b28261	1	0	0	0	-	0	-
10b283b0	74	ghidra	-	gap	coff	P_COFF.md	paged	high	section-comdat|comdat: COMDAT spin-off: FUN_10be74cf(base->name+4, base->class+0x3b, newidx, base->kind+0x4d, selection, sym); copies +0x43 and +0x53 from base; stores ".data" into child+4 when base …	4	2	0	1	.data	0	-
10b283fa	207	ghidra	-	gap	-	-	none	mech	-	2	2	1	0	-	0	-
10b28548	62	ghidra	-	gap	coff	P_COFF.md	paged	high	debug-symbol-gate: writes .debug$S records 0xb/0xc, gated on kind + flags37 0x200 + the emit bit	1	1	0	0	-	0	-
10b28586	548	ghidra	coff.c	in-anchor	coff	P_COFF.md	paged	high	coff-writer: _wfopen_s(objpath,"wb"); Machine 0x1f2/0xc13; @comp.id; creates .drectve	1	9	0	3	e:\\bt\\278379\\vctools\\compiler\\be\\p2\\co… | .drectve | DRECTVE	1	_wfopen_s
10b287aa	14	ghidra	coff.c	gap	coff	P_COFF.md	none	mech	-	0	1	3	0	-	0	-
10b287b8	183	ghidra	coff.c	gap	coff	P_COFF.md	paged	high	section-emit|section-select: per-section finalize: kind=FUN_10be7727, align=FUN_10be77a3(kind,sect)->sect+0x43, then FUN_10b982d6; ORs IMAGE_SCN_LNK_COMDAT	4	10	0	0	-	0	-
10b2888e	48	ghidra	coff.c	gap	coff	P_COFF.md	paged	medium	coff-writer: emits section then pads raw data to sect[0x18]	5	4	0	0	-	0	-
10b288be	289	ghidra	coff.c	gap	coff	P_COFF.md	none	mech	-	2	5	1	0	-	0	-
10b289df	30	ghidra	coff.c	gap	coff	P_COFF.md	none	mech	-	1	2	1	0	-	0	-
10b289fd	46	ghidra	coff.c	gap	coff	P_COFF.md	paged	high	section-align|section-select: ORs FUN_10b28261(sect+0x43) into chars ONLY when (sect[0x53] & 0xF00000)==0; proven by an IL override carrying align nibble 5	0	3	0	0	-	0	-
10b28a9b	724	ghidra	coff.c	gap	symbol	P_SYMBOL.md	paged	high	coff-symbol-writer|sym-emit-driver: writes COFF symbols; marks alias targets; emits /EXPORT: directives	2	12	0	2	/EXPORT: | ,DATA	0	-
10b29050	140	ghidra	coff.c	gap	coff	P_COFF.md	cited	mech	-	0	6	1	0	-	0	-
10b290dc	207	ghidra	coffemit.c	in-anchor	coff	P_COFF.md	cited	mech	-	1	2	1	1	e:\\bt\\278379\\vctools\\compiler\\be\\p2\\co…	1	fseek
10b291ab	6	ghidra	coffemit.c	in-anchor	coff	P_COFF.md	none	mech	-	1	0	-	0	-	0	-
10b291b1	45	ghidra	coffemit.c	in-anchor	coff	P_COFF.md	paged	high	coff-writer: section-number ceiling check at 0xfeff	3	1	0	0	-	0	-
10b291de	62	ghidra	coffemit.c	in-anchor	coff	P_COFF.md	paged	high	coff-writer: non-COMDAT output-section descriptor ctor: +4 name, +8 chars, +0x10 index	1	1	0	0	-	0	-
10b2921c	76	ghidra	coffemit.c	in-anchor	coff	P_COFF.md	paged	high	comdat: COMDAT output-section descriptor ctor: +0x16 Selection, +0x18 assoc number	1	1	0	0	-	0	-
10b29268	21	ghidra	coffemit.c	in-anchor	coff	P_COFF.md	paged	high	coff-writer: ORs alignment bits into descriptor +8 (Characteristics)	1	1	0	0	-	0	-
10b2927d	59	ghidra	coffemit.c	in-anchor	coff	P_COFF.md	none	mech	-	0	1	2	0	-	0	-
10b292b8	64	ghidra	coffemit.c	in-anchor	coff	P_COFF.md	none	mech	-	1	1	1	0	-	0	-
10b292f8	19	ghidra	coffemit.c	in-anchor	coff	P_COFF.md	none	mech	-	2	1	2	0	-	0	-
10b2930b	7	ghidra	coffemit.c	in-anchor	coff	P_COFF.md	none	mech	-	4	0	2	0	-	0	-
10b29312	6	ghidra	coffemit.c	in-anchor	coff	P_COFF.md	none	mech	-	1	0	4	0	-	0	-
10b29318	88	ghidra	coffemit.c	in-anchor	coff	P_COFF.md	none	mech	-	1	0	4	0	-	0	-
10b293b3	57	ghidra	coffemit.c	in-anchor	coff	P_COFF.md	none	high	pdb-client	6	1	2	1	e:\\bt\\278379\\vctools\\compiler\\be\\p2\\co…	1	SigForPbCb
10b293ec	80	ghidra	coffemit.c	in-anchor	coff	P_COFF.md	none	mech	-	1	0	4	0	-	0	-
10b2943c	79	ghidra	coffemit.c	in-anchor	coff	P_COFF.md	none	mech	-	2	0	1	0	-	0	-
10b2948b	104	ghidra	coffemit.c	in-anchor	coff	P_COFF.md	paged	high	comdat: 18-byte aux section-definition; Selection/Number only when chars&0x1000	2	0	0	0	-	0	-
10b294f3	83	ghidra	coffemit.c	in-anchor	coff	P_COFF.md	none	mech	-	1	0	2	0	-	0	-
10b29546	29	ghidra	coffemit.c	in-anchor	coff	P_COFF.md	none	mech	-	2	0	2	0	-	0	-
10b29563	58	ghidra	coffemit.c	in-anchor	coff	P_COFF.md	none	mech	-	1	0	2	0	-	2	_wunlink,fclose
10b2959d	97	ghidra	coffemit.c	in-anchor	coff	P_COFF.md	none	mech	-	1	3	2	0	-	2	GetTempFileNameW,GetTempPathW
10b295fe	313	ghidra	coffemit.c	in-anchor	coff	P_COFF.md	none	mech	-	1	1	2	1	e:\\bt\\278379\\vctools\\compiler\\be\\p2\\co…	1	fwrite
10b29737	204	ghidra	coffemit.c	in-anchor	coff	P_COFF.md	none	mech	-	2	2	2	0	-	2	_wfopen_s,fclose
10b29803	44	ghidra	coffemit.c	in-anchor	coff	P_COFF.md	none	mech	-	3	1	2	0	-	0	-
10b2982f	481	ghidra	coffemit.c	in-anchor	coff	P_COFF.md	none	mech	-	1	2	2	1	e:\\bt\\278379\\vctools\\compiler\\be\\p2\\co…	4	_wfopen_s,fclose,fseek
10b29a10	176	ghidra	coffemit.c	in-anchor	coff	P_COFF.md	none	mech	-	1	2	2	1	e:\\bt\\278379\\vctools\\compiler\\be\\p2\\co…	2	fread,fseek
10b29af7	364	ghidra	coffemit.c	in-anchor	coff	P_COFF.md	none	mech	-	2	0	1	1	e:\\bt\\278379\\vctools\\compiler\\be\\p2\\co…	5	fread,free,fseek
10b29c63	23	ghidra	coffemit.c	in-anchor	coff	P_COFF.md	none	mech	-	4	0	2	0	-	0	-
10b29c7a	275	ghidra	coffemit.c	in-anchor	coff	P_COFF.md	none	mech	-	2	2	2	1	e:\\bt\\278379\\vctools\\compiler\\be\\p2\\co…	1	fwrite
10b29d8d	13	ghidra	coffemit.c	in-anchor	coff	P_COFF.md	none	mech	-	1	1	2	0	-	0	-
10b29d9a	13	ghidra	coffemit.c	in-anchor	coff	P_COFF.md	none	mech	-	3	1	1	0	-	0	-
10b29da7	75	ghidra	coffemit.c	in-anchor	coff	P_COFF.md	none	mech	-	1	3	2	0	-	0	-
10b29df2	32	ghidra	coffemit.c	in-anchor	coff	P_COFF.md	none	mech	-	3	1	1	0	-	0	-
10b29e12	13	ghidra	coffemit.c	in-anchor	coff	P_COFF.md	none	mech	-	3	1	2	0	-	0	-
10b29e1f	11	ghidra	coffemit.c	in-anchor	coff	P_COFF.md	none	mech	-	1	1	2	0	-	0	-
10b29e2a	57	ghidra	coffemit.c	in-anchor	coff	P_COFF.md	none	mech	-	1	2	2	0	-	0	-
10b29e63	13	ghidra	coffemit.c	in-anchor	coff	P_COFF.md	none	mech	-	0	1	2	0	-	0	-
10b29e70	23	ghidra	coffemit.c	in-anchor	coff	P_COFF.md	none	mech	-	1	0	-	0	-	0	-
10b29e87	17	ghidra	coffemit.c	in-anchor	coff	P_COFF.md	none	mech	-	0	0	-	0	-	0	-
10b29e98	21	ghidra	coffemit.c	in-anchor	coff	P_COFF.md	none	mech	-	1	0	-	0	-	0	-
10b29ead	26	ghidra	coffemit.c	in-anchor	coff	P_COFF.md	none	mech	-	1	0	-	0	-	0	-
10b29ec7	58	ghidra	coffemit.c	in-anchor	coff	P_COFF.md	none	mech	-	1	0	-	0	-	0	-
10b29f01	8	ghidra	coffemit.c	in-anchor	coff	P_COFF.md	none	mech	-	1	0	-	0	-	0	-
10b29f09	26	ghidra	coffemit.c	in-anchor	coff	P_COFF.md	none	mech	-	0	0	-	0	-	0	-
10b29f23	32	ghidra	coffemit.c	in-anchor	coff	P_COFF.md	none	mech	-	2	0	3	0	-	0	-
10b29f43	16	ghidra	coffemit.c	in-anchor	coff	P_COFF.md	none	mech	-	1	0	-	0	-	0	-
10b29f53	108	ghidra	coffemit.c	in-anchor	coff	P_COFF.md	none	mech	-	1	2	1	0	-	0	-
10b29fbf	13	ghidra	coffemit.c	in-anchor	coff	P_COFF.md	none	mech	-	1	1	2	0	-	0	-
10b29fcc	13	ghidra	coffemit.c	in-anchor	coff	P_COFF.md	none	mech	-	1	1	2	0	-	0	-
10b29fd9	11	ghidra	coffemit.c	in-anchor	coff	P_COFF.md	none	mech	-	1	1	2	0	-	0	-
10b29fe4	7	ghidra	coffemit.c	in-anchor	coff	P_COFF.md	none	mech	-	1	0	6+	0	-	0	-
10b29feb	8	ghidra	coffemit.c	in-anchor	coff	P_COFF.md	none	mech	-	2	1	3	0	-	0	-
10b29ff3	4	ghidra	coffemit.c	in-anchor	coff	P_COFF.md	none	mech	-	1	0	-	0	-	0	-
10b29ff7	4	ghidra	coffemit.c	in-anchor	coff	P_COFF.md	none	mech	-	1	0	-	0	-	0	-
10b29ffb	4	ghidra	coffemit.c	in-anchor	coff	P_COFF.md	none	mech	-	1	0	3	0	-	0	-
10b29fff	7	ghidra	coffemit.c	in-anchor	coff	P_COFF.md	none	mech	-	1	0	-	0	-	0	-
10b2a006	32	ghidra	coffemit.c	in-anchor	coff	P_COFF.md	none	mech	-	2	2	3	0	-	0	-
10b2a026	12	ghidra	coffemit.c	in-anchor	coff	P_COFF.md	none	mech	-	1	0	-	0	-	0	-
10b2a032	15	ghidra	coffemit.c	in-anchor	coff	P_COFF.md	none	mech	-	1	0	4	0	-	0	-
10b2a041	15	ghidra	coffemit.c	in-anchor	coff	P_COFF.md	none	mech	-	1	1	3	0	-	0	-
10b2a050	21	ghidra	coffemit.c	in-anchor	coff	P_COFF.md	none	mech	-	1	2	2	0	-	0	-
10b2a065	7	ghidra	coffemit.c	in-anchor	coff	P_COFF.md	none	mech	-	1	0	-	0	-	0	-
10b2a06c	9	ghidra	coffemit.c	in-anchor	coff	P_COFF.md	none	mech	-	1	0	4	0	-	0	-
10b2a075	18	ghidra	coffemit.c	in-anchor	coff	P_COFF.md	none	mech	-	1	0	4	0	-	0	-
10b2a087	22	ghidra	coffemit.c	in-anchor	coff	P_COFF.md	none	mech	-	1	0	4	0	-	1	strcpy_s
10b2a09d	7	ghidra	coffemit.c	in-anchor	coff	P_COFF.md	none	mech	-	1	0	-	0	-	0	-
10b2a0a4	6	ghidra	coffemit.c	in-anchor	coff	P_COFF.md	none	mech	-	1	0	-	0	-	0	-
10b2a0aa	7	ghidra	coffemit.c	in-anchor	coff	P_COFF.md	none	mech	-	1	0	-	0	-	0	-
10b2a0b1	6	ghidra	coffemit.c	in-anchor	coff	P_COFF.md	none	mech	-	1	0	-	0	-	0	-
10b2a0b7	7	ghidra	coffemit.c	in-anchor	coff	P_COFF.md	none	mech	-	1	0	-	0	-	0	-
10b2a0be	7	ghidra	coffemit.c	in-anchor	coff	P_COFF.md	none	mech	-	1	0	-	0	-	0	-
10b2a0c5	5	thunk	coffemit.c	in-anchor	coff	P_COFF.md	none	high	thunk	1	0	2	0	-	0	-
10b2a0ca	90	ghidra	coffemit.c	in-anchor	coff	P_COFF.md	none	mech	-	2	3	3	0	-	0	-
10b2a124	106	ghidra	coffemit.c	in-anchor	coff	P_COFF.md	none	mech	-	3	3	1	1	e:\\bt\\278379\\vctools\\compiler\\be\\p2\\co…	0	-
10b2a18e	119	ghidra	coffemit.c	in-anchor	coff	P_COFF.md	none	mech	-	1	3	1	0	-	1	ftell
10b2a205	96	ghidra	coffemit.c	in-anchor	coff	P_COFF.md	none	mech	-	1	2	2	0	-	0	-
10b2a265	78	ghidra	coffemit.c	in-anchor	coff	P_COFF.md	paged	high	coff-writer: symbol Name encoder: <=8 inline zero-padded else {0,strtab-offset}	2	3	0	0	-	0	-
10b2a2b3	359	ghidra	coffemit.c	in-anchor	coff	P_COFF.md	none	mech	-	1	5	1	1	e:\\bt\\278379\\vctools\\compiler\\be\\p2\\co…	0	-
10b2a41a	38	ghidra	coffemit.c	in-anchor	coff	P_COFF.md	none	mech	-	1	2	3	0	-	0	-
10b2a440	287	ghidra	coffemit.c	in-anchor	coff	P_COFF.md	none	mech	-	5	4	2	1	e:\\bt\\278379\\vctools\\compiler\\be\\p2\\co…	0	-
10b2a55f	18	ghidra	coffemit.c	in-anchor	coff	P_COFF.md	none	mech	-	1	1	3	0	-	0	-
10b2a571	28	ghidra	coffemit.c	in-anchor	coff	P_COFF.md	none	mech	-	2	1	1	0	-	0	-
10b2a58d	16	ghidra	coffemit.c	in-anchor	coff	P_COFF.md	none	mech	-	1	1	1	0	-	0	-
10b2a59d	88	ghidra	coffemit.c	in-anchor	coff	P_COFF.md	none	mech	-	1	1	4	1	.file	0	-
10b2a5f5	71	ghidra	coffemit.c	in-anchor	coff	P_COFF.md	none	mech	-	1	2	2	0	-	0	-
10b2a63c	35	ghidra	coffemit.c	in-anchor	coff	P_COFF.md	none	mech	-	1	1	2	0	-	0	-
10b2a65f	248	ghidra	coffemit.c	in-anchor	coff	P_COFF.md	none	mech	-	1	5	1	0	-	0	-
10b2a757	164	ghidra	coffemit.c	in-anchor	symbol	P_SYMBOL.md	paged	high	sym-add: 164 bytes, coffemit.c anchor: append a COFF symbol with no aux. SectionNumber comes in EDX; DAT_10c2e218 (value 0) is the UNDEFINED section number	4	4	0	0	-	0	-
10b2a7fb	60	ghidra	coffemit.c	in-anchor	coff	P_COFF.md	none	mech	-	1	3	1	0	-	0	-
10b2a870	43	ghidra	coffemit.c	in-anchor	coff	P_COFF.md	none	mech	-	2	1	2	0	-	0	-
10b2a89b	63	ghidra	coffemit.c	in-anchor	coff	P_COFF.md	none	mech	-	0	2	2	0	-	0	-
10b2a8da	92	ghidra	coffemit.c	in-anchor	symbol	P_SYMBOL.md	paged	high	sym-add-aux: 92 bytes, coffemit.c anchor: append a COFF symbol AND hand back a pointer to its one aux slot. Also the target of the kind-4 `[sym+0x20]&0x20000000` path at 10b28c48	2	3	0	0	-	0	-
10b2a936	1050	ghidra	coffemit.c	in-anchor	coff	P_COFF.md	paged	high	coff-writer: fwrite 0x12 IMAGE_SYMBOL; ".file" memcpy 8, SectionNumber 0xfffe, StorageClass 0x67	0	7	0	2	e:\\bt\\278379\\vctools\\compiler\\be\\p2\\co… | .file	2	fputc,fwrite
10b2ad50	159	ghidra	coffemit.c	in-anchor	coff	P_COFF.md	paged	high	coff-writer: 8-byte Name encoder: '/'+decimal, '//'+base64 over the 64-char alphabet	1	5	0	1	ABCDEFGHIJKLMNOPQRSTUVWXYZabcdefghijklmnopqrs…	0	-
10b2adef	31	ghidra	coffemit.c	in-anchor	coff	P_COFF.md	none	mech	-	0	2	3	0	-	0	-
10b2ae0e	321	ghidra	coffemit.c	in-anchor	coff	P_COFF.md	paged	high	coff-writer: latches Machine/FILE*/alloc/err/time callbacks into 0x10c44bf0..0x10c44c0c	1	4	0	1	@comp.id	0	-
10b2af4f	43	ghidra	coffemit.c	in-anchor	symbol	P_SYMBOL.md	paged	high	weak-aux-writer: 43 bytes: FUN_10b2a8da(name, sect, class, value, type, &aux, sym) then `aux[0] = TagIndex`, `aux[1] = Characteristics`. That IS the 18-byte weak-external aux record, COFF spec layout	1	1	0	0	-	0	-
10b2af7a	40	ghidra	coffemit.c	in-anchor	coff	P_COFF.md	none	mech	-	2	2	1	0	-	0	-
10b2afa2	56	ghidra	coffemit.c	in-anchor	coff	P_COFF.md	none	mech	-	0	2	3	0	-	0	-
10b2afda	78	ghidra	coffemit.c	in-anchor	coff	P_COFF.md	none	mech	-	0	2	3	0	-	0	-
10b2b028	5	thunk	coffemit.c	in-anchor	coff	P_COFF.md	none	high	thunk	4	0	1	0	-	0	-
10b2b02d	176	ghidra	coffemit.c	in-anchor	coff	P_COFF.md	paged	high	coff-writer: fwrite(buf,0x28,1) IMAGE_SECTION_HEADER; all 10 fields mapped	0	2	0	1	e:\\bt\\278379\\vctools\\compiler\\be\\p2\\co…	1	fwrite
10b2b0dd	787	ghidra	coffemit.c	in-anchor	coff	P_COFF.md	paged	high	coff-writer: fseek n*0x28+0x14; BIGOBJ ClassID GUID at 0x10b01be4; fwrite 0x14/0x38 file header	0	9	0	2	e:\\bt\\278379\\vctools\\compiler\\be\\p2\\co… | .cormeta	3	fseek,ftell,fwrite
10b2b3f0	94	ghidra	coffemit.c	gap	coff	P_COFF.md	cited	mech	-	1	3	1	0	-	0	-
10b2b44e	991	ghidra	coffemit.c	gap	coff	P_COFF.md	none	mech	-	1	8	1	0	-	0	-
10b2b82d	126	ghidra	coffemit.c	gap	regalloc	P_REGALLOC.md	paged	mech	-	3	0	0	0	-	0	-
10b2b8ab	183	ghidra	coffemit.c	gap	coff	P_COFF.md	none	mech	-	1	0	2	0	-	0	-
10b2b962	58	ghidra	coffemit.c	gap	coff	P_COFF.md	none	mech	-	1	0	1	0	-	0	-
10b2b99c	393	ghidra	coffemit.c	gap	coff	P_COFF.md	none	mech	-	1	0	1	0	-	0	-
10b2bb25	2	thunk	coffemit.c	gap	coff	P_COFF.md	none	high	thunk	1	0	2	0	-	0	-
10b2bb29	28	ghidra	coffemit.c	gap	coff	P_COFF.md	none	mech	-	0	0	-	0	-	0	-
10b2bb43	33	ghidra	coffemit.c	gap	coff	P_COFF.md	none	mech	-	1	1	2	0	-	0	-
10b2bb64	77	ghidra	coffemit.c	gap	coff	P_COFF.md	none	mech	-	1	0	1	0	-	0	-
10b2bbb1	210	ghidra	coffemit.c	gap	coff	P_COFF.md	none	mech	-	1	1	1	0	-	0	-
10b2bc83	71	ghidra	coffemit.c	gap	coff	P_COFF.md	none	mech	-	2	1	1	0	-	0	-
10b2bcca	1104	ghidra	coffemit.c	gap	coff	P_COFF.md	none	mech	-	2	14	1	0	-	0	-
10b2c11a	165	ghidra	coffemit.c	gap	coff	P_COFF.md	none	mech	-	3	8	1	0	-	0	-
10b2c1bf	50	ghidra	coffemit.c	gap	coff	P_COFF.md	none	mech	-	5	4	1	0	-	0	-
10b2c1f1	21	ghidra	coffemit.c	gap	coff	P_COFF.md	cited	mech	-	2	1	2	0	-	0	-
10b2c206	23	ghidra	coffemit.c	gap	coff	P_COFF.md	cited	mech	-	2	0	1	0	-	0	-
10b2c21d	44	ghidra	color.c	in-anchor	regalloc	P_REGALLOC.md	paged	mech	-	15	1	0	1	e:\\bt\\278379\\vctools\\compiler\\be\\p2\\co…	0	-
10b2c249	47	ghidra	color.c	in-anchor	regalloc	P_REGALLOC.md	none	mech	-	1	0	2	0	-	0	-
10b2c278	42	ghidra	color.c	in-anchor	regalloc	P_REGALLOC.md	none	mech	-	1	0	2	0	-	0	-
10b2c2a2	29	ghidra	color.c	in-anchor	regalloc	P_REGALLOC.md	none	mech	-	7	0	1	0	-	0	-
10b2c2bf	65	ghidra	color.c	in-anchor	regalloc	P_REGALLOC.md	none	mech	-	1	0	2	0	-	0	-
10b2c300	465	ghidra	color.c	in-anchor	regalloc	P_REGALLOC.md	none	mech	-	3	9	1	0	-	0	-
10b2c4d1	636	ghidra	color.c	in-anchor	regalloc	P_REGALLOC.md	none	mech	-	4	10	1	0	-	0	-
10b2c74d	298	ghidra	color.c	in-anchor	regalloc	P_REGALLOC.md	none	mech	-	2	3	1	0	-	0	-
10b2c877	94	ghidra	color.c	in-anchor	regalloc	P_REGALLOC.md	none	mech	-	2	2	2	0	-	0	-
10b2c8d5	39	ghidra	color.c	in-anchor	regalloc	P_REGALLOC.md	none	mech	-	1	0	1	0	-	0	-
10b2c8fc	21	ghidra	color.c	in-anchor	regalloc	P_REGALLOC.md	none	mech	-	3	0	2	0	-	0	-
10b2c911	29	ghidra	color.c	in-anchor	regalloc	P_REGALLOC.md	none	mech	-	2	1	1	0	-	0	-
10b2c92e	29	ghidra	color.c	in-anchor	regalloc	P_REGALLOC.md	none	mech	-	5	1	1	0	-	0	-
10b2c94b	29	ghidra	color.c	in-anchor	regalloc	P_REGALLOC.md	none	mech	-	6	0	1	0	-	0	-
10b2c968	29	ghidra	color.c	in-anchor	regalloc	P_REGALLOC.md	none	mech	-	1	1	2	0	-	0	-
10b2c985	29	ghidra	color.c	in-anchor	regalloc	P_REGALLOC.md	none	mech	-	1	0	2	0	-	0	-
10b2c9a2	140	ghidra	color.c	in-anchor	regalloc	P_REGALLOC.md	none	mech	-	1	3	1	0	-	0	-
10b2ca2e	62	ghidra	color.c	in-anchor	regalloc	P_REGALLOC.md	none	mech	-	1	2	1	0	-	0	-
10b2ca6c	108	ghidra	color.c	in-anchor	regalloc	P_REGALLOC.md	none	mech	-	1	4	1	0	-	0	-
10b2cad8	118	ghidra	color.c	in-anchor	regalloc	P_REGALLOC.md	none	mech	-	1	4	2	0	-	0	-
10b2cb4e	62	ghidra	color.c	in-anchor	regalloc	P_REGALLOC.md	none	mech	-	1	2	2	0	-	0	-
10b2cb8c	49	ghidra	color.c	in-anchor	regalloc	P_REGALLOC.md	none	mech	-	1	1	2	0	-	0	-
10b2cbbd	22	ghidra	color.c	in-anchor	regalloc	P_REGALLOC.md	none	mech	-	1	0	1	0	-	0	-
10b2cbd3	33	ghidra	color.c	in-anchor	regalloc	P_REGALLOC.md	none	mech	-	1	0	1	0	-	0	-
10b2cbf4	385	ghidra	color.c	in-anchor	regalloc	P_REGALLOC.md	none	mech	-	1	6	1	0	-	0	-
10b2cd75	32	ghidra	color.c	in-anchor	regalloc	P_REGALLOC.md	none	mech	-	1	0	2	0	-	0	-
10b2cd95	223	ghidra	color.c	in-anchor	regalloc	P_REGALLOC.md	none	mech	-	1	3	1	0	-	0	-
10b2ce74	67	ghidra	color.c	in-anchor	regalloc	P_REGALLOC.md	none	mech	-	1	1	1	0	-	0	-
10b2ceb7	1913	ghidra	color.c	in-anchor	regalloc	P_REGALLOC.md	paged	high	copy-coalesce: color.c: the copy/`mr` coalescer. The copy opcode set it recognises is {0x270, 0x272, 0x293, 0x7b} (tested as one disjunction at the 10b2d5ff assertion's block); when DAT_10c2e980 != 0…	1	28	0	1	e:\\bt\\278379\\vctools\\compiler\\be\\p2\\co…	0	-
10b2d630	2034	ghidra	color.c	in-anchor	regalloc	P_REGALLOC.md	paged	mech	-	1	28	0	0	-	0	-
10b2de22	448	ghidra	color.c	in-anchor	regalloc	P_REGALLOC.md	none	mech	-	1	6	1	0	-	0	-
10b2dfe2	562	ghidra	color.c	in-anchor	regalloc	P_REGALLOC.md	cited	mech	-	1	5	1	0	-	0	-
10b2e214	666	ghidra	color.c	in-anchor	regalloc	P_REGALLOC.md	none	mech	-	1	8	1	0	-	0	-
10b2e4ae	794	ghidra	color.c	in-anchor	regalloc	P_REGALLOC.md	cited	mech	-	1	19	1	0	-	0	-
10b2e7c8	48	ghidra	color.c	in-anchor	regalloc	P_REGALLOC.md	none	mech	-	1	3	1	0	-	0	-
10b2e7f8	582	ghidra	color.c	in-anchor	regalloc	P_REGALLOC.md	paged	high	reg-select: THE register selector, color.c: min cost over the interference-allowed candidates, cost = penalties minus copy preferences, strict '<' so ties go to the EARLIEST entry of the per-class or…	1	13	0	0	-	0	-
10b2ea3e	465	ghidra	color.c	in-anchor	regalloc	P_REGALLOC.md	none	mech	-	1	7	1	0	-	0	-
10b2ec0f	619	ghidra	color.c	in-anchor	regalloc	P_REGALLOC.md	none	mech	-	1	9	1	0	-	0	-
10b2ee7a	348	ghidra	color.c	in-anchor	regalloc	P_REGALLOC.md	none	mech	-	1	5	1	0	-	0	-
10b2efd6	130	ghidra	color.c	in-anchor	regalloc	P_REGALLOC.md	none	mech	-	10	4	1	1	e:\\bt\\278379\\vctools\\compiler\\be\\p2\\co…	0	-
10b2f058	755	ghidra	color.c	in-anchor	regalloc	P_REGALLOC.md	none	mech	-	2	12	1	0	-	0	-
10b2f34b	196	ghidra	color.c	in-anchor	regalloc	P_REGALLOC.md	none	mech	-	1	8	1	0	-	0	-
10b2f40f	195	ghidra	color.c	in-anchor	regalloc	P_REGALLOC.md	cited	mech	-	1	7	1	0	-	0	-
10b2f4d2	169	ghidra	color.c	in-anchor	regalloc	P_REGALLOC.md	none	mech	-	1	7	1	0	-	0	-
10b2f57b	1502	ghidra	color.c	in-anchor	regalloc	P_REGALLOC.md	none	mech	-	2	18	1	0	-	0	-
10b2fb59	255	ghidra	color.c	in-anchor	regalloc	P_REGALLOC.md	none	mech	-	1	4	1	0	-	0	-
10b2fc58	732	ghidra	color.c	in-anchor	regalloc	P_REGALLOC.md	none	mech	-	1	14	1	0	-	0	-
10b2ff34	1014	ghidra	color.c	in-anchor	regalloc	P_REGALLOC.md	none	mech	-	1	11	1	0	-	0	-
10b3032a	493	ghidra	color.c	in-anchor	regalloc	P_REGALLOC.md	paged	mech	-	1	13	0	0	-	0	-
10b30517	2214	ghidra	color.c	in-anchor	regalloc	P_REGALLOC.md	paged	high	reg-interfere: color.c's interference walk; consumes (&DAT_10c3d024)[class] and returns the candidate set the selector picks from	1	24	0	1	e:\\bt\\278379\\vctools\\compiler\\be\\p2\\co…	0	-
10b30dbd	569	ghidra	color.c	gap	regalloc	P_REGALLOC.md	none	mech	-	3	9	1	0	-	0	-
10b30ff6	966	ghidra	color.c	gap	regalloc	P_REGALLOC.md	none	mech	-	2	19	1	0	-	0	-
10b313bc	70	ghidra	color.c	gap	regalloc	P_REGALLOC.md	none	mech	-	1	3	1	0	-	0	-
10b31402	322	ghidra	color.c	gap	regalloc	P_REGALLOC.md	cited	mech	-	1	8	1	0	-	0	-
10b31544	155	ghidra	color.c	gap	regalloc	P_REGALLOC.md	cited	mech	-	1	8	1	0	-	0	-
10b315df	210	ghidra	color.c	gap	regalloc	P_REGALLOC.md	paged	mech	-	1	8	0	0	-	0	-
10b316b1	164	ghidra	color.c	gap	regalloc	P_REGALLOC.md	paged	mech	-	1	4	0	0	-	0	-
10b31755	884	ghidra	color.c	gap	regalloc	P_REGALLOC.md	none	mech	-	1	15	1	0	-	0	-
10b31ac9	465	ghidra	color.c	gap	regalloc	P_REGALLOC.md	none	mech	-	1	11	1	0	-	0	-
10b31c9a	826	ghidra	color.c	gap	regalloc	P_REGALLOC.md	paged	high	reg-alloc-driver: the per-function allocator driver: iterates register classes 7 down to 0 over DAT_10c400d8[class], calling the interference walk then 10b2e7f8 then 10b31ac9	1	31	0	0	-	0	-
10b31fd4	52	ghidra	color.c	gap	regalloc	P_REGALLOC.md	cited	mech	-	2	2	1	0	-	0	-
10b32008	44	ghidra	color.c	gap	regalloc	P_REGALLOC.md	none	mech	-	1	0	1	0	-	0	-
10b32034	36	ghidra	color.c	gap	regalloc	P_REGALLOC.md	none	mech	-	2	1	2	0	-	0	-
10b32058	49	ghidra	color.c	gap	regalloc	P_REGALLOC.md	none	mech	-	1	1	2	0	-	0	-
10b32089	19	ghidra	color.c	gap	regalloc	P_REGALLOC.md	none	mech	-	1	0	2	0	-	0	-
10b3209c	63	ghidra	color.c	gap	regalloc	P_REGALLOC.md	none	mech	-	1	1	1	0	-	0	-
10b320db	38	ghidra	color.c	gap	regalloc	P_REGALLOC.md	none	mech	-	1	1	1	0	-	0	-
10b32101	18	ghidra	color.c	gap	dag	P_DAG.md	paged	mech	-	1	0	0	0	-	0	-
10b32113	116	ghidra	color.c	gap	dag	P_DAG.md	paged	mech	-	3	1	0	0	-	0	-
10b32187	24	ghidra	color.c	gap	dag	P_DAG.md	paged	mech	-	8	2	0	0	-	0	-
10b3219f	48	ghidra	dag.c	in-anchor	dag	P_DAG.md	paged	mech	-	1	2	0	1	e:\\bt\\278379\\vctools\\compiler\\be\\p2\\da…	0	-
10b321cf	33	ghidra	dag.c	gap	dag	P_DAG.md	paged	mech	-	1	1	0	0	-	0	-
10b321f0	33	ghidra	dag.c	gap	dag	P_DAG.md	none	mech	-	2	1	1	0	-	0	-
10b32211	33	ghidra	dag.c	gap	dag	P_DAG.md	none	mech	-	2	1	1	0	-	0	-
10b32232	37	ghidra	dag.c	gap	dag	P_DAG.md	none	mech	-	1	2	1	0	-	0	-
10b32257	37	ghidra	dag.c	gap	dag	P_DAG.md	none	mech	-	1	2	1	0	-	0	-
10b3227c	62	ghidra	dag.c	gap	dag	P_DAG.md	paged	mech	-	2	3	0	0	-	0	-
10b322ba	224	ghidra	dag.c	gap	dag	P_DAG.md	paged	mech	-	3	7	0	0	-	0	-
10b3239a	49	ghidra	dag.c	gap	dag	P_DAG.md	cited	mech	-	2	2	1	0	-	0	-
10b323cb	47	ghidra	dag.c	gap	dag	P_DAG.md	cited	mech	-	1	2	1	0	-	0	-
10b323fa	73	ghidra	dag.c	gap	dag	P_DAG.md	none	mech	-	1	2	1	0	-	0	-
10b32443	182	ghidra	dag.c	gap	dag	P_DAG.md	none	mech	-	2	4	1	0	-	0	-
10b324f9	29	ghidra	dag.c	gap	dag	P_DAG.md	none	mech	-	1	0	1	0	-	0	-
10b32516	29	ghidra	dag.c	gap	dag	P_DAG.md	none	mech	-	1	0	1	0	-	0	-
10b32533	3	ghidra	dag.c	gap	dag	P_DAG.md	none	mech	-	25	0	1	0	-	0	-
10b32536	171	ghidra	dag.c	gap	dag	P_DAG.md	cited	mech	-	3	2	1	0	-	0	-
10b325e1	149	ghidra	dag.c	gap	dag	P_DAG.md	none	mech	-	1	4	1	0	-	0	-
10b32676	264	ghidra	dag.c	gap	dag	P_DAG.md	none	mech	-	1	8	1	0	-	0	-
10b3277e	79	ghidra	dag.c	gap	dag	P_DAG.md	none	mech	-	1	0	1	0	-	0	-
10b327cd	158	ghidra	dag.c	gap	dag	P_DAG.md	paged	mech	-	1	3	0	0	-	0	-
10b3286b	111	ghidra	dag.c	gap	dag	P_DAG.md	paged	mech	-	1	4	0	0	-	0	-
10b328da	2231	ghidra	dag.c	gap	dag	P_DAG.md	paged	mech	-	5	21	0	0	-	0	-
10b331b2	13	ghidra	dag.c	gap	dag	P_DAG.md	none	mech	-	1	1	2	0	-	0	-
10b331bf	52	ghidra	dag.c	gap	dag	P_DAG.md	none	mech	-	1	1	3	0	-	0	-
10b331f3	124	ghidra	dag.c	gap	dag	P_DAG.md	none	mech	-	1	0	3	0	-	0	-
10b3326f	198	ghidra	dag.c	gap	dag	P_DAG.md	cited	mech	-	1	4	2	0	-	0	-
10b33335	41	ghidra	dag.c	gap	dag	P_DAG.md	cited	mech	-	1	1	4	0	-	0	-
10b3335e	46	ghidra	dag.c	gap	dag	P_DAG.md	none	mech	-	1	2	3	0	-	1	fwprintf
10b3338c	32	ghidra	dag.c	gap	dag	P_DAG.md	none	mech	-	2	1	3	0	-	1	__iob_func
10b333ac	119	ghidra	dag.c	gap	dag	P_DAG.md	none	mech	-	1	4	2	0	-	1	_vsnwprintf_s
10b33423	259	ghidra	dag.c	gap	dag	P_DAG.md	none	medium	only-from:pgo-client	2	4	2	0	-	2	MultiByteToWideChar,_vsnprintf_s
10b33526	15	ghidra	dag.c	gap	dag	P_DAG.md	cited	mech	-	162	1	1	0	-	0	-
10b33536	41	ghidra	dag.c	gap	dag	P_DAG.md	none	mech	-	1	0	2	0	-	0	-
10b3355f	45	ghidra	dag.c	gap	dag	P_DAG.md	none	mech	-	1	0	1	0	-	0	-
10b3358c	187	ghidra	dag.c	gap	dag	P_DAG.md	none	mech	-	1	1	1	0	-	0	-
10b33647	638	ghidra	dag.c	gap	dag	P_DAG.md	labelled	high	emit-marker: tuple walk in dag.c; marks referenced function symbols	1	12	0	0	-	2	strcat_s,strcpy_s
10b338c5	48	ghidra	dag.c	gap	dag	P_DAG.md	none	mech	-	4	4	1	0	-	0	-
10b338f5	426	ghidra	dag.c	gap	dag	P_DAG.md	none	mech	-	1	5	1	0	-	0	-
10b33a9f	683	ghidra	dag.c	gap	dag	P_DAG.md	none	mech	-	2	4	1	0	-	0	-
10b33d4a	142	ghidra	dag.c	gap	dag	P_DAG.md	none	mech	-	1	1	1	0	-	0	-
10b33dd8	222	ghidra	dag.c	gap	dag	P_DAG.md	none	mech	-	1	6	1	0	-	0	-
10b33eb6	224	ghidra	dag.c	gap	dag	P_DAG.md	none	mech	-	1	1	2	0	-	0	-
10b33f96	82	ghidra	dag.c	gap	dag	P_DAG.md	none	mech	-	1	2	1	0	-	0	-
10b33fe8	27	ghidra	dag.c	gap	dag	P_DAG.md	none	mech	-	1	3	1	0	-	0	-
10b34003	183	ghidra	dag.c	gap	dag	P_DAG.md	cited	mech	-	5	7	1	0	-	0	-
10b340ba	89	ghidra	dag.c	gap	dag	P_DAG.md	none	mech	-	1	3	1	0	-	0	-
10b34113	264	ghidra	dag.c	gap	dag	P_DAG.md	cited	mech	-	1	12	1	0	-	0	-
10b3421b	382	ghidra	dag.c	gap	eh	P_EH.md	paged	mech	-	1	27	0	0	-	0	-
10b34399	36	ghidra	dag.c	gap	dag	P_DAG.md	none	mech	-	1	0	2	0	-	0	-
10b343bd	86	ghidra	dag.c	gap	dag	P_DAG.md	none	mech	-	1	3	2	0	-	0	-
10b34413	216	ghidra	dag.c	gap	dag	P_DAG.md	none	mech	-	1	5	2	0	-	0	-
10b344eb	90	ghidra	dag.c	gap	dag	P_DAG.md	none	mech	-	1	2	2	0	-	0	-
10b34545	537	ghidra	dag.c	gap	dag	P_DAG.md	none	mech	-	1	11	2	0	-	0	-
10b3475e	62	ghidra	dag.c	gap	dag	P_DAG.md	none	mech	-	6	0	3	0	-	0	-
10b34817	99	ghidra	dag.c	gap	dag	P_DAG.md	none	mech	-	1	2	2	0	-	0	-
10b3487a	47	ghidra	dag.c	gap	dag	P_DAG.md	none	mech	-	1	1	2	0	-	0	-
10b348a9	71	ghidra	dag.c	gap	dag	P_DAG.md	none	mech	-	1	0	4	0	-	0	-
10b348f0	246	ghidra	dag.c	gap	dag	P_DAG.md	none	mech	-	1	7	2	0	-	0	-
10b349e6	163	ghidra	dag.c	gap	dag	P_DAG.md	none	mech	-	1	3	2	0	-	0	-
10b34a89	597	ghidra	factor.c	in-anchor	-	-	cited	mech	-	1	9	2	1	e:\\bt\\278379\\vctools\\compiler\\be\\p2\\fa…	0	-
10b34cde	63	ghidra	factor.c	gap	-	-	none	mech	-	2	2	3	0	-	0	-
10b34d1d	75	ghidra	factor.c	gap	-	-	none	mech	-	0	2	3	0	-	0	-
10b34d68	170	ghidra	factor.c	gap	-	-	none	mech	-	4	1	3	0	-	0	-
10b34e12	128	ghidra	factor.c	gap	-	-	none	mech	-	1	4	2	0	-	0	-
10b34e92	94	ghidra	factor.c	gap	-	-	none	mech	-	2	3	3	0	-	0	-
10b34ef0	93	ghidra	factor.c	gap	-	-	none	mech	-	2	3	3	0	-	0	-
10b34f4d	361	ghidra	factor.c	gap	-	-	none	mech	-	6	4	2	0	-	0	-
10b350b6	252	ghidra	factor.c	gap	-	-	none	mech	-	2	8	2	0	-	0	-
10b351b2	300	ghidra	factor.c	gap	-	-	none	mech	-	2	5	2	0	-	0	-
10b352de	302	ghidra	factor.c	gap	-	-	none	mech	-	1	8	2	0	-	0	-
10b3540c	696	ghidra	factor.c	gap	-	-	none	mech	-	1	19	1	0	-	0	-
10b356c4	35	ghidra	factor.c	gap	-	-	none	mech	-	2	2	2	0	-	0	-
10b356e7	79	ghidra	factor.c	gap	-	-	none	mech	-	1	5	2	0	-	0	-
10b35736	8	ghidra	factor.c	gap	-	-	none	mech	-	10	1	2	0	-	0	-
10b3573e	8	ghidra	factor.c	gap	-	-	none	mech	-	4	1	2	0	-	0	-
10b35746	8	ghidra	factor.c	gap	-	-	none	mech	-	4	1	2	0	-	0	-
10b3574e	68	ghidra	factor.c	gap	-	-	none	mech	-	8	0	3	0	-	0	-
10b35792	108	ghidra	factor.c	gap	-	-	none	mech	-	7	2	2	0	-	0	-
10b357fe	78	ghidra	factor.c	gap	-	-	none	mech	-	7	4	2	0	-	0	-
10b3584c	76	ghidra	factor.c	gap	-	-	none	mech	-	1	2	2	0	-	0	-
10b358be	83	ghidra	factor.c	gap	-	-	none	mech	-	4	3	1	0	-	0	-
10b35911	80	ghidra	factor.c	gap	-	-	none	mech	-	5	2	1	0	-	0	-
10b35962	230	ghidra	factor.c	gap	-	-	none	mech	-	2	7	2	0	-	0	-
10b35a48	306	ghidra	factor.c	gap	-	-	none	mech	-	1	9	2	0	-	0	-
10b35b7a	61	ghidra	factor.c	gap	-	-	none	mech	-	4	1	2	0	-	0	-
10b35bb7	18	ghidra	factor.c	gap	-	-	none	mech	-	1	0	4	0	-	0	-
10b35bc9	37	ghidra	factor.c	gap	-	-	none	mech	-	3	0	3	0	-	0	-
10b35bee	92	ghidra	factor.c	gap	-	-	none	mech	-	2	3	2	0	-	0	-
10b35c4c	44	ghidra	factor.c	gap	-	-	none	mech	-	2	2	2	0	-	0	-
10b35c78	86	ghidra	factor.c	gap	-	-	none	mech	-	2	2	1	0	-	0	-
10b35cce	64	ghidra	factor.c	gap	-	-	none	mech	-	7	1	2	0	-	0	-
10b35d0e	87	ghidra	factor.c	gap	-	-	none	mech	-	2	4	2	0	-	0	-
10b35d65	119	ghidra	factor.c	gap	-	-	none	mech	-	4	5	2	0	-	0	-
10b35ddc	30	ghidra	factor.c	gap	-	-	none	mech	-	1	0	3	0	-	0	-
10b35dfa	29	ghidra	factor.c	gap	-	-	none	mech	-	1	0	3	0	-	0	-
10b35e17	33	ghidra	factor.c	gap	-	-	none	mech	-	36	1	2	0	-	0	-
10b35e38	5	thunk	factor.c	gap	-	-	none	high	thunk	31	0	3	0	-	0	-
10b35e3d	8	ghidra	factor.c	gap	-	-	none	mech	-	20	1	3	0	-	0	-
10b35e45	68	ghidra	factor.c	gap	-	-	none	mech	-	9	0	2	0	-	0	-
10b35e89	40	ghidra	factor.c	gap	-	-	none	mech	-	9	2	2	0	-	0	-
10b35eb1	36	ghidra	factor.c	gap	-	-	none	mech	-	2	0	2	0	-	0	-
10b35ed5	53	ghidra	factor.c	gap	-	-	none	mech	-	2	0	2	0	-	0	-
10b35f0a	22	ghidra	factor.c	gap	-	-	none	mech	-	16	1	2	0	-	0	-
10b35f20	104	ghidra	factor.c	gap	-	-	none	mech	-	1	1	3	0	-	0	-
10b35f88	124	ghidra	factor.c	gap	-	-	cited	mech	-	1	0	2	0	-	0	-
10b36004	102	ghidra	factor.c	gap	-	-	none	mech	-	1	2	2	0	-	0	-
10b3606a	89	ghidra	factor.c	gap	-	-	none	mech	-	1	2	2	0	-	0	-
10b360c3	112	ghidra	factor.c	gap	-	-	none	mech	-	1	3	1	0	-	0	-
10b36133	54	ghidra	fg.c	in-anchor	-	-	cited	mech	-	1	1	2	1	e:\\bt\\278379\\vctools\\compiler\\be\\p2\\fg…	0	-
10b36169	149	ghidra	fg.c	gap	-	-	none	mech	-	1	1	2	0	-	0	-
10b361fe	108	ghidra	fg.c	gap	-	-	none	mech	-	5	1	2	0	-	0	-
10b3626a	67	ghidra	fg.c	gap	-	-	none	mech	-	1	0	3	0	-	0	-
10b362ad	57	ghidra	fg.c	gap	-	-	none	mech	-	7	3	2	0	-	0	-
10b362e6	15	ghidra	fg.c	gap	-	-	none	mech	-	2	0	2	0	-	0	-
10b362f5	16	ghidra	fg.c	gap	-	-	none	mech	-	2	0	2	0	-	0	-
10b36305	169	ghidra	fg.c	gap	-	-	none	mech	-	1	6	2	0	-	0	-
10b363ae	19	ghidra	fg.c	gap	-	-	none	mech	-	4	0	3	0	-	0	-
10b363c1	62	ghidra	fg.c	gap	-	-	none	mech	-	5	2	1	0	-	0	-
10b36400	34	ghidra	fg.c	gap	-	-	none	mech	-	16	0	2	0	-	0	-
10b36422	28	ghidra	fg.c	gap	-	-	none	mech	-	1	0	3	0	-	0	-
10b3643e	155	ghidra	fg.c	gap	-	-	none	mech	-	3	2	2	0	-	0	-
10b364d9	385	ghidra	fg.c	gap	-	-	none	mech	-	1	5	3	0	-	0	-
10b3665a	51	ghidra	fg.c	gap	-	-	none	mech	-	5	2	1	0	-	0	-
10b3668d	136	ghidra	fg.c	gap	-	-	none	mech	-	22	4	1	0	-	0	-
10b36715	44	ghidra	fg.c	gap	-	-	none	mech	-	2	1	2	0	-	0	-
10b36741	13	ghidra	fg.c	gap	-	-	cited	mech	-	30	1	1	0	-	0	-
10b3674e	13	ghidra	fg.c	gap	-	-	none	mech	-	2	1	2	0	-	0	-
10b3675b	85	ghidra	fg.c	gap	-	-	none	mech	-	6	4	2	0	-	0	-
10b367b0	77	ghidra	fg.c	gap	-	-	none	mech	-	1	4	3	0	-	0	-
10b367fd	8	ghidra	fg.c	gap	-	-	none	mech	-	7	1	2	0	-	0	-
10b36805	50	ghidra	fg.c	gap	-	-	cited	mech	-	3	4	3	0	-	0	-
10b36837	117	ghidra	fg.c	gap	-	-	none	mech	-	16	4	2	0	-	0	-
10b368ac	26	ghidra	fg.c	gap	-	-	none	mech	-	3	2	3	0	-	0	-
10b368c6	281	ghidra	fg.c	gap	-	-	none	mech	-	2	3	2	0	-	0	-
10b369df	111	ghidra	fg.c	gap	-	-	none	mech	-	4	2	3	0	-	0	-
10b36a4e	111	ghidra	fg.c	gap	-	-	none	mech	-	13	2	2	0	-	0	-
10b36abd	39	ghidra	fg.c	gap	-	-	none	mech	-	4	1	3	0	-	0	-
10b36ae4	588	ghidra	fg.c	gap	-	-	none	mech	-	5	11	2	0	-	0	-
10b36d30	191	ghidra	fg.c	gap	-	-	none	mech	-	2	6	2	0	-	0	-
10b36def	164	ghidra	fg.c	gap	-	-	none	mech	-	3	5	1	0	-	0	-
10b36e93	235	ghidra	fg.c	gap	-	-	cited	mech	-	4	3	2	0	-	0	-
10b36f7e	241	ghidra	fg.c	gap	-	-	cited	mech	-	7	3	2	0	-	0	-
10b3706f	191	ghidra	fg.c	gap	-	-	cited	mech	-	5	5	2	0	-	0	-
10b3712e	49	ghidra	fg.c	gap	-	-	none	mech	-	4	1	3	0	-	0	-
10b3715f	77	ghidra	fg.c	gap	-	-	none	mech	-	1	2	3	0	-	0	-
10b371ac	217	ghidra	fg.c	gap	-	-	none	mech	-	3	4	3	0	-	0	-
10b37285	37	ghidra	fg.c	gap	-	-	cited	mech	-	3	1	3	0	-	0	-
10b372aa	64	ghidra	fg.c	gap	-	-	none	mech	-	2	2	2	0	-	0	-
10b372ea	559	ghidra	fg.c	gap	-	-	none	mech	-	2	3	2	0	-	0	-
10b37519	8	ghidra	fg.c	gap	-	-	cited	mech	-	15	1	1	0	-	0	-
10b37521	8	ghidra	fg.c	gap	-	-	none	mech	-	2	1	2	0	-	0	-
10b37529	130	ghidra	fg.c	gap	-	-	none	mech	-	2	5	2	0	-	0	-
10b375ab	254	ghidra	fg.c	gap	-	-	none	mech	-	6	6	2	0	-	0	-
10b376a9	117	ghidra	fg.c	gap	-	-	none	mech	-	4	3	3	0	-	0	-
10b3771e	61	ghidra	fg.c	gap	-	-	none	mech	-	2	3	3	0	-	0	-
10b3775b	18	ghidra	fg.c	gap	-	-	none	mech	-	2	1	2	0	-	0	-
10b3776d	248	ghidra	fg.c	gap	-	-	none	mech	-	2	8	2	0	-	0	-
10b37865	51	ghidra	fg.c	gap	-	-	none	mech	-	19	4	1	0	-	0	-
10b37898	50	ghidra	fg.c	gap	-	-	none	mech	-	5	5	2	0	-	0	-
10b378ca	107	ghidra	fg.c	gap	-	-	none	mech	-	1	7	2	0	-	0	-
10b37935	289	ghidra	fg.c	gap	-	-	none	mech	-	3	2	2	0	-	0	-
10b37a56	8	ghidra	fg.c	gap	-	-	none	mech	-	1	1	3	0	-	0	-
10b37a5e	127	ghidra	fg.c	gap	-	-	none	mech	-	2	4	3	0	-	0	-
10b37add	83	ghidra	fg.c	gap	-	-	none	mech	-	1	3	2	0	-	0	-
10b37b30	99	ghidra	fg.c	gap	-	-	none	mech	-	12	8	1	0	-	0	-
10b37b93	175	ghidra	fg.c	gap	-	-	none	mech	-	1	3	3	0	-	0	-
10b37c42	71	ghidra	fg.c	gap	-	-	none	mech	-	1	6	2	0	-	0	-
10b37c89	8	ghidra	fg.c	gap	-	-	none	mech	-	2	1	1	0	-	0	-
10b37c91	193	ghidra	fg.c	gap	-	-	none	mech	-	1	0	3	0	-	0	-
10b37d52	47	ghidra	fg.c	gap	-	-	none	mech	-	2	1	2	0	-	0	-
10b37d81	792	ghidra	fg.c	gap	-	-	none	mech	-	1	18	2	0	-	0	-
10b38099	653	ghidra	fg.c	gap	-	-	cited	mech	-	1	7	1	0	-	0	-
10b38326	1143	ghidra	fg.c	gap	-	-	none	mech	-	1	21	2	0	-	0	-
10b3879d	147	ghidra	fg.c	gap	-	-	none	mech	-	1	3	3	0	-	0	-
10b38830	58	ghidra	fg.c	gap	-	-	none	mech	-	2	2	2	0	-	0	-
10b3886a	64	ghidra	fg.c	gap	-	-	none	mech	-	1	0	3	0	-	0	-
10b388aa	65	ghidra	fg.c	gap	-	-	none	mech	-	1	0	3	0	-	0	-
10b388eb	434	ghidra	fg.c	gap	-	-	cited	mech	-	1	5	2	0	-	0	-
10b38a9d	290	ghidra	fg.c	gap	-	-	none	mech	-	2	8	2	0	-	0	-
10b38bbf	277	ghidra	fg.c	gap	-	-	none	mech	-	6	5	2	0	-	0	-
10b38cd4	171	ghidra	fg.c	gap	-	-	cited	mech	-	4	4	2	0	-	0	-
10b38d7f	758	ghidra	fg.c	gap	-	-	none	mech	-	1	11	2	0	-	0	-
10b39075	118	ghidra	fg.c	gap	-	-	cited	mech	-	1	5	2	0	-	0	-
10b390eb	101	ghidra	fg.c	gap	-	-	none	mech	-	2	1	3	0	-	0	-
10b39150	268	ghidra	fg.c	gap	-	-	cited	mech	-	2	7	2	0	-	0	-
10b3925c	47	ghidra	fg.c	gap	-	-	none	mech	-	1	0	3	0	-	0	-
10b392b5	185	ghidra	fg.c	gap	-	-	none	mech	-	1	4	3	0	-	0	-
10b3936e	182	ghidra	fg.c	gap	-	-	none	mech	-	3	4	2	0	-	0	-
10b39424	209	ghidra	fg.c	gap	-	-	none	mech	-	1	1	2	0	-	0	-
10b394f5	534	ghidra	fg.c	gap	-	-	cited	mech	-	1	11	2	0	-	0	-
10b3970b	58	ghidra	fg.c	gap	-	-	none	mech	-	1	1	3	0	-	0	-
10b39745	31	ghidra	fg.c	gap	-	-	none	mech	-	2	0	3	0	-	0	-
10b39764	48	ghidra	fg.c	gap	-	-	none	mech	-	2	0	3	0	-	0	-
10b39794	38	ghidra	fg.c	gap	-	-	cited	mech	-	3	2	2	0	-	0	-
10b397ba	125	ghidra	fg.c	gap	-	-	cited	mech	-	2	1	2	0	-	0	-
10b39837	67	ghidra	fg.c	gap	-	-	cited	mech	-	1	0	2	0	-	0	-
10b3987a	77	ghidra	fg.c	gap	-	-	none	mech	-	3	1	2	0	-	0	-
10b398c7	36	ghidra	fg.c	gap	-	-	none	mech	-	2	0	3	0	-	0	-
10b398eb	46	ghidra	fg.c	gap	-	-	none	mech	-	3	0	2	0	-	0	-
10b39919	30	ghidra	fg.c	gap	-	-	none	mech	-	2	1	3	0	-	0	-
10b39937	481	ghidra	fg.c	gap	-	-	none	mech	-	2	9	1	0	-	0	-
10b39b18	55	ghidra	fg.c	gap	-	-	none	mech	-	1	1	1	0	-	0	-
10b39b4f	370	ghidra	fg.c	gap	-	-	none	mech	-	1	5	2	0	-	0	-
10b39cc1	175	ghidra	fg.c	gap	-	-	none	mech	-	2	5	2	0	-	0	-
10b39d70	233	ghidra	fg.c	gap	-	-	none	mech	-	1	6	2	0	-	0	-
10b39e59	273	ghidra	fg.c	gap	-	-	none	mech	-	1	2	2	0	-	0	-
10b39f6a	42	ghidra	fg.c	gap	-	-	none	mech	-	6	2	2	0	-	0	-
10b39f94	16	ghidra	fg.c	gap	-	-	none	mech	-	1	2	3	0	-	0	-
10b39fa4	129	ghidra	fg.c	gap	-	-	none	mech	-	1	3	2	0	-	0	-
10b3a025	558	ghidra	fg.c	gap	-	-	cited	mech	-	1	7	2	0	-	0	-
10b3a253	645	ghidra	fg.c	gap	-	-	cited	mech	-	1	10	2	0	-	0	-
10b3a4d8	200	ghidra	fg.c	gap	-	-	none	mech	-	1	2	3	0	-	0	-
10b3a5a0	176	ghidra	fg.c	gap	-	-	none	mech	-	1	6	3	0	-	0	-
10b3a650	320	ghidra	fg.c	gap	-	-	none	mech	-	1	3	2	0	-	0	-
10b3a790	1014	ghidra	fg.c	gap	-	-	cited	mech	-	1	12	2	0	-	0	-
10b3ab86	209	ghidra	fg.c	gap	-	-	cited	mech	-	1	2	2	0	-	0	-
10b3ac57	267	ghidra	fg.c	gap	-	-	none	mech	-	1	4	2	0	-	0	-
10b3ad62	63	ghidra	fg.c	gap	-	-	cited	mech	-	3	3	2	0	-	0	-
10b3ada1	64	ghidra	fg.c	gap	-	-	cited	mech	-	3	3	2	0	-	0	-
10b3ade1	234	ghidra	fg.c	gap	-	-	none	mech	-	3	3	2	0	-	0	-
10b3aecb	259	ghidra	fg.c	gap	-	-	none	mech	-	1	8	2	0	-	0	-
10b3afce	409	ghidra	fg.c	gap	-	-	none	mech	-	1	6	2	0	-	0	-
10b3b167	692	ghidra	fg.c	gap	-	-	cited	mech	-	2	16	1	0	-	0	-
10b3b41b	482	ghidra	fg.c	gap	-	-	cited	mech	-	1	11	1	0	-	0	-
10b3b5fd	849	ghidra	fg.c	gap	-	-	cited	mech	-	1	19	1	0	-	0	-
10b3b94e	346	ghidra	fg.c	gap	-	-	none	mech	-	2	6	2	0	-	0	-
10b3baa8	205	ghidra	fg.c	gap	-	-	cited	mech	-	2	2	3	0	-	0	-
10b3bb75	1264	ghidra	fg.c	gap	-	-	none	mech	-	1	17	2	0	-	0	-
10b3c065	162	ghidra	fg.c	gap	-	-	cited	mech	-	1	3	2	0	-	0	-
10b3c107	453	ghidra	fg.c	gap	-	-	none	mech	-	1	10	2	0	-	0	-
10b3c2cc	1033	ghidra	fg.c	gap	-	-	cited	mech	-	1	27	2	0	-	0	-
10b3c6d5	16	ghidra	fg.c	gap	-	-	none	mech	-	1	1	2	0	-	0	-
10b3c6e5	260	ghidra	fg.c	gap	-	-	cited	mech	-	4	5	2	0	-	0	-
10b3c7e9	249	ghidra	fg.c	gap	-	-	none	mech	-	1	0	3	0	-	0	-
10b3c8e2	142	ghidra	fg.c	gap	-	-	none	mech	-	1	1	3	0	-	0	-
10b3c970	19	ghidra	fg.c	gap	-	-	none	mech	-	2	0	3	0	-	0	-
10b3c983	967	ghidra	fg.c	gap	-	-	none	mech	-	1	4	2	0	-	0	-
10b3cd4a	199	ghidra	fg.c	gap	-	-	none	mech	-	2	3	2	0	-	0	-
10b3ce11	244	ghidra	fg.c	gap	-	-	none	mech	-	1	4	3	0	-	0	-
10b3cf05	262	ghidra	fg.c	gap	-	-	none	mech	-	2	5	2	0	-	0	-
10b3d00b	72	ghidra	fg.c	gap	-	-	none	mech	-	4	4	1	0	-	0	-
10b3d053	3	ghidra	fg.c	gap	-	-	none	mech	-	2	0	2	0	-	0	-
10b3d056	81	ghidra	fg.c	gap	-	-	none	mech	-	2	2	2	0	-	0	-
10b3d0a7	79	ghidra	fg.c	gap	-	-	none	mech	-	1	0	3	0	-	0	-
10b3d0f6	150	ghidra	fg.c	gap	-	-	none	mech	-	1	1	2	1	Precisions don't match	0	-
10b3d18c	263	ghidra	fpmodel.c	in-anchor	-	-	none	mech	-	24	1	2	1	e:\\bt\\278379\\vctools\\compiler\\be\\p2\\fp…	0	-
10b3d324	70	ghidra	fpmodel.c	gap	-	-	none	mech	-	1	0	3	0	-	0	-
10b3d36a	36	ghidra	fpmodel.c	gap	-	-	none	mech	-	1	1	2	0	-	0	-
10b3d38e	72	ghidra	getattr.c	in-anchor	-	-	none	mech	-	10	1	1	1	e:\\bt\\278379\\vctools\\compiler\\be\\p2\\ge…	0	-
10b3d40a	260	ghidra	getattr.c	in-anchor	-	-	cited	mech	-	13	1	1	1	e:\\bt\\278379\\vctools\\compiler\\be\\p2\\ge…	0	-
10b3d546	202	ghidra	getattr.c	in-anchor	-	-	labelled	high	il-reader: .ex type-word reader; attribute table 0x10b25f10	1	5	0	0	-	0	-
10b3d610	834	ghidra	getattr.c	in-anchor	-	-	labelled	high	il-dispatch: .ex operand decode, class table 0x10b25e48, 29 arms	1	21	0	1	e:\\bt\\278379\\vctools\\compiler\\be\\p2\\ge…	0	-
10b3d9c8	53	ghidra	getattr.c	gap	-	-	none	mech	-	1	0	3	0	-	0	-
10b3d9fd	916	ghidra	getattr.c	gap	-	-	none	mech	-	2	9	1	0	-	0	-
10b3ddab	126	ghidra	getattr.c	gap	-	-	none	mech	-	1	2	1	0	-	0	-
10b3de29	42	ghidra	getattr.c	gap	-	-	none	mech	-	1	2	1	0	-	0	-
10b3de53	165	ghidra	getattr.c	gap	-	-	none	mech	-	2	4	1	0	-	0	-
10b3def8	123	ghidra	getattr.c	gap	-	-	none	mech	-	1	4	2	0	-	0	-
10b3df73	1327	ghidra	getattr.c	gap	-	-	none	mech	-	1	9	2	0	-	0	-
10b3e4a2	44	ghidra	getattr.c	gap	-	-	none	mech	-	1	1	2	0	-	0	-
10b3e4ce	31	ghidra	getattr.c	gap	-	-	none	mech	-	1	0	3	0	-	0	-
10b3e4ed	44	ghidra	getattr.c	gap	-	-	none	mech	-	1	1	2	0	-	0	-
10b3e519	8	ghidra	getattr.c	gap	-	-	none	mech	-	10	1	1	0	-	0	-
10b3e521	33	ghidra	getattr.c	gap	-	-	none	mech	-	4	0	2	0	-	0	-
10b3e542	118	ghidra	getattr.c	gap	-	-	none	mech	-	1	3	1	0	-	0	-
10b3e5b8	22	ghidra	getattr.c	gap	-	-	none	mech	-	1	1	2	0	-	0	-
10b3e5ce	76	ghidra	getattr.c	gap	-	-	none	mech	-	1	2	2	0	-	0	-
10b3e61a	59	ghidra	getattr.c	gap	-	-	none	mech	-	1	2	2	0	-	0	-
10b3e655	228	ghidra	getattr.c	gap	-	-	none	mech	-	1	5	1	0	-	0	-
10b3e739	180	ghidra	getattr.c	gap	-	-	none	mech	-	1	2	1	0	-	0	-
10b3e7ed	877	ghidra	getattr.c	gap	-	-	none	mech	-	1	14	1	0	-	0	-
10b3eb5a	88	ghidra	getattr.c	gap	-	-	none	mech	-	2	1	1	0	-	0	-
10b3ebb2	186	ghidra	getattr.c	gap	-	-	none	mech	-	2	3	1	0	-	0	-
10b3ec6c	183	ghidra	getattr.c	gap	-	-	none	mech	-	2	3	1	0	-	0	-
10b3ed23	143	ghidra	getattr.c	gap	-	-	none	mech	-	2	5	1	0	-	0	-
10b3edb2	71	ghidra	getattr.c	gap	-	-	none	mech	-	2	1	3	0	-	0	-
10b3edf9	183	ghidra	getattr.c	gap	-	-	none	mech	-	2	2	2	0	-	0	-
10b3eeb0	25	ghidra	getattr.c	gap	-	-	none	mech	-	1	0	2	0	-	0	-
10b3eec9	66	ghidra	getattr.c	gap	-	-	none	mech	-	1	1	2	0	-	0	-
10b3ef0b	110	ghidra	getattr.c	gap	-	-	none	mech	-	1	5	2	0	-	0	-
10b3ef79	99	ghidra	getattr.c	gap	-	-	none	mech	-	1	2	2	0	-	0	-
10b3efdc	81	ghidra	getattr.c	gap	-	-	none	mech	-	1	1	1	0	-	0	-
10b3f02d	33	ghidra	getattr.c	gap	-	-	none	mech	-	2	1	2	0	-	0	-
10b3f04e	29	ghidra	getattr.c	gap	-	-	none	mech	-	1	1	3	0	-	0	-
10b3f06b	59	ghidra	getattr.c	gap	-	-	none	mech	-	2	1	1	0	-	0	-
10b3f0a6	31	ghidra	getattr.c	gap	-	-	none	mech	-	1	2	1	0	-	0	-
10b3f0c5	59	ghidra	getattr.c	gap	-	-	none	mech	-	1	2	2	0	-	0	-
10b3f100	112	ghidra	getattr.c	gap	-	-	none	mech	-	2	3	2	0	-	0	-
10b3f170	56	ghidra	getattr.c	gap	-	-	none	mech	-	1	3	2	0	-	0	-
10b3f1a8	64	ghidra	getattr.c	gap	-	-	none	mech	-	1	3	2	0	-	0	-
10b3f1e8	82	ghidra	getattr.c	gap	-	-	none	mech	-	1	3	2	0	-	0	-
10b3f23a	66	ghidra	getattr.c	gap	-	-	none	mech	-	1	2	2	0	-	0	-
10b3f27c	65	ghidra	getattr.c	gap	-	-	none	mech	-	2	2	3	0	-	0	-
10b3f2bd	179	ghidra	getattr.c	gap	-	-	none	mech	-	1	3	2	0	-	0	-
10b3f370	44	ghidra	getattr.c	gap	-	-	none	mech	-	2	1	3	0	-	0	-
10b3f39c	78	ghidra	getattr.c	gap	-	-	none	mech	-	1	2	3	0	-	0	-
10b3f3ea	106	ghidra	getattr.c	gap	-	-	none	mech	-	1	6	1	0	-	0	-
10b3f454	371	ghidra	getattr.c	gap	-	-	cited	mech	-	1	1	1	0	-	0	-
10b3f5c7	148	ghidra	getattr.c	gap	-	-	none	mech	-	1	7	1	0	-	0	-
10b3f65b	140	ghidra	getattr.c	gap	-	-	none	mech	-	1	2	2	0	-	0	-
10b3f6e7	317	ghidra	getattr.c	gap	-	-	none	mech	-	1	9	2	0	-	0	-
10b3f824	974	ghidra	getattr.c	gap	-	-	none	mech	-	1	9	2	0	-	0	-
10b3fbf2	135	ghidra	getattr.c	gap	-	-	none	mech	-	2	4	1	0	-	0	-
10b3fc79	451	ghidra	getattr.c	gap	-	-	none	mech	-	1	12	1	0	-	0	-
10b3fe3c	80	ghidra	getattr.c	gap	-	-	none	mech	-	3	2	2	0	-	0	-
10b3fe8c	128	ghidra	getattr.c	gap	-	-	none	mech	-	1	2	2	0	-	0	-
10b3ff0c	93	ghidra	getattr.c	gap	-	-	none	mech	-	1	3	2	0	-	0	-
10b3ff69	35	ghidra	getattr.c	gap	-	-	none	mech	-	1	2	2	0	-	0	-
10b3ff8c	340	ghidra	getattr.c	gap	-	-	none	mech	-	1	4	2	0	-	0	-
10b400e0	183	ghidra	getattr.c	gap	-	-	none	mech	-	1	3	2	0	-	0	-
10b40197	743	ghidra	globdf.c	in-anchor	-	-	none	mech	-	2	11	1	1	e:\\bt\\278379\\vctools\\compiler\\be\\p2\\gl…	0	-
10b4047e	98	ghidra	globdf.c	in-anchor	-	-	none	mech	-	1	2	2	0	-	0	-
10b404e0	176	ghidra	globdf.c	in-anchor	-	-	none	mech	-	1	4	2	0	-	0	-
10b40590	3570	ghidra	globdf.c	in-anchor	-	-	none	mech	-	1	45	1	1	e:\\bt\\278379\\vctools\\compiler\\be\\p2\\gl…	0	-
10b41382	253	ghidra	globdf.c	gap	-	-	none	mech	-	1	6	1	0	-	0	-
10b4147f	54	ghidra	globdf.c	gap	-	-	none	mech	-	2	3	2	0	-	0	-
10b414b5	72	ghidra	globdf.c	gap	-	-	none	mech	-	1	2	2	0	-	0	-
10b414fd	44	ghidra	globdf.c	gap	-	-	none	mech	-	2	2	2	0	-	0	-
10b41529	810	ghidra	globdf.c	gap	-	-	none	mech	-	2	16	1	0	-	0	-
10b41853	42	ghidra	globdf.c	gap	-	-	none	mech	-	4	2	2	0	-	0	-
10b4187d	205	ghidra	globdf.c	gap	-	-	none	mech	-	1	5	2	0	-	0	-
10b4194a	21	ghidra	globdf.c	gap	-	-	none	mech	-	1	1	2	0	-	0	-
10b4195f	34	ghidra	globdf.c	gap	-	-	none	mech	-	1	0	2	0	-	0	-
10b41981	47	ghidra	globdf.c	gap	-	-	none	mech	-	1	1	2	0	-	0	-
10b419b0	190	ghidra	globdf.c	gap	-	-	none	mech	-	1	1	2	0	-	0	-
10b41a6e	37	ghidra	globdf.c	gap	-	-	none	mech	-	7	0	2	0	-	0	-
10b41a93	286	ghidra	globdf.c	gap	-	-	none	mech	-	1	2	1	0	-	0	-
10b41bb1	20	ghidra	globdf.c	gap	-	-	none	mech	-	3	1	1	0	-	0	-
10b41bc5	56	ghidra	globdf.c	gap	-	-	none	mech	-	1	1	1	0	-	0	-
10b41bfd	33	ghidra	globdf.c	gap	-	-	cited	mech	-	19	1	2	0	-	0	-
10b41c1e	33	ghidra	globdf.c	gap	-	-	none	mech	-	2	1	2	0	-	0	-
10b41c3f	20	ghidra	globdf.c	gap	-	-	none	mech	-	1	1	1	0	-	0	-
10b41c53	33	ghidra	globdf.c	gap	-	-	none	mech	-	1	1	2	0	-	0	-
10b41c74	41	ghidra	globdf.c	gap	-	-	none	mech	-	2	1	1	0	-	0	-
10b41c9d	43	ghidra	globdf.c	gap	-	-	none	mech	-	2	1	2	0	-	0	-
10b41cc8	91	ghidra	globdf.c	gap	-	-	none	mech	-	5	1	1	0	-	0	-
10b41d23	35	ghidra	globdf.c	gap	-	-	none	mech	-	4	1	1	0	-	0	-
10b41d46	99	ghidra	globdf.c	gap	-	-	cited	mech	-	18	1	1	0	-	0	-
10b41da9	53	ghidra	globdf.c	gap	-	-	none	mech	-	3	0	2	0	-	0	-
10b41dde	69	ghidra	globdf.c	gap	-	-	none	mech	-	1	0	2	0	-	0	-
10b41e23	1150	ghidra	globdf.c	gap	-	-	none	mech	-	1	10	1	0	-	0	-
10b422a1	60	ghidra	globdf.c	gap	-	-	none	mech	-	1	2	1	0	-	0	-
10b422dd	193	ghidra	globdf.c	gap	-	-	none	mech	-	1	3	1	0	-	0	-
10b4239e	227	ghidra	globdf.c	gap	-	-	none	mech	-	1	5	2	0	-	0	-
10b42481	130	ghidra	globdf.c	gap	-	-	none	mech	-	1	2	2	0	-	0	-
10b42503	81	ghidra	globdf.c	gap	-	-	none	mech	-	3	1	2	0	-	0	-
10b42554	29	ghidra	globdf.c	gap	-	-	none	mech	-	1	0	2	0	-	0	-
10b42571	19	ghidra	globdf.c	gap	-	-	cited	mech	-	3	1	2	0	-	0	-
10b42584	28	ghidra	globdf.c	gap	-	-	none	mech	-	7	1	2	0	-	0	-
10b425a0	19	ghidra	globdf.c	gap	-	-	none	mech	-	2	1	2	0	-	0	-
10b425b3	28	ghidra	globdf.c	gap	-	-	none	mech	-	2	1	2	0	-	0	-
10b425cf	46	ghidra	globdf.c	gap	-	-	none	mech	-	2	2	3	0	-	0	-
10b425fd	28	ghidra	globdf.c	gap	-	-	none	mech	-	1	1	3	0	-	0	-
10b42619	49	ghidra	globdf.c	gap	-	-	none	mech	-	1	1	3	0	-	0	-
10b4264a	75	ghidra	globdf.c	gap	-	-	none	mech	-	1	0	2	0	-	0	-
10b42695	78	ghidra	globdf.c	gap	-	-	none	mech	-	7	0	2	0	-	0	-
10b426e3	89	ghidra	globdf.c	gap	-	-	none	mech	-	1	1	2	0	-	0	-
10b4273c	114	ghidra	globdf.c	gap	-	-	none	mech	-	2	6	2	0	-	0	-
10b427ae	76	ghidra	globdf.c	gap	-	-	none	mech	-	1	3	2	0	-	0	-
10b427fa	175	ghidra	globdf.c	gap	-	-	none	mech	-	1	1	2	0	-	0	-
10b428a9	341	ghidra	globdf.c	gap	-	-	none	mech	-	5	3	1	0	-	0	-
10b429fe	41	ghidra	globdf.c	gap	-	-	none	mech	-	1	1	2	0	-	0	-
10b42a27	37	ghidra	globdf.c	gap	-	-	none	mech	-	2	0	3	0	-	0	-
10b42a4c	31	ghidra	globdf.c	gap	-	-	none	mech	-	2	0	3	0	-	0	-
10b42a6b	39	ghidra	globdf.c	gap	-	-	none	mech	-	1	1	3	0	-	0	-
10b42a92	25	ghidra	globdf.c	gap	-	-	none	mech	-	1	0	4	0	-	0	-
10b42aab	86	ghidra	globdf.c	gap	-	-	none	mech	-	3	5	2	0	-	0	-
10b42b01	51	ghidra	globdf.c	gap	-	-	none	mech	-	1	0	2	0	-	0	-
10b42b34	85	ghidra	globdf.c	gap	-	-	none	mech	-	1	1	2	0	-	0	-
10b42b89	47	ghidra	globdf.c	gap	-	-	none	mech	-	1	0	3	0	-	0	-
10b42bb8	433	ghidra	globdf.c	gap	-	-	none	mech	-	1	1	2	0	-	0	-
10b42d69	82	ghidra	globdf.c	gap	-	-	none	mech	-	2	3	2	0	-	0	-
10b42dbb	58	ghidra	globdf.c	gap	-	-	none	mech	-	3	3	2	0	-	0	-
10b42df5	49	ghidra	globdf.c	gap	-	-	none	mech	-	6	2	2	0	-	0	-
10b42e26	181	ghidra	globdf.c	gap	-	-	none	mech	-	2	5	2	0	-	0	-
10b42edb	43	ghidra	globdf.c	gap	-	-	none	mech	-	2	1	2	0	-	0	-
10b42f06	32	ghidra	globdf.c	gap	-	-	none	mech	-	11	1	2	0	-	0	-
10b42f26	42	ghidra	globdf.c	gap	-	-	none	mech	-	1	2	2	0	-	0	-
10b42f50	43	ghidra	globdf.c	gap	-	-	none	mech	-	2	1	2	0	-	0	-
10b42f7b	32	ghidra	globdf.c	gap	-	-	none	mech	-	4	1	2	0	-	0	-
10b42f9b	42	ghidra	globdf.c	gap	-	-	none	mech	-	1	2	2	0	-	0	-
10b42fc5	303	ghidra	globdf.c	gap	-	-	none	mech	-	1	8	1	0	-	0	-
10b430f4	600	ghidra	globdf.c	gap	-	-	none	mech	-	1	9	1	0	-	0	-
10b4334c	330	ghidra	globdf.c	gap	-	-	none	mech	-	1	9	1	0	-	0	-
10b43496	150	ghidra	globdf.c	gap	-	-	none	mech	-	1	7	2	0	-	0	-
10b4352c	347	ghidra	globdf.c	gap	-	-	none	mech	-	2	10	2	0	-	0	-
10b43687	258	ghidra	globdf.c	gap	-	-	none	mech	-	1	3	2	0	-	0	-
10b43789	476	ghidra	globdf.c	gap	-	-	none	mech	-	1	13	2	0	-	0	-
10b43965	533	ghidra	globdf.c	gap	-	-	none	mech	-	1	13	1	0	-	0	-
10b43b7a	435	ghidra	globdf.c	gap	-	-	none	mech	-	1	2	2	0	-	0	-
10b43d2d	48	ghidra	globdf.c	gap	-	-	none	mech	-	2	1	3	0	-	0	-
10b43d5d	51	ghidra	globdf.c	gap	-	-	none	mech	-	2	2	2	0	-	0	-
10b43d90	56	ghidra	globdf.c	gap	-	-	none	mech	-	1	1	2	0	-	0	-
10b43dc8	39	ghidra	globdf.c	gap	-	-	none	mech	-	1	0	3	0	-	0	-
10b43def	489	ghidra	globdf.c	gap	-	-	none	mech	-	1	12	2	0	-	0	-
10b43fd8	89	ghidra	globdf.c	gap	-	-	none	mech	-	4	1	2	0	-	0	-
10b44031	91	ghidra	globdf.c	gap	-	-	none	mech	-	2	4	1	0	-	0	-
10b4408c	587	ghidra	globdf.c	gap	-	-	none	mech	-	1	16	2	0	-	0	-
10b442d7	173	ghidra	globdf.c	gap	-	-	none	mech	-	1	5	1	0	-	0	-
10b44384	66	ghidra	globdf.c	gap	-	-	none	mech	-	1	2	3	0	-	0	-
10b443c6	28	ghidra	globdf.c	gap	-	-	none	mech	-	1	1	3	0	-	0	-
10b443e2	129	ghidra	globdf.c	gap	-	-	none	mech	-	1	4	1	0	-	0	-
10b44463	271	ghidra	globdf.c	gap	-	-	none	mech	-	1	3	2	0	-	0	-
10b44572	68	ghidra	globdf.c	gap	-	-	none	mech	-	1	2	2	0	-	0	-
10b445b6	244	ghidra	globdf.c	gap	-	-	none	mech	-	1	1	2	0	-	0	-
10b446aa	188	ghidra	globdf.c	gap	-	-	none	mech	-	1	4	2	0	-	0	-
10b44766	94	ghidra	globdf.c	gap	-	-	none	mech	-	1	1	3	0	-	0	-
10b447c4	95	ghidra	globdf.c	gap	-	-	none	mech	-	3	6	1	0	-	0	-
10b44823	112	ghidra	globdf.c	gap	-	-	none	mech	-	1	6	1	0	-	0	-
10b44893	50	ghidra	globdf.c	gap	-	-	none	mech	-	1	3	3	0	-	0	-
10b448c5	22	ghidra	globdf.c	gap	-	-	none	mech	-	1	1	2	0	-	0	-
10b448db	786	ghidra	globdf.c	gap	-	-	none	mech	-	1	15	1	0	-	0	-
10b44bed	83	ghidra	globdf.c	gap	-	-	none	mech	-	1	3	2	0	-	0	-
10b44c40	44	ghidra	globdf.c	gap	-	-	none	mech	-	1	1	2	0	-	0	-
10b44c6c	29	ghidra	globdf.c	gap	-	-	none	mech	-	3	2	3	0	-	0	-
10b44c89	459	ghidra	globdf.c	gap	-	-	none	mech	-	1	10	2	0	-	0	-
10b44e54	277	ghidra	globdf.c	gap	-	-	none	mech	-	1	8	2	0	-	0	-
10b44f69	221	ghidra	globdf.c	gap	-	-	none	mech	-	3	3	2	0	-	0	-
10b45046	132	ghidra	globdf.c	gap	-	-	none	mech	-	2	5	2	0	-	0	-
10b450ca	286	ghidra	globdf.c	gap	-	-	none	mech	-	4	6	1	0	-	0	-
10b451e8	859	ghidra	globdf.c	gap	-	-	none	mech	-	7	13	1	0	-	0	-
10b45543	279	ghidra	globdf.c	gap	-	-	none	mech	-	1	2	2	0	-	0	-
10b4565a	1046	ghidra	globlopt.c	in-anchor	-	-	cited	mech	-	1	15	2	1	e:\\bt\\278379\\vctools\\compiler\\be\\p2\\gl…	0	-
10b45a70	112	ghidra	globlopt.c	in-anchor	-	-	none	mech	-	2	5	3	0	-	0	-
10b45ae0	301	ghidra	globlopt.c	in-anchor	-	-	none	mech	-	2	7	1	0	-	0	-
10b45c0d	56	ghidra	globlopt.c	in-anchor	-	-	none	mech	-	2	2	2	0	-	0	-
10b45c45	546	ghidra	globlopt.c	in-anchor	-	-	none	mech	-	1	15	1	0	-	0	-
10b45e67	255	ghidra	globlopt.c	in-anchor	-	-	none	mech	-	1	5	2	0	-	0	-
10b45f66	217	ghidra	globlopt.c	in-anchor	-	-	none	mech	-	1	6	2	0	-	0	-
10b4603f	374	ghidra	globlopt.c	in-anchor	-	-	none	mech	-	3	8	1	0	-	0	-
10b461b5	1869	ghidra	globlopt.c	in-anchor	-	-	none	mech	-	1	14	2	0	-	0	-
10b46902	172	ghidra	globlopt.c	in-anchor	-	-	none	mech	-	1	5	2	0	-	0	-
10b469ae	234	ghidra	globlopt.c	in-anchor	-	-	none	mech	-	6	12	1	0	-	0	-
10b46a98	732	ghidra	globlopt.c	in-anchor	-	-	none	mech	-	1	16	2	0	-	0	-
10b46d74	2261	ghidra	globlopt.c	in-anchor	-	-	none	mech	-	1	34	1	0	-	0	-
10b47649	243	ghidra	globlopt.c	in-anchor	-	-	none	mech	-	2	8	1	0	-	0	-
10b4773c	281	ghidra	globlopt.c	in-anchor	-	-	none	mech	-	2	11	2	0	-	0	-
10b47855	543	ghidra	globlopt.c	in-anchor	-	-	cited	mech	-	2	9	2	1	e:\\bt\\278379\\vctools\\compiler\\be\\p2\\gl…	0	-
10b47a74	130	ghidra	globlopt.c	in-anchor	-	-	none	mech	-	1	3	2	0	-	0	-
10b47af6	71	ghidra	globlopt.c	in-anchor	-	-	none	mech	-	2	3	2	0	-	0	-
10b47b3d	67	ghidra	globlopt.c	in-anchor	-	-	none	mech	-	1	3	2	0	-	0	-
10b47b80	521	ghidra	globlopt.c	in-anchor	-	-	none	mech	-	2	10	1	0	-	0	-
10b47d89	2396	ghidra	globlopt.c	in-anchor	-	-	cited	mech	-	6	28	1	0	-	0	-
10b486e5	631	ghidra	globlopt.c	in-anchor	-	-	none	mech	-	1	32	1	0	-	0	-
10b4895c	106	ghidra	globlopt.c	in-anchor	-	-	none	mech	-	2	2	2	0	-	0	-
10b489c6	526	ghidra	globlopt.c	in-anchor	-	-	none	mech	-	2	7	2	0	-	0	-
10b48bd4	44	ghidra	globlopt.c	in-anchor	-	-	none	mech	-	1	2	2	0	-	0	-
10b48c00	505	ghidra	globlopt.c	in-anchor	-	-	cited	mech	-	1	14	2	1	e:\\bt\\278379\\vctools\\compiler\\be\\p2\\gl…	0	-
10b48df9	350	ghidra	globlopt.c	in-anchor	-	-	none	mech	-	1	7	2	0	-	0	-
10b48f57	263	ghidra	globlopt.c	in-anchor	-	-	none	mech	-	1	11	2	0	-	0	-
10b4905e	1468	ghidra	globlopt.c	in-anchor	-	-	none	mech	-	1	20	2	0	-	0	-
10b4961a	251	ghidra	globlopt.c	in-anchor	-	-	none	mech	-	1	5	2	0	-	0	-
10b49715	1318	ghidra	globlopt.c	in-anchor	-	-	none	mech	-	1	20	2	0	-	0	-
10b49c3b	1623	ghidra	globlopt.c	in-anchor	-	-	cited	mech	-	1	38	1	1	e:\\bt\\278379\\vctools\\compiler\\be\\p2\\gl…	0	-
10b4a292	665	ghidra	globlopt.c	in-anchor	-	-	none	mech	-	1	14	2	0	-	0	-
10b4a52b	420	ghidra	globlopt.c	in-anchor	-	-	none	mech	-	1	16	1	0	-	0	-
10b4a6cf	87	ghidra	globlopt.c	in-anchor	-	-	none	mech	-	1	1	3	0	-	0	-
10b4a726	922	ghidra	globlopt.c	in-anchor	-	-	cited	mech	-	1	23	2	1	e:\\bt\\278379\\vctools\\compiler\\be\\p2\\gl…	0	-
10b4aac1	341	ghidra	globlopt.c	gap	-	-	none	mech	-	1	13	2	0	-	0	-
10b4ac16	385	ghidra	globlopt.c	gap	-	-	none	mech	-	1	26	2	0	-	0	-
10b4ad97	93	ghidra	globlopt.c	gap	-	-	none	mech	-	1	2	2	0	-	0	-
10b4adf4	95	ghidra	globlopt.c	gap	-	-	none	mech	-	2	1	2	0	-	0	-
10b4ae53	137	ghidra	globlopt.c	gap	-	-	none	mech	-	1	6	2	0	-	0	-
10b4aedc	62	ghidra	globlopt.c	gap	-	-	none	mech	-	1	2	2	0	-	0	-
10b4af1a	13	ghidra	globlopt.c	gap	-	-	none	mech	-	1	1	2	0	-	0	-
10b4af27	50	ghidra	globlopt.c	gap	-	-	none	mech	-	1	1	2	0	-	0	-
10b4af59	16	ghidra	globlopt.c	gap	-	-	none	mech	-	7	1	2	0	-	0	-
10b4af69	16	ghidra	globlopt.c	gap	-	-	none	mech	-	7	1	2	0	-	0	-
10b4af79	41	ghidra	globlopt.c	gap	-	-	none	mech	-	14	1	2	0	-	0	-
10b4afa2	33	ghidra	globlopt.c	gap	-	-	none	mech	-	8	0	2	0	-	0	-
10b4afc3	40	ghidra	globlopt.c	gap	-	-	none	mech	-	9	0	1	0	-	0	-
10b4afeb	35	ghidra	globlopt.c	gap	-	-	none	mech	-	6	0	2	0	-	0	-
10b4b00e	16	ghidra	globlopt.c	gap	-	-	none	mech	-	5	1	2	0	-	0	-
10b4b01e	27	ghidra	globlopt.c	gap	-	-	none	mech	-	2	1	2	0	-	0	-
10b4b039	16	ghidra	globlopt.c	gap	-	-	none	mech	-	3	1	2	0	-	0	-
10b4b049	16	ghidra	globlopt.c	gap	-	-	none	mech	-	7	1	2	0	-	0	-
10b4b059	27	ghidra	globlopt.c	gap	-	-	none	mech	-	3	1	2	0	-	0	-
10b4b074	16	ghidra	globlopt.c	gap	-	-	none	mech	-	6	1	2	0	-	0	-
10b4b084	28	ghidra	globlopt.c	gap	-	-	none	mech	-	1	0	4	0	-	0	-
10b4b0a0	15	ghidra	globlopt.c	gap	-	-	none	mech	-	1	0	3	0	-	0	-
10b4b0af	12	ghidra	globlopt.c	gap	-	-	none	mech	-	2	0	2	0	-	0	-
10b4b0bb	2	thunk	globlopt.c	gap	-	-	none	high	thunk	3	0	3	0	-	0	-
10b4b0c4	17	ghidra	globlopt.c	gap	-	-	none	mech	-	0	0	-	0	-	0	-
10b4b0ce	192	ghidra	globlopt.c	gap	-	-	none	mech	-	3	1	2	0	-	0	-
10b4b18e	51	ghidra	globlopt.c	gap	-	-	none	mech	-	2	2	2	0	-	0	-
10b4b1c1	142	ghidra	globlopt.c	gap	-	-	none	mech	-	1	3	1	0	-	0	-
10b4b24f	146	ghidra	globlopt.c	gap	-	-	none	mech	-	1	0	2	0	-	0	-
10b4b2e1	116	ghidra	globlopt.c	gap	-	-	none	mech	-	2	3	2	0	-	0	-
10b4b355	73	ghidra	globlopt.c	gap	-	-	none	mech	-	1	1	2	0	-	0	-
10b4b39e	513	ghidra	globlopt.c	gap	-	-	none	mech	-	1	7	2	0	-	0	-
10b4b59f	245	ghidra	globlopt.c	gap	-	-	none	mech	-	1	6	2	0	-	0	-
10b4b694	267	ghidra	globlopt.c	gap	-	-	none	mech	-	1	6	2	0	-	0	-
10b4b79f	95	ghidra	globlopt.c	gap	-	-	none	mech	-	0	1	3	0	-	0	-
10b4b7fe	292	ghidra	globlopt.c	gap	-	-	none	mech	-	1	8	2	0	-	0	-
10b4b922	88	ghidra	globlopt.c	gap	-	-	none	mech	-	8	2	2	0	-	0	-
10b4b97a	72	ghidra	globlopt.c	gap	-	-	none	mech	-	1	1	3	0	-	0	-
10b4b9c2	77	ghidra	globlopt.c	gap	-	-	none	mech	-	1	0	2	0	-	0	-
10b4ba0f	86	ghidra	globlopt.c	gap	-	-	none	mech	-	1	2	2	0	-	0	-
10b4ba65	13	ghidra	globlopt.c	gap	-	-	none	mech	-	1	1	3	0	-	0	-
10b4ba72	282	ghidra	globlopt.c	gap	-	-	none	mech	-	1	10	1	0	-	0	-
10b4bb8c	48	ghidra	globlopt.c	gap	-	-	none	mech	-	1	2	2	0	-	0	-
10b4bbbc	46	ghidra	globlopt.c	gap	-	-	none	mech	-	1	2	2	0	-	0	-
10b4bbea	517	ghidra	globlopt.c	gap	-	-	none	mech	-	1	6	2	0	-	0	-
10b4bdef	73	ghidra	globlopt.c	gap	-	-	none	mech	-	2	2	2	0	-	0	-
10b4be38	75	ghidra	globlopt.c	gap	-	-	none	mech	-	1	5	2	0	-	0	-
10b4be83	20	ghidra	globlopt.c	gap	-	-	none	mech	-	1	1	2	0	-	0	-
10b4be97	81	ghidra	globlopt.c	gap	-	-	none	mech	-	1	1	2	0	-	0	-
10b4bee8	19	ghidra	globlopt.c	gap	-	-	none	mech	-	1	0	2	0	-	0	-
10b4befb	397	ghidra	globlopt.c	gap	-	-	none	mech	-	1	6	2	0	-	0	-
10b4c088	62	ghidra	globlopt.c	gap	-	-	none	mech	-	4	2	2	0	-	0	-
10b4c0c6	139	ghidra	globlopt.c	gap	-	-	none	mech	-	2	3	2	0	-	0	-
10b4c151	77	ghidra	globlopt.c	gap	-	-	none	mech	-	2	1	2	0	-	0	-
10b4c19e	533	ghidra	globlopt.c	gap	-	-	none	mech	-	1	10	2	0	-	0	-
10b4c3f7	5	thunk	globlopt.c	gap	-	-	none	high	thunk	3	0	3	0	-	0	-
10b4c3fc	28	ghidra	globlopt.c	gap	-	-	none	mech	-	1	0	2	0	-	0	-
10b4c418	70	ghidra	globlopt.c	gap	-	-	none	mech	-	1	4	1	0	-	0	-
10b4c45e	5	thunk	globlopt.c	gap	-	-	none	high	thunk	2	0	2	0	-	0	-
10b4c463	12	ghidra	globlopt.c	gap	-	-	none	mech	-	5	0	2	0	-	0	-
10b4c46f	18	ghidra	globlopt.c	gap	-	-	none	mech	-	1	1	3	0	-	0	-
10b4c481	43	ghidra	globlopt.c	gap	-	-	none	mech	-	1	2	1	0	-	0	-
10b4c4ac	203	ghidra	globlopt.c	gap	-	-	none	mech	-	3	4	2	0	-	0	-
10b4c577	5	thunk	globlopt.c	gap	-	-	none	high	thunk	2	0	2	0	-	0	-
10b4c57c	37	ghidra	globlopt.c	gap	-	-	none	mech	-	1	1	2	0	-	0	-
10b4c5a1	173	ghidra	globlopt.c	gap	-	-	none	mech	-	2	4	1	0	-	0	-
10b4c64e	31	ghidra	globlopt.c	gap	-	-	none	mech	-	1	1	3	0	-	0	-
10b4c66d	67	ghidra	globlopt.c	gap	-	-	none	mech	-	1	1	1	0	-	0	-
10b4c6b0	114	ghidra	globlopt.c	gap	-	-	none	mech	-	3	0	2	0	-	0	-
10b4c722	64	ghidra	globlopt.c	gap	-	-	none	mech	-	1	2	2	0	-	0	-
10b4c762	793	ghidra	globopt.c	in-anchor	-	-	none	mech	-	5	13	2	1	e:\\bt\\278379\\vctools\\compiler\\be\\p2\\gl…	0	-
10b4ca7b	166	ghidra	globopt.c	in-anchor	-	-	none	mech	-	5	6	2	0	-	0	-
10b4cb21	27	ghidra	globopt.c	in-anchor	-	-	none	mech	-	4	1	2	0	-	0	-
10b4cb3c	33	ghidra	globopt.c	in-anchor	-	-	none	mech	-	8	2	2	0	-	0	-
10b4cb5d	298	ghidra	globopt.c	in-anchor	-	-	none	mech	-	1	2	2	1	e:\\bt\\278379\\vctools\\compiler\\be\\p2\\gl…	0	-
10b4cc87	437	ghidra	globopt.c	in-anchor	-	-	none	mech	-	8	0	2	0	-	0	-
10b4ce3c	30	ghidra	globopt.c	in-anchor	-	-	none	mech	-	6	1	1	0	-	0	-
10b4ce5a	24	ghidra	globopt.c	in-anchor	-	-	none	mech	-	2	1	1	0	-	0	-
10b4ce72	37	ghidra	globopt.c	in-anchor	-	-	none	mech	-	1	2	1	0	-	0	-
10b4ce97	49	ghidra	globopt.c	in-anchor	-	-	none	mech	-	1	2	2	0	-	0	-
10b4cec8	103	ghidra	globopt.c	in-anchor	-	-	none	mech	-	2	3	2	0	-	0	-
10b4cf2f	49	ghidra	globopt.c	in-anchor	-	-	none	mech	-	1	3	2	0	-	0	-
10b4cf60	57	ghidra	globopt.c	in-anchor	-	-	none	mech	-	1	3	2	0	-	0	-
10b4cf99	1096	ghidra	globopt.c	in-anchor	-	-	none	mech	-	1	16	1	0	-	0	-
10b4d3e1	180	ghidra	globopt.c	in-anchor	-	-	none	mech	-	1	1	1	0	-	0	-
10b4d495	820	ghidra	globopt.c	in-anchor	-	-	none	mech	-	2	3	2	0	-	0	-
10b4d7c9	697	ghidra	globopt.c	in-anchor	-	-	none	mech	-	1	15	2	0	-	0	-
10b4da82	280	ghidra	globopt.c	in-anchor	-	-	none	mech	-	2	2	2	0	-	0	-
10b4dbaa	18	ghidra	globopt.c	in-anchor	-	-	none	mech	-	5	1	2	0	-	0	-
10b4dbbc	2753	ghidra	globopt.c	in-anchor	-	-	none	mech	-	1	27	2	0	-	0	-
10b4e6a1	148	ghidra	globopt.c	in-anchor	-	-	none	mech	-	1	6	2	0	-	0	-
10b4e735	188	ghidra	globopt.c	in-anchor	-	-	none	mech	-	5	5	2	0	-	0	-
10b4e7f1	25	ghidra	globopt.c	in-anchor	-	-	none	mech	-	4	2	2	0	-	0	-
10b4e80a	16	ghidra	globopt.c	in-anchor	-	-	none	mech	-	2	1	3	0	-	0	-
10b4e81a	369	ghidra	globopt.c	in-anchor	-	-	none	mech	-	2	6	2	0	-	0	-
10b4e994	855	ghidra	globopt.c	in-anchor	-	-	none	mech	-	1	15	1	0	-	0	-
10b4eceb	422	ghidra	globopt.c	in-anchor	-	-	none	mech	-	1	9	2	0	-	0	-
10b4ee91	129	ghidra	globopt.c	in-anchor	-	-	none	mech	-	1	4	2	0	-	0	-
10b4ef12	231	ghidra	globopt.c	in-anchor	-	-	none	mech	-	2	7	1	0	-	0	-
10b4eff9	205	ghidra	globopt.c	in-anchor	-	-	none	mech	-	3	7	2	0	-	0	-
10b4f0c6	197	ghidra	globopt.c	in-anchor	-	-	none	mech	-	1	3	2	0	-	0	-
10b4f18b	138	ghidra	globopt.c	in-anchor	-	-	none	mech	-	2	3	2	0	-	0	-
10b4f215	13	ghidra	globopt.c	in-anchor	-	-	none	mech	-	1	1	2	0	-	0	-
10b4f222	245	ghidra	globopt.c	in-anchor	-	-	none	mech	-	2	8	1	0	-	0	-
10b4f317	570	ghidra	globopt.c	in-anchor	-	-	none	mech	-	1	16	1	0	-	0	-
10b4f551	354	ghidra	globopt.c	in-anchor	-	-	none	mech	-	1	8	2	0	-	0	-
10b4f6b3	653	ghidra	globopt.c	in-anchor	-	-	none	mech	-	1	9	2	0	-	0	-
10b4f940	84	ghidra	globopt.c	in-anchor	-	-	none	mech	-	2	2	2	0	-	0	-
10b4f994	285	ghidra	globopt.c	in-anchor	-	-	none	mech	-	1	9	2	0	-	0	-
10b4fab1	835	ghidra	globopt.c	in-anchor	-	-	none	mech	-	1	14	1	0	-	0	-
10b4fdf4	1557	ghidra	globopt.c	in-anchor	-	-	none	mech	-	1	20	1	0	-	0	-
10b50409	2026	ghidra	globopt.c	in-anchor	-	-	none	mech	-	4	31	2	1	e:\\bt\\278379\\vctools\\compiler\\be\\p2\\gl…	0	-
10b50bf3	80	ghidra	globopt.c	in-anchor	-	-	none	mech	-	3	2	2	0	-	0	-
10b50c43	3469	ghidra	globopt.c	in-anchor	-	-	none	mech	-	1	49	1	0	-	0	-
10b519d0	2269	ghidra	globopt.c	in-anchor	-	-	none	mech	-	1	39	1	0	-	0	-
10b522ad	923	ghidra	globopt.c	in-anchor	-	-	none	mech	-	5	24	1	0	-	0	-
10b52648	18	ghidra	globopt.c	in-anchor	-	-	none	mech	-	8	1	2	0	-	0	-
10b5265a	414	ghidra	globopt.c	in-anchor	-	-	none	mech	-	1	9	2	0	-	0	-
10b527f8	344	ghidra	globopt.c	in-anchor	-	-	none	mech	-	2	4	2	0	-	0	-
10b52950	74	ghidra	globopt.c	in-anchor	-	-	none	mech	-	2	1	3	0	-	0	-
10b5299a	52	ghidra	globopt.c	in-anchor	-	-	none	mech	-	1	1	2	0	-	0	-
10b529ce	40	ghidra	globopt.c	in-anchor	-	-	none	mech	-	1	1	3	0	-	0	-
10b529f6	689	ghidra	globopt.c	in-anchor	-	-	none	mech	-	4	10	2	1	e:\\bt\\278379\\vctools\\compiler\\be\\p2\\gl…	0	-
10b52ca7	7	ghidra	globopt.c	gap	-	-	none	mech	-	4	1	2	0	-	0	-
10b52cae	322	ghidra	globopt.c	gap	-	-	none	mech	-	1	10	2	0	-	0	-
10b52df0	251	ghidra	globopt.c	gap	-	-	none	mech	-	1	3	2	0	-	0	-
10b52eeb	19	ghidra	globopt.c	gap	-	-	none	mech	-	1	1	3	0	-	0	-
10b52efe	25	ghidra	globopt.c	gap	-	-	none	mech	-	1	2	2	0	-	0	-
10b52f17	903	ghidra	globopt.c	gap	-	-	none	mech	-	9	17	1	0	-	0	-
10b5329e	1614	ghidra	globopt.c	gap	-	-	none	mech	-	2	19	1	0	-	0	-
10b538ec	238	ghidra	globopt.c	gap	-	-	none	mech	-	1	5	2	0	-	0	-
10b539da	255	ghidra	globopt.c	gap	-	-	none	mech	-	1	7	2	0	-	0	-
10b53ad9	299	ghidra	globopt.c	gap	-	-	none	mech	-	1	5	2	0	-	0	-
10b53c04	45	ghidra	globopt.c	gap	-	-	none	mech	-	1	1	2	0	-	0	-
10b53c31	268	ghidra	globopt.c	gap	-	-	none	mech	-	5	6	2	0	-	0	-
10b53d3d	304	ghidra	globopt.c	gap	-	-	none	mech	-	1	10	2	0	-	0	-
10b53e6d	1686	ghidra	globopt.c	gap	-	-	none	mech	-	1	53	2	0	-	0	-
10b54503	29	ghidra	globopt.c	gap	-	-	none	mech	-	34	1	2	0	-	0	-
10b54520	12	ghidra	globopt.c	gap	-	-	none	mech	-	3	0	2	0	-	0	-
10b5452c	6	ghidra	globopt.c	gap	-	-	none	mech	-	1	0	3	0	-	0	-
10b54532	73	ghidra	globopt.c	gap	-	-	none	mech	-	2	2	2	0	-	0	-
10b5457b	54	ghidra	globopt.c	gap	-	-	none	mech	-	1	0	2	0	-	0	-
10b545b1	457	ghidra	globopt.c	gap	-	-	none	mech	-	1	10	1	0	-	0	-
10b5477a	206	ghidra	globopt.c	gap	-	-	none	mech	-	2	7	1	0	-	0	-
10b54848	188	ghidra	globopt.c	gap	regalloc	P_REGALLOC.md	paged	mech	-	3	9	0	0	-	0	-
10b54904	177	ghidra	globopt.c	gap	regalloc	P_REGALLOC.md	paged	mech	-	5	8	0	0	-	0	-
10b549b5	38	ghidra	globopt.c	gap	-	-	cited	mech	-	2	1	1	0	-	0	-
10b549db	52	ghidra	globopt.c	gap	-	-	none	mech	-	1	0	2	0	-	0	-
10b54a0f	132	ghidra	globopt.c	gap	-	-	none	mech	-	2	3	1	0	-	0	-
10b54a93	104	ghidra	globopt.c	gap	-	-	none	mech	-	2	4	1	0	-	0	-
10b54afb	178	ghidra	globopt.c	gap	-	-	none	mech	-	7	8	1	0	-	0	-
10b54bad	67	ghidra	globopt.c	gap	-	-	none	mech	-	1	3	1	0	-	0	-
10b54bf0	23	ghidra	globopt.c	gap	-	-	none	mech	-	1	0	1	0	-	0	-
10b54c07	222	ghidra	globopt.c	gap	-	-	cited	mech	-	1	5	1	0	-	0	-
10b54ce5	77	ghidra	globopt.c	gap	-	-	none	mech	-	1	1	1	0	-	0	-
10b54d32	130	ghidra	globopt.c	gap	regalloc	P_REGALLOC.md	paged	mech	-	6	5	0	0	-	0	-
10b54db4	60	ghidra	globopt.c	gap	-	-	none	mech	-	1	0	1	0	-	0	-
10b54df0	19	ghidra	globopt.c	gap	-	-	none	mech	-	1	0	2	0	-	0	-
10b54e03	62	ghidra	globopt.c	gap	-	-	none	mech	-	1	0	2	0	-	0	-
10b54e41	66	ghidra	globopt.c	gap	-	-	none	mech	-	1	0	2	0	-	0	-
10b54e83	39	ghidra	globopt.c	gap	-	-	none	mech	-	3	2	2	0	-	0	-
10b54eaa	41	ghidra	globopt.c	gap	-	-	none	mech	-	2	1	1	0	-	0	-
10b54ed3	39	ghidra	globopt.c	gap	-	-	none	mech	-	1	0	3	0	-	0	-
10b54efa	63	ghidra	globopt.c	gap	-	-	none	mech	-	1	2	1	0	-	0	-
10b54f39	88	ghidra	globopt.c	gap	-	-	none	mech	-	1	0	3	0	-	0	-
10b54f91	78	ghidra	globopt.c	gap	-	-	none	mech	-	2	0	2	0	-	0	-
10b54fdf	36	ghidra	globopt.c	gap	-	-	none	mech	-	1	1	2	0	-	0	-
10b55003	116	ghidra	globopt.c	gap	-	-	none	mech	-	1	2	2	0	-	0	-
10b55077	110	ghidra	globopt.c	gap	-	-	none	mech	-	1	2	2	0	-	0	-
10b550e5	490	ghidra	globopt.c	gap	-	-	none	mech	-	1	5	1	0	-	0	-
10b552cf	254	ghidra	globopt.c	gap	-	-	none	mech	-	2	1	2	0	-	0	-
10b553cd	48	ghidra	globopt.c	gap	-	-	none	mech	-	1	3	1	0	-	0	-
10b553fd	44	ghidra	globopt.c	gap	-	-	none	mech	-	1	3	1	0	-	0	-
10b55429	777	ghidra	globopt.c	gap	-	-	none	mech	-	2	21	1	0	-	0	-
10b55732	1676	ghidra	globopt.c	gap	regalloc	P_REGALLOC.md	paged	mech	-	1	18	0	0	-	0	-
10b55dbe	240	ghidra	globopt.c	gap	-	-	cited	mech	-	1	5	1	0	-	0	-
10b55eae	1468	ghidra	globregs.c	in-anchor	regalloc	P_REGALLOC.md	paged	medium	live-sets: globregs.c body: walks the block chain off [param_1+8], clears and rebuilds the bitsets at block fields +0x0c/+0x0d/+0x11/+0x12/+0x13/+0x0f, and iterates a set with 10b27290 mapping each m…	1	18	0	1	e:\\bt\\278379\\vctools\\compiler\\be\\p2\\gl…	0	-
10b5646a	294	ghidra	globregs.c	gap	regalloc	P_REGALLOC.md	none	mech	-	3	10	1	0	-	0	-
10b56590	345	ghidra	globregs.c	gap	regalloc	P_REGALLOC.md	none	mech	-	1	7	2	0	-	0	-
10b566e9	85	ghidra	globregs.c	gap	regalloc	P_REGALLOC.md	none	mech	-	1	0	2	0	-	0	-
10b5673e	369	ghidra	globregs.c	gap	regalloc	P_REGALLOC.md	cited	mech	-	1	9	1	0	-	0	-
10b568af	1129	ghidra	globregs.c	gap	regalloc	P_REGALLOC.md	none	mech	-	1	18	1	0	-	0	-
10b56d18	608	ghidra	globregs.c	gap	regalloc	P_REGALLOC.md	none	mech	-	1	18	1	0	-	0	-
10b56f78	139	ghidra	globregs.c	gap	regalloc	P_REGALLOC.md	none	mech	-	2	7	2	0	-	0	-
10b57003	380	ghidra	globregs.c	gap	regalloc	P_REGALLOC.md	none	mech	-	1	7	2	0	-	0	-
10b5717f	1204	ghidra	globregs.c	gap	regalloc	P_REGALLOC.md	none	mech	-	1	19	1	0	-	0	-
10b57633	541	ghidra	globregs.c	gap	regalloc	P_REGALLOC.md	cited	mech	-	1	31	1	0	-	0	-
10b57850	39	ghidra	globregs.c	gap	regalloc	P_REGALLOC.md	cited	mech	-	3	0	2	0	-	0	-
10b57877	46	ghidra	globregs.c	gap	regalloc	P_REGALLOC.md	none	mech	-	2	2	2	0	-	0	-
10b578a5	48	ghidra	globregs.c	gap	regalloc	P_REGALLOC.md	none	mech	-	3	0	2	0	-	0	-
10b578d5	59	ghidra	globregs.c	gap	regalloc	P_REGALLOC.md	none	mech	-	2	1	2	0	-	0	-
10b57910	97	ghidra	globregs.c	gap	regalloc	P_REGALLOC.md	none	mech	-	1	1	1	0	-	0	-
10b57971	63	ghidra	globregs.c	gap	regalloc	P_REGALLOC.md	none	mech	-	12	0	2	0	-	0	-
10b579b0	17	ghidra	globregs.c	gap	regalloc	P_REGALLOC.md	none	mech	-	4	0	3	0	-	0	-
10b579c1	15	ghidra	globregs.c	gap	regalloc	P_REGALLOC.md	none	mech	-	3	0	2	0	-	0	-
10b579d0	102	ghidra	globregs.c	gap	regalloc	P_REGALLOC.md	none	mech	-	4	1	2	0	-	0	-
10b57a36	33	ghidra	globregs.c	gap	regalloc	P_REGALLOC.md	none	mech	-	2	1	1	0	-	0	-
10b57a57	46	ghidra	globregs.c	gap	regalloc	P_REGALLOC.md	none	mech	-	2	2	2	0	-	0	-
10b57a85	456	ghidra	globregs.c	gap	regalloc	P_REGALLOC.md	none	mech	-	4	4	2	0	-	0	-
10b57c4d	54	ghidra	globregs.c	gap	regalloc	P_REGALLOC.md	none	mech	-	1	0	2	0	-	0	-
10b57c83	766	ghidra	globregs.c	gap	regalloc	P_REGALLOC.md	none	mech	-	1	7	1	0	-	0	-
10b57f81	168	ghidra	globregs.c	gap	regalloc	P_REGALLOC.md	none	mech	-	1	1	3	0	-	0	-
10b58029	547	ghidra	globregs.c	gap	regalloc	P_REGALLOC.md	none	mech	-	3	8	2	0	-	0	-
10b5824c	76	ghidra	globregs.c	gap	regalloc	P_REGALLOC.md	none	mech	-	1	1	1	0	-	0	-
10b58298	38	ghidra	globregs.c	gap	regalloc	P_REGALLOC.md	none	mech	-	1	0	2	0	-	0	-
10b582be	49	ghidra	globregs.c	gap	regalloc	P_REGALLOC.md	none	mech	-	1	1	2	0	-	0	-
10b582ef	132	ghidra	globregs.c	gap	regalloc	P_REGALLOC.md	none	mech	-	2	1	3	0	-	0	-
10b58373	39	ghidra	globregs.c	gap	regalloc	P_REGALLOC.md	none	mech	-	0	2	1	0	-	0	-
10b5839a	141	ghidra	globregs.c	gap	regalloc	P_REGALLOC.md	none	mech	-	0	3	1	0	-	0	-
10b58427	19	ghidra	globregs.c	gap	regalloc	P_REGALLOC.md	none	mech	-	0	0	-	0	-	0	-
10b5843a	56	ghidra	globregs.c	gap	regalloc	P_REGALLOC.md	none	mech	-	2	0	2	0	-	0	-
10b58472	67	ghidra	globregs.c	gap	regalloc	P_REGALLOC.md	none	mech	-	1	2	1	1	__$ArrayPad	0	-
10b584b5	13	ghidra	globregs.c	gap	regalloc	P_REGALLOC.md	none	mech	-	0	0	-	0	-	0	-
10b584c2	144	ghidra	globregs.c	gap	regalloc	P_REGALLOC.md	none	mech	-	0	1	2	0	-	0	-
10b58552	1129	ghidra	globregs.c	gap	regalloc	P_REGALLOC.md	none	mech	-	1	7	1	0	-	0	-
10b589bb	796	ghidra	globregs.c	gap	regalloc	P_REGALLOC.md	none	mech	-	2	12	1	0	-	0	-
10b58cd7	175	ghidra	globregs.c	gap	regalloc	P_REGALLOC.md	none	mech	-	1	4	1	0	-	0	-
10b58f60	198	ghidra	globregs.c	gap	regalloc	P_REGALLOC.md	none	mech	-	1	5	2	0	-	0	-
10b59026	8	ghidra	globregs.c	gap	regalloc	P_REGALLOC.md	none	mech	-	1	0	1	0	-	0	-
10b5902e	99	ghidra	globregs.c	gap	regalloc	P_REGALLOC.md	labelled	high	section-select: creates .rtc$IMZ / .rtc$TMZ (both kind 4, group "CONST")	1	3	0	3	.rtc$TMZ | .rtc$IMZ | CONST	0	-
10b59091	284	ghidra	globregs.c	gap	regalloc	P_REGALLOC.md	none	mech	-	1	9	1	1	CONST	2	strcat_s,strcpy_s
10b591ad	297	ghidra	globregs.c	gap	regalloc	P_REGALLOC.md	none	mech	-	1	6	1	2	rtcName$ | %s%s%d	1	sprintf_s
10b592d6	731	ghidra	globregs.c	gap	regalloc	P_REGALLOC.md	none	mech	-	1	7	1	2	$rtcFrameData | $rtcVarDesc	1	sprintf_s
10b595b1	63	ghidra	globregs.c	gap	regalloc	P_REGALLOC.md	none	mech	-	2	1	2	0	-	0	-
10b595f0	51	ghidra	globregs.c	gap	regalloc	P_REGALLOC.md	none	mech	-	1	2	2	0	-	0	-
10b59623	594	ghidra	globregs.c	gap	regalloc	P_REGALLOC.md	none	mech	-	1	15	1	2	_RTC_AllocaHelper@12 | __$AllocaPad$	0	-
10b59875	47	ghidra	globregs.c	gap	regalloc	P_REGALLOC.md	none	mech	-	1	1	1	0	-	0	-
10b598a4	77	ghidra	globregs.c	gap	regalloc	P_REGALLOC.md	none	mech	-	1	1	1	2	.rtc$TMZ | .rtc$IMZ	0	-
10b598f1	154	ghidra	globregs.c	gap	regalloc	P_REGALLOC.md	none	mech	-	2	7	1	0	-	0	-
10b5998b	87	ghidra	globregs.c	gap	regalloc	P_REGALLOC.md	none	mech	-	1	1	2	0	-	0	-
10b599e2	227	ghidra	globregs.c	gap	regalloc	P_REGALLOC.md	none	mech	-	1	13	2	0	-	0	-
10b59ac5	63	ghidra	globregs.c	gap	regalloc	P_REGALLOC.md	none	mech	-	1	2	1	0	-	0	-
10b59b04	1116	ghidra	globregs.c	gap	regalloc	P_REGALLOC.md	none	mech	-	1	14	1	0	-	0	-
10b59f60	521	ghidra	globregs.c	gap	regalloc	P_REGALLOC.md	none	mech	-	1	9	1	0	-	0	-
10b5a169	61	ghidra	globregs.c	gap	regalloc	P_REGALLOC.md	none	mech	-	1	1	2	0	-	0	-
10b5a1a6	86	ghidra	globregs.c	gap	regalloc	P_REGALLOC.md	none	mech	-	1	0	3	0	-	0	-
10b5a1fc	65	ghidra	hash.c	in-anchor	-	-	cited	mech	-	2	3	1	1	e:\\bt\\278379\\vctools\\compiler\\be\\p2\\ha…	0	-
10b5a23d	194	ghidra	hash.c	in-anchor	-	-	none	mech	-	1	7	1	0	-	0	-
10b5a2ff	29	ghidra	hash.c	in-anchor	-	-	none	mech	-	2	0	2	0	-	0	-
10b5a31c	69	ghidra	hash.c	in-anchor	-	-	none	mech	-	4	1	2	1	e:\\bt\\278379\\vctools\\compiler\\be\\p2\\ha…	0	-
10b5a361	56	ghidra	hash.c	in-anchor	-	-	none	mech	-	1	1	2	0	-	0	-
10b5a399	51	ghidra	hash.c	in-anchor	-	-	labelled	high	cse-hash: sibling of 10b5a3cc in the same 101-bucket table	1	0	0	0	-	0	-
10b5a3cc	51	ghidra	hash.c	in-anchor	-	-	labelled	high	cse-hash: CSE/value-number hash, % 0x65 (101 buckets) — this is what hash.c actually holds	4	1	0	0	-	0	-
10b5a3ff	54	ghidra	hash.c	in-anchor	-	-	none	mech	-	4	0	2	0	-	0	-
10b5a435	56	ghidra	hash.c	in-anchor	-	-	none	mech	-	1	0	2	0	-	0	-
10b5a46d	56	ghidra	hash.c	in-anchor	-	-	none	mech	-	1	0	2	0	-	0	-
10b5a4a5	31	ghidra	hash.c	in-anchor	-	-	none	mech	-	1	1	2	0	-	0	-
10b5a4c4	38	ghidra	hash.c	in-anchor	-	-	none	mech	-	1	0	2	0	-	0	-
10b5a4ea	116	ghidra	hash.c	in-anchor	-	-	none	mech	-	1	6	1	0	-	0	-
10b5a55e	112	ghidra	hash.c	in-anchor	-	-	none	mech	-	1	6	1	0	-	0	-
10b5a5ce	84	ghidra	hash.c	in-anchor	-	-	none	mech	-	4	4	2	0	-	0	-
10b5a622	65	ghidra	hash.c	in-anchor	-	-	none	mech	-	2	2	2	0	-	0	-
10b5a6d0	597	ghidra	hash.c	in-anchor	-	-	none	mech	-	2	8	1	0	-	0	-
10b5a99b	249	ghidra	hash.c	in-anchor	-	-	none	mech	-	7	7	1	0	-	0	-
10b5a9b1	262	ghidra	hash.c	in-anchor	-	-	none	mech	-	7	3	1	0	-	0	-
10b5aab7	91	ghidra	hash.c	in-anchor	-	-	none	mech	-	1	2	2	0	-	0	-
10b5ab12	88	ghidra	hash.c	in-anchor	-	-	none	mech	-	1	3	2	0	-	0	-
10b5ab6a	114	ghidra	hash.c	in-anchor	-	-	none	mech	-	1	0	3	0	-	0	-
10b5abdc	33	ghidra	hash.c	in-anchor	-	-	none	mech	-	1	3	2	0	-	0	-
10b5abfd	147	ghidra	hash.c	in-anchor	-	-	none	mech	-	3	4	1	0	-	0	-
10b5ac90	414	ghidra	hash.c	in-anchor	-	-	none	mech	-	4	4	2	0	-	0	-
10b5ae2e	74	ghidra	hash.c	in-anchor	-	-	none	mech	-	3	2	2	0	-	0	-
10b5ae78	51	ghidra	hash.c	in-anchor	-	-	none	mech	-	3	3	1	0	-	0	-
10b5aeab	304	ghidra	hash.c	in-anchor	-	-	none	mech	-	14	8	1	0	-	0	-
10b5afdb	216	ghidra	hash.c	in-anchor	-	-	none	mech	-	1	7	1	0	-	0	-
10b5b0b3	59	ghidra	hash.c	in-anchor	-	-	none	mech	-	3	3	1	0	-	0	-
10b5b0ee	177	ghidra	hash.c	in-anchor	-	-	none	mech	-	2	3	2	1	e:\\bt\\278379\\vctools\\compiler\\be\\p2\\ha…	0	-
10b5b1a0	79	ghidra	hash.c	in-anchor	-	-	cited	mech	-	2	2	2	1	e:\\bt\\278379\\vctools\\compiler\\be\\p2\\ha…	0	-
10b5b1ef	58	ghidra	hash.c	gap	-	-	none	mech	-	8	4	2	0	-	0	-
10b5b229	57	ghidra	hash.c	gap	-	-	none	mech	-	2	3	2	0	-	0	-
10b5b262	917	ghidra	hash.c	gap	-	-	none	mech	-	1	23	1	0	-	0	-
10b5b5f7	29	ghidra	hash.c	gap	-	-	none	mech	-	1	1	2	0	-	0	-
10b5b614	139	ghidra	hash.c	gap	-	-	none	mech	-	4	2	1	0	-	1	wcscpy_s
10b5b69f	47	ghidra	hash.c	gap	-	-	none	mech	-	1	0	1	0	-	0	-
10b5b6ce	38	ghidra	hash.c	gap	-	-	none	mech	-	1	0	1	0	-	0	-
10b5b6f4	148	ghidra	hash.c	gap	-	-	none	mech	-	1	1	1	0	-	0	-
10b5b788	27	ghidra	hash.c	gap	-	-	none	mech	-	1	0	2	0	-	0	-
10b5b7a3	49	ghidra	hash.c	gap	-	-	none	mech	-	1	1	2	0	-	0	-
10b5b7d4	153	ghidra	hash.c	gap	-	-	none	mech	-	1	3	1	0	-	0	-
10b5b86d	34	ghidra	hash.c	gap	inline	P_INLINE.md	paged	mech	-	1	0	0	0	-	0	-
10b5b88f	335	ghidra	hash.c	gap	-	-	none	mech	-	2	0	2	0	-	0	-
10b5b9de	147	ghidra	hash.c	gap	-	-	none	mech	-	1	0	1	0	-	0	-
10b5ba71	509	ghidra	hash.c	gap	-	-	none	mech	-	1	1	1	0	-	0	-
10b5bc6e	541	ghidra	hash.c	gap	-	-	none	mech	-	1	1	1	0	-	0	-
10b5be8b	33	ghidra	hash.c	gap	-	-	none	mech	-	1	0	2	0	-	0	-
10b5beac	216	ghidra	hash.c	gap	-	-	none	mech	-	1	4	1	0	-	0	-
10b5bf84	42	ghidra	hash.c	gap	-	-	none	mech	-	3	0	1	0	-	0	-
10b5bfae	18	ghidra	hash.c	gap	-	-	none	mech	-	13	0	1	0	-	0	-
10b5bfc0	123	ghidra	hash.c	gap	-	-	none	mech	-	2	3	1	0	-	0	-
10b5c03b	48	ghidra	hash.c	gap	-	-	none	mech	-	1	3	1	0	-	0	-
10b5c06b	60	ghidra	hash.c	gap	inline	P_INLINE.md	paged	mech	-	5	0	0	0	-	0	-
10b5c0a7	29	ghidra	hash.c	gap	-	-	none	mech	-	2	0	1	0	-	0	-
10b5c0c4	28	ghidra	hash.c	gap	-	-	none	mech	-	1	0	1	0	-	0	-
10b5c0e0	272	ghidra	hash.c	gap	-	-	none	mech	-	1	3	2	0	-	3	strchr,strcpy_s,strncmp
10b5c1f0	1416	ghidra	hash.c	gap	-	-	none	mech	-	3	6	1	0	-	0	-
10b5c778	261	ghidra	hash.c	gap	-	-	none	mech	-	2	2	1	0	-	0	-
10b5c87d	126	ghidra	hash.c	gap	-	-	none	mech	-	2	6	1	0	-	0	-
10b5c8fb	96	ghidra	hash.c	gap	-	-	none	mech	-	6	0	1	1	__$ReturnUdt	1	strstr
10b5c95b	50	ghidra	hash.c	gap	-	-	none	mech	-	5	0	1	0	-	0	-
10b5c98d	66	ghidra	hash.c	gap	-	-	none	mech	-	2	0	2	0	-	0	-
10b5c9cf	43	ghidra	hash.c	gap	-	-	none	mech	-	3	1	1	0	-	0	-
10b5c9fa	51	ghidra	hash.c	gap	-	-	none	mech	-	3	1	1	1	EH/UDT conflict	0	-
10b5ca2d	117	ghidra	hash.c	gap	-	-	none	mech	-	1	0	2	0	-	0	-
10b5caa2	315	ghidra	hash.c	gap	-	-	none	mech	-	1	1	2	0	-	0	-
10b5cbdd	175	ghidra	hash.c	gap	-	-	none	mech	-	1	4	2	0	-	0	-
10b5cc8c	77	ghidra	hash.c	gap	-	-	none	mech	-	6	0	1	0	-	0	-
10b5ccd9	201	ghidra	hash.c	gap	-	-	none	mech	-	1	1	2	0	-	0	-
10b5cda2	275	ghidra	hash.c	gap	-	-	none	mech	-	2	3	1	0	-	0	-
10b5ceb5	137	ghidra	hash.c	gap	-	-	none	mech	-	1	3	1	0	-	0	-
10b5cf3e	69	ghidra	hash.c	gap	-	-	none	mech	-	2	1	3	0	-	0	-
10b5cf83	81	ghidra	hash.c	gap	-	-	none	mech	-	5	3	2	0	-	0	-
10b5cfd4	504	ghidra	inline.c	in-anchor	inline	P_INLINE.md	cited	mech	-	1	15	1	1	e:\\bt\\278379\\vctools\\compiler\\be\\p2\\in…	0	-
10b5d1cc	228	ghidra	inline.c	in-anchor	inline	P_INLINE.md	none	mech	-	3	1	2	0	-	0	-
10b5d2b0	165	ghidra	inline.c	in-anchor	inline	P_INLINE.md	none	mech	-	2	2	3	0	-	0	-
10b5d355	276	ghidra	inline.c	in-anchor	inline	P_INLINE.md	none	mech	-	1	0	4	0	-	0	-
10b5d469	148	ghidra	inline.c	in-anchor	inline	P_INLINE.md	none	mech	-	1	0	4	0	-	0	-
10b5d4fd	81	ghidra	inline.c	in-anchor	inline	P_INLINE.md	none	mech	-	1	3	2	0	-	0	-
10b5d54e	225	ghidra	inline.c	in-anchor	inline	P_INLINE.md	none	mech	-	1	0	1	0	-	0	-
10b5d62f	289	ghidra	inline.c	in-anchor	inline	P_INLINE.md	none	mech	-	1	0	1	0	-	0	-
10b5d750	576	ghidra	inline.c	in-anchor	inline	P_INLINE.md	none	mech	-	2	10	1	0	-	0	-
10b5d990	78	ghidra	inline.c	in-anchor	inline	P_INLINE.md	none	mech	-	1	0	3	0	-	0	-
10b5d9de	81	ghidra	inline.c	in-anchor	inline	P_INLINE.md	none	mech	-	1	1	1	0	-	0	-
10b5da2f	573	ghidra	inline.c	in-anchor	inline	P_INLINE.md	none	mech	-	1	1	2	0	-	0	-
10b5dc6c	114	ghidra	inline.c	in-anchor	inline	P_INLINE.md	none	mech	-	1	0	3	0	-	0	-
10b5dcde	142	ghidra	inline.c	in-anchor	inline	P_INLINE.md	none	mech	-	2	2	2	0	-	0	-
10b5dd6c	240	ghidra	inline.c	in-anchor	inline	P_INLINE.md	none	mech	-	2	2	2	0	-	0	-
10b5de5c	38	ghidra	inline.c	in-anchor	inline	P_INLINE.md	none	mech	-	3	1	2	0	-	0	-
10b5de82	230	ghidra	inline.c	in-anchor	inline	P_INLINE.md	none	mech	-	5	2	1	0	-	0	-
10b5df68	114	ghidra	inline.c	in-anchor	inline	P_INLINE.md	none	mech	-	2	1	3	0	-	0	-
10b5dfda	32	ghidra	inline.c	in-anchor	inline	P_INLINE.md	none	mech	-	1	1	1	0	-	0	-
10b5dffa	310	ghidra	inline.c	in-anchor	inline	P_INLINE.md	none	mech	-	1	2	2	0	-	0	-
10b5e130	30	ghidra	inline.c	in-anchor	inline	P_INLINE.md	none	mech	-	1	2	2	0	-	0	-
10b5e14e	894	ghidra	inline.c	in-anchor	inline	P_INLINE.md	none	mech	-	1	19	1	0	-	0	-
10b5e4cc	101	ghidra	inline.c	in-anchor	inline	P_INLINE.md	paged	mech	-	1	3	0	0	-	0	-
10b5e531	284	ghidra	inline.c	in-anchor	inline	P_INLINE.md	none	mech	-	2	8	1	0	-	0	-
10b5e64d	88	ghidra	inline.c	in-anchor	inline	P_INLINE.md	none	mech	-	3	2	1	0	-	0	-
10b5e6a5	768	ghidra	inline.c	in-anchor	inline	P_INLINE.md	paged	mech	-	3	8	0	0	-	0	-
10b5e9a5	607	ghidra	inline.c	in-anchor	inline	P_INLINE.md	none	mech	-	1	9	1	3	will cause C4714 | Global opts off | Global opts on	0	-
10b5ec04	1092	ghidra	inline.c	in-anchor	inline	P_INLINE.md	none	mech	-	2	6	2	0	-	0	-
10b5f048	633	ghidra	inline.c	in-anchor	inline	P_INLINE.md	cited	mech	-	1	15	2	1	e:\\bt\\278379\\vctools\\compiler\\be\\p2\\in…	0	-
10b5f2c2	203	ghidra	inline.c	gap	inline	P_INLINE.md	none	mech	-	2	3	2	0	-	0	-
10b5f38d	56	ghidra	inline.c	gap	inline	P_INLINE.md	none	mech	-	4	1	3	0	-	0	-
10b5f3c5	47	ghidra	inline.c	gap	inline	P_INLINE.md	none	mech	-	1	1	3	0	-	0	-
10b5f3f4	1899	ghidra	inline.c	gap	inline	P_INLINE.md	none	mech	-	2	15	2	0	-	0	-
10b5fb5f	377	ghidra	inline.c	gap	inline	P_INLINE.md	paged	mech	-	3	5	0	1	EH/Global opts conflict	0	-
10b5fcd8	1038	ghidra	inline.c	gap	inline	P_INLINE.md	paged	mech	-	1	6	0	0	-	0	-
10b600e6	1062	ghidra	inline.c	gap	inline	P_INLINE.md	paged	mech	-	1	8	0	0	-	0	-
10b60535	380	ghidra	inline.c	gap	inline	P_INLINE.md	none	mech	-	1	10	2	0	-	0	-
10b606b1	118	ghidra	inline.c	gap	inline	P_INLINE.md	none	mech	-	4	3	3	0	-	0	-
10b60727	521	ghidra	inline.c	gap	inline	P_INLINE.md	none	mech	-	3	13	2	0	-	0	-
10b60930	358	ghidra	inline.c	gap	inline	P_INLINE.md	paged	mech	-	1	7	0	1	INL:\t!!! InlBadCandidate said not to inline …	0	-
10b60a96	856	ghidra	inline.c	gap	inline	P_INLINE.md	none	mech	-	1	9	2	0	-	0	-
10b60dee	216	ghidra	inline.c	gap	inline	P_INLINE.md	none	mech	-	1	3	2	0	-	0	-
10b60ec6	1095	ghidra	inline.c	gap	inline	P_INLINE.md	none	mech	-	1	24	1	0	-	0	-
10b6130d	938	ghidra	inline.c	gap	inline	P_INLINE.md	none	mech	-	1	19	2	0	-	0	-
10b616b7	149	ghidra	inline.c	gap	inline	P_INLINE.md	none	mech	-	1	3	2	0	-	0	-
10b6174c	1504	ghidra	inline.c	gap	inline	P_INLINE.md	none	mech	-	1	39	1	0	-	0	-
10b61d2c	437	ghidra	inline.c	gap	inline	P_INLINE.md	paged	mech	-	1	10	0	0	-	0	-
10b61ee1	539	ghidra	inline.c	gap	inline	P_INLINE.md	paged	mech	-	2	16	0	0	-	0	-
10b620fc	814	ghidra	inline.c	gap	inline	P_INLINE.md	paged	mech	-	1	24	0	3	%s (linear flow)\n | INL:\tInlining %s (%d instrs) into  | SEH/EH conflict	0	-
10b6242a	587	ghidra	inline.c	gap	inline	P_INLINE.md	paged	mech	-	1	6	0	0	-	0	-
10b62675	464	ghidra	inline.c	gap	inline	P_INLINE.md	paged	mech	-	1	11	0	1	ERR:\t%s has been edited; Pogo disabled\n	0	-
10b62845	26	ghidra	inline.c	gap	inline	P_INLINE.md	cited	mech	-	4	0	2	0	-	0	-
10b6285f	67	ghidra	inline.c	gap	inline	P_INLINE.md	none	mech	-	1	1	3	0	-	0	-
10b628a2	26	ghidra	inline.c	gap	inline	P_INLINE.md	none	mech	-	2	0	3	0	-	0	-
10b628bc	12	ghidra	inline.c	gap	inline	P_INLINE.md	none	mech	-	1	0	3	0	-	0	-
10b628c8	30	ghidra	inline.c	gap	inline	P_INLINE.md	none	mech	-	21	0	1	0	-	0	-
10b628e6	10	ghidra	inline.c	gap	inline	P_INLINE.md	none	mech	-	2	0	2	0	-	0	-
10b628f0	191	ghidra	inline.c	gap	inline	P_INLINE.md	none	mech	-	4	0	1	0	-	0	-
10b629af	187	ghidra	inline.c	gap	inline	P_INLINE.md	cited	mech	-	2	0	1	0	-	0	-
10b62a6a	41	ghidra	inline.c	gap	inline	P_INLINE.md	none	mech	-	3	2	2	0	-	0	-
10b62a93	299	ghidra	inline.c	gap	inline	P_INLINE.md	none	mech	-	8	0	2	0	-	0	-
10b62bbe	177	ghidra	inline.c	gap	inline	P_INLINE.md	none	mech	-	1	2	1	0	-	0	-
10b62c6f	81	ghidra	inline.c	gap	inline	P_INLINE.md	none	mech	-	2	2	2	0	-	0	-
10b62cc0	19	ghidra	inline.c	gap	inline	P_INLINE.md	none	mech	-	2	1	1	0	-	0	-
10b62cd3	19	ghidra	inline.c	gap	inline	P_INLINE.md	none	mech	-	1	1	1	0	-	0	-
10b62ce6	367	ghidra	inline.c	gap	inline	P_INLINE.md	none	mech	-	1	0	3	0	-	0	-
10b62e55	98	ghidra	inline.c	gap	inline	P_INLINE.md	none	mech	-	2	3	3	0	-	0	-
10b62eb7	29	ghidra	inline.c	gap	inline	P_INLINE.md	none	mech	-	1	0	2	0	-	0	-
10b62ed4	20	ghidra	inline.c	gap	inline	P_INLINE.md	none	mech	-	1	0	3	0	-	0	-
10b62ee8	99	ghidra	inline.c	gap	inline	P_INLINE.md	none	mech	-	1	1	1	0	-	0	-
10b62f4b	688	ghidra	inline.c	gap	inline	P_INLINE.md	none	mech	-	1	12	1	0	-	0	-
10b631fb	143	ghidra	inline.c	gap	inline	P_INLINE.md	none	mech	-	1	1	2	0	-	0	-
10b6328a	395	ghidra	inline.c	gap	inline	P_INLINE.md	none	mech	-	1	10	1	0	-	0	-
10b63415	51	ghidra	inline.c	gap	inline	P_INLINE.md	none	mech	-	2	2	1	0	-	0	-
10b63448	110	ghidra	inline.c	gap	inline	P_INLINE.md	none	mech	-	3	2	1	0	-	0	-
10b634b6	52	ghidra	inline.c	gap	inline	P_INLINE.md	none	mech	-	3	1	2	0	-	0	-
10b634ea	69	ghidra	inline.c	gap	inline	P_INLINE.md	none	mech	-	1	0	2	0	-	0	-
10b6352f	113	ghidra	inline.c	gap	inline	P_INLINE.md	none	mech	-	6	5	1	0	-	0	-
10b635a0	159	ghidra	inline.c	gap	inline	P_INLINE.md	none	mech	-	2	4	1	0	-	0	-
10b6363f	60	ghidra	inline.c	gap	inline	P_INLINE.md	none	mech	-	18	1	2	0	-	0	-
10b6367b	33	ghidra	inline.c	gap	inline	P_INLINE.md	none	mech	-	3	1	2	0	-	0	-
10b6369c	376	ghidra	inline.c	gap	inline	P_INLINE.md	none	mech	-	1	2	2	0	-	0	-
10b63814	49	ghidra	inline.c	gap	inline	P_INLINE.md	none	mech	-	1	0	2	0	-	0	-
10b63845	41	ghidra	inline.c	gap	inline	P_INLINE.md	none	mech	-	1	0	3	0	-	0	-
10b6386e	61	ghidra	inline.c	gap	inline	P_INLINE.md	none	mech	-	1	2	1	0	-	0	-
10b638ab	64	ghidra	inline.c	gap	inline	P_INLINE.md	none	mech	-	1	2	1	0	-	0	-
10b638eb	34	ghidra	inline.c	gap	inline	P_INLINE.md	none	mech	-	5	0	3	0	-	0	-
10b6390d	34	ghidra	inline.c	gap	inline	P_INLINE.md	none	mech	-	5	0	3	0	-	0	-
10b6392f	129	ghidra	inline.c	gap	inline	P_INLINE.md	none	mech	-	1	3	1	0	-	0	-
10b639b0	711	ghidra	inline.c	gap	inline	P_INLINE.md	none	mech	-	2	4	2	0	-	0	-
10b63c77	586	ghidra	inline.c	gap	inline	P_INLINE.md	none	mech	-	1	9	1	0	-	0	-
10b63ec1	457	ghidra	inline.c	gap	inline	P_INLINE.md	none	mech	-	1	6	1	0	-	0	-
10b6408a	795	ghidra	inline.c	gap	inline	P_INLINE.md	none	mech	-	1	15	1	0	-	0	-
10b643a5	291	ghidra	inline.c	gap	inline	P_INLINE.md	none	mech	-	1	5	2	0	-	0	-
10b644c8	209	ghidra	inline.c	gap	inline	P_INLINE.md	none	mech	-	1	1	1	0	-	0	-
10b64599	190	ghidra	inline.c	gap	inline	P_INLINE.md	none	mech	-	1	1	2	0	-	0	-
10b64657	28	ghidra	inline.c	gap	inline	P_INLINE.md	none	mech	-	1	1	2	0	-	0	-
10b64673	40	ghidra	inline.c	gap	inline	P_INLINE.md	none	mech	-	1	0	2	0	-	0	-
10b6469b	85	ghidra	inline.c	gap	inline	P_INLINE.md	none	mech	-	1	1	2	0	-	0	-
10b646f0	343	ghidra	inline.c	gap	inline	P_INLINE.md	none	mech	-	1	6	1	0	-	0	-
10b64847	20	ghidra	inline.c	gap	inline	P_INLINE.md	none	mech	-	1	0	2	0	-	0	-
10b6485b	118	ghidra	inline.c	gap	inline	P_INLINE.md	none	mech	-	1	1	2	0	-	0	-
10b648d1	125	ghidra	inline.c	gap	inline	P_INLINE.md	none	mech	-	1	2	2	0	-	0	-
10b6494e	51	ghidra	inline.c	gap	inline	P_INLINE.md	none	mech	-	1	0	2	0	-	0	-
10b64981	171	ghidra	inline.c	gap	inline	P_INLINE.md	none	mech	-	1	4	2	0	-	0	-
10b64a2c	55	ghidra	inline.c	gap	inline	P_INLINE.md	none	mech	-	1	1	1	0	-	0	-
10b64a63	752	ghidra	inline.c	gap	inline	P_INLINE.md	none	mech	-	1	8	1	0	-	0	-
10b64d53	100	ghidra	inline.c	gap	inline	P_INLINE.md	none	mech	-	1	4	1	0	-	0	-
10b64db7	77	ghidra	inline.c	gap	inline	P_INLINE.md	none	mech	-	2	0	2	0	-	0	-
10b64e04	93	ghidra	inline.c	gap	inline	P_INLINE.md	none	mech	-	1	4	2	0	-	0	-
10b64e61	120	ghidra	inline.c	gap	inline	P_INLINE.md	none	mech	-	1	7	2	0	-	0	-
10b64ed9	31	ghidra	inline.c	gap	inline	P_INLINE.md	none	mech	-	3	0	2	0	-	0	-
10b64ef8	32	ghidra	inline.c	gap	inline	P_INLINE.md	none	mech	-	1	1	2	0	-	0	-
10b64f18	109	ghidra	inline.c	gap	inline	P_INLINE.md	none	mech	-	1	4	2	0	-	0	-
10b64f85	105	ghidra	inline.c	gap	inline	P_INLINE.md	none	mech	-	1	4	2	0	-	0	-
10b64fee	483	ghidra	inline.c	gap	inline	P_INLINE.md	none	mech	-	1	5	2	0	-	0	-
10b651d1	31	ghidra	inline.c	gap	inline	P_INLINE.md	none	mech	-	2	0	2	0	-	0	-
10b651f0	32	ghidra	inline.c	gap	inline	P_INLINE.md	none	mech	-	1	1	2	0	-	0	-
10b65210	27	ghidra	inline.c	gap	inline	P_INLINE.md	none	mech	-	3	0	3	0	-	0	-
10b6522b	45	ghidra	inline.c	gap	inline	P_INLINE.md	none	mech	-	1	0	3	0	-	0	-
10b65258	263	ghidra	inline.c	gap	inline	P_INLINE.md	none	mech	-	1	0	3	0	-	0	-
10b6535f	398	ghidra	inline.c	gap	inline	P_INLINE.md	none	mech	-	1	2	2	0	-	0	-
10b654ed	47	ghidra	inline.c	gap	inline	P_INLINE.md	none	mech	-	1	0	5	0	-	0	-
10b6551c	65	ghidra	inline.c	gap	inline	P_INLINE.md	none	mech	-	2	1	2	0	-	0	-
10b6555d	94	ghidra	inline.c	gap	inline	P_INLINE.md	none	mech	-	1	4	1	0	-	0	-
10b655bb	28	ghidra	inline.c	gap	inline	P_INLINE.md	none	mech	-	1	1	1	0	-	0	-
10b655d7	29	ghidra	inline.c	gap	inline	P_INLINE.md	none	mech	-	4	1	1	0	-	0	-
10b655f4	23	ghidra	inline.c	gap	inline	P_INLINE.md	none	mech	-	1	0	2	0	-	0	-
10b6560b	151	ghidra	inline.c	gap	inline	P_INLINE.md	none	mech	-	1	3	1	0	-	0	-
10b656a2	58	ghidra	inline.c	gap	inline	P_INLINE.md	none	mech	-	1	0	2	0	-	0	-
10b656dc	421	ghidra	inline.c	gap	inline	P_INLINE.md	none	mech	-	1	9	1	0	-	0	-
10b65881	135	ghidra	inline.c	gap	inline	P_INLINE.md	none	mech	-	1	4	1	0	-	0	-
10b65908	188	ghidra	inline.c	gap	inline	P_INLINE.md	none	mech	-	1	3	1	0	-	0	-
10b659c4	63	ghidra	inline.c	gap	inline	P_INLINE.md	none	mech	-	1	0	2	0	-	0	-
10b65a03	64	ghidra	inline.c	gap	inline	P_INLINE.md	none	mech	-	4	1	2	0	-	0	-
10b65a43	23	ghidra	inline.c	gap	inline	P_INLINE.md	none	mech	-	1	0	3	0	-	0	-
10b65a5a	299	ghidra	inline.c	gap	inline	P_INLINE.md	none	mech	-	2	4	2	0	-	0	-
10b65b85	128	ghidra	inline.c	gap	inline	P_INLINE.md	none	mech	-	1	3	2	0	-	0	-
10b65c05	102	ghidra	inline.c	gap	inline	P_INLINE.md	none	mech	-	1	2	2	0	-	0	-
10b65c6b	75	ghidra	inline.c	gap	inline	P_INLINE.md	none	mech	-	1	3	2	0	-	0	-
10b65cb6	144	ghidra	inline.c	gap	inline	P_INLINE.md	none	mech	-	4	2	2	0	-	0	-
10b65d46	360	ghidra	inline.c	gap	inline	P_INLINE.md	none	mech	-	5	5	2	0	-	0	-
10b65eae	85	ghidra	inline.c	gap	inline	P_INLINE.md	none	mech	-	1	0	3	0	-	0	-
10b65f03	742	ghidra	inline.c	gap	inline	P_INLINE.md	none	mech	-	4	8	1	0	-	0	-
10b661e9	23	ghidra	inline.c	gap	inline	P_INLINE.md	none	mech	-	1	1	3	0	-	0	-
10b66200	317	ghidra	inline.c	gap	inline	P_INLINE.md	none	mech	-	2	3	2	0	-	0	-
10b6633d	1181	ghidra	inline.c	gap	inline	P_INLINE.md	cited	mech	-	1	9	1	2	DummySafeGlobal | DummyGlobal	0	-
10b667da	98	ghidra	inline.c	gap	inline	P_INLINE.md	none	mech	-	1	2	3	0	-	0	-
10b6683c	144	ghidra	inline.c	gap	inline	P_INLINE.md	none	mech	-	1	1	2	0	-	0	-
10b668cc	73	ghidra	inline.c	gap	inline	P_INLINE.md	none	mech	-	1	1	2	0	-	0	-
10b66915	487	ghidra	inline.c	gap	inline	P_INLINE.md	none	mech	-	1	8	1	0	-	0	-
10b66afc	72	ghidra	inline.c	gap	inline	P_INLINE.md	none	mech	-	1	2	2	0	-	0	-
10b66b44	300	ghidra	inline.c	gap	inline	P_INLINE.md	none	mech	-	2	3	2	0	-	0	-
10b66c70	234	ghidra	inline.c	gap	inline	P_INLINE.md	none	mech	-	2	4	1	0	-	0	-
10b66d5a	321	ghidra	inline.c	gap	inline	P_INLINE.md	none	mech	-	6	6	1	0	-	0	-
10b66e9b	419	ghidra	inline.c	gap	inline	P_INLINE.md	none	mech	-	2	7	1	0	-	0	-
10b6703e	522	ghidra	inline.c	gap	inline	P_INLINE.md	none	mech	-	1	8	1	0	-	0	-
10b67248	613	ghidra	inline.c	gap	inline	P_INLINE.md	none	mech	-	2	8	1	0	-	0	-
10b674ad	135	ghidra	inline.c	gap	inline	P_INLINE.md	none	mech	-	2	6	2	0	-	0	-
10b67534	129	ghidra	inline.c	gap	inline	P_INLINE.md	none	mech	-	1	2	1	0	-	0	-
10b675b5	446	ghidra	inline.c	gap	inline	P_INLINE.md	none	mech	-	1	4	1	0	-	0	-
10b67773	306	ghidra	inline.c	gap	inline	P_INLINE.md	none	mech	-	3	4	2	0	-	0	-
10b678a5	161	ghidra	inline.c	gap	inline	P_INLINE.md	none	mech	-	1	6	2	0	-	0	-
10b67946	302	ghidra	inline.c	gap	inline	P_INLINE.md	none	mech	-	1	3	1	0	-	0	-
10b67a74	2839	ghidra	inline.c	gap	inline	P_INLINE.md	none	mech	-	1	13	1	0	-	0	-
10b6858b	4188	ghidra	inline.c	gap	inline	P_INLINE.md	none	mech	-	1	22	1	0	-	0	-
10b695e7	106	ghidra	inline.c	gap	inline	P_INLINE.md	none	mech	-	1	1	4	0	-	0	-
10b69651	174	ghidra	inline.c	gap	inline	P_INLINE.md	none	mech	-	1	2	3	0	-	0	-
10b698ba	23	ghidra	inline.c	gap	inline	P_INLINE.md	none	mech	-	1	1	3	0	-	0	-
10b698d1	108	ghidra	inline.c	gap	inline	P_INLINE.md	none	mech	-	1	3	2	0	-	0	-
10b6993d	25	ghidra	inline.c	gap	inline	P_INLINE.md	none	mech	-	1	1	4	0	-	0	-
10b69956	55	ghidra	inline.c	gap	inline	P_INLINE.md	none	mech	-	3	1	2	0	-	0	-
10b6998d	27	ghidra	inline.c	gap	inline	P_INLINE.md	none	mech	-	1	1	2	0	-	0	-
10b699a8	369	ghidra	inline.c	gap	inline	P_INLINE.md	cited	mech	-	43	6	1	0	-	0	-
10b69b19	162	ghidra	inline.c	gap	inline	P_INLINE.md	none	mech	-	4	1	2	0	-	0	-
10b69bbb	140	ghidra	inline.c	gap	inline	P_INLINE.md	none	mech	-	1	1	2	0	-	0	-
10b69c47	148	ghidra	inline.c	gap	inline	P_INLINE.md	none	mech	-	4	1	2	0	-	0	-
10b69cdb	85	ghidra	inline.c	gap	inline	P_INLINE.md	none	mech	-	3	1	2	0	-	0	-
10b69d30	59	ghidra	inline.c	gap	inline	P_INLINE.md	none	mech	-	2	1	2	0	-	0	-
10b69d6b	59	ghidra	inline.c	gap	inline	P_INLINE.md	none	mech	-	5	1	2	0	-	0	-
10b69da6	81	ghidra	inline.c	gap	inline	P_INLINE.md	none	mech	-	1	2	2	0	-	0	-
10b69df7	50	ghidra	inline.c	gap	inline	P_INLINE.md	none	mech	-	3	1	2	0	-	0	-
10b69e29	68	ghidra	inline.c	gap	inline	P_INLINE.md	none	mech	-	13	1	2	0	-	0	-
10b69e6d	1188	ghidra	inline.c	gap	inline	P_INLINE.md	none	mech	-	3	27	1	0	-	0	-
10b6a311	152	ghidra	inline.c	gap	inline	P_INLINE.md	none	mech	-	1	6	2	0	-	0	-
10b6a3a9	384	ghidra	inline.c	gap	inline	P_INLINE.md	none	mech	-	1	7	2	0	-	0	-
10b6a529	100	ghidra	inline.c	gap	inline	P_INLINE.md	none	mech	-	1	1	3	0	-	0	-
10b6a58d	58	ghidra	inline.c	gap	inline	P_INLINE.md	none	mech	-	3	1	2	0	-	0	-
10b6a5c7	66	ghidra	inline.c	gap	inline	P_INLINE.md	none	mech	-	2	2	2	0	-	0	-
10b6a609	1763	ghidra	inline.c	gap	inline	P_INLINE.md	none	mech	-	1	11	1	0	-	0	-
10b6acec	2445	ghidra	inline.c	gap	inline	P_INLINE.md	none	mech	-	1	20	1	0	-	1	isdigit
10b6b679	107	ghidra	inline.c	gap	inline	P_INLINE.md	none	mech	-	1	5	2	0	-	0	-
10b6b6e4	46	ghidra	inline.c	gap	inline	P_INLINE.md	none	mech	-	1	2	2	0	-	0	-
10b6b712	526	ghidra	inline.c	gap	inline	P_INLINE.md	none	mech	-	2	5	2	0	-	0	-
10b6b78a	161	ghidra	inline.c	gap	inline	P_INLINE.md	none	mech	-	1	5	2	0	-	0	-
10b6b82b	16	ghidra	inline.c	gap	inline	P_INLINE.md	none	mech	-	1	1	3	0	-	0	-
10b6b83b	156	ghidra	inline.c	gap	inline	P_INLINE.md	none	mech	-	1	2	3	0	-	0	-
10b6b8d7	69	ghidra	inline.c	gap	inline	P_INLINE.md	none	mech	-	3	1	3	0	-	0	-
10b6b91c	154	ghidra	inline.c	gap	inline	P_INLINE.md	none	mech	-	1	3	2	0	-	0	-
10b6b9b6	212	ghidra	inline.c	gap	inline	P_INLINE.md	none	mech	-	1	5	1	0	-	0	-
10b6ba8a	142	ghidra	inline.c	gap	inline	P_INLINE.md	none	mech	-	1	3	3	0	-	0	-
10b6bb18	260	ghidra	inline.c	gap	inline	P_INLINE.md	none	mech	-	1	5	2	0	-	0	-
10b6bc1c	402	ghidra	inline.c	gap	inline	P_INLINE.md	none	mech	-	5	9	2	0	-	0	-
10b6bdae	55	ghidra	inline.c	gap	inline	P_INLINE.md	none	mech	-	5	1	2	0	-	0	-
10b6bde5	97	ghidra	inline.c	gap	inline	P_INLINE.md	none	mech	-	1	3	2	0	-	0	-
10b6be46	387	ghidra	inline.c	gap	inline	P_INLINE.md	none	mech	-	1	4	1	0	-	0	-
10b6bfc9	441	ghidra	inline.c	gap	inline	P_INLINE.md	none	mech	-	1	6	2	0	-	0	-
10b6c182	88	ghidra	inline.c	gap	inline	P_INLINE.md	none	mech	-	1	3	2	0	-	0	-
10b6c1da	431	ghidra	inline.c	gap	inline	P_INLINE.md	none	mech	-	1	9	2	0	-	0	-
10b6c389	157	ghidra	inline.c	gap	inline	P_INLINE.md	none	mech	-	1	4	1	0	-	0	-
10b6c426	32	ghidra	inline.c	gap	inline	P_INLINE.md	none	mech	-	1	2	2	0	-	0	-
10b6c446	1715	ghidra	inline.c	gap	inline	P_INLINE.md	none	mech	-	2	13	1	0	-	0	-
10b6caf9	49	ghidra	inline.c	gap	inline	P_INLINE.md	none	mech	-	1	3	1	0	-	0	-
10b6cb2a	5501	ghidra	inline.c	gap	inline	P_INLINE.md	none	mech	-	1	43	1	0	-	0	-
10b6e0dd	1309	ghidra	inline.c	gap	inline	P_INLINE.md	none	mech	-	1	37	1	0	-	0	-
10b6e5fa	50	ghidra	inline.c	gap	inline	P_INLINE.md	none	mech	-	2	0	2	0	-	0	-
10b6e62c	116	ghidra	inline.c	gap	inline	P_INLINE.md	none	mech	-	2	1	4	0	-	0	-
10b6e6a0	51	ghidra	inline.c	gap	inline	P_INLINE.md	none	mech	-	2	1	3	0	-	0	-
10b6e6d3	85	ghidra	inline.c	gap	inline	P_INLINE.md	none	mech	-	2	1	3	0	-	0	-
10b6e728	11	ghidra	inline.c	gap	inline	P_INLINE.md	none	mech	-	1	1	2	0	-	0	-
10b6e733	201	ghidra	inline.c	gap	inline	P_INLINE.md	none	mech	-	2	5	2	0	-	0	-
10b6e7fc	25	ghidra	inline.c	gap	inline	P_INLINE.md	none	mech	-	2	1	2	0	-	0	-
10b6e815	65	ghidra	inline.c	gap	inline	P_INLINE.md	none	mech	-	4	3	2	0	-	0	-
10b6e856	274	ghidra	inline.c	gap	inline	P_INLINE.md	none	mech	-	2	10	2	0	-	0	-
10b6e968	31	ghidra	inline.c	gap	inline	P_INLINE.md	none	mech	-	1	0	4	0	-	0	-
10b6e987	2	thunk	inline.c	gap	inline	P_INLINE.md	none	high	thunk	10	0	2	0	-	0	-
10b6e990	18	ghidra	inline.c	gap	inline	P_INLINE.md	none	mech	-	0	0	-	0	-	0	-
10b6e99b	174	ghidra	inline.c	gap	inline	P_INLINE.md	none	mech	-	2	5	3	0	-	0	-
10b6ea49	214	ghidra	inline.c	gap	inline	P_INLINE.md	none	mech	-	1	3	2	0	-	0	-
10b6eb1f	124	ghidra	inline.c	gap	inline	P_INLINE.md	none	mech	-	1	2	2	0	-	0	-
10b6eb9b	298	ghidra	inline.c	gap	inline	P_INLINE.md	none	mech	-	1	5	2	0	-	0	-
10b6ecc5	118	ghidra	inline.c	gap	inline	P_INLINE.md	none	mech	-	1	1	3	0	-	0	-
10b6ed3b	262	ghidra	inline.c	gap	inline	P_INLINE.md	none	mech	-	1	5	3	0	-	0	-
10b6ee41	19	ghidra	inline.c	gap	inline	P_INLINE.md	none	mech	-	2	0	2	0	-	0	-
10b6ee54	43	ghidra	inline.c	gap	inline	P_INLINE.md	none	mech	-	2	1	3	0	-	0	-
10b6ee7f	108	ghidra	inline.c	gap	inline	P_INLINE.md	none	mech	-	1	1	3	0	-	0	-
10b6eeeb	30	ghidra	inline.c	gap	inline	P_INLINE.md	none	mech	-	2	0	3	0	-	0	-
10b6ef09	24	ghidra	inline.c	gap	inline	P_INLINE.md	none	mech	-	1	2	3	0	-	0	-
10b6ef21	905	ghidra	inline.c	gap	inline	P_INLINE.md	none	mech	-	3	14	2	0	-	0	-
10b6f2aa	8	ghidra	inline.c	gap	inline	P_INLINE.md	none	mech	-	9	1	2	0	-	0	-
10b6f2b2	8	ghidra	inline.c	gap	inline	P_INLINE.md	none	mech	-	8	1	2	0	-	0	-
10b6f2ba	347	ghidra	inline.c	gap	inline	P_INLINE.md	none	mech	-	1	3	3	0	-	0	-
10b6f415	48	ghidra	inline.c	gap	inline	P_INLINE.md	none	mech	-	2	1	3	0	-	0	-
10b6f445	43	ghidra	inline.c	gap	inline	P_INLINE.md	none	mech	-	1	1	4	0	-	0	-
10b6f470	34	ghidra	inline.c	gap	inline	P_INLINE.md	none	mech	-	2	2	3	0	-	0	-
10b6f492	1244	ghidra	inline.c	gap	inline	P_INLINE.md	none	mech	-	1	28	2	0	-	0	-
10b6f96e	53	ghidra	inline.c	gap	inline	P_INLINE.md	none	mech	-	3	2	2	0	-	0	-
10b6f9a3	46	ghidra	inline.c	gap	inline	P_INLINE.md	none	mech	-	3	2	2	0	-	0	-
10b6f9d1	46	ghidra	inline.c	gap	inline	P_INLINE.md	none	mech	-	2	2	3	0	-	0	-
10b6f9ff	84	ghidra	inline.c	gap	inline	P_INLINE.md	none	mech	-	4	4	1	0	-	0	-
10b6fa53	46	ghidra	inline.c	gap	inline	P_INLINE.md	none	mech	-	2	2	3	0	-	0	-
10b6fa81	46	ghidra	inline.c	gap	inline	P_INLINE.md	none	mech	-	2	2	3	0	-	0	-
10b6faaf	301	ghidra	inline.c	gap	inline	P_INLINE.md	none	mech	-	3	16	2	0	-	0	-
10b6fbdc	153	ghidra	inline.c	gap	inline	P_INLINE.md	none	mech	-	2	2	1	0	-	3	__iob_func,_wfopen_s,fclose
10b6fc75	255	ghidra	inline.c	gap	inline	P_INLINE.md	none	mech	-	1	5	2	0	-	3	WideCharToMultiByte,_vsnwprintf_s,fprintf
10b6fd74	43	ghidra	inline.c	gap	inline	P_INLINE.md	none	mech	-	31	1	1	0	-	1	vfprintf
10b6fd9f	27	ghidra	inline.c	gap	inline	P_INLINE.md	none	mech	-	2	0	2	0	-	2	__iob_func,fclose
10b6fdba	60	ghidra	inline.c	gap	inline	P_INLINE.md	none	mech	-	2	0	1	0	-	2	__iob_func,fclose
10b6fdf6	11	ghidra	inline.c	gap	inline	P_INLINE.md	none	mech	-	2	0	1	0	-	0	-
10b6fe01	135	ghidra	inline.c	gap	inline	P_INLINE.md	none	mech	-	1	1	2	0	-	1	fclose
10b6fedd	181	ghidra	inline.c	gap	inline	P_INLINE.md	labelled	high	stall-listing: the /QXSTALLS stall-summary writer; with 10b71d8f it is the ONLY consumer of the stall-reason table at 10b12af8..10b12bd4, so the stall model is listing-only and does not reorder anyth…	2	1	0	7	Possible branch flush penalty | Possible load-hit-store condition | ; %9s  %5u   %6u  %s\n	0	-
10b6ff92	342	ghidra	inline.c	gap	inline	P_INLINE.md	none	mech	-	1	4	1	2	, VMX IPC = %u/%u = %0.3f | ; Estimated block IPC = %u/%u = %0.3f	0	-
10b700e8	359	ghidra	inline.c	gap	inline	P_INLINE.md	none	mech	-	1	0	3	0	-	7	_snprintf_s,fgetc,fgets
10b7024f	40	ghidra	inline.c	gap	inline	P_INLINE.md	none	mech	-	1	0	2	0	-	0	-
10b70277	464	ghidra	inline.c	gap	inline	P_INLINE.md	none	mech	-	1	3	2	0	-	2	_wfsopen,fclose
10b70447	114	ghidra	inline.c	gap	inline	P_INLINE.md	none	mech	-	1	1	2	0	-	0	-
10b704b9	29	ghidra	inline.c	gap	inline	P_INLINE.md	none	mech	-	4	2	1	0	-	0	-
10b704d6	141	ghidra	inline.c	gap	inline	P_INLINE.md	none	mech	-	14	1	1	0	-	0	-
10b70563	135	ghidra	inline.c	gap	inline	P_INLINE.md	none	mech	-	2	1	1	0	-	0	-
10b705ea	27	ghidra	inline.c	gap	inline	P_INLINE.md	none	mech	-	9	1	1	0	-	0	-
10b70605	44	ghidra	inline.c	gap	inline	P_INLINE.md	none	mech	-	3	3	1	0	-	0	-
10b70631	190	ghidra	inline.c	gap	inline	P_INLINE.md	none	mech	-	4	7	1	0	-	1	WideCharToMultiByte
10b706ef	431	ghidra	inline.c	gap	inline	P_INLINE.md	none	mech	-	1	8	1	2	\t\ttaken %I64u, not-taken %I64u | \t\ttaken %I64u(%u%%), not-taken %I64u(%u%%)	0	-
10b7089e	282	ghidra	inline.c	gap	inline	P_INLINE.md	none	mech	-	1	3	2	3	0%.8lxr | 0%.8lx%.8lxr | %ld DUP(	0	-
10b709b8	421	ghidra	list.c	in-anchor	-	-	cited	mech	-	1	5	2	5	%ld DUP( | 0%01xH | 0%lxH	0	-
10b70b5d	23	ghidra	list.c	in-anchor	-	-	none	mech	-	1	0	3	0	-	0	-
10b70b74	94	ghidra	list.c	in-anchor	-	-	none	mech	-	2	1	2	0	-	0	-
10b70bd2	32	ghidra	list.c	in-anchor	-	-	none	mech	-	1	0	2	0	-	0	-
10b70bf2	26	ghidra	list.c	in-anchor	-	-	none	mech	-	2	0	3	0	-	0	-
10b70c0c	42	ghidra	list.c	in-anchor	-	-	none	mech	-	1	0	3	2	DWORD | QWORD	0	-
10b70c36	34	ghidra	list.c	in-anchor	-	-	none	mech	-	1	0	2	1	DWORD	0	-
10b70c58	227	ghidra	list.c	in-anchor	-	-	none	mech	-	3	4	1	1	 File %s	0	-
10b70d3b	69	ghidra	list.c	in-anchor	-	-	none	mech	-	1	0	3	0	-	0	-
10b70d98	38	ghidra	list.c	in-anchor	-	-	none	mech	-	2	1	1	1	; Line %ld	0	-
10b70dbe	153	ghidra	list.c	in-anchor	-	-	none	mech	-	1	4	2	2	 Listing generated by %s  | Microsoft (R) Optimizing Compiler Version 16.…	0	-
10b70e57	447	ghidra	list.c	in-anchor	-	-	labelled	high	listing-writer: "Function compile flags:" line, p2/list.c	1	3	0	4	 /QVMXReserve |  /QGPRReserve |  /RTC	2	strcat_s,strcpy_s
10b71016	414	ghidra	list.c	in-anchor	-	-	none	mech	-	1	3	1	4	 Instrs(%d) Bytes(%d) |  Out( |  Count(%I64d)	0	-
10b711b4	209	ghidra	list.c	in-anchor	-	-	none	mech	-	1	5	2	1	 %-5lu: %s	0	-
10b71285	159	ghidra	list.c	in-anchor	-	-	none	mech	-	1	3	1	0	-	0	-
10b71324	198	ghidra	list.c	in-anchor	-	-	cited	mech	-	0	5	2	1	PUBLIC	0	-
10b713ea	234	ghidra	list.c	in-anchor	-	-	none	mech	-	0	6	2	2	%s:%s | EXTRN	0	-
10b71709	168	ghidra	list.c	in-anchor	-	-	none	mech	-	0	5	1	1	0%xH DUP (?)	0	-
10b717b1	386	ghidra	list.c	in-anchor	-	-	none	mech	-	1	3	2	0	-	0	-
10b71933	362	ghidra	list.c	in-anchor	-	-	cited	mech	-	0	11	1	3	e:\\bt\\278379\\vctools\\compiler\\be\\p2\\li… | FLAT: | ALIGN\t%s	0	-
10b71cda	34	ghidra	list.c	gap	-	-	none	mech	-	2	2	1	0	-	0	-
10b71cfc	147	ghidra	list.c	gap	-	-	none	mech	-	1	7	1	0	-	0	-
10b71d8f	2311	ghidra	list.c	gap	-	-	labelled	high	listing-writer|listing: /QXSTALLS comment block	1	28	0	16	; Estimated VMX IPC = %d/%d = %0.3f | ; Estimated IPC = %d/%d = %0.3f |  Scenario dead code below	0	-
10b72696	96	ghidra	list.c	gap	-	-	none	mech	-	1	2	2	0	-	0	-
10b726f6	18	ghidra	list.c	gap	-	-	none	mech	-	1	0	4	0	-	0	-
10b72708	49	ghidra	list.c	gap	-	-	none	mech	-	1	1	2	0	-	0	-
10b72739	23	ghidra	list.c	gap	-	-	none	mech	-	1	1	3	0	-	0	-
10b72750	11	ghidra	list.c	gap	-	-	none	mech	-	1	1	2	0	-	0	-
10b7275b	40	ghidra	list.c	gap	-	-	none	mech	-	1	1	2	0	-	0	-
10b72783	41	ghidra	list.c	gap	-	-	none	mech	-	1	1	2	0	-	0	-
10b727ac	149	ghidra	list.c	gap	-	-	none	mech	-	1	1	2	0	-	0	-
10b72841	29	ghidra	list.c	gap	-	-	none	mech	-	1	0	5	0	-	0	-
10b7285e	2	thunk	list.c	gap	-	-	none	high	thunk	2	0	2	0	-	0	-
10b72866	17	ghidra	list.c	gap	-	-	none	mech	-	0	0	-	0	-	0	-
10b72871	493	ghidra	list.c	gap	-	-	none	mech	-	1	9	2	0	-	0	-
10b72a5e	28	ghidra	list.c	gap	-	-	none	mech	-	1	1	4	0	-	0	-
10b72a7a	52	ghidra	list.c	gap	-	-	none	mech	-	1	3	3	0	-	0	-
10b72aae	164	ghidra	list.c	gap	-	-	none	mech	-	1	5	3	0	-	0	-
10b72b52	111	ghidra	list.c	gap	-	-	none	mech	-	1	3	3	0	-	0	-
10b72bc1	8	ghidra	list.c	gap	-	-	none	mech	-	1	1	1	0	-	0	-
10b72bc9	65	ghidra	list.c	gap	-	-	none	mech	-	0	3	2	0	-	0	-
10b72c0a	193	ghidra	list.c	gap	-	-	labelled	high	il-emit|section-select: copies an IL file verbatim into COFF section .cil$<suffix>	1	7	0	2	ILFILE | .cil$	1	fread
10b72ccb	73	ghidra	list.c	gap	-	-	none	mech	-	1	0	2	0	-	0	-
10b72d14	311	ghidra	list.c	gap	-	-	none	mech	-	1	7	1	2	ILFILE | .cil$fg	1	_fullpath
10b72e4b	94	ghidra	list.c	gap	-	-	none	medium	only-from:msobj-client	1	1	1	0	-	0	-
10b72ea9	33	ghidra	list.c	gap	-	-	none	medium	only-from:msobj-client	1	3	1	0	-	0	-
10b72eca	64	ghidra	list.c	gap	-	-	none	mech	-	1	0	1	0	-	0	-
10b72f0a	5	thunk	list.c	gap	-	-	none	high	thunk	1	0	1	0	-	0	-
10b72f0f	18	ghidra	list.c	gap	-	-	none	mech	-	1	0	2	0	-	0	-
10b72f21	17	ghidra	list.c	gap	-	-	none	mech	-	1	1	1	0	-	0	-
10b72f32	86	ghidra	list.c	gap	-	-	none	mech	-	1	4	1	0	-	0	-
10b72f88	71	ghidra	list.c	gap	-	-	none	mech	-	1	0	-	0	-	0	-
10b72fcf	24	ghidra	list.c	gap	-	-	none	mech	-	0	1	-	0	-	0	-
10b72fe7	182	ghidra	ltcg.c	in-anchor	-	-	none	mech	-	1	3	2	1	e:\\bt\\278379\\vctools\\compiler\\be\\p2\\lt…	2	strcat_s,strcpy_s
10b7309e	219	ghidra	ltcg.c	in-anchor	-	-	none	mech	-	1	2	2	0	-	0	-
10b73179	5	thunk	ltcg.c	in-anchor	-	-	none	high	thunk	0	0	-	0	-	0	-
10b7317e	50	ghidra	ltcg.c	in-anchor	-	-	none	mech	-	0	0	-	0	-	0	-
10b731b0	5	thunk	ltcg.c	in-anchor	-	-	none	high	thunk	0	0	-	0	-	0	-
10b731b5	13	ghidra	ltcg.c	in-anchor	-	-	none	mech	-	0	0	-	0	-	0	-
10b731c2	33	ghidra	ltcg.c	in-anchor	-	-	none	mech	-	1	1	3	0	-	0	-
10b731e3	5	thunk	ltcg.c	in-anchor	-	-	none	high	thunk	0	0	-	0	-	0	-
10b731e8	47	ghidra	ltcg.c	in-anchor	-	-	none	mech	-	0	1	5	0	-	0	-
10b73217	32	ghidra	ltcg.c	in-anchor	-	-	none	mech	-	0	2	2	0	-	0	-
10b73237	5	thunk	ltcg.c	in-anchor	-	-	none	high	thunk	0	0	-	0	-	0	-
10b7323c	21	ghidra	ltcg.c	in-anchor	-	-	none	mech	-	0	0	-	0	-	0	-
10b73251	38	ghidra	ltcg.c	in-anchor	-	-	none	mech	-	0	1	3	0	-	0	-
10b73277	5	thunk	ltcg.c	in-anchor	-	-	none	high	thunk	0	0	-	0	-	0	-
10b7327c	10	ghidra	ltcg.c	in-anchor	-	-	none	mech	-	1	1	2	0	-	0	-
10b73286	56	ghidra	ltcg.c	in-anchor	-	-	none	mech	-	3	0	2	0	-	0	-
10b732be	35	ghidra	ltcg.c	in-anchor	-	-	none	mech	-	0	2	4	0	-	0	-
10b732e1	15	ghidra	ltcg.c	in-anchor	-	-	none	mech	-	0	1	-	0	-	0	-
10b732f0	12	ghidra	ltcg.c	in-anchor	-	-	none	mech	-	0	1	3	0	-	0	-
10b732fc	12	ghidra	ltcg.c	in-anchor	-	-	none	mech	-	0	1	3	0	-	0	-
10b73308	136	ghidra	ltcg.c	in-anchor	-	-	none	mech	-	0	3	3	0	-	0	-
10b73390	40	ghidra	ltcg.c	in-anchor	-	-	none	mech	-	1	1	2	0	-	0	-
10b733b8	5	thunk	ltcg.c	in-anchor	-	-	none	high	thunk	0	0	-	0	-	0	-
10b733bd	19	ghidra	ltcg.c	in-anchor	-	-	none	mech	-	0	1	3	0	-	0	-
10b733d0	5	thunk	ltcg.c	in-anchor	-	-	none	high	thunk	0	0	-	0	-	0	-
10b733d5	45	ghidra	ltcg.c	in-anchor	-	-	none	mech	-	0	1	3	0	-	0	-
10b73402	5	thunk	ltcg.c	in-anchor	-	-	none	high	thunk	0	0	-	0	-	0	-
10b73407	12	ghidra	ltcg.c	in-anchor	-	-	none	mech	-	0	1	-	0	-	0	-
10b73413	12	ghidra	ltcg.c	in-anchor	-	-	none	mech	-	0	1	-	0	-	0	-
10b7341f	65	ghidra	ltcg.c	in-anchor	-	-	none	mech	-	0	4	3	0	-	0	-
10b73460	15	ghidra	ltcg.c	in-anchor	-	-	none	mech	-	0	1	4	0	-	0	-
10b7346f	13	ghidra	ltcg.c	in-anchor	-	-	none	mech	-	0	1	-	0	-	0	-
10b7347c	12	ghidra	ltcg.c	in-anchor	-	-	none	mech	-	0	1	-	0	-	0	-
10b73488	12	ghidra	ltcg.c	in-anchor	-	-	none	mech	-	0	1	-	0	-	0	-
10b73494	5	thunk	ltcg.c	in-anchor	-	-	none	high	thunk	0	0	-	0	-	0	-
10b73499	5	thunk	ltcg.c	in-anchor	-	-	none	high	thunk	0	0	-	0	-	0	-
10b7349e	5	thunk	ltcg.c	in-anchor	-	-	none	high	thunk	1	0	6+	0	-	0	-
10b734a3	28	ghidra	ltcg.c	in-anchor	-	-	none	mech	-	0	2	2	0	-	0	-
10b734bf	56	ghidra	ltcg.c	in-anchor	-	-	none	mech	-	0	4	3	0	-	0	-
10b734f7	1	ghidra	ltcg.c	in-anchor	-	-	none	mech	-	4	0	1	0	-	0	-
10b734f8	12	ghidra	ltcg.c	in-anchor	-	-	none	mech	-	0	1	4	0	-	0	-
10b73504	12	ghidra	ltcg.c	in-anchor	-	-	none	mech	-	0	1	-	0	-	0	-
10b73510	12	ghidra	ltcg.c	in-anchor	-	-	none	mech	-	0	1	-	0	-	0	-
10b7351c	12	ghidra	ltcg.c	in-anchor	-	-	none	mech	-	0	1	-	0	-	0	-
10b73528	12	ghidra	ltcg.c	in-anchor	-	-	none	mech	-	0	1	-	0	-	0	-
10b73534	12	ghidra	ltcg.c	in-anchor	-	-	none	mech	-	0	1	-	0	-	0	-
10b73540	12	ghidra	ltcg.c	in-anchor	-	-	none	mech	-	0	1	-	0	-	0	-
10b7354c	12	ghidra	ltcg.c	in-anchor	-	-	none	mech	-	0	1	-	0	-	0	-
10b73558	12	ghidra	ltcg.c	in-anchor	-	-	none	mech	-	0	1	-	0	-	0	-
10b73564	12	ghidra	ltcg.c	in-anchor	-	-	none	mech	-	0	1	4	0	-	0	-
10b73570	12	ghidra	ltcg.c	in-anchor	-	-	none	mech	-	0	1	-	0	-	0	-
10b7357c	12	ghidra	ltcg.c	in-anchor	-	-	none	mech	-	0	1	-	0	-	0	-
10b73588	12	ghidra	ltcg.c	in-anchor	-	-	none	mech	-	0	1	-	0	-	0	-
10b73594	18	ghidra	ltcg.c	in-anchor	-	-	none	mech	-	0	1	4	0	-	0	-
10b735a6	37	ghidra	ltcg.c	in-anchor	-	-	none	mech	-	0	3	3	0	-	0	-
10b735cb	37	ghidra	ltcg.c	in-anchor	-	-	none	mech	-	0	3	3	0	-	0	-
10b735f0	5	thunk	ltcg.c	in-anchor	-	-	none	high	thunk	0	0	-	0	-	0	-
10b735f5	36	ghidra	ltcg.c	in-anchor	-	-	none	mech	-	0	2	5	0	-	0	-
10b73619	15	ghidra	ltcg.c	in-anchor	-	-	none	mech	-	0	1	3	0	-	0	-
10b73628	12	ghidra	ltcg.c	in-anchor	-	-	none	mech	-	0	1	-	0	-	0	-
10b73634	15	ghidra	ltcg.c	in-anchor	-	-	none	mech	-	0	3	2	0	-	0	-
10b73643	28	ghidra	ltcg.c	in-anchor	-	-	none	mech	-	5	0	1	0	-	0	-
10b7365f	57	ghidra	ltcg.c	in-anchor	-	-	none	mech	-	1	0	2	0	-	0	-
10b73698	59	ghidra	ltcg.c	in-anchor	-	-	none	mech	-	1	1	1	0	-	0	-
10b736d3	64	ghidra	ltcg.c	in-anchor	-	-	none	mech	-	1	0	1	0	-	0	-
10b73713	67	ghidra	ltcg.c	in-anchor	-	-	none	mech	-	2	0	1	0	-	0	-
10b73756	44	ghidra	ltcg.c	in-anchor	-	-	none	mech	-	3	1	2	0	-	1	UnmapViewOfFile
10b73782	73	ghidra	ltcg.c	in-anchor	-	-	none	mech	-	2	1	2	0	-	1	UnmapViewOfFile
10b737cb	151	ghidra	ltcg.c	in-anchor	-	-	none	mech	-	0	2	3	0	-	1	free
10b73862	6	ghidra	ltcg.c	in-anchor	-	-	none	mech	-	0	0	-	0	-	0	-
10b73868	39	ghidra	ltcg.c	in-anchor	-	-	none	mech	-	1	1	2	0	-	0	-
10b7388f	48	ghidra	ltcg.c	in-anchor	-	-	none	mech	-	1	0	3	0	-	0	-
10b738bf	100	ghidra	ltcg.c	in-anchor	-	-	none	mech	-	1	2	2	0	-	0	-
10b73923	805	ghidra	ltcg.c	in-anchor	-	-	labelled	high	il-open: LTCG bundle reader: gl, in, ex, sy, then db when -Zi or -typedil	1	18	0	1	-compiler:	4	WideCharToMultiByte,_wfullpath,fclose
10b73c48	709	ghidra	ltcg.c	in-anchor	-	-	none	medium	only-from:msobj-client	1	11	1	3	.drectve | .cil$ | e:\\bt\\278379\\vctools\\compiler\\be\\p2\\lt…	1	strncmp
10b73f0e	30	ghidra	ltcg.c	gap	-	-	none	mech	-	2	4	2	0	-	0	-
10b73f2c	90	ghidra	ltcg.c	gap	-	-	none	mech	-	1	5	1	0	-	0	-
10b73f86	133	ghidra	ltcg.c	gap	-	-	none	mech	-	0	6	1	0	-	0	-
10b7400b	251	ghidra	ltcg.c	gap	-	-	none	mech	-	0	2	3	0	-	0	-
10b74106	5	thunk	ltcg.c	gap	-	-	none	high	thunk	0	0	-	0	-	0	-
10b74149	237	ghidra	ltcg.c	gap	-	-	none	mech	-	2	3	1	0	-	0	-
10b74236	363	ghidra	ltcg.c	gap	-	-	none	mech	-	0	8	1	1	__security_check_cookie	3	_close,_filelength,_wsopen_s
10b743a1	17	ghidra	ltcg.c	gap	-	-	none	mech	-	2	2	3	0	-	0	-
10b743b2	518	ghidra	ltcg.c	gap	-	-	labelled	high	il-open: mmap cache keyed on (path,off,len), LRU list at DAT_10c3cbe0	2	6	0	0	-	0	-
10b745b8	211	ghidra	ltcg.c	gap	-	-	labelled	high	il-open: windowed remap, 8 slots, granularity-aligned offsets	1	4	0	0	-	0	-
10b7468b	125	ghidra	ltcg.c	gap	-	-	none	mech	-	1	0	3	0	-	0	-
10b74708	28	ghidra	ltcg.c	gap	-	-	none	mech	-	2	0	2	0	-	0	-
10b74724	62	ghidra	ltcg.c	gap	-	-	none	mech	-	1	0	4	0	-	0	-
10b74762	28	ghidra	ltcg.c	gap	-	-	none	mech	-	2	2	3	0	-	0	-
10b7477e	77	ghidra	ltcg.c	gap	-	-	none	mech	-	2	1	3	0	-	0	-
10b747cb	184	ghidra	ltcg.c	gap	-	-	none	mech	-	1	0	3	0	-	0	-
10b74883	27	ghidra	ltcg.c	gap	-	-	none	mech	-	3	1	3	0	-	0	-
10b7489e	42	ghidra	ltcg.c	gap	-	-	none	mech	-	2	1	5	0	-	0	-
10b748c8	70	ghidra	ltcg.c	gap	-	-	none	mech	-	1	1	4	0	-	0	-
10b7490e	63	ghidra	ltcg.c	gap	-	-	none	mech	-	1	3	3	0	-	0	-
10b7494d	125	ghidra	ltcg.c	gap	-	-	none	mech	-	3	1	2	0	-	0	-
10b749ca	56	ghidra	ltcg.c	gap	-	-	none	mech	-	2	0	2	0	-	0	-
10b74a02	166	ghidra	ltcg.c	gap	-	-	none	mech	-	1	0	3	0	-	0	-
10b74aa8	2	thunk	ltcg.c	gap	-	-	none	high	thunk	1	0	2	0	-	0	-
10b74aad	13	ghidra	ltcg.c	gap	-	-	none	mech	-	0	0	-	0	-	0	-
10b74ab7	135	ghidra	ltcg.c	gap	-	-	none	mech	-	1	1	2	0	-	0	-
10b74b3e	21	ghidra	ltcg.c	gap	-	-	none	mech	-	1	0	3	0	-	0	-
10b74b53	141	ghidra	ltcg.c	gap	-	-	none	mech	-	3	3	3	0	-	0	-
10b74be0	121	ghidra	ltcg.c	gap	-	-	none	mech	-	1	5	2	0	-	0	-
10b74c59	218	ghidra	ltcg.c	gap	-	-	none	mech	-	1	4	2	0	-	0	-
10b74d33	44	ghidra	ltcg.c	gap	-	-	none	mech	-	2	0	2	0	-	0	-
10b74d5f	37	ghidra	ltcg.c	gap	-	-	none	mech	-	1	1	2	0	-	0	-
10b74d84	77	ghidra	ltcg.c	gap	-	-	none	mech	-	2	3	2	0	-	0	-
10b74dd1	225	ghidra	ltcg.c	gap	-	-	none	mech	-	2	5	1	0	-	0	-
10b74eb2	61	ghidra	ltcg.c	gap	-	-	none	mech	-	1	1	3	0	-	0	-
10b74eef	243	ghidra	ltcg.c	gap	-	-	none	mech	-	2	6	2	0	-	0	-
10b74fe2	206	ghidra	ltcg.c	gap	-	-	cited	mech	-	2	0	3	0	-	0	-
10b750b0	27	ghidra	ltcg.c	gap	-	-	none	mech	-	1	0	3	0	-	0	-
10b750cb	654	ghidra	ltcg.c	gap	-	-	none	mech	-	1	9	1	0	-	0	-
10b75359	120	ghidra	ltcg.c	gap	-	-	none	mech	-	1	3	2	0	-	0	-
10b753d1	33	ghidra	ltcg.c	gap	-	-	none	mech	-	2	0	3	0	-	0	-
10b753f2	27	ghidra	ltcg.c	gap	-	-	none	mech	-	2	1	3	0	-	0	-
10b7540d	58	ghidra	ltcg.c	gap	-	-	none	mech	-	1	1	3	0	-	0	-
10b75447	399	ghidra	ltcg.c	gap	-	-	none	mech	-	1	1	2	0	-	0	-
10b755d6	329	ghidra	ltcg.c	gap	-	-	none	mech	-	1	1	3	0	-	0	-
10b7571f	314	ghidra	ltcg.c	gap	-	-	none	mech	-	1	1	3	0	-	0	-
10b75859	111	ghidra	ltcg.c	gap	-	-	none	mech	-	5	1	2	0	-	0	-
10b758c8	83	ghidra	ltcg.c	gap	-	-	none	mech	-	1	2	4	0	-	0	-
10b7591b	60	ghidra	ltcg.c	gap	-	-	none	mech	-	1	1	2	0	-	0	-
10b75957	18	ghidra	ltcg.c	gap	-	-	none	mech	-	1	0	1	0	-	0	-
10b75969	148	ghidra	ltcg.c	gap	-	-	none	mech	-	1	1	2	0	-	0	-
10b759fd	59	ghidra	ltcg.c	gap	-	-	none	mech	-	1	0	3	0	-	0	-
10b75a38	117	ghidra	ltcg.c	gap	-	-	none	mech	-	1	1	2	0	-	0	-
10b75aad	47	ghidra	ltcg.c	gap	-	-	none	mech	-	1	0	3	0	-	0	-
10b75adc	181	ghidra	ltcg.c	gap	-	-	none	mech	-	1	2	3	0	-	0	-
10b75b91	218	ghidra	ltcg.c	gap	-	-	none	mech	-	1	1	3	0	-	0	-
10b75c6b	80	ghidra	ltcg.c	gap	-	-	none	mech	-	2	1	4	0	-	0	-
10b75cbb	96	ghidra	ltcg.c	gap	-	-	none	mech	-	3	1	3	0	-	0	-
10b75d1b	96	ghidra	ltcg.c	gap	-	-	none	mech	-	3	2	3	0	-	0	-
10b75d7b	163	ghidra	ltcg.c	gap	-	-	none	mech	-	1	2	2	0	-	0	-
10b75e1e	71	ghidra	lur.c	in-anchor	-	-	cited	mech	-	2	1	2	1	e:\\bt\\278379\\vctools\\compiler\\be\\p2\\lu…	0	-
10b75e65	25	ghidra	lur.c	in-anchor	-	-	none	mech	-	6	0	2	0	-	0	-
10b75e7e	90	ghidra	lur.c	in-anchor	-	-	none	mech	-	4	3	2	0	-	0	-
10b75ed8	2	thunk	lur.c	in-anchor	-	-	none	high	thunk	4	0	3	0	-	0	-
10b75ee7	18	ghidra	lur.c	in-anchor	-	-	none	mech	-	0	0	-	0	-	0	-
10b75eec	92	ghidra	lur.c	in-anchor	-	-	none	mech	-	1	3	2	0	-	0	-
10b75f48	243	ghidra	lur.c	in-anchor	-	-	none	mech	-	3	3	2	0	-	0	-
10b7603b	469	ghidra	lur.c	in-anchor	-	-	none	mech	-	1	0	3	0	-	0	-
10b76210	641	ghidra	lur.c	in-anchor	-	-	none	mech	-	1	9	2	0	-	0	-
10b76491	269	ghidra	lur.c	in-anchor	-	-	none	mech	-	1	7	2	0	-	0	-
10b7659e	23	ghidra	lur.c	in-anchor	-	-	none	mech	-	7	0	2	0	-	0	-
10b765b5	296	ghidra	lur.c	in-anchor	-	-	cited	mech	-	2	4	2	1	e:\\bt\\278379\\vctools\\compiler\\be\\p2\\lu…	0	-
10b766de	53	ghidra	lur.c	in-anchor	-	-	none	mech	-	1	2	2	0	-	0	-
10b76713	78	ghidra	lur.c	in-anchor	-	-	none	mech	-	1	4	2	0	-	0	-
10b76761	121	ghidra	lur.c	in-anchor	-	-	none	mech	-	1	1	2	0	-	0	-
10b767da	136	ghidra	lur.c	in-anchor	-	-	none	mech	-	1	2	2	0	-	0	-
10b76862	118	ghidra	lur.c	in-anchor	-	-	none	mech	-	1	0	6+	0	-	0	-
10b768d8	151	ghidra	lur.c	in-anchor	-	-	none	mech	-	1	1	5	0	-	0	-
10b7696f	163	ghidra	lur.c	in-anchor	-	-	none	mech	-	1	1	4	0	-	0	-
10b76a12	297	ghidra	lur.c	in-anchor	-	-	none	mech	-	2	3	3	0	-	0	-
10b76b3b	109	ghidra	lur.c	in-anchor	-	-	none	mech	-	1	2	3	0	-	0	-
10b76ba8	37	ghidra	lur.c	in-anchor	-	-	none	mech	-	1	0	4	0	-	0	-
10b76bcd	160	ghidra	lur.c	in-anchor	-	-	none	mech	-	1	5	2	0	-	0	-
10b76c6d	41	ghidra	lur.c	in-anchor	-	-	none	mech	-	2	1	3	0	-	0	-
10b76c96	89	ghidra	lur.c	in-anchor	-	-	none	mech	-	1	1	2	0	-	0	-
10b76cef	77	ghidra	lur.c	in-anchor	-	-	none	mech	-	1	1	3	0	-	0	-
10b76d3c	174	ghidra	lur.c	in-anchor	-	-	none	mech	-	1	6	1	0	-	0	-
10b76dea	72	ghidra	lur.c	in-anchor	-	-	none	mech	-	2	2	2	0	-	0	-
10b76e32	143	ghidra	lur.c	in-anchor	-	-	none	mech	-	1	4	2	0	-	0	-
10b76ec1	160	ghidra	lur.c	in-anchor	-	-	none	mech	-	2	3	2	0	-	0	-
10b76f61	28	ghidra	lur.c	in-anchor	-	-	none	mech	-	1	0	3	0	-	0	-
10b76f7d	95	ghidra	lur.c	in-anchor	-	-	none	mech	-	1	0	3	0	-	0	-
10b76fdc	31	ghidra	lur.c	in-anchor	-	-	none	mech	-	1	0	3	0	-	0	-
10b76ffb	38	ghidra	lur.c	in-anchor	-	-	none	mech	-	1	1	2	0	-	0	-
10b77021	49	ghidra	lur.c	in-anchor	-	-	none	mech	-	2	1	2	0	-	0	-
10b77052	433	ghidra	lur.c	in-anchor	-	-	none	mech	-	1	8	2	0	-	0	-
10b77203	25	ghidra	lur.c	in-anchor	-	-	none	mech	-	1	0	4	0	-	0	-
10b7721c	47	ghidra	lur.c	in-anchor	-	-	none	mech	-	1	3	2	0	-	0	-
10b7724b	208	ghidra	lur.c	in-anchor	-	-	none	mech	-	1	6	3	0	-	0	-
10b7731b	121	ghidra	lur.c	in-anchor	-	-	none	mech	-	1	2	3	0	-	0	-
10b77394	44	ghidra	lur.c	in-anchor	-	-	none	mech	-	1	0	3	0	-	0	-
10b773c0	32	ghidra	lur.c	in-anchor	-	-	none	mech	-	1	1	3	0	-	0	-
10b773e0	252	ghidra	lur.c	in-anchor	-	-	none	mech	-	3	0	3	0	-	0	-
10b774dc	44	ghidra	lur.c	in-anchor	-	-	none	mech	-	1	0	4	0	-	0	-
10b77508	42	ghidra	lur.c	in-anchor	-	-	none	mech	-	1	0	3	0	-	0	-
10b77532	21	ghidra	lur.c	in-anchor	-	-	none	mech	-	1	1	3	0	-	0	-
10b77547	271	ghidra	lur.c	in-anchor	-	-	cited	mech	-	1	3	2	1	e:\\bt\\278379\\vctools\\compiler\\be\\p2\\lu…	0	-
10b77656	63	ghidra	lur.c	in-anchor	-	-	none	mech	-	2	1	3	0	-	0	-
10b77695	25	ghidra	lur.c	in-anchor	-	-	none	mech	-	1	1	2	0	-	0	-
10b776ae	281	ghidra	lur.c	in-anchor	-	-	none	mech	-	2	3	3	0	-	0	-
10b777c7	39	ghidra	lur.c	in-anchor	-	-	none	mech	-	1	2	2	0	-	0	-
10b777ee	289	ghidra	lur.c	in-anchor	-	-	none	mech	-	1	1	3	0	-	0	-
10b7790f	368	ghidra	lur.c	in-anchor	-	-	none	mech	-	1	1	3	0	-	0	-
10b77a7f	551	ghidra	lur.c	in-anchor	-	-	none	mech	-	2	0	3	0	-	0	-
10b77ca6	98	ghidra	lur.c	in-anchor	-	-	none	mech	-	1	0	4	0	-	0	-
10b77d08	65	ghidra	lur.c	in-anchor	-	-	none	mech	-	1	1	3	0	-	0	-
10b77d49	46	ghidra	lur.c	in-anchor	-	-	none	mech	-	5	0	3	0	-	0	-
10b77d77	54	ghidra	lur.c	in-anchor	-	-	none	mech	-	1	1	2	0	-	0	-
10b77dad	194	ghidra	lur.c	in-anchor	-	-	none	mech	-	3	3	3	0	-	0	-
10b77e6f	168	ghidra	lur.c	in-anchor	-	-	none	mech	-	1	0	4	0	-	0	-
10b77f17	117	ghidra	lur.c	in-anchor	-	-	none	mech	-	1	0	4	0	-	0	-
10b77f8c	19	ghidra	lur.c	in-anchor	-	-	none	mech	-	12	0	3	0	-	0	-
10b77f9f	99	ghidra	lur.c	in-anchor	-	-	none	mech	-	1	2	3	0	-	0	-
10b78002	121	ghidra	lur.c	in-anchor	-	-	none	mech	-	2	3	3	0	-	0	-
10b7807b	90	ghidra	lur.c	in-anchor	-	-	none	mech	-	1	2	3	0	-	0	-
10b780d5	56	ghidra	lur.c	in-anchor	-	-	none	mech	-	2	2	2	0	-	0	-
10b7810d	179	ghidra	lur.c	in-anchor	-	-	none	mech	-	1	4	2	0	-	0	-
10b781c0	46	ghidra	lur.c	in-anchor	-	-	none	mech	-	1	1	2	0	-	0	-
10b781ee	342	ghidra	lur.c	in-anchor	-	-	none	mech	-	1	11	1	0	-	0	-
10b78344	185	ghidra	lur.c	in-anchor	-	-	none	mech	-	2	3	4	0	-	0	-
10b783fd	1017	ghidra	lur.c	in-anchor	-	-	none	mech	-	3	3	3	0	-	0	-
10b787f6	329	ghidra	lur.c	in-anchor	-	-	none	mech	-	1	4	2	0	-	0	-
10b7893f	185	ghidra	lur.c	in-anchor	-	-	none	mech	-	1	3	2	0	-	0	-
10b789f8	264	ghidra	lur.c	in-anchor	-	-	none	mech	-	1	5	2	0	-	0	-
10b78b00	181	ghidra	lur.c	in-anchor	-	-	none	mech	-	2	4	1	0	-	0	-
10b78bb5	368	ghidra	lur.c	in-anchor	-	-	none	mech	-	1	8	1	0	-	0	-
10b78d25	164	ghidra	lur.c	in-anchor	-	-	none	mech	-	1	1	2	0	-	0	-
10b78dc9	103	ghidra	lur.c	in-anchor	-	-	none	mech	-	1	1	2	0	-	0	-
10b78e30	356	ghidra	lur.c	in-anchor	-	-	none	mech	-	1	12	1	0	-	0	-
10b78f94	66	ghidra	lur.c	in-anchor	-	-	none	mech	-	2	3	2	0	-	0	-
10b78fd6	83	ghidra	lur.c	in-anchor	-	-	none	mech	-	1	1	3	0	-	0	-
10b79029	471	ghidra	lur.c	in-anchor	-	-	none	mech	-	1	7	2	0	-	0	-
10b79200	47	ghidra	lur.c	in-anchor	-	-	none	mech	-	2	2	2	0	-	0	-
10b7922f	529	ghidra	lur.c	in-anchor	-	-	none	mech	-	1	11	2	0	-	0	-
10b79440	933	ghidra	lur.c	in-anchor	-	-	none	mech	-	1	10	2	0	-	0	-
10b797e5	80	ghidra	lur.c	in-anchor	-	-	none	mech	-	4	1	3	0	-	0	-
10b79835	211	ghidra	lur.c	in-anchor	-	-	none	mech	-	1	3	3	0	-	0	-
10b79908	435	ghidra	lur.c	in-anchor	-	-	none	mech	-	1	9	2	0	-	0	-
10b79abb	113	ghidra	lur.c	in-anchor	-	-	none	mech	-	1	1	3	0	-	0	-
10b79b2c	653	ghidra	lur.c	in-anchor	-	-	none	mech	-	1	4	3	0	-	0	-
10b79db9	116	ghidra	lur.c	in-anchor	-	-	none	mech	-	1	2	3	0	-	0	-
10b79e2d	41	ghidra	lur.c	in-anchor	-	-	none	mech	-	1	1	4	0	-	0	-
10b79e56	821	ghidra	lur.c	in-anchor	-	-	none	mech	-	1	15	2	0	-	0	-
10b7a18b	620	ghidra	lur.c	in-anchor	-	-	none	mech	-	1	4	2	0	-	0	-
10b7a3f7	313	ghidra	lur.c	in-anchor	-	-	none	mech	-	2	2	3	0	-	0	-
10b7a530	475	ghidra	lur.c	in-anchor	-	-	none	mech	-	2	12	2	0	-	0	-
10b7a70b	108	ghidra	lur.c	in-anchor	-	-	none	mech	-	3	3	2	0	-	0	-
10b7a777	125	ghidra	lur.c	in-anchor	-	-	none	mech	-	4	2	2	0	-	0	-
10b7a7f4	188	ghidra	lur.c	in-anchor	-	-	none	mech	-	4	2	3	0	-	0	-
10b7a8b0	805	ghidra	lur.c	in-anchor	-	-	none	mech	-	1	8	2	0	-	0	-
10b7abd5	307	ghidra	lur.c	in-anchor	-	-	cited	mech	-	1	6	2	1	e:\\bt\\278379\\vctools\\compiler\\be\\p2\\lu…	0	-
10b7ad08	319	ghidra	lur.c	gap	-	-	none	mech	-	1	7	2	0	-	0	-
10b7ae47	100	ghidra	lur.c	gap	-	-	none	mech	-	2	3	3	0	-	0	-
10b7aeab	603	ghidra	lur.c	gap	-	-	cited	mech	-	1	8	2	0	-	0	-
10b7b106	73	ghidra	lur.c	gap	-	-	none	mech	-	1	2	2	0	-	0	-
10b7b14f	177	ghidra	lur.c	gap	-	-	none	mech	-	4	2	3	0	-	0	-
10b7b200	842	ghidra	lur.c	gap	-	-	none	mech	-	2	30	2	0	-	0	-
10b7b54a	652	ghidra	lur.c	gap	-	-	none	mech	-	2	17	2	0	-	0	-
10b7b7d6	895	ghidra	lur.c	gap	-	-	none	mech	-	3	23	2	0	-	0	-
10b7bb55	143	ghidra	lur.c	gap	-	-	none	mech	-	1	2	3	0	-	0	-
10b7bbe4	324	ghidra	lur.c	gap	-	-	none	mech	-	2	5	2	0	-	0	-
10b7bd28	187	ghidra	lur.c	gap	-	-	none	mech	-	2	1	3	0	-	0	-
10b7bde3	145	ghidra	lur.c	gap	-	-	none	mech	-	1	1	3	0	-	0	-
10b7be74	276	ghidra	lur.c	gap	-	-	none	mech	-	3	2	2	0	-	0	-
10b7bf88	191	ghidra	lur.c	gap	-	-	none	mech	-	1	6	2	0	-	0	-
10b7c047	47	ghidra	lur.c	gap	-	-	none	mech	-	1	1	3	0	-	0	-
10b7c076	95	ghidra	lur.c	gap	-	-	none	mech	-	1	2	3	0	-	0	-
10b7c0d5	513	ghidra	lur.c	gap	-	-	none	mech	-	1	12	2	0	-	0	-
10b7c2d6	930	ghidra	lur.c	gap	-	-	none	mech	-	2	21	2	0	-	0	-
10b7c678	760	ghidra	lur.c	gap	-	-	none	mech	-	1	11	2	0	-	0	-
10b7c970	70	ghidra	lur.c	gap	-	-	none	mech	-	1	3	3	0	-	0	-
10b7c9b6	310	ghidra	lur.c	gap	-	-	none	mech	-	1	1	4	0	-	0	-
10b7caec	47	ghidra	lur.c	gap	-	-	none	mech	-	2	2	3	0	-	0	-
10b7cb1b	60	ghidra	lur.c	gap	-	-	none	mech	-	1	6	2	0	-	0	-
10b7cb57	393	ghidra	lur.c	gap	-	-	none	mech	-	1	3	2	0	-	0	-
10b7cce0	236	ghidra	lur.c	gap	-	-	none	mech	-	1	7	2	0	-	0	-
10b7cdcc	165	ghidra	lur.c	gap	-	-	none	mech	-	1	4	2	0	-	0	-
10b7ce71	172	ghidra	lur.c	gap	-	-	none	mech	-	1	3	3	0	-	0	-
10b7cf1d	99	ghidra	lur.c	gap	-	-	none	mech	-	1	1	3	0	-	0	-
10b7cf80	183	ghidra	lur.c	gap	-	-	none	mech	-	1	8	3	0	-	0	-
10b7d037	64	ghidra	lur.c	gap	-	-	none	mech	-	1	4	2	0	-	0	-
10b7d077	45	ghidra	lur.c	gap	-	-	none	mech	-	1	2	3	0	-	0	-
10b7d0a4	507	ghidra	lur.c	gap	-	-	none	mech	-	2	11	2	0	-	0	-
10b7d29f	289	ghidra	lur.c	gap	-	-	none	mech	-	1	8	2	0	-	0	-
10b7d3c0	494	ghidra	lur.c	gap	-	-	none	mech	-	2	14	2	0	-	0	-
10b7d5ae	245	ghidra	lur.c	gap	-	-	none	mech	-	1	8	2	0	-	0	-
10b7d6a3	151	ghidra	lur.c	gap	-	-	none	mech	-	1	7	3	0	-	0	-
10b7d73a	61	ghidra	lur.c	gap	-	-	none	mech	-	2	5	2	0	-	0	-
10b7d777	185	ghidra	lur.c	gap	-	-	none	mech	-	1	11	1	0	-	0	-
10b7d830	46	ghidra	lur.c	gap	-	-	none	mech	-	2	1	2	0	-	1	MultiByteToWideChar
10b7d85e	920	ghidra	lur.c	gap	dag	P_DAG.md	paged	mech	-	1	28	0	0	-	0	-
10b7dbf6	91	ghidra	lur.c	gap	-	-	cited	mech	-	1	5	1	0	-	0	-
10b7dc51	219	ghidra	lur.c	gap	dag	P_DAG.md	paged	mech	-	1	5	0	0	-	0	-
10b7dd2c	211	ghidra	lur.c	gap	-	-	labelled	medium	emit.pass.pipeline: A pass-pipeline driver: FUN_10bc6487, then the peephole 0x10c182b4 (gated), then 0x10bd1068, 0x10c113f3, 0x10c2764e, 0x10c2226b. The pass ORDER around register allocation was not …	1	9	0	0	-	0	-
10b7ddff	75	ghidra	lur.c	gap	-	-	cited	mech	-	1	4	1	0	-	0	-
10b7de4a	139	ghidra	lur.c	gap	-	-	cited	mech	-	1	5	1	0	-	0	-
10b7ded5	130	ghidra	lur.c	gap	-	-	cited	mech	-	1	6	1	0	-	0	-
10b7df57	219	ghidra	lur.c	gap	dag	P_DAG.md	paged	mech	-	1	7	0	0	-	0	-
10b7e032	225	ghidra	lur.c	gap	-	-	cited	mech	-	1	11	1	0	-	0	-
10b7e113	177	ghidra	lur.c	gap	-	-	cited	mech	-	4	5	1	0	-	0	-
10b7e1c4	116	ghidra	lur.c	gap	-	-	labelled	medium	emit-finalize: per-function/module emit teardown; clears DAT_10c472e8	5	7	0	0	-	0	-
10b7e238	31	ghidra	lur.c	gap	-	-	labelled	high	argv-parse: next-argv callback; decrements 0x10c46324, advances 0x10c46320	1	0	0	0	-	0	-
10b7e257	31	ghidra	lur.c	gap	-	-	none	mech	-	2	1	1	0	-	1	exit
10b7e276	99	ghidra	lur.c	gap	-	-	labelled	high	il-open: suffix -> wide -> FUN_10c20038, or FUN_10b98fc4 when paged	2	4	0	0	-	1	MultiByteToWideChar
10b7e2d9	51	ghidra	lur.c	gap	-	-	none	mech	-	2	1	1	0	-	1	free
10b7e30c	45	ghidra	lur.c	gap	-	-	none	mech	-	4	2	1	0	-	0	-
10b7e339	275	ghidra	main.c	in-anchor	-	-	none	mech	-	0	6	1	2	%s[0x%p:0x%p] | e:\\bt\\278379\\vctools\\compiler\\be\\p2\\ma…	0	-
10b7e44d	163	ghidra	main.c	in-anchor	-	-	none	mech	-	0	4	1	2	%s[0x%p:0x%p] | e:\\bt\\278379\\vctools\\compiler\\be\\p2\\ma…	0	-
10b7e4f0	251	ghidra	main.c	gap	-	-	labelled	high	argv-parse: stores argv/argc into 0x10c46320/0x10c46324, reads %MSC_CMD_FLAGS%, calls 0x10b848dc	1	10	0	1	MSC_CMD_FLAGS	3	_controlfp_s,_wdupenv_s,free
10b7e616	110	ghidra	main.c	gap	-	-	none	mech	-	1	7	1	0	-	0	-
10b7e6af	106	ghidra	main.c	gap	dag	P_DAG.md	paged	mech	-	1	9	0	0	-	0	-
10b7e719	464	ghidra	main.c	gap	-	-	labelled	medium	il-body-reader: returns the function body record or 0	4	15	0	0	-	0	-
10b7e8e9	450	ghidra	main.c	gap	-	-	none	mech	-	1	21	1	0	-	0	-
10b7eaab	481	ghidra	main.c	gap	-	-	none	mech	-	1	15	1	0	-	0	-
10b7ec8c	387	ghidra	main.c	gap	-	-	none	mech	-	3	9	1	0	-	3	_wremove,fclose,fflush
10b7ee0f	28	ghidra	main.c	gap	-	-	none	mech	-	7	0	1	0	-	0	-
10b7ee2b	59	ghidra	main.c	gap	-	-	none	mech	-	2	5	1	0	-	0	-
10b7ee91	196	ghidra	main.c	gap	-	-	none	mech	-	1	4	1	0	-	0	-
10b7ef55	171	ghidra	main.c	gap	-	-	labelled	high	compile-one-function: reads the body from the IL and compiles it; called from the walk loop	1	11	0	0	-	0	-
10b7f000	34	ghidra	main.c	gap	-	-	cited	mech	-	1	1	1	0	-	0	-
10b7f022	477	ghidra-missed	main.c	gap	-	-	labelled	high	emit-walk: loop over DAT_10c4630c selecting bodies to compile+emit	0	0	0	0	-	0	-
10b7f1ff	837	ghidra	main.c	gap	-	-	labelled	high	obj-driver|il-open: top-level compile-all driver, p2/main.c; from _InvokeCompilerPass@12 via 10b7f3e7/10b7f3b6	1	30	0	0	-	1	_wremove
10b7f369	34	ghidra	main.c	gap	-	-	none	mech	-	1	3	1	0	-	0	-
10b7f3b6	49	ghidra	main.c	gap	-	-	labelled	high	entry: p2 main: argv latch, phase sequence; returns *0x10c2ea8c	1	5	0	0	-	0	-
10b7f3e7	13	ghidra	main.c	gap	-	-	labelled	high	entry: p2 main trampoline -> 0x10b7f3b6	3	1	0	0	-	0	-
10b7f3f4	272	ghidra	misc.c	in-anchor	-	-	cited	mech	-	1	3	1	1	e:\\bt\\278379\\vctools\\compiler\\be\\p2\\mi…	2	wcschr,wcsncmp
10b7f504	10	ghidra	misc.c	in-anchor	-	-	none	mech	-	30	0	1	0	-	0	-
10b7f50e	24	ghidra	misc.c	in-anchor	-	-	none	mech	-	1	0	2	0	-	0	-
10b7f526	64	ghidra	misc.c	in-anchor	-	-	none	mech	-	2	1	1	0	-	0	-
10b7f566	48	ghidra	misc.c	in-anchor	-	-	none	mech	-	1	0	3	0	-	0	-
10b7f596	303	ghidra	misc.c	in-anchor	-	-	none	mech	-	2	5	2	0	-	0	-
10b7f6c5	142	ghidra	misc.c	in-anchor	-	-	none	mech	-	1	2	2	0	-	0	-
10b7f753	14	ghidra	misc.c	in-anchor	-	-	none	mech	-	3	0	2	0	-	0	-
10b7f761	217	ghidra	misc.c	in-anchor	-	-	none	mech	-	2	4	1	0	-	0	-
10b7f83a	62	ghidra	misc.c	in-anchor	-	-	none	mech	-	1	1	1	0	-	0	-
10b7f878	47	ghidra	misc.c	in-anchor	-	-	none	mech	-	1	2	2	0	-	0	-
10b7f8a7	68	ghidra	misc.c	in-anchor	-	-	none	mech	-	1	1	2	0	-	0	-
10b7f8eb	224	ghidra	misc.c	in-anchor	-	-	none	mech	-	2	5	2	0	-	0	-
10b7f9cb	50	ghidra	misc.c	in-anchor	-	-	none	mech	-	2	2	2	0	-	0	-
10b7f9fd	277	ghidra	misc.c	in-anchor	-	-	none	mech	-	2	7	2	0	-	0	-
10b7fb12	485	ghidra	misc.c	in-anchor	-	-	none	mech	-	2	9	2	0	-	0	-
10b7fcf7	178	ghidra	misc.c	in-anchor	-	-	none	mech	-	1	6	2	0	-	0	-
10b7fda9	476	ghidra	misc.c	in-anchor	-	-	none	mech	-	1	15	2	0	-	0	-
10b7ff85	500	ghidra	misc.c	in-anchor	-	-	none	mech	-	1	18	2	0	-	0	-
10b80179	145	ghidra	misc.c	in-anchor	-	-	none	mech	-	1	1	2	1	e:\\bt\\278379\\vctools\\compiler\\be\\p2\\mi…	0	-
10b8020b	31	ghidra	misc.c	in-anchor	-	-	none	mech	-	50	1	1	0	-	0	-
10b8022a	118	ghidra	misc.c	in-anchor	-	-	none	mech	-	1	4	2	0	-	0	-
10b802a0	54	ghidra	misc.c	in-anchor	-	-	none	mech	-	7	0	2	0	-	0	-
10b802d6	116	ghidra	misc.c	in-anchor	-	-	none	mech	-	1	3	1	0	-	0	-
10b8034a	238	ghidra	misc.c	in-anchor	-	-	none	mech	-	1	7	1	0	-	0	-
10b80438	52	ghidra	misc.c	in-anchor	-	-	none	mech	-	1	1	1	0	-	0	-
10b8046c	63	ghidra	misc.c	in-anchor	-	-	none	mech	-	1	0	3	0	-	0	-
10b804ab	61	ghidra	misc.c	in-anchor	-	-	none	mech	-	1	1	1	0	-	0	-
10b804e8	101	ghidra	misc.c	in-anchor	-	-	none	mech	-	2	2	2	0	-	0	-
10b8054d	42	ghidra	misc.c	in-anchor	-	-	none	mech	-	1	0	2	0	-	0	-
10b80577	60	ghidra	misc.c	in-anchor	-	-	none	mech	-	2	1	2	0	-	0	-
10b805b3	166	ghidra	misc.c	in-anchor	section	P_SECTION.md	paged	high	section-select: SetInitialData: sym[0x20]|=0x180, sym[0x1c]=cb, memcpy of the bytes	2	5	0	0	-	0	-
10b80659	179	ghidra	misc.c	in-anchor	-	-	none	mech	-	1	6	1	0	-	0	-
10b8070c	51	ghidra	misc.c	in-anchor	-	-	cited	mech	-	1	1	1	0	-	0	-
10b8073f	108	ghidra	misc.c	in-anchor	-	-	none	mech	-	1	1	2	0	-	0	-
10b807ab	78	ghidra	misc.c	in-anchor	-	-	none	mech	-	1	1	2	0	-	0	-
10b807f9	84	ghidra	misc.c	in-anchor	-	-	none	mech	-	2	4	2	0	-	0	-
10b8084d	278	ghidra	misc.c	in-anchor	-	-	none	medium	only-from:pgo-client	1	1	2	0	-	0	-
10b80963	256	ghidra	misc.c	in-anchor	-	-	none	mech	-	1	0	3	0	-	0	-
10b80a63	291	ghidra	misc.c	in-anchor	-	-	none	mech	-	2	5	2	0	-	0	-
10b80b86	133	ghidra	misc.c	in-anchor	-	-	none	mech	-	1	3	1	0	-	0	-
10b80c0b	51	ghidra	misc.c	in-anchor	-	-	none	mech	-	1	2	2	0	-	0	-
10b80c3e	109	ghidra	misc.c	in-anchor	-	-	none	mech	-	1	1	3	0	-	0	-
10b80cab	101	ghidra	misc.c	in-anchor	-	-	none	mech	-	1	0	3	0	-	0	-
10b80d10	61	ghidra	misc.c	in-anchor	-	-	none	mech	-	1	0	2	0	-	0	-
10b80d4d	814	ghidra	misc.c	in-anchor	-	-	none	mech	-	1	14	2	0	-	0	-
10b8107b	789	ghidra	misc.c	in-anchor	-	-	none	mech	-	1	13	2	0	-	0	-
10b81390	31	ghidra	misc.c	in-anchor	-	-	none	mech	-	3	1	1	0	-	0	-
10b813af	66	ghidra	misc.c	in-anchor	-	-	none	mech	-	1	1	2	0	-	0	-
10b813f1	511	ghidra	misc.c	in-anchor	-	-	labelled	unknown	emit.ifconv.site: The caller of the profitability gate FUN_10c1b315, in p2\misc.c. Two obj results are unexplained at this site: run 2's 8 d_if_* cells and this lane's r5_bias1, where a result consta…	3	7	0	0	-	0	-
10b815f0	648	ghidra	misc.c	in-anchor	-	-	none	mech	-	1	1	2	0	-	0	-
10b81878	139	ghidra	misc.c	in-anchor	-	-	none	mech	-	1	1	3	0	-	0	-
10b81903	83	ghidra	misc.c	in-anchor	-	-	none	mech	-	3	1	2	0	-	0	-
10b81956	357	ghidra	misc.c	in-anchor	-	-	none	mech	-	1	7	2	0	-	0	-
10b81abb	103	ghidra	misc.c	in-anchor	-	-	none	mech	-	1	3	2	0	-	0	-
10b81b22	1323	ghidra	misc.c	in-anchor	-	-	none	mech	-	1	19	1	0	-	0	-
10b8204d	29	ghidra	misc.c	in-anchor	-	-	none	mech	-	1	0	2	0	-	0	-
10b8206a	72	ghidra	misc.c	in-anchor	-	-	none	mech	-	1	1	2	0	-	0	-
10b820b2	91	ghidra	misc.c	in-anchor	-	-	none	mech	-	1	0	2	0	-	0	-
10b8210d	62	ghidra	misc.c	in-anchor	-	-	none	mech	-	1	0	3	0	-	0	-
10b8214b	120	ghidra	misc.c	in-anchor	-	-	none	mech	-	1	3	1	0	-	0	-
10b821c3	77	ghidra	misc.c	in-anchor	-	-	none	mech	-	1	2	2	0	-	0	-
10b82210	63	ghidra	misc.c	in-anchor	-	-	none	mech	-	3	1	2	0	-	0	-
10b8224f	161	ghidra	misc.c	in-anchor	-	-	none	mech	-	2	1	1	0	-	0	-
10b822f0	47	ghidra	misc.c	in-anchor	-	-	none	mech	-	5	1	2	0	-	0	-
10b8231f	25	ghidra	misc.c	in-anchor	-	-	none	mech	-	5	0	2	0	-	0	-
10b82338	374	ghidra	misc.c	in-anchor	-	-	cited	mech	-	1	1	2	0	-	0	-
10b824ae	91	ghidra	misc.c	in-anchor	-	-	none	mech	-	2	0	2	0	-	0	-
10b82509	34	ghidra	misc.c	in-anchor	-	-	none	mech	-	1	0	2	0	-	0	-
10b8252b	83	ghidra	misc.c	in-anchor	-	-	none	mech	-	2	0	2	0	-	0	-
10b8257e	96	ghidra	misc.c	in-anchor	-	-	none	mech	-	1	3	1	0	-	0	-
10b825de	66	ghidra	misc.c	in-anchor	-	-	none	mech	-	2	1	2	1	__fltused	0	-
10b82620	41	ghidra	misc.c	in-anchor	-	-	none	mech	-	1	0	2	0	-	0	-
10b82649	55	ghidra	misc.c	in-anchor	-	-	none	mech	-	1	0	2	0	-	0	-
10b82680	55	ghidra	misc.c	in-anchor	-	-	none	mech	-	1	2	2	0	-	0	-
10b826f6	28	ghidra	misc.c	in-anchor	-	-	none	mech	-	1	1	3	0	-	0	-
10b82712	165	ghidra	misc.c	in-anchor	-	-	none	mech	-	2	7	2	0	-	0	-
10b827b7	66	ghidra	misc.c	in-anchor	-	-	none	mech	-	5	1	2	0	-	0	-
10b827f9	41	ghidra	misc.c	in-anchor	-	-	none	mech	-	5	0	2	0	-	0	-
10b82822	62	ghidra	misc.c	in-anchor	-	-	none	mech	-	4	0	2	0	-	0	-
10b82860	60	ghidra	misc.c	in-anchor	-	-	none	mech	-	10	2	2	0	-	0	-
10b8289c	783	ghidra	misc.c	in-anchor	-	-	none	mech	-	1	5	1	0	-	0	-
10b82bab	6	ghidra	misc.c	in-anchor	-	-	none	mech	-	1	0	2	0	-	0	-
10b82bb1	109	ghidra	misc.c	in-anchor	-	-	none	mech	-	1	3	2	0	-	0	-
10b82c1e	524	ghidra	misc.c	in-anchor	-	-	none	mech	-	1	8	2	0	-	0	-
10b82e2a	82	ghidra	misc.c	in-anchor	-	-	none	mech	-	1	1	1	0	-	0	-
10b82e7c	245	ghidra	misc.c	in-anchor	-	-	none	mech	-	1	1	2	0	-	0	-
10b82f71	22	ghidra	misc.c	in-anchor	-	-	none	mech	-	5	1	1	0	-	0	-
10b82f87	4	ghidra	misc.c	in-anchor	-	-	none	mech	-	2	0	3	0	-	0	-
10b82f8b	4	ghidra	misc.c	in-anchor	-	-	none	mech	-	1	0	1	0	-	0	-
10b82f8f	4	ghidra	misc.c	in-anchor	-	-	none	mech	-	5	0	1	0	-	0	-
10b82f93	68	ghidra	misc.c	in-anchor	-	-	none	mech	-	1	0	2	0	-	0	-
10b82fd7	8	ghidra	misc.c	in-anchor	-	-	none	mech	-	14	1	1	0	-	0	-
10b82fdf	93	ghidra	misc.c	in-anchor	-	-	none	mech	-	2	1	2	0	-	0	-
10b8303c	12	ghidra	misc.c	in-anchor	-	-	cited	mech	-	1	1	1	0	-	0	-
10b83048	59	ghidra	misc.c	in-anchor	-	-	none	mech	-	5	2	1	0	-	0	-
10b83083	45	ghidra	misc.c	in-anchor	-	-	none	mech	-	9	2	2	0	-	0	-
10b830b0	101	ghidra	misc.c	in-anchor	-	-	none	mech	-	1	4	1	0	-	0	-
10b83115	321	ghidra	misc.c	in-anchor	-	-	none	mech	-	1	2	1	0	-	0	-
10b83256	106	ghidra	misc.c	in-anchor	-	-	none	mech	-	2	1	1	0	-	0	-
10b832c0	210	ghidra	misc.c	in-anchor	-	-	none	mech	-	1	5	1	0	-	0	-
10b83392	53	ghidra	misc.c	in-anchor	-	-	none	mech	-	1	1	1	0	-	0	-
10b833c7	40	ghidra	misc.c	in-anchor	-	-	none	mech	-	1	1	1	0	-	0	-
10b833ef	426	ghidra	misc.c	in-anchor	-	-	none	mech	-	1	8	1	0	-	0	-
10b83599	24	ghidra	misc.c	in-anchor	-	-	none	mech	-	1	0	2	0	-	0	-
10b835b1	707	ghidra	misc.c	in-anchor	-	-	none	mech	-	1	8	1	0	-	0	-
10b83874	242	ghidra	misc.c	in-anchor	-	-	none	mech	-	1	4	1	0	-	0	-
10b83966	909	ghidra	misc.c	in-anchor	-	-	none	mech	-	1	5	1	0	-	0	-
10b83cf3	404	ghidra	misc.c	in-anchor	-	-	none	mech	-	1	4	1	0	-	0	-
10b84844	2530	ghidra	misc.c	in-anchor	-	-	labelled	medium	loop-preinc-pass: p2\misc.c: the per-loop pre-increment/update-form formation (2530 bytes, not read clause by clause). The SELECTION RULE is not claimed — FINDINGS 4.4 elects no rival	2	28	0	0	-	0	-
10b84869	45	ghidra	misc.c	in-anchor	-	-	labelled	high	loop-preinc-driver: p2\misc.c (machine-INDEPENDENT): the lwzu/stwu update-form pass driver. Gated on DAT_10c2ecfc (-QXnopreinc) and DAT_10c2e2fc; walks the same func+0x0c loop list calling 10b84844. …	1	1	0	0	-	0	-
10b84896	70	ghidra	misc.c	in-anchor	-	-	none	mech	-	1	0	3	0	-	0	-
10b848dc	1756	ghidra	misc.c	in-anchor	-	-	labelled	high	argv-parse: option driver: memset(0x10c40220,0,0xce0), match loop, C1007 at 0x10b84a95, options fold	2	10	0	2	.asm | .cod	7	_wcsdup,_wfullpath,_wsplitpath_s
10b84fb8	33	ghidra	misc.c	in-anchor	-	-	none	mech	-	2	0	2	0	-	0	-
10b84fd9	230	ghidra	misc.c	in-anchor	-	-	none	mech	-	1	4	2	0	-	0	-
10b850bf	201	ghidra	misc.c	in-anchor	-	-	none	mech	-	1	6	1	0	-	0	-
10b85188	698	ghidra	misc.c	in-anchor	-	-	none	mech	-	1	13	2	0	-	0	-
10b85442	8	ghidra	misc.c	in-anchor	-	-	none	mech	-	1	1	3	0	-	0	-
10b8544a	8	ghidra	misc.c	in-anchor	-	-	none	mech	-	1	1	3	0	-	0	-
10b85452	358	ghidra	misc.c	in-anchor	-	-	none	mech	-	1	10	1	1	e:\\bt\\278379\\vctools\\compiler\\be\\p2\\mi…	0	-
10b855b9	1120	ghidra	misc.c	in-anchor	-	-	none	mech	-	3	19	1	4	e:\\bt\\278379\\vctools\\compiler\\be\\p2\\mi… | __real@%.8x | __real@%.8x%.8x	1	sprintf_s
10b85a19	461	ghidra	misc.c	in-anchor	-	-	none	mech	-	1	12	1	1	__vmx@%.8x%.8x%.8x%.8x	1	sprintf_s
10b85be6	16	ghidra	misc.c	in-anchor	-	-	none	mech	-	2	2	1	0	-	0	-
10b85bf6	860	ghidra	misc.c	in-anchor	-	-	none	mech	-	1	16	1	0	-	0	-
10b85f52	2037	ghidra	misc.c	in-anchor	-	-	none	mech	-	1	21	1	0	-	0	-
10b86747	34	ghidra	misc.c	in-anchor	-	-	none	mech	-	1	2	3	0	-	0	-
10b86769	41	ghidra	misc.c	in-anchor	-	-	none	mech	-	2	1	2	0	-	0	-
10b86792	352	ghidra	misc.c	in-anchor	-	-	none	mech	-	3	6	2	0	-	0	-
10b868f2	78	ghidra	misc.c	in-anchor	-	-	none	mech	-	1	4	1	0	-	0	-
10b86940	63	ghidra	misc.c	in-anchor	-	-	none	mech	-	1	5	1	0	-	0	-
10b8697f	101	ghidra	misc.c	in-anchor	-	-	none	mech	-	2	4	2	0	-	0	-
10b869e4	93	ghidra	misc.c	in-anchor	-	-	none	mech	-	1	4	1	0	-	0	-
10b86a41	52	ghidra	misc.c	in-anchor	-	-	none	mech	-	1	4	1	0	-	0	-
10b86a75	19	ghidra	misc.c	in-anchor	-	-	none	mech	-	3	0	2	0	-	0	-
10b86a88	170	ghidra	misc.c	in-anchor	-	-	none	mech	-	1	1	2	0	-	0	-
10b86b32	39	ghidra	misc.c	in-anchor	-	-	none	mech	-	9	1	1	0	-	0	-
10b86b59	19	ghidra	misc.c	in-anchor	-	-	none	mech	-	2	0	2	0	-	0	-
10b86b6c	2880	ghidra	misc.c	in-anchor	-	-	cited	mech	-	2	37	1	4	e:\\bt\\278379\\vctools\\compiler\\be\\p2\\mi… | __RTCastToVoid | __RTDynamicCast	0	-
10b876dd	257	ghidra	misc.c	gap	-	-	none	mech	-	1	4	2	0	-	0	-
10b877de	660	ghidra	misc.c	gap	-	-	none	mech	-	2	8	1	0	-	0	-
10b87a72	3748	ghidra	misc.c	gap	-	-	none	mech	-	1	5	1	0	-	0	-
10b88916	517	ghidra	misc.c	gap	-	-	none	mech	-	1	8	1	1	__MscInitializerDummyFuncSymbolUniqueName1	0	-
10b88b1b	67	ghidra	misc.c	gap	-	-	none	mech	-	1	2	2	0	-	0	-
10b88b5e	1819	ghidra	misc.c	gap	-	-	none	mech	-	1	18	1	0	-	0	-
10b89279	258	ghidra	misc.c	gap	-	-	none	mech	-	3	3	1	0	-	0	-
10b8937b	244	ghidra	misc.c	gap	-	-	none	mech	-	1	0	1	0	-	0	-
10b8946f	194	ghidra	misc.c	gap	-	-	labelled	high	il-open: get-or-map cursor for stream kind k	10	4	0	0	-	0	-
10b89531	233	ghidra	misc.c	gap	-	-	none	mech	-	2	1	1	0	-	0	-
10b8961a	796	ghidra	misc.c	gap	-	-	none	mech	-	2	0	2	0	-	0	-
10b89936	717	ghidra	misc.c	gap	-	-	none	mech	-	1	2	2	34	real (%d bytes) | logical (%d bytes) | bool	0	-
10b89c46	102	ghidra	misc.c	gap	-	-	none	mech	-	2	0	3	0	-	0	-
10b89cac	136	ghidra	misc.c	gap	-	-	none	mech	-	1	0	3	0	-	0	-
10b89d34	34	ghidra	misc.c	gap	-	-	none	mech	-	1	0	3	0	-	0	-
10b89d56	37	ghidra	misc.c	gap	-	-	none	mech	-	1	0	3	0	-	0	-
10b89d7b	138	ghidra	misc.c	gap	-	-	none	mech	-	2	0	2	0	-	0	-
10b89e05	47	ghidra	misc.c	gap	-	-	none	mech	-	1	1	2	0	-	0	-
10b89e34	91	ghidra	misc.c	gap	-	-	none	mech	-	2	0	3	0	-	0	-
10b89e8f	11	ghidra	misc.c	gap	-	-	none	mech	-	1	0	4	0	-	0	-
10b89e9a	42	ghidra	misc.c	gap	-	-	none	mech	-	2	0	2	0	-	0	-
10b89ec4	66	ghidra	misc.c	gap	-	-	none	mech	-	3	0	2	0	-	0	-
10b89f06	32	ghidra	misc.c	gap	-	-	none	mech	-	0	0	-	0	-	0	-
10b89f26	33	ghidra	misc.c	gap	-	-	none	mech	-	4	0	1	0	-	0	-
10b89f47	73	ghidra	misc.c	gap	-	-	none	mech	-	1	0	2	0	-	0	-
10b89f90	10	ghidra	misc.c	gap	-	-	none	mech	-	5	0	1	0	-	0	-
10b89f9a	69	ghidra	misc.c	gap	-	-	none	mech	-	2	0	2	0	-	0	-
10b89fdf	60	ghidra	misc.c	gap	-	-	labelled	high	strhash: UTF-16 variant of 10b8a01b, identical fold over ushort*	1	0	0	0	-	0	-
10b8a01b	60	ghidra	misc.c	gap	-	-	labelled	high	strhash: shift-9 xor-fold string hash: h=(h<<9)^((h>>14)&0x3fe00)^(int8_t)c; returns name[0] if fold==0	11	0	0	0	-	0	-
10b8a057	106	ghidra	misc.c	gap	-	-	none	mech	-	1	0	2	0	-	0	-
10b8a0c1	198	ghidra	mod.c	in-anchor	-	-	none	mech	-	1	3	2	1	e:\\bt\\278379\\vctools\\compiler\\be\\p2\\mo…	2	_wcsicmp,wcscpy_s
10b8a188	85	ghidra	mod.c	in-anchor	-	-	none	mech	-	2	4	1	0	-	1	GetLastError
10b8a1dd	237	ghidra	mod.c	in-anchor	-	-	none	mech	-	1	5	1	0	-	1	memcpy_s
10b8a2ca	235	ghidra	mod.c	in-anchor	-	-	none	mech	-	1	0	5	0	-	1	wcscpy_s
10b8a3b5	182	ghidra	mod.c	in-anchor	-	-	none	mech	-	2	2	1	0	-	1	free
10b8a46b	31	ghidra	mod.c	in-anchor	-	-	none	mech	-	1	1	1	0	-	0	-
10b8a48a	92	ghidra	mod.c	in-anchor	-	-	none	mech	-	3	3	1	0	-	0	-
10b8a4e6	69	ghidra	mod.c	in-anchor	-	-	labelled	medium	emit-marker: marks the alias target's +0x4c bit 0x20	2	4	0	0	-	0	-
10b8a52b	34	ghidra	mod.c	in-anchor	-	-	none	mech	-	1	0	2	0	-	0	-
10b8a54d	40	ghidra	mod.c	in-anchor	-	-	none	mech	-	2	0	3	0	-	0	-
10b8a575	197	ghidra	mod.c	in-anchor	-	-	none	mech	-	2	0	2	0	-	0	-
10b8a63a	100	ghidra	mod.c	in-anchor	-	-	none	mech	-	2	1	2	0	-	0	-
10b8a69e	75	ghidra	mod.c	in-anchor	-	-	cited	mech	-	1	1	3	0	-	0	-
10b8a6e9	48	ghidra	mod.c	in-anchor	-	-	none	mech	-	0	3	2	1	e:\\bt\\278379\\vctools\\compiler\\be\\p2\\mo…	0	-
10b8a719	156	ghidra	mod.c	in-anchor	-	-	none	mech	-	1	1	1	0	-	0	-
10b8a7b5	52	ghidra	mod.c	in-anchor	-	-	none	mech	-	1	1	1	0	-	0	-
10b8a7e9	59	ghidra	mod.c	in-anchor	-	-	none	mech	-	3	2	1	0	-	0	-
10b8a824	26	ghidra	mod.c	in-anchor	-	-	none	mech	-	1	1	2	0	-	0	-
10b8a83e	73	ghidra	mod.c	in-anchor	-	-	none	mech	-	4	2	1	0	-	0	-
10b8a887	126	ghidra	mod.c	in-anchor	-	-	none	mech	-	1	4	1	0	-	0	-
10b8a905	49	ghidra	mod.c	in-anchor	-	-	labelled	medium	emit-marker: entry wrapper for 10b8a4e6	1	2	0	0	-	0	-
10b8a936	210	ghidra	mod.c	in-anchor	-	-	labelled	high	emit-marker: reference-driven marking, p2/mod.c; gated on flags37 0x200000/0x400/0x800	1	4	0	0	-	0	-
10b8aa08	90	ghidra	mod.c	in-anchor	-	-	none	mech	-	1	4	2	0	-	0	-
10b8aa62	40	ghidra	mod.c	in-anchor	-	-	none	mech	-	5	1	1	0	-	0	-
10b8aa8a	59	ghidra	mod.c	in-anchor	-	-	none	mech	-	1	1	2	0	-	0	-
10b8aac5	72	ghidra	mod.c	in-anchor	-	-	none	mech	-	3	1	1	0	-	0	-
10b8ab0d	68	ghidra	mod.c	in-anchor	-	-	none	mech	-	2	2	2	0	-	0	-
10b8ab51	113	ghidra	mod.c	in-anchor	-	-	none	mech	-	2	0	3	0	-	0	-
10b8abc2	210	ghidra	mod.c	in-anchor	-	-	cited	mech	-	3	2	1	0	-	0	-
10b8ac94	41	ghidra	mod.c	in-anchor	-	-	none	mech	-	2	2	1	0	-	0	-
10b8acbd	56	ghidra	mod.c	in-anchor	-	-	none	mech	-	2	1	2	0	-	0	-
10b8acf5	292	ghidra	mod.c	in-anchor	-	-	none	mech	-	3	10	2	0	-	0	-
10b8ae19	218	ghidra	mod.c	in-anchor	-	-	none	mech	-	1	7	1	0	-	0	-
10b8aef3	51	ghidra	mod.c	in-anchor	-	-	none	mech	-	1	5	2	0	-	0	-
10b8af26	169	ghidra	mod.c	in-anchor	-	-	none	mech	-	1	4	1	0	-	0	-
10b8afcf	1396	ghidra	mod.c	in-anchor	-	-	none	mech	-	2	16	2	1	e:\\bt\\278379\\vctools\\compiler\\be\\p2\\mo…	0	-
10b8b543	30	ghidra	mod.c	in-anchor	-	-	none	mech	-	1	2	1	0	-	0	-
10b8b561	183	ghidra	mod.c	in-anchor	-	-	none	mech	-	1	6	1	1	e:\\bt\\278379\\vctools\\compiler\\be\\p2\\mo…	0	-
10b8b619	120	ghidra	mod.c	gap	-	-	none	mech	-	3	3	1	0	-	0	-
10b8b691	22	ghidra	mod.c	gap	-	-	none	mech	-	1	1	3	0	-	0	-
10b8b6a7	207	ghidra	mod.c	gap	-	-	none	mech	-	1	5	2	0	-	0	-
10b8b776	39	ghidra	mod.c	gap	-	-	none	mech	-	1	0	3	0	-	0	-
10b8b79d	48	ghidra	mod.c	gap	-	-	none	mech	-	1	0	4	0	-	0	-
10b8b7cd	476	ghidra	mod.c	gap	-	-	none	mech	-	3	7	2	0	-	0	-
10b8b9d7	74	ghidra	mod.c	gap	-	-	none	mech	-	1	1	4	0	-	0	-
10b8ba21	63	ghidra	mod.c	gap	-	-	none	mech	-	2	1	2	0	-	0	-
10b8ba60	109	ghidra	mod.c	gap	-	-	none	mech	-	3	2	2	0	-	0	-
10b8bacd	54	ghidra	mod.c	gap	-	-	none	mech	-	1	0	3	0	-	0	-
10b8bb03	71	ghidra	mod.c	gap	-	-	none	mech	-	2	2	2	0	-	0	-
10b8bb4a	179	ghidra	mod.c	gap	-	-	none	mech	-	1	0	3	0	-	0	-
10b8bbfd	431	ghidra	mod.c	gap	-	-	none	mech	-	1	3	2	1	VUUUUUUU	0	-
10b8bdac	253	ghidra	mod.c	gap	-	-	none	mech	-	1	0	3	0	-	0	-
10b8bea9	555	ghidra	mod.c	gap	-	-	none	mech	-	1	3	2	0	-	0	-
10b8c0d4	116	ghidra	mod.c	gap	-	-	none	mech	-	1	0	3	0	-	0	-
10b8c148	121	ghidra	mod.c	gap	-	-	none	mech	-	2	5	2	0	-	0	-
10b8c1c1	446	ghidra	mod.c	gap	-	-	none	mech	-	2	5	3	0	-	0	-
10b8c37f	495	ghidra	mod.c	gap	-	-	none	mech	-	2	10	2	0	-	0	-
10b8c56e	249	ghidra	mod.c	gap	-	-	none	mech	-	1	2	2	0	-	0	-
10b8c667	645	ghidra	mod.c	gap	-	-	none	mech	-	1	12	2	0	-	0	-
10b8c8ec	580	ghidra	mod.c	gap	-	-	none	mech	-	1	13	2	0	-	0	-
10b8cb30	69	ghidra	mod.c	gap	-	-	none	mech	-	1	3	2	0	-	0	-
10b8cb75	52	ghidra	mod.c	gap	-	-	none	mech	-	1	3	2	0	-	0	-
10b8cba9	86	ghidra	mod.c	gap	-	-	none	mech	-	1	2	2	0	-	0	-
10b8cbff	178	ghidra	mod.c	gap	-	-	none	mech	-	2	8	2	0	-	0	-
10b8ccb1	61	ghidra	mod.c	gap	-	-	none	mech	-	1	3	2	0	-	0	-
10b8ccee	242	ghidra	mod.c	gap	-	-	none	mech	-	2	6	2	0	-	0	-
10b8cde0	14	ghidra	mod.c	gap	-	-	none	mech	-	7	1	2	0	-	0	-
10b8cdee	53	ghidra	mod.c	gap	-	-	none	mech	-	5	4	2	0	-	0	-
10b8ce23	71	ghidra	mod.c	gap	-	-	none	mech	-	4	4	2	0	-	0	-
10b8ce6a	62	ghidra	mod.c	gap	-	-	none	mech	-	7	4	2	0	-	0	-
10b8cea8	128	ghidra	mod.c	gap	-	-	none	mech	-	1	3	2	0	-	0	-
10b8cf28	153	ghidra	mod.c	gap	-	-	none	mech	-	1	6	2	0	-	0	-
10b8cfc1	122	ghidra	mod.c	gap	-	-	none	mech	-	12	4	2	0	-	0	-
10b8d03b	752	ghidra	mod.c	gap	-	-	none	mech	-	1	16	2	0	-	0	-
10b8d32b	940	ghidra	mod.c	gap	-	-	none	mech	-	1	20	2	0	-	0	-
10b8d6d7	1364	ghidra	mod.c	gap	-	-	none	mech	-	1	19	2	0	-	0	-
10b8dc2b	1205	ghidra	mod.c	gap	-	-	none	mech	-	1	22	2	0	-	0	-
10b8e0e0	58	ghidra	mod.c	gap	-	-	none	mech	-	1	3	2	0	-	0	-
10b8e11a	460	ghidra	mod.c	gap	-	-	none	mech	-	1	17	2	0	-	0	-
10b8e2e6	560	ghidra	mod.c	gap	-	-	none	mech	-	1	17	2	0	-	0	-
10b8e516	430	ghidra	mod.c	gap	-	-	none	mech	-	1	19	1	0	-	0	-
10b8e6c4	167	ghidra	mod.c	gap	-	-	none	mech	-	1	7	2	0	-	0	-
10b8e76b	178	ghidra	mod.c	gap	-	-	none	mech	-	1	12	2	0	-	0	-
10b8e81d	31	ghidra	mod.c	gap	-	-	none	mech	-	1	2	2	0	-	0	-
10b8e83c	589	ghidra	mod.c	gap	-	-	none	mech	-	2	20	2	0	-	0	-
10b8ea89	907	ghidra	mod.c	gap	-	-	none	mech	-	1	19	2	0	-	0	-
10b8ee14	372	ghidra	mod.c	gap	-	-	none	mech	-	2	14	1	0	-	0	-
10b8ef88	40	ghidra	mod.c	gap	-	-	none	mech	-	3	0	2	0	-	0	-
10b8efb0	265	ghidra	mod.c	gap	-	-	none	mech	-	1	4	2	0	-	0	-
10b8f0b9	325	ghidra	mod.c	gap	-	-	none	mech	-	4	2	2	0	-	0	-
10b8f1fe	272	ghidra	mod.c	gap	-	-	none	mech	-	1	5	2	0	-	0	-
10b8f30e	148	ghidra	mod.c	gap	-	-	none	mech	-	1	5	2	0	-	0	-
10b8f3a2	174	ghidra	mod.c	gap	-	-	none	mech	-	2	5	2	0	-	0	-
10b8f450	82	ghidra	mod.c	gap	-	-	none	mech	-	1	1	2	0	-	0	-
10b8f4a2	67	ghidra	mod.c	gap	-	-	none	mech	-	1	4	2	0	-	0	-
10b8f4e5	28	ghidra	mod.c	gap	-	-	none	mech	-	1	0	2	0	-	0	-
10b8f501	40	ghidra	mod.c	gap	-	-	none	mech	-	3	0	3	0	-	0	-
10b8f529	112	ghidra	mod.c	gap	-	-	none	mech	-	2	2	2	0	-	0	-
10b8f599	35	ghidra	mod.c	gap	-	-	none	mech	-	6	0	1	0	-	0	-
10b8f5bc	179	ghidra	mod.c	gap	-	-	none	mech	-	4	3	2	0	-	0	-
10b8f66f	387	ghidra	mod.c	gap	-	-	none	mech	-	2	9	2	0	-	0	-
10b8f869	409	ghidra	mod.c	gap	-	-	none	mech	-	2	9	2	0	-	0	-
10b8fa5f	207	ghidra	mod.c	gap	-	-	none	mech	-	1	1	2	0	-	0	-
10b8fb2e	25	ghidra	mod.c	gap	-	-	none	mech	-	1	0	2	0	-	0	-
10b8fb47	346	ghidra	mod.c	gap	-	-	none	mech	-	3	2	3	0	-	0	-
10b8fca1	58	ghidra	mod.c	gap	-	-	none	mech	-	2	3	2	0	-	0	-
10b8fcdb	78	ghidra	mod.c	gap	-	-	none	mech	-	16	3	2	0	-	0	-
10b8fd29	196	ghidra	mod.c	gap	-	-	none	mech	-	2	1	3	0	-	0	-
10b8fded	109	ghidra	mod.c	gap	-	-	none	mech	-	2	5	1	0	-	0	-
10b8fe5a	209	ghidra	mod.c	gap	-	-	none	mech	-	3	5	2	0	-	0	-
10b8ff49	66	ghidra	mod.c	gap	-	-	none	mech	-	1	2	2	0	-	0	-
10b8ff8b	24	ghidra	mod.c	gap	-	-	none	mech	-	2	0	2	0	-	0	-
10b8ffa3	92	ghidra	mod.c	gap	-	-	none	mech	-	2	0	3	0	-	0	-
10b8ffff	30	ghidra	mod.c	gap	-	-	none	mech	-	5	2	2	0	-	0	-
10b9001d	24	ghidra	mod.c	gap	-	-	none	mech	-	2	0	2	0	-	0	-
10b90035	34	ghidra	mod.c	gap	-	-	none	mech	-	5	1	2	0	-	0	-
10b90057	74	ghidra	mod.c	gap	-	-	none	mech	-	1	3	2	0	-	0	-
10b900a1	331	ghidra	mod.c	gap	-	-	none	mech	-	1	2	2	0	-	0	-
10b901ec	131	ghidra	mod.c	gap	-	-	none	mech	-	1	1	3	0	-	0	-
10b9026f	556	ghidra	mod.c	gap	-	-	none	mech	-	7	8	2	0	-	0	-
10b9049b	160	ghidra	mod.c	gap	-	-	none	mech	-	2	1	3	0	-	0	-
10b9053b	93	ghidra	mod.c	gap	-	-	none	mech	-	5	4	2	0	-	0	-
10b90598	14	ghidra	mod.c	gap	-	-	none	mech	-	1	1	3	0	-	0	-
10b905a6	102	ghidra	mod.c	gap	-	-	none	mech	-	14	4	2	0	-	0	-
10b9060c	32	ghidra	mod.c	gap	-	-	none	mech	-	2	3	2	0	-	0	-
10b9062c	253	ghidra	mod.c	gap	-	-	none	mech	-	2	3	2	0	-	0	-
10b90729	202	ghidra	mod.c	gap	-	-	none	mech	-	2	2	2	0	-	0	-
10b907f3	1118	ghidra	mod.c	gap	-	-	none	mech	-	1	8	2	0	-	0	-
10b90c51	994	ghidra	mod.c	gap	-	-	none	mech	-	1	9	2	0	-	0	-
10b91033	432	ghidra	mod.c	gap	-	-	none	mech	-	2	9	2	0	-	0	-
10b911e3	240	ghidra	mod.c	gap	-	-	none	mech	-	2	7	2	0	-	0	-
10b912d3	59	ghidra	mod.c	gap	-	-	none	mech	-	1	2	3	0	-	0	-
10b9130e	653	ghidra	mod.c	gap	-	-	none	mech	-	2	6	2	0	-	0	-
10b9159b	405	ghidra	mod.c	gap	-	-	none	mech	-	1	4	3	0	-	0	-
10b91730	60	ghidra	mod.c	gap	-	-	none	mech	-	3	2	3	0	-	0	-
10b9176c	281	ghidra	mod.c	gap	-	-	none	mech	-	3	9	2	0	-	0	-
10b91885	194	ghidra	mod.c	gap	-	-	none	mech	-	2	8	2	0	-	0	-
10b91947	153	ghidra	mod.c	gap	-	-	none	mech	-	1	1	3	0	-	0	-
10b91a15	596	ghidra	mod.c	gap	-	-	none	mech	-	1	3	2	0	-	0	-
10b91c69	107	ghidra	mod.c	gap	-	-	none	mech	-	1	5	3	0	-	0	-
10b91cd4	781	ghidra	mod.c	gap	-	-	none	mech	-	3	9	2	0	-	0	-
10b91fe1	686	ghidra	mod.c	gap	-	-	none	mech	-	2	15	2	0	-	0	-
10b9228f	1863	ghidra	mod.c	gap	-	-	none	mech	-	3	28	1	0	-	0	-
10b929d6	353	ghidra	mod.c	gap	-	-	none	mech	-	2	6	3	0	-	0	-
10b92b37	79	ghidra	mod.c	gap	-	-	none	mech	-	2	4	2	0	-	0	-
10b92b86	1116	ghidra	mod.c	gap	-	-	none	mech	-	2	9	2	0	-	0	-
10b92fe2	524	ghidra	optimize.c	in-anchor	-	-	none	mech	-	1	13	2	1	e:\\bt\\278379\\vctools\\compiler\\be\\p2\\op…	0	-
10b931ef	209	ghidra	optimize.c	in-anchor	-	-	none	mech	-	4	7	2	0	-	0	-
10b932c0	529	ghidra	optimize.c	in-anchor	-	-	none	mech	-	3	12	2	0	-	0	-
10b934d1	141	ghidra	optimize.c	in-anchor	-	-	none	mech	-	1	3	2	0	-	0	-
10b9355e	175	ghidra	optimize.c	in-anchor	-	-	none	mech	-	2	5	2	0	-	0	-
10b9360d	120	ghidra	optimize.c	in-anchor	-	-	none	mech	-	1	3	2	0	-	0	-
10b93685	851	ghidra	optimize.c	in-anchor	-	-	none	mech	-	1	11	2	0	-	0	-
10b939d8	461	ghidra	optimize.c	in-anchor	-	-	none	mech	-	2	6	2	0	-	0	-
10b93ba5	250	ghidra	optimize.c	in-anchor	-	-	none	mech	-	5	5	2	0	-	0	-
10b93c9f	260	ghidra	optimize.c	in-anchor	-	-	none	mech	-	1	6	2	0	-	0	-
10b93da3	645	ghidra	optimize.c	in-anchor	-	-	none	mech	-	1	8	2	0	-	0	-
10b94028	8	ghidra	optimize.c	in-anchor	-	-	none	mech	-	1	1	3	0	-	0	-
10b94030	954	ghidra	optimize.c	in-anchor	-	-	none	mech	-	2	10	2	0	-	0	-
10b943ea	5110	ghidra	optimize.c	in-anchor	-	-	none	mech	-	9	55	1	0	-	0	-
10b957e0	254	ghidra	optimize.c	in-anchor	-	-	none	mech	-	2	7	2	0	-	0	-
10b958de	506	ghidra	optimize.c	in-anchor	-	-	none	mech	-	1	15	1	1	e:\\bt\\278379\\vctools\\compiler\\be\\p2\\op…	0	-
10b95ad8	253	ghidra	optimize.c	gap	-	-	none	mech	-	3	10	1	0	-	0	-
10b95bd5	188	ghidra	optimize.c	gap	-	-	none	mech	-	2	5	2	0	-	0	-
10b95c91	409	ghidra	optimize.c	gap	-	-	none	mech	-	5	4	2	0	-	0	-
10b95e2a	91	ghidra	optimize.c	gap	-	-	none	mech	-	10	2	2	0	-	0	-
10b95e97	199	ghidra	optimize.c	gap	-	-	none	mech	-	3	3	1	0	-	0	-
10b95f5e	55	ghidra	optimize.c	gap	-	-	none	mech	-	2	1	3	0	-	0	-
10b95f95	14	ghidra	optimize.c	gap	-	-	none	mech	-	8	0	2	0	-	0	-
10b95fa3	205	ghidra	optimize.c	gap	-	-	none	mech	-	1	1	2	0	-	0	-
10b96070	182	ghidra	optimize.c	gap	-	-	none	mech	-	1	1	2	0	-	0	-
10b96126	131	ghidra	optimize.c	gap	-	-	none	mech	-	2	1	3	0	-	0	-
10b96227	573	ghidra	optimize.c	gap	-	-	none	mech	-	1	14	2	0	-	0	-
10b96464	230	ghidra	optimize.c	gap	-	-	none	mech	-	2	6	2	0	-	0	-
10b9654a	336	ghidra	optimize.c	gap	-	-	none	mech	-	0	9	1	0	-	0	-
10b966bc	72	ghidra	optimize.c	gap	-	-	none	mech	-	1	1	3	0	-	0	-
10b96704	428	ghidra	optimize.c	gap	-	-	none	mech	-	1	3	2	0	-	0	-
10b968b0	507	ghidra	optimize.c	gap	-	-	cited	mech	-	1	10	1	2	%s$%s$%d%s | $%s$%d%s	3	sprintf_s,strchr,strncpy_s
10b96aab	881	ghidra	optimize.c	gap	-	-	none	mech	-	2	11	1	0	-	0	-
10b96e1c	415	ghidra	optimize.c	gap	-	-	none	mech	-	1	12	1	0	-	0	-
10b96fbb	97	ghidra	optimize.c	gap	-	-	none	mech	-	1	3	1	0	-	0	-
10b9701c	66	ghidra	optimize.c	gap	-	-	none	mech	-	1	1	2	0	-	0	-
10b9705e	54	ghidra	optimize.c	gap	-	-	none	mech	-	1	2	2	0	-	0	-
10b97094	180	ghidra	optimize.c	gap	-	-	none	mech	-	1	4	2	0	-	0	-
10b97148	450	ghidra	optimize.c	gap	-	-	none	mech	-	1	15	2	0	-	0	-
10b9730a	168	ghidra	optimize.c	gap	-	-	none	mech	-	1	5	2	0	-	0	-
10b973b2	168	ghidra	optimize.c	gap	-	-	none	mech	-	1	0	3	0	-	0	-
10b9745a	168	ghidra	optimize.c	gap	-	-	none	mech	-	1	0	3	0	-	0	-
10b97502	129	ghidra	p2pragma.c	in-anchor	-	-	none	mech	-	2	4	1	1	e:\\bt\\278379\\vctools\\compiler\\be\\p2\\p2…	0	-
10b97584	153	ghidra	p2pragma.c	in-anchor	-	-	none	mech	-	1	5	1	1	e:\\bt\\278379\\vctools\\compiler\\be\\p2\\p2…	0	-
10b9761e	606	ghidra	p2pragma.c	in-anchor	-	-	labelled	high	il-reader: 0x4F sub-record reader, descriptor table 0x10b26268	1	13	0	1	e:\\bt\\278379\\vctools\\compiler\\be\\p2\\p2…	0	-
10b9787d	85	ghidra	p2pragma.c	gap	-	-	none	mech	-	1	0	3	0	-	0	-
10b978d2	43	ghidra	p2pragma.c	gap	-	-	none	mech	-	1	2	2	0	-	0	-
10b978fd	187	ghidra	p2pragma.c	gap	-	-	cited	mech	-	1	2	1	0	-	0	-
10b979b8	47	ghidra	p2pragma.c	gap	-	-	none	mech	-	1	2	1	0	-	0	-
10b979e7	59	ghidra	p2pragma.c	gap	-	-	labelled	medium	il-header: cross-TU version comparison feeding C1047	1	0	0	0	-	0	-
10b97a22	805	ghidra	p2pragma.c	gap	-	-	labelled	high	il-header: .gl magic 0x11 / u16 0x0602 / 27-value version whitelist	4	6	0	0	-	0	-
10b97d47	137	ghidra	p2pragma.c	gap	-	-	labelled	medium	il-reader: 0x4F descriptor 0x0b payload	2	7	0	0	-	0	-
10b97dd0	28	ghidra	p2pragma.c	gap	-	-	labelled	high	symtab-id: monotone symbol-id counter DAT_10c2edd0++ for c2-created symbols	25	1	0	0	-	0	-
10b97dfb	316	ghidra	p2symtab.c	in-anchor	section	P_SECTION.md	none	mech	-	4	1	2	3	e:\\bt\\278379\\vctools\\compiler\\be\\p2\\p2… | [thunk]: | `adjustor	5	__unDName,strcat_s,strchr
10b97f37	97	ghidra	p2symtab.c	in-anchor	section	P_SECTION.md	none	mech	-	1	0	2	0	-	0	-
10b97f98	28	ghidra	p2symtab.c	in-anchor	section	P_SECTION.md	cited	mech	-	1	1	1	0	-	0	-
10b97fb4	17	ghidra	p2symtab.c	in-anchor	section	P_SECTION.md	labelled	high	strhash: wrapper: 10b8a01b(name) % 0x3fff, indexes DAT_10c6d08c	1	1	0	0	-	0	-
10b97fc5	40	ghidra	p2symtab.c	in-anchor	section	P_SECTION.md	labelled	medium	strhash: increments the 10b97fb4 bucket counter (saturating)	1	2	0	1	e:\\bt\\278379\\vctools\\compiler\\be\\p2\\p2…	0	-
10b97fed	251	ghidra	p2symtab.c	in-anchor	section	P_SECTION.md	none	mech	-	1	2	1	1	e:\\bt\\278379\\vctools\\compiler\\be\\p2\\p2…	2	memmove,strcpy_s
10b980e8	23	ghidra	p2symtab.c	in-anchor	section	P_SECTION.md	none	mech	-	8	0	1	0	-	0	-
10b980ff	8	ghidra	p2symtab.c	in-anchor	section	P_SECTION.md	none	mech	-	7	1	2	0	-	0	-
10b98107	25	ghidra	p2symtab.c	in-anchor	section	P_SECTION.md	none	mech	-	3	0	1	0	-	0	-
10b98120	8	ghidra	p2symtab.c	in-anchor	section	P_SECTION.md	none	mech	-	1	1	2	0	-	0	-
10b98128	21	ghidra	p2symtab.c	in-anchor	section	P_SECTION.md	labelled	high	symtab-init: initialises the 1024-bucket id table	1	1	0	0	-	0	-
10b9813d	15	ghidra	p2symtab.c	in-anchor	section	P_SECTION.md	none	mech	-	1	0	1	0	-	0	-
10b9814c	123	ghidra	p2symtab.c	in-anchor	section	P_SECTION.md	labelled	high	il-reader: record-node size by tag: 1/2/0x1a=0x5a, 3=0x48, 4=0x4c, 5=0x43, 7=0x5a, 8=0x5c, 9=0x68, 0xb/0x1a=0x52, 0xe=0xa0, 0x10=0x50, 0x21=0x37	3	1	0	1	e:\\bt\\278379\\vctools\\compiler\\be\\p2\\p2…	0	-
10b981c7	54	ghidra	p2symtab.c	in-anchor	section	P_SECTION.md	none	mech	-	3	0	2	0	-	0	-
10b981fd	19	ghidra	p2symtab.c	in-anchor	section	P_SECTION.md	none	mech	-	3	0	3	0	-	0	-
10b98210	65	ghidra	p2symtab.c	in-anchor	section	P_SECTION.md	none	mech	-	1	2	1	0	-	0	-
10b98251	44	ghidra	p2symtab.c	in-anchor	section	P_SECTION.md	none	mech	-	7	1	1	0	-	0	-
10b9827d	89	ghidra	p2symtab.c	in-anchor	section	P_SECTION.md	none	mech	-	2	4	1	0	-	0	-
10b982d6	385	ghidra	p2symtab.c	in-anchor	section	P_SECTION.md	paged	high	section-chars|section-select: kind -> (name, Characteristics); FUN_10be7727 remap first; IL override at sect+0x53 wins when nonzero (LAB_10b98435)	4	2	0	9	.data | .xdata$x | .text$x	0	-
10b98457	108	ghidra	p2symtab.c	in-anchor	section	P_SECTION.md	paged	high	section-select: storage-class normaliser; test [sym+0x20],0x480 at 0x10b9849f decides .bss(6) vs .data(2)	2	0	0	0	-	0	-
10b984c3	119	ghidra	p2symtab.c	in-anchor	section	P_SECTION.md	labelled	high	il-reader: node alloc for a .gl record: FUN_10b9814c(tag) size (tag 9 -> 0x68), free-list at DAT_10c6d090+tag*4, node+0x30 = tag	14	3	0	0	-	0	-
10b9853a	58	ghidra	p2symtab.c	in-anchor	section	P_SECTION.md	none	mech	-	4	4	1	0	-	0	-
10b98574	12	ghidra	p2symtab.c	in-anchor	section	P_SECTION.md	none	mech	-	3	1	1	0	-	0	-
10b98580	7	ghidra	p2symtab.c	in-anchor	section	P_SECTION.md	none	mech	-	2	0	1	0	-	0	-
10b98587	82	ghidra	p2symtab.c	in-anchor	section	P_SECTION.md	none	mech	-	2	3	2	0	-	0	-
10b985d9	52	ghidra	p2symtab.c	in-anchor	section	P_SECTION.md	none	mech	-	1	1	2	0	-	0	-
10b9860d	62	ghidra	p2symtab.c	in-anchor	section	P_SECTION.md	cited	mech	-	31	2	1	0	-	0	-
10b9864b	152	ghidra	p2symtab.c	in-anchor	section	P_SECTION.md	none	mech	-	1	3	1	0	-	0	-
10b986e3	298	ghidra	p2symtab.c	in-anchor	section	P_SECTION.md	none	mech	-	1	5	1	0	-	1	MultiByteToWideChar
10b9880d	30	ghidra	p2symtab.c	in-anchor	section	P_SECTION.md	none	mech	-	1	0	1	0	-	0	-
10b9882b	51	ghidra	p2symtab.c	in-anchor	section	P_SECTION.md	none	mech	-	1	1	2	0	-	0	-
10b9885e	111	ghidra	p2symtab.c	in-anchor	section	P_SECTION.md	none	mech	-	2	1	2	1	e:\\bt\\278379\\vctools\\compiler\\be\\p2\\p2…	0	-
10b988d3	104	ghidra	p2symtab.c	in-anchor	section	P_SECTION.md	none	mech	-	2	2	1	0	-	0	-
10b9893b	167	ghidra	p2symtab.c	in-anchor	section	P_SECTION.md	cited	mech	-	7	5	1	1	e:\\bt\\278379\\vctools\\compiler\\be\\p2\\p2…	0	-
10b989e2	54	ghidra	p2symtab.c	in-anchor	section	P_SECTION.md	cited	mech	-	17	1	1	0	-	0	-
10b98a18	2	thunk	p2symtab.c	in-anchor	section	P_SECTION.md	none	high	thunk	5	0	1	0	-	0	-
10b98a2d	24	ghidra	p2symtab.c	in-anchor	section	P_SECTION.md	none	mech	-	0	0	-	0	-	0	-
10b98a32	103	ghidra	p2symtab.c	in-anchor	section	P_SECTION.md	none	mech	-	2	0	2	0	-	0	-
10b98a99	7	ghidra	p2symtab.c	in-anchor	section	P_SECTION.md	none	mech	-	1	1	1	0	-	0	-
10b98aa0	8	ghidra	p2symtab.c	in-anchor	section	P_SECTION.md	none	mech	-	4	1	2	0	-	0	-
10b98aa8	88	ghidra	p2symtab.c	in-anchor	section	P_SECTION.md	none	mech	-	3	0	1	0	-	0	-
10b98b00	271	ghidra	p2symtab.c	in-anchor	section	P_SECTION.md	labelled	high	emit-marker: static-initialiser walk; marks functions whose address appears in an initialiser	5	6	0	0	-	0	-
10b98c0f	317	ghidra	p2symtab.c	in-anchor	section	P_SECTION.md	labelled	high	emit-marker: sibling of 10b98b00	3	7	0	0	-	0	-
10b98d4c	152	ghidra	p2symtab.c	in-anchor	section	P_SECTION.md	none	mech	-	1	0	2	0	-	0	-
10b98de4	66	ghidra	p2symtab.c	in-anchor	section	P_SECTION.md	cited	mech	-	2	1	2	0	-	0	-
10b98e26	227	ghidra	p2symtab.c	in-anchor	section	P_SECTION.md	cited	mech	-	1	6	1	1	e:\\bt\\278379\\vctools\\compiler\\be\\p2\\p2…	0	-
10b98f0a	175	ghidra	p2symtab.c	in-anchor	section	P_SECTION.md	cited	mech	-	1	4	1	0	-	0	-
10b98fb9	11	ghidra	p2symtab.c	in-anchor	section	P_SECTION.md	none	mech	-	1	1	2	0	-	0	-
10b98fc4	41	ghidra	p2symtab.c	in-anchor	section	P_SECTION.md	none	mech	-	2	1	1	0	-	0	-
10b98fed	166	ghidra	p2symtab.c	in-anchor	section	P_SECTION.md	none	mech	-	1	4	2	0	-	0	-
10b99093	263	ghidra	p2symtab.c	in-anchor	section	P_SECTION.md	paged	high	bss-defer: drains the deferred dyninit list head-first — the source of the .bss reversal	1	8	0	0	-	0	-
10b9919a	36	ghidra	p2symtab.c	in-anchor	section	P_SECTION.md	none	mech	-	2	1	1	0	-	0	-
10b991be	444	ghidra	p2symtab.c	in-anchor	section	P_SECTION.md	labelled	medium	emit-order: splices a sublist back into DAT_10c4630c	2	3	0	1	e:\\bt\\278379\\vctools\\compiler\\be\\p2\\p2…	0	-
10b9937a	122	ghidra	p2symtab.c	in-anchor	section	P_SECTION.md	labelled	medium	emit-order: partitions DAT_10c4630c on flags20 bit 0x400000	1	1	0	0	-	0	-
10b993f4	246	ghidra	p2symtab.c	in-anchor	section	P_SECTION.md	none	mech	-	3	0	1	0	-	3	_stricmp,_strnicmp,strncmp
10b994ea	196	ghidra	p2symtab.c	in-anchor	section	P_SECTION.md	labelled	high	symtab-lookup: name lookup by full scan of the 1024-bucket id table (or 16001-bucket DAT_10c47af0)	1	1	0	0	-	0	-
10b995ae	46	ghidra	p2symtab.c	in-anchor	section	P_SECTION.md	none	mech	-	4	1	1	0	-	1	MultiByteToWideChar
10b995dc	162	ghidra	p2symtab.c	in-anchor	section	P_SECTION.md	cited	mech	-	2	1	1	0	-	0	-
10b9967e	186	ghidra	p2symtab.c	in-anchor	section	P_SECTION.md	none	mech	-	8	3	2	1	e:\\bt\\278379\\vctools\\compiler\\be\\p2\\p2…	2	strchr,strcpy_s
10b99738	8	ghidra	p2symtab.c	in-anchor	section	P_SECTION.md	none	mech	-	1	1	2	0	-	0	-
10b99740	471	ghidra	p2symtab.c	in-anchor	section	P_SECTION.md	none	mech	-	1	6	1	1	Decorated	5	isalnum,strcat_s,strchr
10b99917	64	ghidra	p2symtab.c	in-anchor	section	P_SECTION.md	none	mech	-	2	0	2	0	-	0	-
10b99957	32	ghidra	p2symtab.c	in-anchor	section	P_SECTION.md	none	mech	-	1	1	2	0	-	0	-
10b99977	123	ghidra	p2symtab.c	in-anchor	section	P_SECTION.md	labelled	high	symtab-lookup: lookup by integer id in the 1024-bucket table	10	4	0	0	-	0	-
10b999f2	58	ghidra	p2symtab.c	in-anchor	section	P_SECTION.md	none	mech	-	3	1	1	0	-	0	-
10b99a2c	11	ghidra	p2symtab.c	in-anchor	section	P_SECTION.md	none	mech	-	5	1	2	0	-	0	-
10b99a37	872	ghidra	p2symtab.c	in-anchor	section	P_SECTION.md	labelled	medium	il-reader: .in sub-record reader	1	15	0	1	e:\\bt\\278379\\vctools\\compiler\\be\\p2\\p2…	0	-
10b99d9f	36	ghidra	p2symtab.c	in-anchor	section	P_SECTION.md	none	mech	-	5	2	1	0	-	0	-
10b99dc3	8	ghidra	p2symtab.c	in-anchor	section	P_SECTION.md	none	mech	-	21	1	1	0	-	0	-
10b99dcb	51	ghidra	p2symtab.c	in-anchor	section	P_SECTION.md	none	mech	-	1	2	2	0	-	1	MultiByteToWideChar
10b99dfe	682	ghidra	p2symtab.c	in-anchor	eh	P_EH.md	paged	high	label-number-writer: FUN_10c1e739(sym[+0x28], buf, cap, 10) — EVERY label shape above takes its number from the SAME sym[+0x28] field, so __catch$N/__unwind$N are on the $M/$T counter and not a priva…	3	4	0	4	e:\\bt\\278379\\vctools\\compiler\\be\\p2\\p2… | __unwind$ | __catch$	2	strcat_s,strcpy_s
10b9a0a8	56	ghidra	p2symtab.c	in-anchor	section	P_SECTION.md	none	mech	-	2	0	2	0	-	0	-
10b9a0e0	99	ghidra	p2symtab.c	in-anchor	section	P_SECTION.md	labelled	high	symtab-insert: insert into DAT_10c6c068: bucket = sym[10] & 0x3ff, chain at offset 0, HEAD insertion	8	3	0	0	-	0	-
10b9a143	733	ghidra	p2symtab.c	in-anchor	section	P_SECTION.md	paged	high	section-select: assigns sym[0xc] to .bss/.data/.rdata globals; COMDAT selection for new COMDATs	12	10	0	1	CONST	0	-
10b9a420	53	ghidra	p2symtab.c	in-anchor	section	P_SECTION.md	none	mech	-	1	1	2	0	-	0	-
10b9a455	54	ghidra	p2symtab.c	in-anchor	section	P_SECTION.md	cited	mech	-	86	3	1	0	-	0	-
10b9a48b	28	ghidra	p2symtab.c	in-anchor	section	P_SECTION.md	none	mech	-	9	1	1	0	-	0	-
10b9a4a7	190	ghidra	p2symtab.c	in-anchor	section	P_SECTION.md	paged	medium	section-select: synthetic-datum builder; corroborates sym[0x20]=0x180/sym[0x1c]=size	1	4	0	0	-	0	-
10b9a565	356	ghidra	p2symtab.c	in-anchor	section	P_SECTION.md	none	mech	-	1	6	1	0	-	0	-
10b9a6c9	41	ghidra	p2symtab.c	in-anchor	section	P_SECTION.md	none	mech	-	1	1	1	0	-	0	-
10b9a6f2	181	ghidra	p2symtab.c	in-anchor	section	P_SECTION.md	none	mech	-	1	4	2	0	-	0	-
10b9a7a7	35	ghidra	p2symtab.c	in-anchor	section	P_SECTION.md	none	mech	-	2	0	2	0	-	0	-
10b9a7ca	27	ghidra	p2symtab.c	in-anchor	section	P_SECTION.md	none	mech	-	2	1	2	0	-	0	-
10b9a7e5	51	ghidra	p2symtab.c	in-anchor	section	P_SECTION.md	none	mech	-	19	2	1	0	-	1	MultiByteToWideChar
10b9a818	120	ghidra	p2symtab.c	in-anchor	section	P_SECTION.md	none	mech	-	7	3	1	0	-	2	MultiByteToWideChar,WideCharToMultiByte
10b9a890	7	thunk	p2symtab.c	in-anchor	section	P_SECTION.md	none	high	thunk	7	1	1	0	-	0	-
10b9a897	529	ghidra	p2symtab.c	in-anchor	section	P_SECTION.md	labelled	high	symtab-intern: name->symbol intern; 128-slot open-address cache DAT_10c67db8, idx=hash&0x7f, linear probe	2	12	0	1	e:\\bt\\278379\\vctools\\compiler\\be\\p2\\p2…	0	-
10b9aaa8	400	ghidra	p2symtab.c	in-anchor	section	P_SECTION.md	cited	mech	-	14	3	1	0	-	0	-
10b9ac38	122	ghidra	p2symtab.c	in-anchor	section	P_SECTION.md	cited	mech	-	1	3	2	0	-	0	-
10b9acb2	18	ghidra	p2symtab.c	in-anchor	section	P_SECTION.md	none	mech	-	2	1	2	0	-	0	-
10b9acc4	54	ghidra	p2symtab.c	in-anchor	section	P_SECTION.md	none	mech	-	2	3	1	0	-	0	-
10b9acfa	388	ghidra	p2symtab.c	in-anchor	section	P_SECTION.md	cited	mech	-	9	14	1	0	-	0	-
10b9ae7e	11	ghidra	p2symtab.c	in-anchor	section	P_SECTION.md	cited	mech	-	29	1	1	0	-	0	-
10b9ae89	11	ghidra	p2symtab.c	in-anchor	section	P_SECTION.md	cited	mech	-	1	1	1	0	-	0	-
10b9ae94	422	ghidra	p2symtab.c	in-anchor	section	P_SECTION.md	labelled	high	il-dispatch: .in/.db record loop, 1-byte tag, compare chain	2	13	0	1	e:\\bt\\278379\\vctools\\compiler\\be\\p2\\p2…	0	-
10b9b03b	294	ghidra	p2symtab.c	in-anchor	section	P_SECTION.md	none	mech	-	6	7	1	0	-	0	-
10b9b161	1137	ghidra	p2symtab.c	in-anchor	section	P_SECTION.md	labelled	medium	il-reader: .sy per-function symbol reader (seek target)	4	18	0	1	e:\\bt\\278379\\vctools\\compiler\\be\\p2\\p2…	0	-
10b9b5d2	210	ghidra	p2symtab.c	in-anchor	section	P_SECTION.md	cited	mech	-	3	6	1	0	-	0	-
10b9b6a4	262	ghidra	p2symtab.c	in-anchor	section	P_SECTION.md	labelled	medium	bss-defer: head-inserts onto DAT_10c2f064 (LIFO); paired with 10b99093	4	8	0	0	-	0	-
10b9b7aa	226	ghidra	p2symtab.c	in-anchor	section	P_SECTION.md	labelled	high	symtab-intern: same 128-slot cache; creates an external symbol via 10b9b6a4	1	5	0	1	e:\\bt\\278379\\vctools\\compiler\\be\\p2\\p2…	0	-
10b9b88d	92	ghidra	p2symtab.c	in-anchor	section	P_SECTION.md	labelled	high	il-dispatch: drives FUN_10b9ae94 over every TU's .in	1	2	0	0	-	0	-
10b9b8e9	3307	ghidra	p2symtab.c	in-anchor	section	P_SECTION.md	paged	medium	gl/symrec: tag 0x10 -> +0x37 |= 0x400000 and varU -> +0x4c WITHOUT the 0x4 force-clear	3	47	0	3	e:\\bt\\278379\\vctools\\compiler\\be\\p2\\p2… | .tls$ | .tls$	1	strncmp
10b9c630	37	ghidra	p2symtab.c	gap	section	P_SECTION.md	none	mech	-	13	1	1	0	-	0	-
10b9c655	48	ghidra	p2symtab.c	gap	section	P_SECTION.md	cited	mech	-	29	1	1	0	-	0	-
10b9c685	49	ghidra	p2symtab.c	gap	section	P_SECTION.md	none	mech	-	1	1	1	0	-	0	-
10b9c6b6	84	ghidra	p2symtab.c	gap	section	P_SECTION.md	none	medium	only-from:pgo-client	1	1	1	0	-	2	_wfopen_s,_wperror
10b9c70a	144	ghidra	p2symtab.c	gap	section	P_SECTION.md	none	high	pgo-client	3	3	1	0	-	3	PogoDbGetLastError,PogoDbGetLogicalModule,PogoDbSetLogicalModuleFromName
10b9c79a	63	ghidra	p2symtab.c	gap	section	P_SECTION.md	none	high	pgo-client	2	2	2	0	-	2	PogoDbCloseFunction,fclose
10b9c7d9	33	ghidra	p2symtab.c	gap	section	P_SECTION.md	none	mech	-	10	0	2	0	-	1	vfprintf
10b9c7fa	60	ghidra	p2symtab.c	gap	section	P_SECTION.md	none	mech	-	1	4	1	0	-	0	-
10b9c836	134	ghidra	p2symtab.c	gap	section	P_SECTION.md	none	mech	-	1	0	1	0	-	0	-
10b9c8bc	15	ghidra	p2symtab.c	gap	section	P_SECTION.md	none	mech	-	11	0	1	0	-	0	-
10b9c8cb	17	ghidra	p2symtab.c	gap	section	P_SECTION.md	cited	mech	-	2	0	1	0	-	0	-
10b9c8dc	29	ghidra	p2symtab.c	gap	section	P_SECTION.md	none	mech	-	5	0	2	0	-	0	-
10b9c8f9	71	ghidra	p2symtab.c	gap	section	P_SECTION.md	none	medium	only-from:pgo-client	1	1	2	0	-	0	-
10b9c940	29	ghidra	p2symtab.c	gap	section	P_SECTION.md	none	medium	only-from:pgo-client	1	1	1	0	-	0	-
10b9c95d	86	ghidra	p2symtab.c	gap	section	P_SECTION.md	none	mech	-	10	1	1	0	-	0	-
10b9c9b3	224	ghidra	p2symtab.c	gap	section	P_SECTION.md	none	mech	-	1	5	1	0	-	0	-
10b9ca93	34	ghidra	p2symtab.c	gap	section	P_SECTION.md	none	mech	-	1	0	2	0	-	0	-
10b9cab5	49	ghidra	p2symtab.c	gap	section	P_SECTION.md	none	mech	-	2	1	2	0	-	0	-
10b9cae6	19	ghidra	p2symtab.c	gap	section	P_SECTION.md	none	mech	-	1	0	1	0	-	0	-
10b9caf9	8	ghidra	p2symtab.c	gap	section	P_SECTION.md	none	mech	-	1	0	1	0	-	0	-
10b9cb01	39	ghidra	p2symtab.c	gap	section	P_SECTION.md	none	mech	-	1	2	2	0	-	0	-
10b9cb28	87	ghidra	p2symtab.c	gap	section	P_SECTION.md	none	mech	-	2	3	2	0	-	0	-
10b9cb7f	47	ghidra	p2symtab.c	gap	section	P_SECTION.md	none	mech	-	4	1	2	0	-	0	-
10b9cbae	135	ghidra	p2symtab.c	gap	section	P_SECTION.md	none	mech	-	2	4	2	0	-	0	-
10b9cc35	53	ghidra	p2symtab.c	gap	section	P_SECTION.md	none	mech	-	1	2	2	0	-	0	-
10b9cc6a	50	ghidra	p2symtab.c	gap	section	P_SECTION.md	none	mech	-	2	0	3	0	-	0	-
10b9cc9c	146	ghidra	p2symtab.c	gap	section	P_SECTION.md	none	mech	-	2	1	3	0	-	0	-
10b9cd2e	109	ghidra	p2symtab.c	gap	section	P_SECTION.md	none	mech	-	5	1	1	0	-	0	-
10b9cd9b	84	ghidra	p2symtab.c	gap	section	P_SECTION.md	none	mech	-	1	1	2	0	-	0	-
10b9cdef	258	ghidra	p2symtab.c	gap	section	P_SECTION.md	none	mech	-	2	5	1	0	-	0	-
10b9cef1	134	ghidra	p2symtab.c	gap	section	P_SECTION.md	none	mech	-	1	3	2	0	-	0	-
10b9cf77	28	ghidra	p2symtab.c	gap	section	P_SECTION.md	none	mech	-	2	0	3	0	-	0	-
10b9cf93	18	ghidra	p2symtab.c	gap	section	P_SECTION.md	none	mech	-	1	1	2	0	-	0	-
10b9cfa5	39	ghidra	p2symtab.c	gap	section	P_SECTION.md	none	mech	-	14	0	1	0	-	0	-
10b9cfcc	18	ghidra	p2symtab.c	gap	section	P_SECTION.md	none	mech	-	5	0	3	0	-	0	-
10b9cfde	18	ghidra	p2symtab.c	gap	section	P_SECTION.md	none	mech	-	1	0	3	0	-	0	-
10b9cff0	65	ghidra	p2symtab.c	gap	section	P_SECTION.md	none	mech	-	11	1	2	0	-	0	-
10b9d031	14	ghidra	p2symtab.c	gap	section	P_SECTION.md	none	mech	-	1	0	3	0	-	0	-
10b9d03f	25	ghidra	p2symtab.c	gap	section	P_SECTION.md	none	mech	-	2	1	2	0	-	0	-
10b9d058	26	ghidra	p2symtab.c	gap	section	P_SECTION.md	none	mech	-	2	0	3	0	-	0	-
10b9d072	69	ghidra	p2symtab.c	gap	section	P_SECTION.md	none	mech	-	3	2	2	0	-	0	-
10b9d0b7	48	ghidra	p2symtab.c	gap	section	P_SECTION.md	none	mech	-	2	0	4	0	-	0	-
10b9d0e7	36	ghidra	p2symtab.c	gap	section	P_SECTION.md	none	mech	-	2	0	4	0	-	0	-
10b9d10b	66	ghidra	p2symtab.c	gap	section	P_SECTION.md	none	mech	-	1	1	2	0	-	0	-
10b9d14d	58	ghidra	p2symtab.c	gap	section	P_SECTION.md	none	mech	-	3	3	2	0	-	0	-
10b9d187	51	ghidra	p2symtab.c	gap	section	P_SECTION.md	none	mech	-	8	0	2	0	-	0	-
10b9d1ba	63	ghidra	p2symtab.c	gap	section	P_SECTION.md	none	mech	-	1	0	3	0	-	0	-
10b9d1f9	51	ghidra	p2symtab.c	gap	section	P_SECTION.md	none	mech	-	1	1	3	0	-	0	-
10b9d22c	36	ghidra	p2symtab.c	gap	section	P_SECTION.md	none	mech	-	7	1	2	0	-	0	-
10b9d250	73	ghidra	p2symtab.c	gap	section	P_SECTION.md	none	mech	-	2	0	3	0	-	0	-
10b9d299	26	ghidra	p2symtab.c	gap	section	P_SECTION.md	none	mech	-	1	1	3	0	-	0	-
10b9d2b3	59	ghidra	p2symtab.c	gap	section	P_SECTION.md	none	mech	-	1	0	3	0	-	0	-
10b9d2ee	113	ghidra	p2symtab.c	gap	section	P_SECTION.md	none	mech	-	4	1	2	0	-	0	-
10b9d35f	319	ghidra	p2symtab.c	gap	section	P_SECTION.md	none	mech	-	1	15	2	0	-	0	-
10b9d49e	58	ghidra	p2symtab.c	gap	section	P_SECTION.md	none	mech	-	2	0	2	0	-	0	-
10b9d4d8	13	ghidra	p2symtab.c	gap	section	P_SECTION.md	none	mech	-	1	0	3	0	-	0	-
10b9d4e5	13	ghidra	p2symtab.c	gap	section	P_SECTION.md	none	mech	-	1	0	3	0	-	0	-
10b9d4f2	28	ghidra	p2symtab.c	gap	section	P_SECTION.md	none	mech	-	9	1	2	0	-	0	-
10b9d50e	70	ghidra	p2symtab.c	gap	section	P_SECTION.md	none	mech	-	2	0	2	0	-	0	-
10b9d554	33	ghidra	p2symtab.c	gap	section	P_SECTION.md	none	mech	-	3	1	2	0	-	0	-
10b9d575	60	ghidra	p2symtab.c	gap	section	P_SECTION.md	none	mech	-	8	0	3	0	-	0	-
10b9d5b1	83	ghidra	p2symtab.c	gap	section	P_SECTION.md	none	mech	-	3	1	2	0	-	0	-
10b9d604	17	ghidra	p2symtab.c	gap	section	P_SECTION.md	none	mech	-	1	0	4	0	-	0	-
10b9d615	14	ghidra	p2symtab.c	gap	section	P_SECTION.md	none	mech	-	5	0	3	0	-	0	-
10b9d623	11	ghidra	p2symtab.c	gap	section	P_SECTION.md	none	mech	-	5	0	2	0	-	0	-
10b9d62e	60	ghidra	p2symtab.c	gap	section	P_SECTION.md	none	mech	-	3	0	2	0	-	0	-
10b9d66a	55	ghidra	p2symtab.c	gap	section	P_SECTION.md	none	medium	only-from:pgo-client	2	1	2	0	-	0	-
10b9d6a1	29	ghidra	p2symtab.c	gap	section	P_SECTION.md	none	mech	-	3	0	3	0	-	0	-
10b9d6be	62	ghidra	p2symtab.c	gap	section	P_SECTION.md	none	mech	-	1	5	2	1	CNT:\tDynamic instruction count: %I64d\n	0	-
10b9d6fc	74	ghidra	p2symtab.c	gap	section	P_SECTION.md	none	mech	-	2	2	2	0	-	0	-
10b9d746	195	ghidra	p2symtab.c	gap	section	P_SECTION.md	none	mech	-	1	9	1	0	-	0	-
10b9d809	78	ghidra	p2symtab.c	gap	section	P_SECTION.md	none	mech	-	4	5	1	0	-	0	-
10b9d857	282	ghidra	p2symtab.c	gap	section	P_SECTION.md	none	mech	-	2	1	2	0	-	0	-
10b9d971	449	ghidra	p2symtab.c	gap	section	P_SECTION.md	none	mech	-	1	4	2	0	-	0	-
10b9db32	117	ghidra	p2symtab.c	gap	section	P_SECTION.md	none	mech	-	3	2	2	0	-	0	-
10b9dba7	39	ghidra	p2symtab.c	gap	section	P_SECTION.md	none	mech	-	2	1	3	0	-	0	-
10b9dbce	157	ghidra	p2symtab.c	gap	section	P_SECTION.md	none	high	pgo-client	1	1	2	0	-	6	PogoDbCloseFunction,PogoDbCloseModule,PogoDbGenerateModuleName
10b9dc6b	276	ghidra	p2symtab.c	gap	section	P_SECTION.md	none	medium	only-from:pgo-client	1	6	2	0	-	0	-
10b9dd7f	88	ghidra	p2symtab.c	gap	section	P_SECTION.md	none	mech	-	1	1	2	0	-	0	-
10b9ddd7	122	ghidra	p2symtab.c	gap	section	P_SECTION.md	none	mech	-	4	0	2	5	DmGetPgoModuleHandle | DmPgoSaveSnapshot | DmPgoStopDataCollection	1	strstr
10b9de51	48	ghidra	p2symtab.c	gap	section	P_SECTION.md	none	mech	-	5	0	2	0	-	0	-
10b9de81	86	ghidra	p2symtab.c	gap	section	P_SECTION.md	none	mech	-	1	2	2	0	-	0	-
10b9ded7	88	ghidra	p2symtab.c	gap	section	P_SECTION.md	none	mech	-	20	3	1	0	-	1	_vsnprintf_s
10b9df2f	668	ghidra	p2symtab.c	gap	section	P_SECTION.md	none	high	pgo-client	4	9	1	6	WRN:\t%s was not probed; Pogo disabled\n | OPT:\tLink order %d\n | OPT:\tOptimizing for %s\n	2	PogoDbSetLogicalModule,PogoDbStartNewFunction
10b9e1cb	7	ghidra	p2symtab.c	gap	section	P_SECTION.md	none	medium	only-from:pgo-client	1	1	3	0	-	0	-
10b9e1d2	418	ghidra	p2symtab.c	gap	section	P_SECTION.md	none	high	pgo-client	1	18	1	0	-	1	PogoDbUpdateProfileBufs
10b9e374	23	ghidra	p2symtab.c	gap	section	P_SECTION.md	none	mech	-	3	3	2	0	-	0	-
10b9e38b	72	ghidra	p2symtab.c	gap	section	P_SECTION.md	none	mech	-	3	1	2	0	-	0	-
10b9e3d3	963	ghidra	p2symtab.c	gap	section	P_SECTION.md	none	mech	-	1	16	1	8	%s is not a Pogo inline candidate because the… | %s is not a Pogo inline candidate (recursion?… | %s not an inline candidate (EE_POGONEVERINLIN…	0	-
10b9e796	68	ghidra	p2symtab.c	gap	section	P_SECTION.md	none	mech	-	5	3	1	2	%s but can't: %s\n | ERR:\tPogo wants to inline %s into 	0	-
10b9e7da	186	ghidra	p2symtab.c	gap	section	P_SECTION.md	none	mech	-	1	6	2	0	-	0	-
10b9e894	234	ghidra	p2symtab.c	gap	section	P_SECTION.md	none	mech	-	1	6	2	0	-	0	-
10b9e97e	115	ghidra	p2symtab.c	gap	section	P_SECTION.md	none	mech	-	2	2	2	0	-	0	-
10b9e9f1	125	ghidra	p2symtab.c	gap	section	P_SECTION.md	none	mech	-	1	5	2	0	-	0	-
10b9ea6e	180	ghidra	p2symtab.c	gap	section	P_SECTION.md	none	mech	-	2	1	3	0	-	0	-
10b9eb22	396	ghidra	p2symtab.c	gap	section	P_SECTION.md	none	high	pgo-client	2	2	2	0	-	1	PogoDbWriteFunctionInfo
10b9ecae	69	ghidra	p2symtab.c	gap	section	P_SECTION.md	none	mech	-	2	2	3	0	-	0	-
10b9ecf3	158	ghidra	p2symtab.c	gap	section	P_SECTION.md	none	mech	-	2	2	2	3	INF:\tZero trip test thwarted due to intrinsi… | INF:\tZero trip test thwarted due to EH\n | INF:\tZero trip test thwarted due to switch/e…	0	-
10b9ed91	25	ghidra	p2symtab.c	gap	section	P_SECTION.md	none	mech	-	7	1	2	0	-	0	-
10b9edaa	19	ghidra	p2symtab.c	gap	section	P_SECTION.md	none	mech	-	2	1	2	0	-	0	-
10b9edbd	13	ghidra	p2symtab.c	gap	section	P_SECTION.md	none	mech	-	2	0	3	0	-	0	-
10b9edca	15	ghidra	p2symtab.c	gap	section	P_SECTION.md	none	mech	-	1	1	3	0	-	0	-
10b9edd9	39	ghidra	p2symtab.c	gap	section	P_SECTION.md	none	mech	-	3	0	3	0	-	0	-
10b9ee00	39	ghidra	p2symtab.c	gap	section	P_SECTION.md	none	mech	-	4	0	3	0	-	0	-
10b9ee27	170	ghidra	p2symtab.c	gap	section	P_SECTION.md	none	mech	-	6	2	2	0	-	0	-
10b9eed1	27	ghidra	p2symtab.c	gap	section	P_SECTION.md	none	mech	-	1	1	4	0	-	0	-
10b9eeec	257	ghidra	p2symtab.c	gap	section	P_SECTION.md	none	mech	-	1	7	2	0	-	0	-
10b9efed	97	ghidra	p2symtab.c	gap	section	P_SECTION.md	none	mech	-	1	6	2	0	-	0	-
10b9f04e	266	ghidra	p2symtab.c	gap	section	P_SECTION.md	none	mech	-	1	4	3	0	-	0	-
10b9f158	85	ghidra	p2symtab.c	gap	section	P_SECTION.md	none	mech	-	1	3	2	0	-	0	-
10b9f1ad	7	ghidra	p2symtab.c	gap	section	P_SECTION.md	none	mech	-	2	1	3	0	-	0	-
10b9f1b4	64	ghidra	p2symtab.c	gap	section	P_SECTION.md	none	mech	-	8	1	2	0	-	0	-
10b9f1f4	39	ghidra	p2symtab.c	gap	section	P_SECTION.md	none	mech	-	7	1	2	0	-	0	-
10b9f21b	25	ghidra	p2symtab.c	gap	section	P_SECTION.md	none	mech	-	1	1	2	0	-	0	-
10b9f234	25	ghidra	p2symtab.c	gap	section	P_SECTION.md	none	mech	-	1	1	2	0	-	0	-
10b9f24d	119	ghidra	p2symtab.c	gap	section	P_SECTION.md	none	mech	-	4	4	2	0	-	0	-
10b9f2c4	19	ghidra	p2symtab.c	gap	section	P_SECTION.md	none	mech	-	4	1	2	0	-	0	-
10b9f2d7	16	ghidra	p2symtab.c	gap	section	P_SECTION.md	none	mech	-	2	1	3	0	-	0	-
10b9f2e7	73	ghidra	p2symtab.c	gap	section	P_SECTION.md	none	mech	-	6	2	2	0	-	0	-
10b9f330	30	ghidra	p2symtab.c	gap	section	P_SECTION.md	none	mech	-	1	1	4	0	-	0	-
10b9f34e	48	ghidra	p2symtab.c	gap	section	P_SECTION.md	none	mech	-	11	1	3	0	-	0	-
10b9f37e	96	ghidra	p2symtab.c	gap	section	P_SECTION.md	none	mech	-	1	1	3	0	-	0	-
10b9f3de	153	ghidra	p2symtab.c	gap	section	P_SECTION.md	none	mech	-	1	1	3	0	-	0	-
10b9f477	236	ghidra	p2symtab.c	gap	section	P_SECTION.md	none	mech	-	2	9	1	0	-	0	-
10b9f563	832	ghidra	p2symtab.c	gap	section	P_SECTION.md	none	mech	-	2	9	1	0	-	0	-
10b9f8a3	106	ghidra	p2symtab.c	gap	section	P_SECTION.md	none	mech	-	2	2	2	0	-	0	-
10b9f90d	55	ghidra	p2symtab.c	gap	section	P_SECTION.md	none	mech	-	1	3	2	0	-	0	-
10b9f944	116	ghidra	p2symtab.c	gap	section	P_SECTION.md	none	mech	-	2	3	2	0	-	0	-
10b9f9b8	185	ghidra	p2symtab.c	gap	section	P_SECTION.md	none	mech	-	1	5	2	0	-	0	-
10b9fa71	206	ghidra	p2symtab.c	gap	section	P_SECTION.md	none	mech	-	1	5	2	0	-	0	-
10b9fb3f	553	ghidra	p2symtab.c	gap	section	P_SECTION.md	none	mech	-	2	3	3	0	-	0	-
10b9fd68	148	ghidra	p2symtab.c	gap	section	P_SECTION.md	none	mech	-	1	5	2	0	-	0	-
10b9fe1a	384	ghidra	p2symtab.c	gap	section	P_SECTION.md	none	mech	-	2	9	2	0	-	0	-
10b9ff9a	1309	ghidra	p2symtab.c	gap	section	P_SECTION.md	none	high	pgo-client	1	14	2	0	-	8	PogoDbValueProbeOffset,PogoDbWriteBranchInfo,PogoDbWriteBranchInfoEnd
10ba0501	45	ghidra	p2symtab.c	gap	section	P_SECTION.md	none	mech	-	2	3	2	0	-	0	-
10ba052e	94	ghidra	p2symtab.c	gap	section	P_SECTION.md	none	mech	-	1	2	2	0	-	0	-
10ba058c	50	ghidra	p2symtab.c	gap	section	P_SECTION.md	none	mech	-	2	3	3	0	-	0	-
10ba05be	26	ghidra	p2symtab.c	gap	section	P_SECTION.md	none	mech	-	1	1	3	0	-	0	-
10ba05d8	18	ghidra	p2symtab.c	gap	section	P_SECTION.md	none	mech	-	3	1	2	0	-	0	-
10ba05ea	257	ghidra	p2symtab.c	gap	section	P_SECTION.md	none	mech	-	1	3	3	0	-	0	-
10ba06eb	106	ghidra	p2symtab.c	gap	section	P_SECTION.md	none	mech	-	10	3	2	0	-	0	-
10ba0755	102	ghidra	p2symtab.c	gap	section	P_SECTION.md	none	mech	-	2	6	1	0	-	0	-
10ba07bb	66	ghidra	p2symtab.c	gap	section	P_SECTION.md	none	mech	-	1	6	1	0	-	0	-
10ba07fd	200	ghidra	p2symtab.c	gap	section	P_SECTION.md	none	mech	-	16	7	2	0	-	0	-
10ba08c5	232	ghidra	p2symtab.c	gap	section	P_SECTION.md	none	mech	-	2	5	2	0	-	0	-
10ba09ad	12	ghidra	p2symtab.c	gap	section	P_SECTION.md	none	mech	-	1	2	4	0	-	0	-
10ba09b9	15	ghidra	p2symtab.c	gap	section	P_SECTION.md	none	mech	-	1	2	2	0	-	0	-
10ba09c8	82	ghidra	p2symtab.c	gap	section	P_SECTION.md	none	mech	-	2	3	2	0	-	0	-
10ba0a1a	434	ghidra	p2symtab.c	gap	section	P_SECTION.md	none	mech	-	1	13	2	0	-	0	-
10ba0bcc	202	ghidra	p2symtab.c	gap	section	P_SECTION.md	none	mech	-	1	8	2	0	-	0	-
10ba0c96	883	ghidra	p2symtab.c	gap	section	P_SECTION.md	none	mech	-	1	15	2	0	-	0	-
10ba1009	506	ghidra	p2symtab.c	gap	section	P_SECTION.md	none	mech	-	1	12	2	0	-	0	-
10ba1203	69	ghidra	p2symtab.c	gap	section	P_SECTION.md	none	mech	-	4	3	2	0	-	0	-
10ba1248	206	ghidra	p2symtab.c	gap	section	P_SECTION.md	none	mech	-	2	5	2	1	DmGetPgoModuleHandle	1	strstr
10ba1316	282	ghidra	p2symtab.c	gap	section	P_SECTION.md	none	mech	-	1	19	1	0	-	0	-
10ba1430	1417	ghidra	p2symtab.c	gap	section	P_SECTION.md	none	mech	-	3	29	1	0	-	0	-
10ba19b9	628	ghidra	p2symtab.c	gap	section	P_SECTION.md	none	mech	-	2	19	1	4	ERR:\t%s has been edited; Pogo disabled\n | INF:\t%s won't be profiled (too big)\n | ERR:\t%s was not probed; Pogo disabled\n	0	-
10ba1c2d	597	ghidra	p2symtab.c	gap	section	P_SECTION.md	none	mech	-	1	18	1	7	%s (linear flow)\n | INL:\tInlining %s (%d instrs) into  |  [normal inline]\n	0	-
10ba1e82	27	ghidra	p2symtab.c	gap	section	P_SECTION.md	none	mech	-	3	0	2	0	-	0	-
10ba1e9d	16	ghidra	p2symtab.c	gap	section	P_SECTION.md	none	mech	-	5	1	2	0	-	0	-
10ba1ead	29	ghidra	p2symtab.c	gap	section	P_SECTION.md	none	mech	-	1	0	3	0	-	0	-
10ba1eca	1368	ghidra	p2symtab.c	gap	section	P_SECTION.md	cited	medium	only-from:pgo-client	1	21	2	4	INF:\t%s won't be profiled (too big)\n | INF:\t%s won't be inlined (too big)\n | INF:\t%s is a redirector function\n	0	-
10ba2422	113	ghidra	p2symtab.c	gap	section	P_SECTION.md	none	medium	only-from:pgo-client	2	4	1	0	-	0	-
10ba2493	49	ghidra	p2symtab.c	gap	section	P_SECTION.md	none	mech	-	1	0	4	0	-	0	-
10ba24c4	845	ghidra	p2symtab.c	gap	section	P_SECTION.md	none	high	pgo-client	1	2	2	0	-	11	PogoDbLookupFunctionRef,PogoDbSetLogicalModule,PogoDbWriteCallGraphCallee
10ba2811	75	ghidra	p2symtab.c	gap	section	P_SECTION.md	none	medium	only-from:pgo-client	1	0	2	0	-	0	-
10ba285c	32	ghidra	p2symtab.c	gap	section	P_SECTION.md	none	mech	-	1	0	1	0	-	0	-
10ba287c	63	ghidra	p2symtab.c	gap	section	P_SECTION.md	none	medium	only-from:pgo-client	1	0	2	0	-	0	-
10ba28bb	76	ghidra	p2symtab.c	gap	section	P_SECTION.md	none	medium	only-from:pgo-client	1	2	1	0	-	0	-
10ba2907	45	ghidra	p2symtab.c	gap	section	P_SECTION.md	none	mech	-	12	0	2	0	-	0	-
10ba2934	20	ghidra	p2symtab.c	gap	section	P_SECTION.md	none	mech	-	11	0	2	0	-	0	-
10ba2948	764	ghidra	p2symtab.c	gap	section	P_SECTION.md	none	mech	-	1	12	1	0	-	0	-
10ba2c44	181	ghidra	p2symtab.c	gap	section	P_SECTION.md	none	high	pgo-client	1	2	2	0	-	3	PogoDbCloseFunction,PogoDbGetSymbolHashPrime,PogoDbGetSymtabRecord
10ba2cf9	24	ghidra	p2symtab.c	gap	section	P_SECTION.md	none	high	pgo-client	6	0	2	0	-	1	PogoDbGetSymbolHashPrime
10ba2d11	683	ghidra	p2symtab.c	gap	section	P_SECTION.md	none	high	pgo-client	1	6	2	0	-	4	PogoDbCloseCallGraph,PogoDbOpenCallGraph,PogoDbReadCallGraphCallee
10ba2fbc	183	ghidra	p2symtab.c	gap	section	P_SECTION.md	none	mech	-	1	3	2	0	-	0	-
10ba3073	649	ghidra	p2symtab.c	gap	section	P_SECTION.md	none	high	pgo-client	1	10	1	10	WRN:\t%s (%s) won't be inlined\n | WRN:\t%s (%s) not profiled\n | inlining prohibited	2	PogoDbSetLogicalModuleFromName,PogoDbUpdateHistory
10ba32fc	383	ghidra	p2symtab.c	gap	section	P_SECTION.md	none	medium	only-from:pgo-client	2	9	2	4	WRN:\t%s not profiled (PPC EH/SEH)\n | WRN:\t%s has 'dangerous' inline asm, won't be… | WRN:\t%s not profiled (thunk)\n	0	-
10ba347b	109	ghidra	p2symtab.c	gap	section	P_SECTION.md	none	high	pgo-client	1	7	1	0	-	1	PogoDbCloseFunction
10ba34e8	243	ghidra	p2symtab.c	gap	section	P_SECTION.md	none	medium	only-from:pgo-client	1	7	1	2	.text | \t%s to receive a thunk for intermodule calls…	0	-
10ba35db	242	ghidra	p2symtab.c	gap	section	P_SECTION.md	none	high	pgo-client	1	5	2	0	-	1	PogoDbCloseFunction
10ba36cd	227	ghidra	p2symtab.c	gap	section	P_SECTION.md	none	medium	only-from:pgo-client	1	2	2	3	; %s probes | ; Start path val (opt) %u; Start path val (in… | %s (%d instrs)	0	-
10ba37b0	29	ghidra	p2symtab.c	gap	section	P_SECTION.md	none	mech	-	1	2	1	0	-	0	-
10ba37cd	553	ghidra	pogocg.c	in-anchor	-	-	none	high	pgo-client	1	9	1	4	e:\\bt\\278379\\vctools\\compiler\\be\\p2\\po… | %u call graph paths before duplication\n | Warning: Too many paths from %s; cutting call…	2	PogoDbReadModuleChecksum,PogoDbWriteModuleChecksum
10ba39f7	549	ghidra	pogocg.c	gap	-	-	none	medium	only-from:pgo-client	1	14	1	3	\n%u call graph paths after duplication\n\n | \t%s (IMPORT) to be instantiated for internal… | INF:\t%s (redirector) is always inline by tra…	0	-
10ba3c1c	137	ghidra	pogocg.c	gap	-	-	none	mech	-	2	3	2	0	-	0	-
10ba3ca5	43	ghidra	pogocg.c	gap	-	-	none	mech	-	4	1	1	0	-	0	-
10ba3cd0	12	ghidra	pogocg.c	gap	-	-	none	mech	-	1	2	2	0	-	0	-
10ba3cdc	22	ghidra	pogocg.c	gap	-	-	none	mech	-	1	2	2	0	-	0	-
10ba3cf2	245	ghidra	pogocg.c	gap	-	-	none	medium	only-from:pgo-client	1	5	2	0	-	0	-
10ba3de7	689	ghidra	pogocg.c	gap	-	-	none	mech	-	1	13	2	0	-	0	-
10ba4098	113	ghidra	pogocg.c	gap	-	-	none	mech	-	1	1	2	0	-	0	-
10ba4109	183	ghidra	pogocg.c	gap	-	-	none	mech	-	2	6	2	0	-	0	-
10ba41c0	750	ghidra	pogocg.c	gap	-	-	none	mech	-	4	5	2	0	-	0	-
10ba44ae	33	ghidra	pogocg.c	gap	-	-	none	mech	-	5	0	3	0	-	0	-
10ba44cf	139	ghidra	pogocg.c	gap	-	-	none	mech	-	2	1	3	0	-	0	-
10ba455a	1477	ghidra	pogocg.c	gap	-	-	none	mech	-	2	7	2	0	-	0	-
10ba4b1f	271	ghidra	pogocg.c	gap	-	-	none	mech	-	2	5	2	0	-	0	-
10ba4c2e	785	ghidra	pogocg.c	gap	-	-	none	mech	-	1	5	3	0	-	0	-
10ba4f3f	537	ghidra	pogocg.c	gap	-	-	none	mech	-	1	2	3	0	-	0	-
10ba5158	368	ghidra	pogocg.c	gap	-	-	none	mech	-	1	1	3	0	-	0	-
10ba52c8	270	ghidra	pogocg.c	gap	-	-	none	mech	-	1	1	3	0	-	0	-
10ba53d6	307	ghidra	pogocg.c	gap	-	-	none	mech	-	1	0	3	0	-	0	-
10ba5509	83	ghidra	pogocg.c	gap	-	-	none	mech	-	1	0	3	0	-	0	-
10ba555c	207	ghidra	pogocg.c	gap	-	-	none	mech	-	1	2	2	0	-	0	-
10ba562b	136	ghidra	pogocg.c	gap	-	-	none	mech	-	3	3	2	0	-	0	-
10ba56b3	89	ghidra	pogocg.c	gap	-	-	cited	mech	-	1	2	1	0	-	0	-
10ba570c	36	ghidra	pogocg.c	gap	-	-	none	mech	-	1	0	2	0	-	0	-
10ba5730	60	ghidra	pogocg.c	gap	-	-	none	mech	-	1	2	3	0	-	0	-
10ba576c	118	ghidra	pogocg.c	gap	-	-	none	mech	-	1	6	2	0	-	0	-
10ba57e2	61	ghidra	pogocg.c	gap	-	-	none	mech	-	1	1	3	0	-	0	-
10ba581f	267	ghidra	pogocg.c	gap	-	-	none	mech	-	1	0	4	0	-	0	-
10ba592a	32	ghidra	pogocg.c	gap	-	-	none	mech	-	1	0	3	0	-	0	-
10ba594a	284	ghidra	pogocg.c	gap	-	-	none	mech	-	1	3	2	0	-	0	-
10ba5a66	245	ghidra	pogocg.c	gap	-	-	none	mech	-	6	2	2	0	-	0	-
10ba5b5b	73	ghidra	pogocg.c	gap	-	-	none	mech	-	1	2	2	0	-	0	-
10ba5ba4	237	ghidra	pogocg.c	gap	-	-	none	mech	-	1	3	2	0	-	0	-
10ba5c91	66	ghidra	pogocg.c	gap	-	-	none	mech	-	1	2	2	0	-	0	-
10ba5cd3	230	ghidra	pogocg.c	gap	-	-	none	mech	-	1	7	2	0	-	0	-
10ba5db9	54	ghidra	pogocg.c	gap	-	-	none	mech	-	1	0	3	0	-	0	-
10ba5def	199	ghidra	pogocg.c	gap	-	-	none	mech	-	2	3	2	0	-	0	-
10ba5eb6	55	ghidra	pogocg.c	gap	-	-	none	mech	-	2	2	2	1	OPT:\t%s  Before: %I64d  After: %I64d\n	0	-
10ba5eed	466	ghidra	pogocg.c	gap	-	-	none	mech	-	1	4	2	0	-	0	-
10ba60bf	16	ghidra	pogocg.c	gap	-	-	none	mech	-	1	2	2	0	-	0	-
10ba60cf	165	ghidra	pogocg.c	gap	-	-	none	mech	-	1	1	2	0	-	0	-
10ba6174	79	ghidra	pogocg.c	gap	-	-	none	mech	-	1	1	3	0	-	0	-
10ba61c3	19	ghidra	pogocg.c	gap	-	-	none	mech	-	4	0	2	0	-	0	-
10ba61d6	678	ghidra	pogocg.c	gap	-	-	none	mech	-	1	8	2	0	-	0	-
10ba647c	179	ghidra	pogocg.c	gap	-	-	none	mech	-	1	3	3	0	-	0	-
10ba652f	97	ghidra	pogocg.c	gap	-	-	none	mech	-	1	4	2	0	-	0	-
10ba6590	726	ghidra	pogocg.c	gap	-	-	none	mech	-	1	1	2	0	-	0	-
10ba6866	1511	ghidra	pogocg.c	gap	-	-	none	high	pgo-client	1	11	2	1	<Indirect Call>	12	PogoDbLookupFunctionRef,PogoDbWriteFlowGraphCall,PogoDbWriteFlowGraphCond
10ba6e4d	577	ghidra	pogocg.c	gap	-	-	none	mech	-	1	6	2	0	-	0	-
10ba708e	1196	ghidra	pogocg.c	gap	-	-	none	mech	-	3	2	2	0	-	0	-
10ba753a	357	ghidra	pogocg.c	gap	-	-	none	mech	-	2	1	3	0	-	0	-
10ba769f	558	ghidra	pogocg.c	gap	-	-	none	mech	-	1	11	2	0	-	0	-
10ba78cd	66	ghidra	pogocg.c	gap	-	-	none	mech	-	1	4	3	0	-	0	-
10ba790f	772	ghidra	pogocg.c	gap	-	-	none	mech	-	1	5	3	0	-	0	-
10ba7c13	235	ghidra	pogocg.c	gap	-	-	none	mech	-	1	4	3	0	-	0	-
10ba7cfe	346	ghidra	pogocg.c	gap	-	-	none	mech	-	1	6	2	0	-	0	-
10ba7e58	793	ghidra	pogocg.c	gap	-	-	none	mech	-	1	4	3	0	-	0	-
10ba8171	75	ghidra	pogocg.c	gap	-	-	none	mech	-	1	2	3	0	-	0	-
10ba81bc	502	ghidra	pogocg.c	gap	-	-	none	mech	-	1	5	2	0	-	0	-
10ba83b2	289	ghidra	pogocg.c	gap	-	-	none	mech	-	1	5	2	0	-	0	-
10ba84d3	19	ghidra	pogocg.c	gap	-	-	none	mech	-	1	2	3	0	-	0	-
10ba84e6	357	ghidra	pogocg.c	gap	-	-	none	mech	-	1	19	2	0	-	0	-
10ba864b	31	ghidra	pogocg.c	gap	-	-	none	mech	-	8	1	2	0	-	0	-
10ba866a	34	ghidra	pogocg.c	gap	-	-	none	mech	-	1	1	2	0	-	0	-
10ba868c	50	ghidra	pogocg.c	gap	-	-	none	mech	-	2	0	3	0	-	0	-
10ba86be	37	ghidra	pogocg.c	gap	-	-	none	mech	-	1	0	3	0	-	0	-
10ba86e3	26	ghidra	pogocg.c	gap	-	-	none	mech	-	2	0	3	0	-	0	-
10ba86fd	27	ghidra	pogocg.c	gap	-	-	none	mech	-	1	1	2	0	-	0	-
10ba8718	106	ghidra	pogocg.c	gap	-	-	none	high	pgo-client	1	1	2	0	-	2	PogoDbLookupId,PogoDbReadPartialInlinees
10ba8782	46	ghidra	pogocg.c	gap	-	-	none	mech	-	2	3	2	0	-	0	-
10ba87b0	66	ghidra	pogocg.c	gap	-	-	none	mech	-	2	0	3	0	-	0	-
10ba87f2	1090	ghidra	pogoinline.c	in-anchor	-	-	none	medium	only-from:pgo-client	1	11	2	1	e:\\bt\\278379\\vctools\\compiler\\be\\p2\\po…	0	-
10ba8c34	33	ghidra	pogoinline.c	in-anchor	-	-	none	medium	only-from:pgo-client	2	1	2	0	-	0	-
10ba8c55	87	ghidra	pogoinline.c	in-anchor	-	-	none	medium	only-from:pgo-client	1	3	1	0	-	0	-
10ba8cac	138	ghidra	pogoinline.c	in-anchor	-	-	none	medium	only-from:pgo-client	1	3	1	0	-	0	-
10ba8d36	354	ghidra	pogoinline.c	in-anchor	-	-	none	high	pgo-client	1	5	2	0	-	3	PogoDbCloseCallGraph,PogoDbReadCallGraphCallee,PogoDbReadCallGraphNode
10ba8e98	204	ghidra	pogoinline.c	in-anchor	-	-	none	mech	-	1	6	2	0	-	0	-
10ba8f64	57	ghidra	pogoinline.c	in-anchor	-	-	none	high	pgo-client	2	1	2	0	-	2	PogoDbLookupId,PogoDbReadPartialInlinees
10ba8f9d	237	ghidra	pogoinline.c	in-anchor	-	-	none	mech	-	2	4	3	0	-	0	-
10ba908a	95	ghidra	pogoinline.c	in-anchor	-	-	none	mech	-	2	3	2	0	-	0	-
10ba90e9	889	ghidra	pogoinline.c	in-anchor	-	-	none	mech	-	1	14	2	0	-	0	-
10ba9462	126	ghidra	pogoinline.c	in-anchor	-	-	none	mech	-	1	5	2	1	e:\\bt\\278379\\vctools\\compiler\\be\\p2\\po…	0	-
10ba94e1	87	ghidra	pogoinline.c	gap	-	-	none	medium	only-from:pgo-client	1	5	1	0	-	0	-
10ba9538	422	ghidra	pogoinline.c	gap	-	-	none	medium	only-from:pgo-client	1	14	2	0	-	0	-
10ba96de	437	ghidra	pogoinline.c	gap	-	-	none	medium	only-from:pgo-client	1	6	2	0	-	0	-
10ba9893	237	ghidra	pogoinline.c	gap	-	-	none	high	pgo-client	2	6	2	0	-	2	PogoDbLookupId,PogoDbReadPartialInlinees
10ba9980	297	ghidra	pogoinline.c	gap	-	-	none	mech	-	1	11	2	0	-	0	-
10ba9aa9	41	ghidra	pogoinline.c	gap	-	-	none	medium	only-from:pgo-client	2	1	2	0	-	0	-
10ba9ad2	305	ghidra	pogoinline.c	gap	-	-	none	mech	-	1	4	2	0	-	0	-
10ba9c03	253	ghidra	pogoinline.c	gap	-	-	none	mech	-	2	7	1	0	-	0	-
10ba9d00	34	ghidra	pogoinline.c	gap	-	-	none	medium	only-from:pgo-client	1	0	2	0	-	0	-
10ba9d22	364	ghidra	pogoinline.c	gap	-	-	none	medium	only-from:pgo-client	1	12	1	0	-	0	-
10ba9e8e	222	ghidra	pogoinline.c	gap	-	-	none	medium	only-from:pgo-client	1	5	2	0	-	0	-
10ba9f6c	275	ghidra	pogoinline.c	gap	-	-	none	medium	only-from:pgo-client	1	2	1	0	-	0	-
10baa07f	51	ghidra	pogoinline.c	gap	-	-	none	mech	-	4	1	2	0	-	0	-
10baa0b2	307	ghidra	pogoinline.c	gap	-	-	none	medium	only-from:pgo-client	1	6	2	0	-	0	-
10baa1e5	423	ghidra	pogoinline.c	gap	-	-	none	medium	only-from:pgo-client	1	9	1	0	-	0	-
10baa38c	221	ghidra	pogoinline.c	gap	-	-	none	medium	only-from:pgo-client	1	7	1	0	-	0	-
10baa469	65	ghidra	pogoinline.c	gap	-	-	none	mech	-	5	2	1	0	-	0	-
10baa4aa	1351	ghidra	pogoinline.c	gap	-	-	none	mech	-	2	23	1	0	-	0	-
10baa9f1	337	ghidra	pogoinline.c	gap	-	-	none	medium	only-from:pgo-client	1	12	1	0	-	0	-
10baab42	193	ghidra	pogoinline.c	gap	-	-	none	medium	only-from:pgo-client	1	4	2	0	-	0	-
10baac03	56	ghidra	pogoinline.c	gap	-	-	none	mech	-	2	1	2	0	-	0	-
10baac3b	115	ghidra	pogoinline.c	gap	-	-	none	mech	-	1	0	5	0	-	0	-
10baacae	86	ghidra	pogoinline.c	gap	-	-	none	medium	only-from:pgo-client	2	0	4	0	-	0	-
10baad04	101	ghidra	pogoinline.c	gap	-	-	none	mech	-	1	0	4	0	-	0	-
10baad69	19	ghidra	pogoinline.c	gap	-	-	none	mech	-	4	1	3	0	-	0	-
10baad7c	45	ghidra	pogoinline.c	gap	-	-	none	mech	-	1	1	2	0	-	0	-
10baada9	15	ghidra	pogoinline.c	gap	-	-	none	mech	-	2	1	4	0	-	0	-
10baadb8	299	ghidra	pogoinline.c	gap	-	-	none	medium	only-from:pgo-client	1	4	3	0	-	0	-
10baaee3	99	ghidra	pogoinline.c	gap	-	-	none	medium	only-from:pgo-client	1	1	3	0	-	0	-
10baaf46	153	ghidra	pogoinline.c	gap	-	-	none	medium	only-from:pgo-client	1	0	3	0	-	0	-
10baafdf	295	ghidra	pogoinline.c	gap	-	-	none	medium	only-from:pgo-client	1	1	2	0	-	0	-
10bab106	43	ghidra	pogoinline.c	gap	-	-	none	mech	-	1	1	3	0	-	0	-
10bab131	15	ghidra	pogoinline.c	gap	-	-	none	medium	only-from:pgo-client	1	0	4	0	-	0	-
10bab140	88	ghidra	pogoinline.c	gap	-	-	none	mech	-	2	3	3	0	-	0	-
10bab198	125	ghidra	pogoinline.c	gap	-	-	none	mech	-	1	2	4	0	-	0	-
10bab215	190	ghidra	pogoinline.c	gap	-	-	none	medium	only-from:pgo-client	1	2	2	0	-	0	-
10bab2d3	136	ghidra	pogoinline.c	gap	-	-	none	mech	-	2	3	3	0	-	0	-
10bab35b	308	ghidra	pogoinline.c	gap	-	-	none	mech	-	1	2	2	0	-	0	-
10bab48f	736	ghidra	pogoinline.c	gap	-	-	none	medium	only-from:pgo-client	1	5	2	0	-	0	-
10bab76f	264	ghidra	pogoinline.c	gap	-	-	none	medium	only-from:pgo-client	1	3	2	0	-	0	-
10bab877	7	ghidra	pogoinline.c	gap	-	-	none	mech	-	1	1	2	0	-	0	-
10bab87e	101	ghidra	pogoinline.c	gap	-	-	none	mech	-	2	3	2	0	-	0	-
10bab8e3	84	ghidra	pogoinline.c	gap	-	-	none	mech	-	3	3	2	0	-	0	-
10bab937	276	ghidra	pogoinline.c	gap	-	-	none	mech	-	3	7	2	0	-	0	-
10baba4b	34	ghidra	pogoinline.c	gap	-	-	none	mech	-	1	0	4	0	-	0	-
10baba6d	92	ghidra	pogoinline.c	gap	-	-	none	mech	-	1	3	2	0	-	0	-
10babade	145	ghidra	pogoinline.c	gap	-	-	none	mech	-	2	1	3	0	-	0	-
10babb6f	124	ghidra	pogoinline.c	gap	-	-	none	mech	-	1	2	3	0	-	0	-
10babbeb	154	ghidra	pogoinline.c	gap	-	-	none	mech	-	5	5	2	0	-	0	-
10babc85	594	ghidra	pogoinline.c	gap	-	-	none	mech	-	1	3	2	0	-	0	-
10babed7	593	ghidra	pogoinline.c	gap	-	-	none	mech	-	1	3	2	0	-	0	-
10bac128	62	ghidra	pogoinline.c	gap	-	-	none	mech	-	1	0	4	0	-	0	-
10bac166	270	ghidra	pogoinline.c	gap	-	-	none	mech	-	1	2	2	0	-	0	-
10bac274	39	ghidra	pogoinline.c	gap	-	-	none	mech	-	1	0	3	0	-	0	-
10bac29b	356	ghidra	pogoinline.c	gap	-	-	none	mech	-	2	3	2	0	-	0	-
10bac3ff	40	ghidra	pogoinline.c	gap	-	-	none	mech	-	1	1	4	0	-	0	-
10bac427	306	ghidra	pogoinline.c	gap	-	-	none	mech	-	3	4	2	0	-	0	-
10bac559	47	ghidra	pogoinline.c	gap	-	-	none	mech	-	2	1	3	0	-	0	-
10bac588	862	ghidra	pogoinline.c	gap	-	-	none	mech	-	1	3	2	0	-	0	-
10bac8e6	159	ghidra	pogoinline.c	gap	-	-	none	mech	-	1	6	2	0	-	0	-
10bac985	173	ghidra	pogoinline.c	gap	-	-	none	mech	-	1	6	2	0	-	0	-
10baca32	116	ghidra	pogoinline.c	gap	-	-	none	mech	-	1	5	2	0	-	0	-
10bacaa6	230	ghidra	pogoinline.c	gap	-	-	none	mech	-	1	7	2	0	-	0	-
10bacb8c	927	ghidra	pogoinline.c	gap	-	-	none	mech	-	1	11	2	1	PEEP:\tComparisons reordered near line %lu (%…	0	-
10bacf2b	748	ghidra	pogoinline.c	gap	-	-	none	mech	-	1	7	2	2	PEEP:\tConditional branches reordered near li… | PEEP:\tReordered conditional/unconditional br…	0	-
10bad217	221	ghidra	pogoopt.c	in-anchor	-	-	none	mech	-	1	9	2	1	e:\\bt\\278379\\vctools\\compiler\\be\\p2\\po…	0	-
10bad2f4	215	ghidra	pogoopt.c	gap	-	-	none	mech	-	1	2	2	1	OPT:\t%s  Before: %I64d  After: %I64d  (lower…	0	-
10bad3cb	97	ghidra	pogoopt.c	gap	-	-	none	mech	-	2	1	3	0	-	0	-
10bad42c	221	ghidra	pogoopt.c	gap	-	-	none	mech	-	1	8	2	0	-	0	-
10bad509	81	ghidra	pogoopt.c	gap	-	-	none	mech	-	1	3	2	0	-	0	-
10bad55a	258	ghidra	pogoopt.c	gap	-	-	none	mech	-	1	4	2	0	-	0	-
10bad65c	46	ghidra	pogoopt.c	gap	-	-	none	mech	-	1	1	3	0	-	0	-
10bad68a	52	ghidra	pogoopt.c	gap	-	-	none	mech	-	2	1	3	0	-	0	-
10bad6be	224	ghidra	pogoopt.c	gap	-	-	none	mech	-	2	1	3	0	-	0	-
10bad79e	1054	ghidra	pogoopt.c	gap	-	-	none	mech	-	1	19	2	0	-	0	-
10badbbc	986	ghidra	pogoopt.c	gap	-	-	none	mech	-	1	8	2	0	-	0	-
10badf96	199	ghidra	pogoopt.c	gap	-	-	none	mech	-	3	7	3	0	-	0	-
10bae05d	390	ghidra	pogoopt.c	gap	-	-	none	mech	-	2	4	2	0	-	0	-
10bae1e3	92	ghidra	pogoopt.c	gap	-	-	none	mech	-	1	5	3	0	-	0	-
10bae23f	268	ghidra	pogoopt.c	gap	-	-	none	mech	-	3	6	3	0	-	0	-
10bae34b	354	ghidra	pogoopt.c	gap	-	-	none	mech	-	1	10	3	0	-	0	-
10bae4ad	181	ghidra	pogoopt.c	gap	-	-	none	mech	-	3	4	3	0	-	0	-
10bae562	121	ghidra	pogoopt.c	gap	-	-	none	mech	-	1	5	2	0	-	0	-
10bae5db	310	ghidra	pogoopt.c	gap	-	-	none	mech	-	1	11	2	0	-	0	-
10bae711	82	ghidra	pogoopt.c	gap	-	-	none	mech	-	1	5	2	1	Trace formation	0	-
10bae763	56	ghidra	pogoopt.c	gap	-	-	none	high	pgo-client	1	1	1	0	-	2	PogoDbGetErrorText,PogoDbGetLastError
10bae79c	513	ghidra	pogoopt.c	gap	-	-	labelled	high	pgo: NOT COFF: PogoDbOpen/ReadHeader; the 0x1f2 at 0x10bae868 is a pgodb field	1	2	0	1	_LTCG_	11	PogoDbCreateGlobalStreams,PogoDbGenerateModuleName,PogoDbGetDllVersion
10bae99d	29	ghidra	pogoopt.c	gap	-	-	none	mech	-	5	0	2	0	-	1	_vswprintf_c_l
10bae9ef	6	ghidra	pogoopt.c	gap	-	-	none	medium	only-from:pgo-client	1	0	3	0	-	0	-
10bae9f5	13	ghidra	pogoopt.c	gap	-	-	none	mech	-	5	0	2	0	-	0	-
10baea02	22	ghidra	pogoopt.c	gap	-	-	none	medium	only-from:pgo-client	1	0	3	0	-	0	-
10baea18	9	ghidra	pogoopt.c	gap	-	-	none	medium	only-from:pgo-client	2	0	3	0	-	0	-
10baea21	43	ghidra	pogoopt.c	gap	-	-	none	high	pgo-client	5	1	1	0	-	1	PogoDbGetSymbol
10baea4c	4	ghidra	pogoopt.c	gap	-	-	none	mech	-	9	0	3	0	-	0	-
10baea50	152	ghidra	pogoopt.c	gap	-	-	none	high	pgo-client	5	0	2	0	-	5	PogoDbGetLogicalModule,PogoDbLocateFunctionRecord,PogoDbLookupId
10baeae8	7	ghidra	pogoopt.c	gap	-	-	none	medium	only-from:pgo-client	1	0	2	0	-	0	-
10baeaef	62	ghidra	pogoopt.c	gap	-	-	none	high	pgo-client	1	0	2	0	-	1	PogoDbReadDataSetEx
10baeb2d	7	ghidra	pogoopt.c	gap	-	-	none	medium	only-from:pgo-client	2	0	2	0	-	0	-
10baeb34	10	ghidra	pogoopt.c	gap	-	-	none	medium	only-from:pgo-client	2	0	2	0	-	0	-
10baeb3e	10	ghidra	pogoopt.c	gap	-	-	none	mech	-	3	0	2	0	-	0	-
10baeb48	9	ghidra	pogoopt.c	gap	-	-	none	medium	only-from:pgo-client	1	0	3	0	-	0	-
10baeb51	10	ghidra	pogoopt.c	gap	-	-	none	mech	-	1	0	2	0	-	0	-
10baeb5b	10	ghidra	pogoopt.c	gap	-	-	none	mech	-	2	0	2	0	-	0	-
10baeb65	130	ghidra	pogoopt.c	gap	-	-	none	high	pgo-client	1	0	2	0	-	3	PogoDbGetLogicalModule,PogoDbLookupId,PogoDbReadLinearFlowInlinees
10baebe7	13	ghidra	pogoopt.c	gap	-	-	none	mech	-	2	0	2	0	-	0	-
10baebf4	14	ghidra	pogoopt.c	gap	-	-	none	mech	-	1	0	2	0	-	0	-
10baec02	7	ghidra	pogoopt.c	gap	-	-	none	medium	only-from:pgo-client	3	0	3	0	-	0	-
10baec09	45	ghidra	pogoopt.c	gap	-	-	none	high	pgo-client	1	0	2	0	-	1	PogoDbReadSimpleProbeEx
10baec36	45	ghidra	pogoopt.c	gap	-	-	none	high	pgo-client	1	0	3	0	-	1	PogoDbReadValueProbeEx
10baec63	9	ghidra	pogoopt.c	gap	-	-	none	high	pgo-client	1	0	3	0	-	1	PogoDbReadValueProbeData
10baec6c	14	ghidra	pogoopt.c	gap	-	-	none	high	pgo-client	1	0	4	0	-	1	PogoDbReadBranchDataEx
10baec7a	13	ghidra	pogoopt.c	gap	-	-	none	high	pgo-client	2	0	3	0	-	1	PogoDbReadFunctionChecksum
10baec87	8	ghidra	pogoopt.c	gap	-	-	none	high	pgo-client	1	0	3	0	-	1	PogoDbWriteFunctionChecksum
10baec8f	8	ghidra	pogoopt.c	gap	-	-	none	high	pgo-client	1	0	3	0	-	1	PogoDbInitOffsetAllocation
10baec97	6	thunk	pogoopt.c	gap	-	-	none	high	thunk	1	0	3	0	-	0	-
10baec9d	6	thunk	pogoopt.c	gap	-	-	none	high	thunk	1	0	3	0	-	0	-
10baeca3	6	thunk	pogoopt.c	gap	-	-	none	high	thunk	1	0	3	0	-	0	-
10baeca9	29	ghidra	pogoopt.c	gap	-	-	none	mech	-	1	0	3	0	-	0	-
10baecc6	1847	ghidra	pogoopt.c	gap	-	-	none	high	pgo-client	1	8	2	15	Unable to open PGU log file %S\n | %s\n\t%s\n | \t%s\n	16	GetEnvironmentVariableW,PogoDbFormatTime_s,PogoDbGetSymbolW
10baf3fd	122	ghidra	pogoopt.c	gap	-	-	none	high	pgo-client	2	2	2	1	_LTCG_	3	PogoDbClose,PogoDbCloseModule,PogoDbUpdateHistory
10baf477	31	ghidra	pogoopt.c	gap	-	-	none	medium	only-from:pgo-client	1	2	2	0	-	0	-
10baf496	6	ghidra	pogoopt.c	gap	-	-	none	medium	only-from:pgo-client	1	0	4	0	-	0	-
10baf49c	9	ghidra	pogoopt.c	gap	-	-	none	medium	only-from:pgo-client	1	0	4	0	-	0	-
10baf4a5	12	ghidra	pogoopt.c	gap	-	-	none	mech	-	1	0	3	0	-	0	-
10baf4b1	27	ghidra	pogoopt.c	gap	-	-	none	high	pgo-client	1	1	2	0	-	2	PogoDbGetSimpleData,PogoDbGetValueData
10baf4cc	31	ghidra	pogoopt.c	gap	-	-	none	medium	only-from:pgo-client	1	1	2	0	-	0	-
10baf4eb	31	ghidra	pogoopt.c	gap	-	-	none	high	pgo-client	1	0	2	0	-	1	PogoDbGetLastFG
10baf50a	19	ghidra	pogoopt.c	gap	-	-	none	high	pgo-client	1	0	2	0	-	1	PogoDbReadFlowGraph
10baf51d	750	ghidra	pogoopt.c	gap	-	-	none	medium	only-from:pgo-client	1	14	1	0	-	0	-
10baf80b	250	ghidra	pogoopt.c	gap	-	-	none	medium	only-from:pgo-client	1	0	3	0	-	0	-
10baf905	409	ghidra	pogoopt.c	gap	-	-	none	medium	only-from:pgo-client	1	8	3	0	-	0	-
10bafa9e	451	ghidra	pogoopt.c	gap	-	-	none	medium	only-from:pgo-client	1	4	2	0	-	0	-
10bafc61	369	ghidra	pogoopt.c	gap	-	-	none	medium	only-from:pgo-client	1	3	2	0	-	0	-
10bafdd2	45	ghidra	pogoopt.c	gap	-	-	none	medium	only-from:pgo-client	1	2	3	0	-	0	-
10bafe3e	20	ghidra	pogoopt.c	gap	-	-	none	mech	-	5	0	2	0	-	0	-
10bafe52	162	ghidra	pogoopt.c	gap	-	-	none	medium	only-from:pgo-client	1	4	1	0	-	0	-
10bafef4	80	ghidra	pogoopt.c	gap	-	-	none	medium	only-from:pgo-client	1	2	3	0	-	0	-
10baff44	39	ghidra	pogoopt.c	gap	-	-	none	medium	only-from:pgo-client	1	0	3	0	-	0	-
10baff6b	247	ghidra	pogoopt.c	gap	-	-	none	medium	only-from:pgo-client	1	2	2	2	%lu of %lu (%6.2f%%) profiled functions will … | no profile data found in program database\n	0	-
10bb0062	119	ghidra	pogoopt.c	gap	-	-	none	mech	-	1	0	3	0	-	0	-
10bb00d9	63	ghidra	pogoopt.c	gap	-	-	none	mech	-	3	1	2	0	-	0	-
10bb0118	193	ghidra	pogoopt.c	gap	-	-	none	mech	-	2	1	2	0	-	0	-
10bb01d9	127	ghidra	pogoopt.c	gap	-	-	none	mech	-	1	0	2	0	-	0	-
10bb0258	92	ghidra	pogoopt.c	gap	-	-	none	medium	only-from:pgo-client	1	0	2	0	-	0	-
10bb02b4	26	ghidra	pogoopt.c	gap	-	-	none	mech	-	3	1	2	0	-	0	-
10bb02ce	53	ghidra	pogoopt.c	gap	-	-	none	mech	-	1	0	3	0	-	0	-
10bb0303	22	ghidra	pogoopt.c	gap	-	-	none	mech	-	1	0	3	0	-	0	-
10bb0319	183	ghidra	pogoopt.c	gap	-	-	none	high	pgo-client	1	0	3	0	-	3	PogoDbStreamAppend,PogoDbStreamQueryCb,free
10bb03d0	92	ghidra	pogoopt.c	gap	-	-	none	high	pgo-client	1	1	3	0	-	3	PogoDbLookupId,PogoDbWriteLinearFlowInlinee,PogoDbWriteLinearFlowInlineesStart
10bb042c	110	ghidra	pogoopt.c	gap	-	-	none	high	pgo-client	1	2	2	0	-	4	PogoDbLookupId,PogoDbWritePartialInlineeEntry,PogoDbWritePartialInlineesEnd
10bb049a	14	ghidra	pogoopt.c	gap	-	-	none	medium	only-from:pgo-client	1	1	3	0	-	0	-
10bb04a8	982	ghidra	pogoopt.c	gap	-	-	none	high	pgo-client	2	8	2	0	-	1	PogoDbReadFlowGraph
10bb087e	50	ghidra	pogoopt.c	gap	-	-	none	medium	only-from:pgo-client	2	1	2	0	-	0	-
10bb08b0	48	ghidra	pogoopt.c	gap	-	-	none	medium	only-from:pgo-client	2	2	2	0	-	0	-
10bb08e0	95	ghidra	pogoopt.c	gap	-	-	none	high	pgo-client	1	1	2	0	-	3	PogoDbGetLastFG,PogoDbReadFlowGraphInfo,PogoDbSetLastFG
10bb093f	37	ghidra	pogoopt.c	gap	-	-	none	medium	only-from:pgo-client	2	3	2	0	-	0	-
10bb0964	848	ghidra	pogoopt.c	gap	-	-	none	medium	only-from:pgo-client	2	10	2	0	-	0	-
10bb0cb4	445	ghidra	pogoopt.c	gap	-	-	none	medium	only-from:pgo-client	1	5	2	0	-	0	-
10bb0e71	76	ghidra	pogoopt.c	gap	-	-	none	mech	-	2	3	2	0	-	0	-
10bb0ebd	418	ghidra	pogoopt.c	gap	-	-	none	mech	-	2	1	2	0	-	1	free
10bb105f	92	ghidra	pogoopt.c	gap	-	-	none	mech	-	2	2	2	0	-	0	-
10bb10bb	46	ghidra	pogoopt.c	gap	-	-	none	mech	-	1	2	2	0	-	0	-
10bb10e9	26	ghidra	pogoopt.c	gap	-	-	none	medium	only-from:pgo-client	1	1	2	0	-	0	-
10bb1103	354	ghidra	pogoopt.c	gap	-	-	none	high	pgo-client	2	9	2	0	-	2	PogoDbCloseFunction,PogoDbOpenFunction
10bb1265	102	ghidra	pogoopt.c	gap	-	-	none	mech	-	7	2	2	0	-	0	-
10bb12cb	271	ghidra	pogoopt.c	gap	-	-	none	medium	only-from:pgo-client	1	3	2	0	-	0	-
10bb13da	493	ghidra	pogoopt.c	gap	-	-	none	mech	-	1	2	2	0	-	0	-
10bb15c7	146	ghidra	pogoopt.c	gap	-	-	none	mech	-	1	5	2	0	-	0	-
10bb1659	320	ghidra	pogoopt.c	gap	-	-	none	mech	-	3	8	1	0	-	0	-
10bb1799	1635	ghidra	pogoopt.c	gap	-	-	none	high	pgo-client	1	35	1	0	-	3	PogoDbReadDataSet,PogoDbReadFlowGraphInfo,PogoDbReadFunction
10bb1dfc	31	ghidra	pogoopt.c	gap	-	-	none	medium	only-from:pgo-client	1	1	3	0	-	0	-
10bb1e1b	313	ghidra	pogoopt.c	gap	-	-	none	mech	-	5	7	2	0	-	0	-
10bb1f54	1788	ghidra	pogoopt.c	gap	-	-	none	high	pgo-client	1	11	2	1	/Speed %d, /Inline %d	13	PogoDbCloseFunction,PogoDbModifiedDataSets,PogoDbModifiedFunctionData
10bb2650	537	ghidra	pogoopt.c	gap	-	-	none	medium	only-from:pgo-client	1	2	1	0	-	0	-
10bb2869	386	ghidra	pogoopt.c	gap	-	-	none	medium	only-from:pgo-client	1	6	2	0	-	1	qsort
10bb29eb	66	ghidra	pogoopt.c	gap	-	-	none	mech	-	1	8	2	0	-	0	-
10bb2a2d	138	ghidra	pogoopt.c	gap	-	-	none	mech	-	1	1	1	0	-	0	-
10bb2ab7	33	ghidra	pogoopt.c	gap	-	-	none	mech	-	1	0	2	0	-	0	-
10bb2ad8	493	ghidra	pogoopt.c	gap	-	-	none	mech	-	1	6	1	0	-	0	-
10bb2cc5	16	ghidra	pogoopt.c	gap	-	-	none	mech	-	1	2	2	0	-	0	-
10bb2cd5	50	ghidra	pogoopt.c	gap	-	-	none	mech	-	1	2	1	0	-	0	-
10bb2d07	25	ghidra	pogoopt.c	gap	-	-	none	mech	-	1	2	2	0	-	0	-
10bb2d20	32	ghidra	pogoopt.c	gap	-	-	none	mech	-	2	1	1	0	-	0	-
10bb2d40	38	ghidra	pogoopt.c	gap	-	-	none	mech	-	2	0	2	0	-	0	-
10bb2d66	39	ghidra	pogoopt.c	gap	-	-	none	mech	-	1	0	2	0	-	0	-
10bb2d8d	80	ghidra	pogoopt.c	gap	-	-	none	mech	-	4	1	1	0	-	0	-
10bb2ddd	121	ghidra	pogoopt.c	gap	-	-	none	mech	-	4	1	1	0	-	0	-
10bb2e56	121	ghidra	pogoopt.c	gap	-	-	none	mech	-	1	1	1	0	-	0	-
10bb2ecf	128	ghidra	pogoopt.c	gap	-	-	none	mech	-	1	1	1	0	-	0	-
10bb2f4f	109	ghidra	pogoopt.c	gap	-	-	none	mech	-	1	1	1	0	-	0	-
10bb2fbc	109	ghidra	pogoopt.c	gap	-	-	none	mech	-	2	1	1	0	-	0	-
10bb3029	151	ghidra	pogoopt.c	gap	-	-	none	mech	-	1	1	1	0	-	0	-
10bb30c0	119	ghidra	pogoopt.c	gap	-	-	none	mech	-	3	1	1	0	-	0	-
10bb3137	119	ghidra	pogoopt.c	gap	-	-	none	mech	-	1	1	1	0	-	0	-
10bb31ae	45	ghidra	pogoopt.c	gap	-	-	none	mech	-	1	0	3	0	-	0	-
10bb31db	27	ghidra	pogoopt.c	gap	-	-	none	mech	-	1	0	3	0	-	0	-
10bb31f6	96	ghidra	pogoopt.c	gap	-	-	none	mech	-	3	2	2	0	-	0	-
10bb3256	221	ghidra	pogoopt.c	gap	-	-	none	mech	-	1	2	1	0	-	0	-
10bb3333	47	ghidra	pogoopt.c	gap	-	-	none	mech	-	1	2	2	0	-	0	-
10bb3362	29	ghidra	pogoopt.c	gap	-	-	none	mech	-	1	1	2	0	-	0	-
10bb337f	501	ghidra	pogoopt.c	gap	-	-	none	mech	-	2	5	2	0	-	0	-
10bb3574	62	ghidra	pogoopt.c	gap	-	-	none	mech	-	1	2	2	0	-	0	-
10bb35b2	71	ghidra	pogoopt.c	gap	-	-	none	mech	-	1	3	2	0	-	0	-
10bb35f9	57	ghidra	pogoopt.c	gap	-	-	none	mech	-	1	2	2	0	-	0	-
10bb3632	340	ghidra	pogoopt.c	gap	-	-	none	mech	-	1	4	2	0	-	0	-
10bb3786	429	ghidra	pogoopt.c	gap	-	-	none	mech	-	5	11	2	0	-	0	-
10bb3933	382	ghidra	pogoopt.c	gap	-	-	none	mech	-	1	3	2	0	-	0	-
10bb3ab1	312	ghidra	pogoopt.c	gap	-	-	none	mech	-	2	10	1	0	-	0	-
10bb3be9	426	ghidra	pogoopt.c	gap	-	-	none	mech	-	2	12	1	0	-	0	-
10bb3d93	860	ghidra	pogoopt.c	gap	-	-	none	mech	-	1	19	1	0	-	0	-
10bb40ef	2088	ghidra	pogoopt.c	gap	-	-	none	mech	-	1	26	1	0	-	0	-
10bb4917	692	ghidra	pogoopt.c	gap	-	-	none	mech	-	1	14	1	0	-	0	-
10bb4bcb	143	ghidra	pogoopt.c	gap	-	-	none	mech	-	2	5	1	0	-	0	-
10bb4c5a	354	ghidra	pogoopt.c	gap	-	-	none	mech	-	1	9	2	0	-	0	-
10bb4dbc	226	ghidra	pogoopt.c	gap	-	-	none	mech	-	1	6	1	0	-	0	-
10bb4e9e	558	ghidra	pogoopt.c	gap	-	-	cited	mech	-	2	15	1	0	-	0	-
10bb50cc	115	ghidra	pogoopt.c	gap	-	-	none	mech	-	1	9	1	1	Copy Elim	0	-
10bb513f	307	ghidra	pogoopt.c	gap	-	-	none	mech	-	1	10	1	0	-	0	-
10bb5272	267	ghidra	pogoopt.c	gap	-	-	none	mech	-	1	12	2	1	HCO Def Push	0	-
10bb537d	81	ghidra	pogoopt.c	gap	-	-	none	mech	-	1	5	1	0	-	0	-
10bb53ce	310	ghidra	pogoopt.c	gap	-	-	none	mech	-	1	7	2	0	-	0	-
10bb5504	26	ghidra	pogoopt.c	gap	-	-	none	mech	-	2	0	2	0	-	0	-
10bb551e	31	ghidra	pogoopt.c	gap	-	-	none	mech	-	1	2	2	0	-	0	-
10bb553d	467	ghidra	pogoopt.c	gap	-	-	none	mech	-	2	6	2	0	-	0	-
10bb5710	50	ghidra	pogoopt.c	gap	-	-	none	mech	-	1	2	2	0	-	0	-
10bb5742	20	ghidra	pogoopt.c	gap	-	-	none	mech	-	2	0	3	0	-	0	-
10bb5756	57	ghidra	pogoopt.c	gap	-	-	none	mech	-	1	0	3	0	-	0	-
10bb578f	244	ghidra	pogoopt.c	gap	-	-	none	mech	-	1	2	2	0	-	0	-
10bb5883	106	ghidra	pogoopt.c	gap	-	-	none	mech	-	1	0	4	0	-	0	-
10bb58ed	15	ghidra	pogoopt.c	gap	-	-	none	mech	-	3	0	3	0	-	0	-
10bb58fc	87	ghidra	pogoopt.c	gap	-	-	none	mech	-	1	0	3	0	-	0	-
10bb5953	240	ghidra	pogoopt.c	gap	-	-	none	mech	-	1	1	2	0	-	0	-
10bb5a43	97	ghidra	pogoopt.c	gap	-	-	none	mech	-	1	0	3	0	-	0	-
10bb5aa4	128	ghidra	pogoopt.c	gap	-	-	none	mech	-	1	1	2	1	ERR:\tCase %d-%d is UNREACHED, yet has non-ze…	0	-
10bb5b24	465	ghidra	pogoopt.c	gap	-	-	none	mech	-	1	8	2	0	-	0	-
10bb5cf5	485	ghidra	pogoopt.c	gap	-	-	none	mech	-	1	3	2	0	-	0	-
10bb5eda	453	ghidra	pogoopt.c	gap	-	-	none	mech	-	1	17	2	1	OPT:\tAdded value check on %u of src %d for v…	0	-
10bb609f	1499	ghidra	pogoopt.c	gap	-	-	none	mech	-	1	30	2	0	-	0	-
10bb667a	372	ghidra	pogoopt.c	gap	-	-	none	mech	-	2	4	1	0	-	0	-
10bb67ee	197	ghidra	pogoopt.c	gap	-	-	none	mech	-	1	6	1	0	-	0	-
10bb68b3	127	ghidra	pogoopt.c	gap	-	-	none	mech	-	3	2	3	0	-	0	-
10bb6932	335	ghidra	pogoopt.c	gap	-	-	none	mech	-	1	8	2	0	-	0	-
10bb6a81	572	ghidra	pogoopt.c	gap	-	-	none	mech	-	1	10	2	1	OPT:\tAdded VCall check on line %u for '%s' (…	0	-
10bb6cbd	1602	ghidra	pogoopt.c	gap	-	-	none	mech	-	1	10	2	0	-	0	-
10bb72ff	335	ghidra	pogoopt.c	gap	-	-	none	mech	-	1	4	2	6	OPT:\tPulled out node %I64d for early compari… | OPT:\tCreated default node for %I64d (%u%%)\n | OPT:\tCreated default node for values %I64d..…	0	-
10bb744e	806	ghidra	pogoopt.c	gap	-	-	none	mech	-	1	13	2	0	-	0	-
10bb7774	103	ghidra	pogoopt.c	gap	-	-	none	mech	-	4	4	2	0	-	0	-
10bb77db	68	ghidra	pogoopt.c	gap	-	-	none	mech	-	1	1	2	0	-	0	-
10bb781f	29	ghidra	pogoopt.c	gap	-	-	none	mech	-	2	2	2	0	-	0	-
10bb783c	97	ghidra	pogoopt.c	gap	-	-	none	mech	-	1	2	2	0	-	0	-
10bb789d	113	ghidra	pogoopt.c	gap	-	-	none	mech	-	1	4	2	0	-	0	-
10bb792d	73	ghidra	pogoopt.c	gap	-	-	none	mech	-	2	1	3	0	-	0	-
10bb7976	150	ghidra	pogoopt.c	gap	-	-	none	mech	-	2	3	1	0	-	0	-
10bb7a0c	19	ghidra	pogoopt.c	gap	-	-	none	mech	-	1	1	2	0	-	0	-
10bb7a1f	96	ghidra	pogoopt.c	gap	-	-	none	medium	only-from:pgo-client	2	0	2	0	-	0	-
10bb7a7f	36	ghidra	pogoopt.c	gap	-	-	none	medium	only-from:pgo-client	2	0	2	0	-	0	-
10bb7aa3	783	ghidra	pogoopt.c	gap	-	-	none	mech	-	1	7	1	0	-	0	-
10bb7db2	56	ghidra	pogoopt.c	gap	-	-	none	medium	only-from:pgo-client	1	0	2	0	-	0	-
10bb7dea	47	ghidra	pogoopt.c	gap	-	-	none	mech	-	1	1	2	0	-	0	-
10bb7e19	65	ghidra	pogoopt.c	gap	-	-	none	mech	-	1	0	2	0	-	0	-
10bb7e5a	84	ghidra	pogoopt.c	gap	-	-	none	mech	-	1	2	2	0	-	0	-
10bb7eae	37	ghidra	pogoopt.c	gap	-	-	none	mech	-	2	0	2	0	-	0	-
10bb7ed3	795	ghidra	ptinl.c	in-anchor	inline	P_INLINE.md	none	mech	-	2	15	1	1	e:\\bt\\278379\\vctools\\compiler\\be\\p2\\pt…	0	-
10bb81ee	78	ghidra	ptinl.c	gap	inline	P_INLINE.md	none	mech	-	3	2	2	0	-	0	-
10bb823c	46	ghidra	ptinl.c	gap	inline	P_INLINE.md	none	mech	-	1	0	3	0	-	0	-
10bb826a	1159	ghidra	ptinl.c	gap	inline	P_INLINE.md	none	mech	-	1	17	1	0	-	0	-
10bb86f1	198	ghidra	ptinl.c	gap	inline	P_INLINE.md	none	mech	-	2	4	1	0	-	0	-
10bb87b7	136	ghidra	ptinl.c	gap	inline	P_INLINE.md	none	mech	-	1	1	1	0	-	0	-
10bb883f	21	ghidra	ptinl.c	gap	inline	P_INLINE.md	none	mech	-	1	1	2	0	-	0	-
10bb8854	32	ghidra	ptinl.c	gap	inline	P_INLINE.md	none	mech	-	1	0	2	0	-	0	-
10bb8874	201	ghidra	ptinl.c	gap	inline	P_INLINE.md	none	mech	-	2	2	3	0	-	0	-
10bb893d	37	ghidra	ptinl.c	gap	inline	P_INLINE.md	none	mech	-	2	0	2	0	-	0	-
10bb8962	470	ghidra	ptinl.c	gap	inline	P_INLINE.md	none	mech	-	1	3	1	0	-	0	-
10bb8b38	308	ghidra	ptinl.c	gap	inline	P_INLINE.md	none	mech	-	2	4	1	0	-	0	-
10bb8c6c	196	ghidra	ptinl.c	gap	inline	P_INLINE.md	none	mech	-	1	7	2	0	-	0	-
10bb8d30	125	ghidra	ptinl.c	gap	inline	P_INLINE.md	none	mech	-	1	6	2	0	-	0	-
10bb8dad	5	ghidra	ptinl.c	gap	inline	P_INLINE.md	none	mech	-	4	0	2	0	-	0	-
10bb8db2	7	ghidra	ptinl.c	gap	inline	P_INLINE.md	none	mech	-	7	0	2	0	-	0	-
10bb8db9	5	ghidra	ptinl.c	gap	inline	P_INLINE.md	none	mech	-	3	0	3	0	-	0	-
10bb8dbe	15	ghidra	ptinl.c	gap	inline	P_INLINE.md	none	mech	-	2	0	2	0	-	0	-
10bb8dcd	507	ghidra	ptinl.c	gap	inline	P_INLINE.md	none	mech	-	2	7	1	0	-	0	-
10bb8fc8	349	ghidra	ptinl.c	gap	inline	P_INLINE.md	none	mech	-	1	5	1	0	-	0	-
10bb9125	728	ghidra	ptinl.c	gap	inline	P_INLINE.md	none	mech	-	1	25	1	0	-	0	-
10bb93fd	119	ghidra	ptinl.c	gap	inline	P_INLINE.md	none	mech	-	1	1	2	0	-	0	-
10bb9474	36	ghidra	ptinl.c	gap	inline	P_INLINE.md	none	mech	-	1	1	2	0	-	0	-
10bb9498	228	ghidra	ptinl.c	gap	inline	P_INLINE.md	none	mech	-	3	3	1	0	-	0	-
10bb957c	500	ghidra	ptinl.c	gap	inline	P_INLINE.md	none	mech	-	3	3	2	0	-	0	-
10bb9770	263	ghidra	ptinl.c	gap	inline	P_INLINE.md	none	mech	-	1	2	2	0	-	0	-
10bb9877	49	ghidra	ptinl.c	gap	inline	P_INLINE.md	none	mech	-	1	0	3	0	-	0	-
10bb98a8	106	ghidra	ptinl.c	gap	inline	P_INLINE.md	none	mech	-	1	2	2	0	-	0	-
10bb9912	202	ghidra	ptinl.c	gap	inline	P_INLINE.md	none	medium	only-from:pgo-client	1	6	2	0	-	0	-
10bb99dc	162	ghidra	ptinl.c	gap	inline	P_INLINE.md	none	mech	-	4	1	2	0	-	0	-
10bb9a7e	382	ghidra	ptinl.c	gap	inline	P_INLINE.md	none	mech	-	1	11	2	0	-	0	-
10bb9bfc	32	ghidra	ptinl.c	gap	inline	P_INLINE.md	none	mech	-	2	0	2	0	-	0	-
10bb9c1c	1344	ghidra	ptinl.c	gap	inline	P_INLINE.md	none	mech	-	1	29	1	0	-	0	-
10bba15c	320	ghidra	ptinl.c	gap	inline	P_INLINE.md	none	mech	-	2	7	2	0	-	0	-
10bba29c	114	ghidra	ptinl.c	gap	inline	P_INLINE.md	none	mech	-	2	3	2	0	-	0	-
10bba30e	140	ghidra	ptinl.c	gap	inline	P_INLINE.md	none	mech	-	3	8	2	0	-	0	-
10bba39a	620	ghidra	ptinl.c	gap	inline	P_INLINE.md	none	mech	-	1	5	1	0	-	0	-
10bba606	512	ghidra	ptinl.c	gap	inline	P_INLINE.md	none	mech	-	1	8	1	0	-	0	-
10bba806	423	ghidra	ptinl.c	gap	inline	P_INLINE.md	none	mech	-	1	10	1	0	-	0	-
10bba9ad	98	ghidra	ptinl.c	gap	inline	P_INLINE.md	none	mech	-	1	1	1	0	-	0	-
10bbaa0f	58	ghidra	ptinl.c	gap	inline	P_INLINE.md	none	mech	-	1	0	2	0	-	0	-
10bbaa49	496	ghidra	ptinl.c	gap	inline	P_INLINE.md	none	mech	-	1	8	1	0	-	0	-
10bbac39	26	ghidra	ptinl.c	gap	inline	P_INLINE.md	none	mech	-	1	0	2	0	-	0	-
10bbac53	96	ghidra	ptinl.c	gap	inline	P_INLINE.md	none	mech	-	1	1	2	0	-	0	-
10bbacb3	117	ghidra	ptinl.c	gap	inline	P_INLINE.md	none	mech	-	2	2	1	0	-	0	-
10bbad28	105	ghidra	ptinl.c	gap	inline	P_INLINE.md	none	mech	-	1	5	2	0	-	0	-
10bbad91	472	ghidra	ptinl.c	gap	inline	P_INLINE.md	none	mech	-	1	6	1	0	-	0	-
10bbaf69	217	ghidra	ptinl.c	gap	inline	P_INLINE.md	none	mech	-	4	8	2	0	-	0	-
10bbb042	506	ghidra	ptinl.c	gap	inline	P_INLINE.md	none	mech	-	1	12	1	0	-	0	-
10bbb23c	49	ghidra	ptinl.c	gap	inline	P_INLINE.md	none	mech	-	1	2	3	0	-	0	-
10bbb26d	164	ghidra	ptinl.c	gap	inline	P_INLINE.md	none	mech	-	1	4	3	0	-	0	-
10bbb311	305	ghidra	ptinl.c	gap	inline	P_INLINE.md	none	mech	-	3	7	2	0	-	0	-
10bbb442	171	ghidra	ptinl.c	gap	inline	P_INLINE.md	none	mech	-	2	7	1	0	-	0	-
10bbb4ed	415	ghidra	ptinl.c	gap	inline	P_INLINE.md	none	mech	-	1	11	2	0	-	0	-
10bbb68c	220	ghidra	ptinl.c	gap	inline	P_INLINE.md	none	mech	-	1	4	2	0	-	0	-
10bbb768	123	ghidra	ptinl.c	gap	inline	P_INLINE.md	none	mech	-	1	2	1	0	-	0	-
10bbb7e3	69	ghidra	ptinl.c	gap	inline	P_INLINE.md	none	mech	-	3	2	2	0	-	0	-
10bbb828	190	ghidra	ptinl.c	gap	inline	P_INLINE.md	none	mech	-	1	8	1	0	-	0	-
10bbb8e6	156	ghidra	ptinl.c	gap	inline	P_INLINE.md	none	mech	-	1	8	1	0	-	0	-
10bbb982	281	ghidra	ptinl.c	gap	inline	P_INLINE.md	none	mech	-	1	6	2	0	-	0	-
10bbba9b	38	ghidra	ptinl.c	gap	inline	P_INLINE.md	none	mech	-	1	3	2	0	-	0	-
10bbbac1	48	ghidra	ptinl.c	gap	inline	P_INLINE.md	none	mech	-	1	3	2	0	-	0	-
10bbbaf1	425	ghidra	ptinl.c	gap	inline	P_INLINE.md	none	mech	-	2	19	1	0	-	0	-
10bbbc9a	420	ghidra	ptinl.c	gap	inline	P_INLINE.md	none	mech	-	1	17	1	0	-	0	-
10bbbe3e	461	ghidra	ptinl.c	gap	inline	P_INLINE.md	none	mech	-	1	16	1	0	-	0	-
10bbc00b	818	ghidra	ptinl.c	gap	inline	P_INLINE.md	none	mech	-	1	22	1	0	-	0	-
10bbc33d	316	ghidra	ptinl.c	gap	inline	P_INLINE.md	none	mech	-	1	6	1	0	-	0	-
10bbc479	305	ghidra	ptinl.c	gap	inline	P_INLINE.md	none	mech	-	1	15	1	0	-	0	-
10bbc5aa	360	ghidra	ptinl.c	gap	inline	P_INLINE.md	none	mech	-	1	16	1	0	-	0	-
10bbc712	68	ghidra	ptinl.c	gap	inline	P_INLINE.md	none	mech	-	1	1	2	0	-	0	-
10bbc756	270	ghidra	ptinl.c	gap	inline	P_INLINE.md	none	mech	-	1	8	1	0	-	0	-
10bbc864	121	ghidra	ptinl.c	gap	inline	P_INLINE.md	none	mech	-	1	4	2	0	-	0	-
10bbc8fe	125	ghidra	ptinl.c	gap	inline	P_INLINE.md	none	mech	-	1	3	2	0	-	0	-
10bbc97b	48	ghidra	ptinl.c	gap	inline	P_INLINE.md	none	mech	-	1	2	1	0	-	0	-
10bbc9ab	85	ghidra	reader.c	in-anchor	-	-	labelled	high	il-dispatch: .ex opcode fetch; 0x4D = end of stream, 0xFF = C1001	3	3	0	1	e:\\bt\\278379\\vctools\\compiler\\be\\p2\\re…	0	-
10bbca00	47	ghidra	reader.c	in-anchor	-	-	none	mech	-	2	1	1	0	-	0	-
10bbca2f	153	ghidra	reader.c	in-anchor	-	-	none	mech	-	3	0	2	0	-	0	-
10bbcac8	109	ghidra	reader.c	in-anchor	-	-	none	mech	-	2	5	1	0	-	0	-
10bbcb35	142	ghidra	reader.c	in-anchor	-	-	none	mech	-	2	0	2	0	-	0	-
10bbcbc3	110	ghidra	reader.c	in-anchor	-	-	none	mech	-	1	2	2	1	e:\\bt\\278379\\vctools\\compiler\\be\\p2\\re…	0	-
10bbcc32	41	ghidra	reader.c	in-anchor	-	-	none	mech	-	1	1	2	0	-	0	-
10bbcc5b	23	ghidra	reader.c	in-anchor	-	-	none	mech	-	1	0	2	0	-	0	-
10bbcc72	104	ghidra	reader.c	in-anchor	-	-	none	mech	-	1	0	2	0	-	0	-
10bbccda	148	ghidra	reader.c	in-anchor	-	-	none	mech	-	1	1	2	0	-	0	-
10bbcd6e	107	ghidra	reader.c	in-anchor	-	-	none	mech	-	1	2	3	0	-	0	-
10bbcdf6	374	ghidra	reader.c	in-anchor	-	-	none	mech	-	2	6	2	0	-	0	-
10bbcf6c	138	ghidra	reader.c	in-anchor	-	-	none	mech	-	2	5	2	0	-	0	-
10bbcff6	442	ghidra	reader.c	in-anchor	-	-	none	mech	-	5	10	1	0	-	0	-
10bbd1b0	214	ghidra	reader.c	in-anchor	-	-	none	mech	-	6	1	2	0	-	0	-
10bbd286	150	ghidra	reader.c	in-anchor	-	-	none	mech	-	2	3	1	0	-	0	-
10bbd31c	143	ghidra	reader.c	in-anchor	-	-	none	mech	-	3	2	1	0	-	0	-
10bbd3ab	686	ghidra	reader.c	in-anchor	-	-	none	mech	-	3	17	2	0	-	0	-
10bbd659	42	ghidra	reader.c	in-anchor	-	-	none	mech	-	7	1	2	0	-	0	-
10bbd683	68	ghidra	reader.c	in-anchor	-	-	none	mech	-	3	2	2	0	-	0	-
10bbd6c7	47	ghidra	reader.c	in-anchor	-	-	none	mech	-	14	2	1	0	-	0	-
10bbd6f6	31	ghidra	reader.c	in-anchor	-	-	none	mech	-	10	1	1	0	-	0	-
10bbd715	173	ghidra	reader.c	in-anchor	-	-	none	mech	-	7	3	1	0	-	0	-
10bbd7c2	77	ghidra	reader.c	in-anchor	-	-	none	mech	-	5	4	1	0	-	0	-
10bbd80f	112	ghidra	reader.c	in-anchor	-	-	none	mech	-	4	5	1	0	-	0	-
10bbd87f	53	ghidra	reader.c	in-anchor	-	-	none	mech	-	1	2	2	0	-	0	-
10bbd8b4	54	ghidra	reader.c	in-anchor	-	-	none	mech	-	5	2	1	0	-	0	-
10bbd8ea	60	ghidra	reader.c	in-anchor	-	-	none	mech	-	5	2	2	0	-	0	-
10bbd926	46	ghidra	reader.c	in-anchor	-	-	none	mech	-	1	3	1	0	-	0	-
10bbd954	54	ghidra	reader.c	in-anchor	-	-	none	mech	-	1	2	1	0	-	0	-
10bbd98a	54	ghidra	reader.c	in-anchor	-	-	none	mech	-	1	2	1	0	-	0	-
10bbd9c0	213	ghidra	reader.c	in-anchor	-	-	none	mech	-	1	7	2	0	-	0	-
10bbda95	71	ghidra	reader.c	in-anchor	-	-	none	mech	-	1	0	1	0	-	0	-
10bbdadc	20	ghidra	reader.c	in-anchor	-	-	none	mech	-	18	1	1	0	-	0	-
10bbdaf0	516	ghidra	reader.c	in-anchor	-	-	none	mech	-	1	12	2	0	-	0	-
10bbdcf4	55	ghidra	reader.c	in-anchor	-	-	none	mech	-	1	1	2	0	-	0	-
10bbdd2b	1734	ghidra	reader.c	in-anchor	-	-	none	mech	-	2	22	1	0	-	0	-
10bbe3f1	368	ghidra	reader.c	in-anchor	-	-	none	mech	-	1	10	1	0	-	0	-
10bbe561	668	ghidra	reader.c	in-anchor	-	-	none	mech	-	1	10	1	1	e:\\bt\\278379\\vctools\\compiler\\be\\p2\\re…	0	-
10bbe82d	202	ghidra	reader.c	in-anchor	-	-	none	mech	-	2	6	2	0	-	0	-
10bbe8f7	638	ghidra	reader.c	in-anchor	-	-	none	mech	-	5	14	2	1	e:\\bt\\278379\\vctools\\compiler\\be\\p2\\re…	0	-
10bbeb75	68	ghidra	reader.c	in-anchor	-	-	none	mech	-	2	2	2	0	-	0	-
10bbebb9	56	ghidra	reader.c	in-anchor	-	-	none	mech	-	1	2	2	0	-	0	-
10bbebf1	39	ghidra	reader.c	in-anchor	-	-	none	mech	-	1	2	2	0	-	0	-
10bbec18	1174	ghidra	reader.c	in-anchor	-	-	none	mech	-	28	14	1	0	-	0	-
10bbf0ae	134	ghidra	reader.c	in-anchor	-	-	none	mech	-	1	1	2	0	-	0	-
10bbf134	510	ghidra	reader.c	in-anchor	-	-	none	mech	-	12	13	1	0	-	0	-
10bbf332	966	ghidra	reader.c	in-anchor	-	-	none	mech	-	1	18	1	0	-	0	-
10bbf6f8	505	ghidra	reader.c	in-anchor	-	-	none	mech	-	1	9	1	0	-	0	-
10bbf8f1	1128	ghidra	reader.c	in-anchor	-	-	none	mech	-	8	16	1	1	e:\\bt\\278379\\vctools\\compiler\\be\\p2\\re…	0	-
10bbfd7c	286	ghidra	reader.c	in-anchor	-	-	none	mech	-	4	7	1	0	-	0	-
10bbfe9a	33	ghidra	reader.c	in-anchor	-	-	none	mech	-	1	1	1	0	-	0	-
10bbfebb	256	ghidra	reader.c	in-anchor	-	-	none	mech	-	1	8	1	0	-	0	-
10bbffbb	98	ghidra	reader.c	in-anchor	-	-	none	mech	-	1	1	1	0	-	0	-
10bc001d	10	ghidra	reader.c	in-anchor	-	-	none	mech	-	2	0	1	0	-	0	-
10bc00a1	2282	ghidra	reader.c	in-anchor	-	-	none	mech	-	3	33	1	1	e:\\bt\\278379\\vctools\\compiler\\be\\p2\\re…	0	-
10bc098b	519	ghidra	reader.c	in-anchor	-	-	none	mech	-	20	11	1	1	e:\\bt\\278379\\vctools\\compiler\\be\\p2\\re…	0	-
10bc0b93	658	ghidra	reader.c	in-anchor	-	-	none	mech	-	2	13	1	0	-	0	-
10bc0e25	338	ghidra	reader.c	in-anchor	-	-	none	mech	-	1	13	1	0	-	0	-
10bc0f77	85	ghidra	reader.c	in-anchor	-	-	none	mech	-	1	4	1	0	-	0	-
10bc0fcc	2763	ghidra	reader.c	in-anchor	-	-	none	mech	-	1	54	1	1	_CRT_INIT	0	-
10bc1a97	994	ghidra	reader.c	in-anchor	-	-	none	mech	-	1	16	1	0	-	0	-
10bc1e79	458	ghidra	reader.c	in-anchor	-	-	none	mech	-	1	13	1	0	-	0	-
10bc2043	468	ghidra	reader.c	in-anchor	-	-	none	mech	-	1	12	1	1	e:\\bt\\278379\\vctools\\compiler\\be\\p2\\re…	0	-
10bc2217	491	ghidra	reader.c	in-anchor	-	-	none	mech	-	2	14	2	0	-	0	-
10bc2402	86	ghidra	reader.c	in-anchor	-	-	none	mech	-	1	5	1	1	_tls_index	0	-
10bc2458	78	ghidra	reader.c	in-anchor	-	-	none	mech	-	1	3	1	0	-	0	-
10bc24a6	149	ghidra	reader.c	in-anchor	-	-	none	mech	-	1	4	1	0	-	0	-
10bc253b	479	ghidra	reader.c	in-anchor	-	-	none	mech	-	1	14	1	1	e:\\bt\\278379\\vctools\\compiler\\be\\p2\\re…	0	-
10bc271a	559	ghidra	reader.c	in-anchor	-	-	none	mech	-	3	16	1	0	-	0	-
10bc2949	700	ghidra	reader.c	in-anchor	-	-	none	mech	-	1	16	2	0	-	0	-
10bc2c05	237	ghidra	reader.c	in-anchor	-	-	none	mech	-	1	8	1	0	-	0	-
10bc2cf2	12	ghidra	reader.c	in-anchor	-	-	none	mech	-	1	0	1	0	-	0	-
10bc2d7a	5080	ghidra	reader.c	in-anchor	-	-	labelled	high	il-dispatch: reader.c record->codegen walk, table 0x10bc4152, ops 0x01..0xBD	4	78	0	1	e:\\bt\\278379\\vctools\\compiler\\be\\p2\\re…	0	-
10bc4307	1010	ghidra	reader.c	in-anchor	-	-	none	mech	-	1	17	1	1	e:\\bt\\278379\\vctools\\compiler\\be\\p2\\re…	0	-
10bc4715	1059	ghidra	reader.c	gap	-	-	labelled	high	il-reader: per-function: seek .sy@+0x58 then .ex@+0x54, then codegen	2	27	0	0	-	0	-
10bc4b38	105	ghidra	reader.c	gap	-	-	none	mech	-	2	0	3	0	-	0	-
10bc4ba1	27	ghidra	reader.c	gap	-	-	none	mech	-	1	1	2	0	-	0	-
10bc4bbc	45	ghidra	reader.c	gap	-	-	none	mech	-	1	0	2	0	-	0	-
10bc4be9	220	ghidra	reader.c	gap	-	-	none	mech	-	1	0	2	0	-	0	-
10bc4cc5	131	ghidra	reader.c	gap	-	-	none	mech	-	1	2	2	0	-	0	-
10bc4d48	23	ghidra	reader.c	gap	-	-	none	mech	-	14	0	1	0	-	0	-
10bc4d5f	23	ghidra	reader.c	gap	-	-	none	mech	-	12	0	1	0	-	0	-
10bc4d76	75	ghidra	reader.c	gap	-	-	none	mech	-	1	2	2	0	-	0	-
10bc4dc1	44	ghidra	reader.c	gap	-	-	none	mech	-	4	0	1	0	-	0	-
10bc4ded	193	ghidra	reader.c	gap	-	-	none	mech	-	1	4	2	0	-	0	-
10bc4eae	668	ghidra	reader.c	gap	-	-	none	mech	-	2	12	1	0	-	0	-
10bc514a	842	ghidra	reader.c	gap	-	-	none	mech	-	1	15	1	0	-	0	-
10bc5494	1089	ghidra	reader.c	gap	-	-	none	mech	-	1	13	1	0	-	0	-
10bc58d5	1891	ghidra	regasg.c	in-anchor	regalloc	P_REGALLOC.md	cited	mech	-	3	10	1	1	e:\\bt\\278379\\vctools\\compiler\\be\\p2\\re…	0	-
10bc6038	387	ghidra	regasg.c	gap	regalloc	P_REGALLOC.md	none	mech	-	1	11	1	0	-	0	-
10bc61bb	251	ghidra	regasg.c	gap	regalloc	P_REGALLOC.md	none	mech	-	1	4	2	0	-	0	-
10bc62b6	465	ghidra	regasg.c	gap	regalloc	P_REGALLOC.md	none	mech	-	2	10	1	0	-	0	-
10bc6487	23	ghidra	regasg.c	gap	regalloc	P_REGALLOC.md	none	mech	-	2	3	1	0	-	0	-
10bc649e	17	ghidra	regasg.c	gap	regalloc	P_REGALLOC.md	none	mech	-	2	0	1	0	-	0	-
10bc64af	12	ghidra	regasg.c	gap	regalloc	P_REGALLOC.md	none	mech	-	1	0	3	0	-	0	-
10bc64bb	5	ghidra	regasg.c	gap	regalloc	P_REGALLOC.md	none	mech	-	2	0	2	0	-	0	-
10bc64c0	53	ghidra	regasg.c	gap	regalloc	P_REGALLOC.md	none	mech	-	1	1	2	0	-	0	-
10bc64f5	56	ghidra	regasg.c	gap	regalloc	P_REGALLOC.md	none	mech	-	1	1	2	0	-	0	-
10bc652d	28	ghidra	regasg.c	gap	regalloc	P_REGALLOC.md	none	mech	-	1	0	2	0	-	0	-
10bc6549	55	ghidra	regasg.c	gap	regalloc	P_REGALLOC.md	none	mech	-	1	1	2	0	-	0	-
10bc6580	59	ghidra	regasg.c	gap	regalloc	P_REGALLOC.md	none	mech	-	1	1	2	0	-	0	-
10bc65bb	79	ghidra	regasg.c	gap	regalloc	P_REGALLOC.md	none	mech	-	1	0	3	0	-	0	-
10bc660a	30	ghidra	regasg.c	gap	regalloc	P_REGALLOC.md	none	mech	-	4	0	2	0	-	0	-
10bc6628	37	ghidra	regasg.c	gap	regalloc	P_REGALLOC.md	none	mech	-	2	0	3	0	-	0	-
10bc664d	17	ghidra	regasg.c	gap	regalloc	P_REGALLOC.md	none	mech	-	1	0	4	0	-	0	-
10bc665e	18	ghidra	regasg.c	gap	regalloc	P_REGALLOC.md	none	mech	-	1	0	4	0	-	0	-
10bc6670	621	ghidra	regasg.c	gap	regalloc	P_REGALLOC.md	none	mech	-	1	1	3	0	-	0	-
10bc6943	91	ghidra	regasg.c	gap	regalloc	P_REGALLOC.md	none	mech	-	1	2	3	0	-	0	-
10bc699e	83	ghidra	regasg.c	gap	regalloc	P_REGALLOC.md	none	mech	-	1	2	3	0	-	0	-
10bc69f1	691	ghidra	regasg.c	gap	regalloc	P_REGALLOC.md	none	mech	-	1	12	2	0	-	0	-
10bc6ca4	140	ghidra	regasg.c	gap	regalloc	P_REGALLOC.md	none	mech	-	2	4	2	0	-	0	-
10bc6d30	223	ghidra	regasg.c	gap	regalloc	P_REGALLOC.md	none	mech	-	1	6	2	0	-	0	-
10bc6e0f	130	ghidra	regasg.c	gap	regalloc	P_REGALLOC.md	none	mech	-	1	3	2	0	-	0	-
10bc6e91	33	ghidra	regasg.c	gap	regalloc	P_REGALLOC.md	none	mech	-	1	0	2	0	-	0	-
10bc6eb2	91	ghidra	regasg.c	gap	regalloc	P_REGALLOC.md	none	mech	-	1	0	2	0	-	0	-
10bc6f0d	70	ghidra	regasg.c	gap	regalloc	P_REGALLOC.md	none	mech	-	1	0	2	0	-	0	-
10bc6f53	43	ghidra	regasg.c	gap	regalloc	P_REGALLOC.md	none	mech	-	1	0	2	0	-	0	-
10bc6f7e	577	ghidra	regasg.c	gap	regalloc	P_REGALLOC.md	none	mech	-	1	9	1	1	_local_unwind	0	-
10bc71bf	105	ghidra	regasg.c	gap	regalloc	P_REGALLOC.md	none	mech	-	6	2	2	0	-	0	-
10bc7228	83	ghidra	regasg.c	gap	regalloc	P_REGALLOC.md	none	mech	-	1	1	2	0	-	0	-
10bc727b	40	ghidra	regasg.c	gap	regalloc	P_REGALLOC.md	none	mech	-	1	1	2	0	-	0	-
10bc72a3	40	ghidra	regasg.c	gap	regalloc	P_REGALLOC.md	none	mech	-	1	1	2	0	-	0	-
10bc72cb	31	ghidra	regasg.c	gap	regalloc	P_REGALLOC.md	none	mech	-	1	1	2	0	-	0	-
10bc72ea	21	ghidra	regasg.c	gap	regalloc	P_REGALLOC.md	none	mech	-	1	1	2	0	-	0	-
10bc72ff	37	ghidra	regasg.c	gap	regalloc	P_REGALLOC.md	none	mech	-	1	1	2	0	-	0	-
10bc7324	521	ghidra	regasg.c	gap	regalloc	P_REGALLOC.md	none	mech	-	2	11	1	0	-	0	-
10bc756f	80	ghidra	regasg.c	gap	regalloc	P_REGALLOC.md	none	mech	-	2	3	2	0	-	0	-
10bc75bf	234	ghidra	regasg.c	gap	regalloc	P_REGALLOC.md	none	mech	-	1	2	2	0	-	0	-
10bc76a9	204	ghidra	regasg.c	gap	regalloc	P_REGALLOC.md	none	mech	-	2	9	1	0	-	0	-
10bc779e	155	ghidra	regasg.c	gap	regalloc	P_REGALLOC.md	none	mech	-	2	3	2	0	-	0	-
10bc7839	20	ghidra	regasg.c	gap	regalloc	P_REGALLOC.md	none	mech	-	1	1	3	0	-	0	-
10bc784d	321	ghidra	regasg.c	gap	regalloc	P_REGALLOC.md	none	mech	-	1	12	2	0	-	0	-
10bc798e	108	ghidra	regasg.c	gap	regalloc	P_REGALLOC.md	none	mech	-	1	0	3	0	-	0	-
10bc79fa	88	ghidra	regasg.c	gap	regalloc	P_REGALLOC.md	none	mech	-	3	1	2	0	-	0	-
10bc7a52	224	ghidra	regasg.c	gap	regalloc	P_REGALLOC.md	none	mech	-	6	11	1	0	-	0	-
10bc7b32	103	ghidra	regasg.c	gap	regalloc	P_REGALLOC.md	none	mech	-	2	2	2	0	-	0	-
10bc7b99	65	ghidra	regasg.c	gap	regalloc	P_REGALLOC.md	none	mech	-	3	3	2	0	-	0	-
10bc7bda	65	ghidra	regasg.c	gap	regalloc	P_REGALLOC.md	none	mech	-	10	3	1	0	-	0	-
10bc7c1b	71	ghidra	regasg.c	gap	regalloc	P_REGALLOC.md	none	mech	-	11	3	1	0	-	0	-
10bc7c62	165	ghidra	regasg.c	gap	regalloc	P_REGALLOC.md	none	mech	-	7	3	2	0	-	0	-
10bc7d07	207	ghidra	regasg.c	gap	regalloc	P_REGALLOC.md	none	mech	-	2	8	1	0	-	0	-
10bc7dd6	84	ghidra	regasg.c	gap	regalloc	P_REGALLOC.md	none	mech	-	1	0	3	0	-	0	-
10bc7e2a	35	ghidra	regasg.c	gap	regalloc	P_REGALLOC.md	none	mech	-	1	1	2	0	-	0	-
10bc7e4d	128	ghidra	regasg.c	gap	regalloc	P_REGALLOC.md	none	mech	-	5	3	2	0	-	0	-
10bc7ecd	63	ghidra	regasg.c	gap	regalloc	P_REGALLOC.md	none	mech	-	8	1	2	0	-	0	-
10bc7f0c	25	ghidra	regasg.c	gap	regalloc	P_REGALLOC.md	none	mech	-	3	2	3	0	-	0	-
10bc7f25	81	ghidra	regasg.c	gap	regalloc	P_REGALLOC.md	none	mech	-	2	1	3	0	-	0	-
10bc7f76	110	ghidra	regasg.c	gap	regalloc	P_REGALLOC.md	none	mech	-	2	2	4	0	-	0	-
10bc7fe4	102	ghidra	regasg.c	gap	regalloc	P_REGALLOC.md	none	mech	-	2	1	2	0	-	0	-
10bc804a	498	ghidra	regasg.c	gap	regalloc	P_REGALLOC.md	none	mech	-	2	11	2	0	-	0	-
10bc823c	266	ghidra	regasg.c	gap	regalloc	P_REGALLOC.md	none	mech	-	1	1	2	0	-	0	-
10bc8346	281	ghidra	regasg.c	gap	regalloc	P_REGALLOC.md	none	mech	-	7	6	2	0	-	0	-
10bc845f	371	ghidra	regasg.c	gap	regalloc	P_REGALLOC.md	none	mech	-	1	16	2	0	-	0	-
10bc85d2	649	ghidra	regasg.c	gap	regalloc	P_REGALLOC.md	none	mech	-	18	22	2	0	-	0	-
10bc885b	27	ghidra	regasg.c	gap	regalloc	P_REGALLOC.md	none	mech	-	3	1	2	0	-	0	-
10bc8876	258	ghidra	regasg.c	gap	regalloc	P_REGALLOC.md	none	mech	-	5	10	1	0	-	0	-
10bc8978	395	ghidra	regasg.c	gap	regalloc	P_REGALLOC.md	none	mech	-	17	15	2	0	-	0	-
10bc8b03	398	ghidra	regasg.c	gap	regalloc	P_REGALLOC.md	none	mech	-	4	15	1	0	-	0	-
10bc8c91	46	ghidra	regasg.c	gap	regalloc	P_REGALLOC.md	none	mech	-	1	1	2	0	-	0	-
10bc8cee	304	ghidra	regasg.c	gap	regalloc	P_REGALLOC.md	none	mech	-	1	1	2	0	-	0	-
10bc8e1e	68	ghidra	regasg.c	gap	regalloc	P_REGALLOC.md	none	mech	-	1	0	3	0	-	0	-
10bc8e62	60	ghidra	regasg.c	gap	regalloc	P_REGALLOC.md	none	mech	-	2	0	3	0	-	0	-
10bc8e9e	109	ghidra	regasg.c	gap	regalloc	P_REGALLOC.md	none	mech	-	1	0	4	0	-	0	-
10bc8f0b	71	ghidra	regasg.c	gap	regalloc	P_REGALLOC.md	none	mech	-	1	1	2	0	-	0	-
10bc8f52	71	ghidra	regasg.c	gap	regalloc	P_REGALLOC.md	none	mech	-	1	1	2	0	-	0	-
10bc8f99	29	ghidra	regasg.c	gap	regalloc	P_REGALLOC.md	none	mech	-	1	0	4	0	-	0	-
10bc8fb6	97	ghidra	regasg.c	gap	regalloc	P_REGALLOC.md	none	mech	-	1	2	2	0	-	0	-
10bc9017	197	ghidra	regasg.c	gap	regalloc	P_REGALLOC.md	none	mech	-	2	2	2	0	-	0	-
10bc90dc	231	ghidra	regasg.c	gap	regalloc	P_REGALLOC.md	none	mech	-	2	0	3	0	-	0	-
10bc91c3	496	ghidra	regasg.c	gap	regalloc	P_REGALLOC.md	none	mech	-	2	13	2	0	-	0	-
10bc93b3	180	ghidra	regasg.c	gap	regalloc	P_REGALLOC.md	none	mech	-	1	1	3	0	-	0	-
10bc9467	233	ghidra	regasg.c	gap	regalloc	P_REGALLOC.md	none	mech	-	2	3	2	0	-	0	-
10bc9550	38	ghidra	regasg.c	gap	regalloc	P_REGALLOC.md	none	mech	-	3	1	3	0	-	0	-
10bc9576	183	ghidra	regasg.c	gap	regalloc	P_REGALLOC.md	none	mech	-	1	2	2	0	-	0	-
10bc962d	26	ghidra	regasg.c	gap	regalloc	P_REGALLOC.md	none	mech	-	1	1	4	0	-	0	-
10bc9647	320	ghidra	regasg.c	gap	regalloc	P_REGALLOC.md	none	mech	-	1	5	2	0	-	0	-
10bc9787	498	ghidra	regasg.c	gap	regalloc	P_REGALLOC.md	none	mech	-	2	10	2	0	-	0	-
10bc9979	386	ghidra	regasg.c	gap	regalloc	P_REGALLOC.md	none	mech	-	1	1	3	0	-	0	-
10bc9b36	327	ghidra	regasg.c	gap	regalloc	P_REGALLOC.md	none	mech	-	1	1	3	0	-	0	-
10bc9c7d	255	ghidra	regasg.c	gap	regalloc	P_REGALLOC.md	none	mech	-	1	3	2	0	-	0	-
10bc9d7c	606	ghidra	regasg.c	gap	regalloc	P_REGALLOC.md	none	mech	-	1	11	2	0	-	0	-
10bc9fda	725	ghidra	regasg.c	gap	regalloc	P_REGALLOC.md	none	mech	-	1	6	3	0	-	0	-
10bca2af	72	ghidra	sizeopt.c	in-anchor	-	-	none	mech	-	1	4	2	1	e:\\bt\\278379\\vctools\\compiler\\be\\p2\\si…	0	-
10bca2f7	82	ghidra	sizeopt.c	gap	-	-	none	mech	-	1	2	2	0	-	0	-
10bca349	42	ghidra	sizeopt.c	gap	-	-	none	mech	-	3	1	3	0	-	0	-
10bca373	132	ghidra	sizeopt.c	gap	-	-	none	mech	-	1	1	2	0	-	0	-
10bca3f7	122	ghidra	sizeopt.c	gap	-	-	none	mech	-	4	1	2	0	-	0	-
10bca471	16	ghidra	sizeopt.c	gap	-	-	none	mech	-	1	0	4	0	-	0	-
10bca481	54	ghidra	sizeopt.c	gap	-	-	none	mech	-	4	1	3	0	-	0	-
10bca4b7	139	ghidra	sizeopt.c	gap	-	-	none	mech	-	1	3	4	0	-	0	-
10bca542	57	ghidra	sizeopt.c	gap	-	-	none	mech	-	4	2	3	0	-	0	-
10bca57b	259	ghidra	sizeopt.c	gap	-	-	none	mech	-	2	2	2	0	-	0	-
10bca67e	616	ghidra	sizeopt.c	gap	-	-	none	mech	-	5	5	2	0	-	0	-
10bca8e6	358	ghidra	sizeopt.c	gap	-	-	none	mech	-	1	4	2	0	-	0	-
10bcaa4c	128	ghidra	sizeopt.c	gap	-	-	none	mech	-	7	0	3	0	-	0	-
10bcaacc	173	ghidra	sizeopt.c	gap	-	-	none	mech	-	1	0	2	0	-	0	-
10bcab79	54	ghidra	sizeopt.c	gap	-	-	none	mech	-	2	1	1	0	-	0	-
10bcabaf	162	ghidra	sizeopt.c	gap	-	-	none	mech	-	4	1	3	0	-	0	-
10bcac51	59	ghidra	sizeopt.c	gap	-	-	none	mech	-	4	1	3	0	-	0	-
10bcac8c	145	ghidra	sizeopt.c	gap	-	-	none	mech	-	1	4	3	0	-	0	-
10bcad1d	381	ghidra	sizeopt.c	gap	-	-	none	mech	-	2	2	2	0	-	0	-
10bcae9a	100	ghidra	sizeopt.c	gap	-	-	none	mech	-	2	0	3	0	-	0	-
10bcaefe	30	ghidra	sizeopt.c	gap	-	-	none	mech	-	1	1	3	0	-	0	-
10bcaf1c	60	ghidra	sizeopt.c	gap	-	-	none	mech	-	2	2	2	0	-	0	-
10bcaf58	45	ghidra	sizeopt.c	gap	-	-	none	mech	-	4	1	3	0	-	0	-
10bcaf85	123	ghidra	sizeopt.c	gap	-	-	none	mech	-	1	3	2	0	-	0	-
10bcb000	56	ghidra	sizeopt.c	gap	-	-	none	mech	-	1	0	3	0	-	0	-
10bcb038	104	ghidra	sizeopt.c	gap	-	-	none	mech	-	1	4	2	0	-	0	-
10bcb0a0	372	ghidra	sizeopt.c	gap	-	-	none	mech	-	1	2	2	0	-	0	-
10bcb214	53	ghidra	sizeopt.c	gap	-	-	none	mech	-	2	1	3	0	-	0	-
10bcb249	76	ghidra	sizeopt.c	gap	-	-	none	mech	-	1	4	2	0	-	0	-
10bcb295	30	ghidra	sizeopt.c	gap	-	-	none	mech	-	1	2	2	0	-	0	-
10bcb2b3	30	ghidra	sizeopt.c	gap	-	-	none	mech	-	1	0	3	0	-	0	-
10bcb2d1	155	ghidra	sizeopt.c	gap	-	-	none	mech	-	1	7	2	0	-	0	-
10bcb36c	536	ghidra	sizeopt.c	gap	-	-	none	mech	-	1	5	1	0	-	0	-
10bcb584	179	ghidra	sizeopt.c	gap	-	-	none	mech	-	3	0	5	0	-	0	-
10bcb637	21	ghidra	sizeopt.c	gap	-	-	none	mech	-	1	0	3	0	-	0	-
10bcb64c	290	ghidra	sizeopt.c	gap	-	-	none	mech	-	1	1	4	0	-	0	-
10bcb76e	382	ghidra	sizeopt.c	gap	-	-	none	mech	-	1	1	4	0	-	0	-
10bcb8ec	97	ghidra	sizeopt.c	gap	-	-	none	mech	-	1	1	4	0	-	0	-
10bcb94d	263	ghidra	sizeopt.c	gap	-	-	none	mech	-	1	3	1	0	-	0	-
10bcba54	59	ghidra	sizeopt.c	gap	-	-	none	mech	-	1	1	2	0	-	0	-
10bcba8f	128	ghidra	sizeopt.c	gap	-	-	none	mech	-	1	4	1	0	-	0	-
10bcbb0f	110	ghidra	sizeopt.c	gap	-	-	none	mech	-	2	2	2	0	-	0	-
10bcbb7d	32	ghidra	sizeopt.c	gap	-	-	none	mech	-	1	0	4	0	-	0	-
10bcbb9d	99	ghidra	sizeopt.c	gap	-	-	none	mech	-	1	1	3	0	-	0	-
10bcbc00	368	ghidra	sizeopt.c	gap	-	-	none	mech	-	1	1	2	0	-	0	-
10bcbd70	60	ghidra	sizeopt.c	gap	-	-	none	mech	-	1	0	2	0	-	0	-
10bcbdac	137	ghidra	sizeopt.c	gap	-	-	none	mech	-	2	3	1	0	-	0	-
10bcbe35	109	ghidra	sizeopt.c	gap	-	-	none	mech	-	2	3	2	0	-	0	-
10bcbea2	79	ghidra	sizeopt.c	gap	-	-	none	mech	-	1	2	2	0	-	0	-
10bcbef1	63	ghidra	sizeopt.c	gap	-	-	none	mech	-	1	6	1	0	-	0	-
10bcbf30	296	ghidra	sizeopt.c	gap	-	-	none	mech	-	1	1	2	0	-	0	-
10bcc058	572	ghidra	sizeopt.c	gap	-	-	none	mech	-	1	7	1	0	-	0	-
10bcc294	115	ghidra	sizeopt.c	gap	-	-	none	mech	-	1	2	2	0	-	0	-
10bcc307	270	ghidra	sizeopt.c	gap	-	-	none	mech	-	1	1	2	0	-	0	-
10bcc415	67	ghidra	sizeopt.c	gap	-	-	none	mech	-	1	2	2	0	-	0	-
10bcc458	325	ghidra	sizeopt.c	gap	-	-	none	mech	-	1	1	1	0	-	0	-
10bcc59d	299	ghidra	sizeopt.c	gap	-	-	none	mech	-	3	4	2	0	-	0	-
10bcc6c8	113	ghidra	sizeopt.c	gap	-	-	none	mech	-	2	2	2	0	-	0	-
10bcc739	62	ghidra	sizeopt.c	gap	-	-	none	mech	-	1	0	4	0	-	1	memmove
10bcc777	49	ghidra	sizeopt.c	gap	-	-	none	mech	-	2	1	3	0	-	0	-
10bcc7a8	54	ghidra	sizeopt.c	gap	-	-	none	mech	-	1	1	3	0	-	0	-
10bcc7de	250	ghidra	sizeopt.c	gap	-	-	none	mech	-	2	1	3	0	-	0	-
10bcc8d8	62	ghidra	sizeopt.c	gap	-	-	none	mech	-	1	1	2	0	-	0	-
10bcc916	238	ghidra	sizeopt.c	gap	-	-	none	mech	-	1	1	3	0	-	0	-
10bcca04	71	ghidra	sizeopt.c	gap	-	-	none	mech	-	1	5	2	0	-	0	-
10bcca4b	68	ghidra	sizeopt.c	gap	-	-	none	mech	-	1	1	1	0	-	0	-
10bcca8f	145	ghidra	sizeopt.c	gap	-	-	none	mech	-	1	2	2	0	-	0	-
10bccb20	111	ghidra	sizeopt.c	gap	-	-	none	mech	-	1	3	2	0	-	0	-
10bccb8f	134	ghidra	sizeopt.c	gap	-	-	none	mech	-	1	2	2	0	-	0	-
10bccc15	50	ghidra	sizeopt.c	gap	-	-	none	mech	-	2	1	3	0	-	0	-
10bccc47	18	ghidra	sizeopt.c	gap	-	-	none	mech	-	1	2	2	0	-	0	-
10bccc59	83	ghidra	sizeopt.c	gap	-	-	none	mech	-	1	3	2	0	-	0	-
10bcccac	143	ghidra	sizeopt.c	gap	-	-	none	mech	-	1	1	2	0	-	0	-
10bccd3b	158	ghidra	sizeopt.c	gap	-	-	none	mech	-	10	4	1	0	-	0	-
10bccdd9	82	ghidra	sizeopt.c	gap	-	-	none	mech	-	1	5	2	0	-	0	-
10bcce2b	167	ghidra	sizeopt.c	gap	-	-	none	mech	-	1	1	2	0	-	0	-
10bcced2	98	ghidra	sizeopt.c	gap	-	-	none	mech	-	1	5	2	0	-	0	-
10bccf34	424	ghidra	sizeopt.c	gap	-	-	none	mech	-	1	3	2	0	-	0	-
10bcd0dc	265	ghidra	sizeopt.c	gap	-	-	none	mech	-	1	5	2	0	-	0	-
10bcd1e5	374	ghidra	sizeopt.c	gap	-	-	none	mech	-	1	1	2	0	-	0	-
10bcd35b	178	ghidra	sizeopt.c	gap	-	-	none	mech	-	1	4	1	0	-	0	-
10bcd40d	192	ghidra	sizeopt.c	gap	-	-	none	mech	-	10	8	3	0	-	0	-
10bcd4cd	414	ghidra	sizeopt.c	gap	-	-	none	mech	-	4	8	2	0	-	0	-
10bcd66b	50	ghidra	sizeopt.c	gap	-	-	none	mech	-	3	2	2	0	-	0	-
10bcd69d	105	ghidra	sizeopt.c	gap	-	-	none	mech	-	1	4	2	0	-	0	-
10bcd706	275	ghidra	sizeopt.c	gap	-	-	none	mech	-	3	4	3	0	-	0	-
10bcd819	133	ghidra	sizeopt.c	gap	-	-	none	mech	-	1	4	3	0	-	0	-
10bcd89e	150	ghidra	sizeopt.c	gap	-	-	none	mech	-	1	4	3	0	-	0	-
10bcd934	275	ghidra	sizeopt.c	gap	-	-	none	mech	-	1	2	3	0	-	0	-
10bcda47	41	ghidra	sizeopt.c	gap	-	-	none	mech	-	1	3	3	0	-	0	-
10bcda70	53	ghidra	sizeopt.c	gap	-	-	none	mech	-	1	2	4	0	-	0	-
10bcdaa5	64	ghidra	sizeopt.c	gap	-	-	none	mech	-	1	2	4	0	-	0	-
10bcdae5	48	ghidra	sizeopt.c	gap	-	-	none	mech	-	1	1	4	0	-	0	-
10bcdb15	266	ghidra	sizeopt.c	gap	-	-	none	mech	-	1	1	3	0	-	0	-
10bcdc1f	322	ghidra	sizeopt.c	gap	-	-	none	mech	-	1	2	2	0	-	0	-
10bcdd61	439	ghidra	sizeopt.c	gap	-	-	none	mech	-	1	7	2	0	-	0	-
10bcdf18	48	ghidra	sizeopt.c	gap	-	-	none	mech	-	1	2	2	0	-	0	-
10bcdf48	403	ghidra	sizeopt.c	gap	-	-	none	mech	-	1	7	2	0	-	0	-
10bce0db	495	ghidra	sizeopt.c	gap	-	-	none	mech	-	1	4	3	0	-	0	-
10bce2ca	584	ghidra	sizeopt.c	gap	-	-	none	mech	-	1	9	2	0	-	0	-
10bce512	103	ghidra	sizeopt.c	gap	-	-	none	mech	-	1	5	2	0	-	0	-
10bce579	81	ghidra	sizeopt.c	gap	-	-	none	mech	-	1	3	2	0	-	0	-
10bce5ca	170	ghidra	sizeopt.c	gap	-	-	none	mech	-	2	11	2	0	-	0	-
10bce674	20	ghidra	sizeopt.c	gap	-	-	none	mech	-	2	1	2	0	-	0	-
10bce688	55	ghidra	sizeopt.c	gap	-	-	none	mech	-	1	1	2	0	-	0	-
10bce6bf	207	ghidra	sizeopt.c	gap	-	-	none	mech	-	2	4	1	0	-	0	-
10bce78e	233	ghidra	sizeopt.c	gap	-	-	none	mech	-	1	2	1	0	-	0	-
10bce877	466	ghidra	sizeopt.c	gap	-	-	none	mech	-	1	5	1	0	-	0	-
10bcea49	36	ghidra	sizeopt.c	gap	-	-	none	mech	-	1	1	2	0	-	0	-
10bcea6d	120	ghidra	sizeopt.c	gap	-	-	none	mech	-	0	1	2	0	-	0	-
10bceae5	33	ghidra	sizeopt.c	gap	-	-	none	mech	-	1	0	2	0	-	0	-
10bceb06	34	ghidra	sizeopt.c	gap	-	-	none	mech	-	2	0	2	0	-	0	-
10bceb28	57	ghidra	sizeopt.c	gap	-	-	none	mech	-	1	0	3	0	-	0	-
10bceb61	5	thunk	sizeopt.c	gap	-	-	none	high	thunk	2	0	3	0	-	0	-
10bceb66	655	ghidra	sizeopt.c	gap	-	-	none	mech	-	2	6	2	0	-	0	-
10bcedf5	16	ghidra	sizeopt.c	gap	-	-	none	mech	-	1	1	3	0	-	0	-
10bcee05	60	ghidra	sizeopt.c	gap	-	-	none	mech	-	1	1	2	0	-	0	-
10bcee41	66	ghidra	ssa_seh.c	in-anchor	eh	P_EH.md	none	mech	-	3	2	2	1	e:\\bt\\278379\\vctools\\compiler\\be\\p2\\ss…	0	-
10bcee83	351	ghidra	ssa_seh.c	gap	eh	P_EH.md	none	mech	-	2	4	1	0	-	0	-
10bcefe2	29	ghidra	ssa_seh.c	gap	eh	P_EH.md	none	mech	-	1	0	4	0	-	0	-
10bcefff	29	ghidra	ssa_seh.c	gap	eh	P_EH.md	none	mech	-	1	0	4	0	-	0	-
10bcf01c	61	ghidra	ssa_seh.c	gap	eh	P_EH.md	none	mech	-	1	2	3	0	-	0	-
10bcf059	210	ghidra	ssa_seh.c	gap	eh	P_EH.md	none	mech	-	1	5	3	0	-	0	-
10bcf12b	89	ghidra	ssa_seh.c	gap	eh	P_EH.md	none	mech	-	1	1	2	0	-	0	-
10bcf184	68	ghidra	ssa_seh.c	gap	eh	P_EH.md	none	mech	-	3	4	1	0	-	0	-
10bcf1c8	138	ghidra	ssa_seh.c	gap	eh	P_EH.md	none	mech	-	1	5	2	0	-	0	-
10bcf252	289	ghidra	ssa_seh.c	gap	eh	P_EH.md	none	mech	-	1	10	1	0	-	0	-
10bcf373	353	ghidra	ssa_seh.c	gap	eh	P_EH.md	none	mech	-	1	3	1	0	-	0	-
10bcf4d4	362	ghidra	ssa_seh.c	gap	eh	P_EH.md	none	mech	-	1	5	1	0	-	0	-
10bcf63e	79	ghidra	ssa_seh.c	gap	eh	P_EH.md	none	mech	-	1	1	1	0	-	0	-
10bcf6aa	105	ghidra	ssa_seh.c	gap	eh	P_EH.md	none	mech	-	1	1	2	0	-	0	-
10bcf713	58	ghidra	ssa_seh.c	gap	eh	P_EH.md	none	mech	-	1	0	4	0	-	0	-
10bcf74d	80	ghidra	ssa_seh.c	gap	eh	P_EH.md	none	mech	-	1	1	1	0	-	0	-
10bcf79d	1061	ghidra	ssa_seh.c	gap	eh	P_EH.md	none	mech	-	1	12	1	0	-	0	-
10bcfbc2	1268	ghidra	ssa_seh.c	gap	eh	P_EH.md	none	mech	-	1	10	1	0	-	0	-
10bd00b6	67	ghidra	ssa_seh.c	gap	eh	P_EH.md	none	mech	-	1	0	2	0	-	0	-
10bd00f9	520	ghidra	ssa_seh.c	gap	eh	P_EH.md	none	mech	-	1	8	1	0	-	0	-
10bd0301	106	ghidra	ssa_seh.c	gap	eh	P_EH.md	none	mech	-	1	0	3	0	-	0	-
10bd036b	68	ghidra	ssa_seh.c	gap	eh	P_EH.md	none	mech	-	1	0	3	0	-	0	-
10bd03af	90	ghidra	ssa_seh.c	gap	eh	P_EH.md	none	mech	-	3	0	2	0	-	0	-
10bd0409	27	ghidra	ssa_seh.c	gap	eh	P_EH.md	none	mech	-	3	1	1	0	-	0	-
10bd0424	242	ghidra	ssa_seh.c	gap	eh	P_EH.md	none	mech	-	1	5	2	0	-	0	-
10bd0516	72	ghidra	ssa_seh.c	gap	eh	P_EH.md	none	mech	-	2	1	1	0	-	0	-
10bd055e	121	ghidra	ssa_seh.c	gap	eh	P_EH.md	none	mech	-	0	1	2	0	-	0	-
10bd05d7	40	ghidra	ssa_seh.c	gap	eh	P_EH.md	none	mech	-	2	2	1	0	-	0	-
10bd05ff	159	ghidra	ssa_seh.c	gap	eh	P_EH.md	none	mech	-	3	2	1	0	-	0	-
10bd069e	34	ghidra	ssa_seh.c	gap	eh	P_EH.md	none	mech	-	1	1	2	0	-	0	-
10bd06c0	38	ghidra	ssa_seh.c	gap	eh	P_EH.md	none	mech	-	1	0	2	0	-	0	-
10bd06e6	152	ghidra	ssa_seh.c	gap	eh	P_EH.md	none	mech	-	1	2	2	0	-	0	-
10bd077e	102	ghidra	ssa_seh.c	gap	eh	P_EH.md	none	mech	-	1	3	1	0	-	0	-
10bd07e4	195	ghidra	ssa_seh.c	gap	eh	P_EH.md	none	mech	-	1	1	3	0	-	0	-
10bd08a7	109	ghidra	ssa_seh.c	gap	eh	P_EH.md	none	mech	-	2	3	2	0	-	0	-
10bd0914	31	ghidra	ssa_seh.c	gap	eh	P_EH.md	none	mech	-	1	2	2	0	-	0	-
10bd0933	343	ghidra	ssa_seh.c	gap	eh	P_EH.md	none	mech	-	3	3	2	0	-	0	-
10bd0a8a	493	ghidra	ssa_seh.c	gap	eh	P_EH.md	none	mech	-	1	2	2	0	-	0	-
10bd0c77	733	ghidra	stack.c	in-anchor	-	-	cited	mech	-	1	12	1	1	e:\\bt\\278379\\vctools\\compiler\\be\\p2\\st…	0	-
10bd0f55	25	ghidra	stack.c	gap	-	-	none	mech	-	1	3	2	0	-	0	-
10bd0f6e	250	ghidra	stack.c	gap	-	-	none	mech	-	1	10	1	0	-	0	-
10bd1068	197	ghidra	stack.c	gap	-	-	none	mech	-	1	8	1	0	-	0	-
10bd112d	250	ghidra	stack.c	gap	-	-	none	mech	-	1	1	2	0	-	0	-
10bd1227	100	ghidra	stack.c	gap	-	-	none	mech	-	1	1	2	0	-	0	-
10bd128b	19	ghidra	stack.c	gap	-	-	none	mech	-	1	0	3	0	-	0	-
10bd1373	130	ghidra	stack.c	gap	-	-	none	mech	-	1	2	3	0	-	0	-
10bd13f5	575	ghidra	stack.c	gap	-	-	none	mech	-	3	3	2	0	-	0	-
10bd1634	183	ghidra	stack.c	gap	-	-	none	mech	-	1	0	3	0	-	0	-
10bd16eb	278	ghidra	stack.c	gap	-	-	none	mech	-	1	7	2	0	-	0	-
10bd1801	239	ghidra	stack.c	gap	-	-	none	mech	-	1	1	2	0	-	0	-
10bd18f0	97	ghidra	stack.c	gap	-	-	none	mech	-	2	2	3	0	-	0	-
10bd1951	82	ghidra	stack.c	gap	-	-	none	mech	-	1	0	2	0	-	0	-
10bd19a3	738	ghidra	stack.c	gap	-	-	none	mech	-	1	10	2	0	-	0	-
10bd1c85	596	ghidra	stack.c	gap	-	-	none	mech	-	1	13	2	0	-	0	-
10bd1ed9	65	ghidra	stack.c	gap	-	-	none	mech	-	1	1	3	0	-	0	-
10bd1f1a	909	ghidra	stack.c	gap	-	-	none	mech	-	2	20	2	0	-	0	-
10bd22a7	156	ghidra	stack.c	gap	-	-	none	mech	-	4	3	1	0	-	0	-
10bd2343	230	ghidra	stack.c	gap	-	-	none	mech	-	3	2	2	0	-	0	-
10bd2429	7	ghidra	stack.c	gap	-	-	none	mech	-	3	0	2	0	-	0	-
10bd2430	46	ghidra	stack.c	gap	-	-	none	mech	-	1	0	1	0	-	0	-
10bd245e	52	ghidra	stack.c	gap	-	-	none	mech	-	1	0	2	0	-	0	-
10bd2492	588	ghidra	stack.c	gap	-	-	none	mech	-	5	3	1	0	-	0	-
10bd26de	171	ghidra	stack.c	gap	-	-	none	mech	-	21	1	1	0	-	0	-
10bd2789	28	ghidra	stack.c	gap	-	-	none	mech	-	36	0	1	0	-	0	-
10bd27a5	59	ghidra	stack.c	gap	-	-	none	mech	-	3	2	2	0	-	0	-
10bd27e0	184	ghidra	stack.c	gap	-	-	none	mech	-	22	4	2	0	-	0	-
10bd2898	10	ghidra	stack.c	gap	-	-	none	mech	-	4	1	2	0	-	0	-
10bd28a2	72	ghidra	stack.c	gap	-	-	none	mech	-	1	3	2	0	-	0	-
10bd28ea	41	ghidra	stack.c	gap	-	-	none	mech	-	2	0	2	0	-	0	-
10bd2913	329	ghidra	stack.c	gap	-	-	none	mech	-	32	6	1	0	-	0	-
10bd2abf	7	ghidra	stack.c	gap	-	-	none	mech	-	3	0	2	0	-	0	-
10bd2ac6	44	ghidra	stack.c	gap	-	-	none	mech	-	1	0	2	0	-	0	-
10bd2af2	173	ghidra	stack.c	gap	-	-	none	mech	-	1	4	1	0	-	0	-
10bd2b9f	278	ghidra	stack.c	gap	-	-	none	mech	-	1	1	2	0	-	0	-
10bd2cb5	206	ghidra	stack.c	gap	-	-	none	mech	-	1	0	1	0	-	0	-
10bd2d83	52	ghidra	stack.c	gap	-	-	none	mech	-	144	0	1	0	-	0	-
10bd2db7	17	ghidra	stack.c	gap	-	-	none	mech	-	19	0	2	0	-	0	-
10bd2dc8	436	ghidra	stack.c	gap	-	-	none	mech	-	9	2	2	0	-	0	-
10bd2f7c	136	ghidra	stack.c	gap	-	-	none	mech	-	12	5	1	0	-	0	-
10bd3004	102	ghidra	stack.c	gap	-	-	none	mech	-	1	4	1	0	-	0	-
10bd3073	381	ghidra	stack.c	gap	-	-	none	mech	-	2	1	3	0	-	0	-
10bd3225	394	ghidra	stack.c	gap	-	-	none	mech	-	2	6	1	0	-	0	-
10bd33af	28	ghidra	stack.c	gap	-	-	none	mech	-	3	1	2	0	-	0	-
10bd33cb	198	ghidra	stack.c	gap	-	-	none	mech	-	1	4	1	0	-	0	-
10bd3491	495	ghidra	stack.c	gap	-	-	none	mech	-	64	8	1	0	-	0	-
10bd3680	79	ghidra	stack.c	gap	-	-	none	mech	-	2	1	2	0	-	0	-
10bd36cf	108	ghidra	stack.c	gap	-	-	none	mech	-	2	2	1	0	-	0	-
10bd373b	21	ghidra	stack.c	gap	-	-	none	mech	-	1	1	2	0	-	0	-
10bd3750	83	ghidra	stack.c	gap	-	-	cited	mech	-	41	2	2	0	-	0	-
10bd37a3	32	ghidra	stack.c	gap	-	-	none	mech	-	6	1	2	0	-	0	-
10bd37c3	28	ghidra	stack.c	gap	-	-	none	mech	-	1	0	3	0	-	0	-
10bd37df	28	ghidra	stack.c	gap	-	-	none	mech	-	1	0	3	0	-	0	-
10bd37fb	26	ghidra	stack.c	gap	-	-	none	mech	-	1	0	3	0	-	0	-
10bd3815	15	ghidra	stack.c	gap	-	-	none	mech	-	106	0	1	0	-	0	-
10bd3824	17	ghidra	stack.c	gap	-	-	cited	mech	-	147	0	1	0	-	0	-
10bd3835	29	ghidra	stack.c	gap	-	-	none	mech	-	51	0	1	0	-	0	-
10bd3852	31	ghidra	stack.c	gap	-	-	cited	mech	-	65	0	1	0	-	0	-
10bd3871	33	ghidra	stack.c	gap	-	-	none	mech	-	1	0	5	0	-	0	-
10bd3892	30	ghidra	stack.c	gap	-	-	cited	mech	-	13	1	2	0	-	0	-
10bd38b0	32	ghidra	stack.c	gap	-	-	cited	mech	-	24	1	1	0	-	0	-
10bd38d0	50	ghidra	stack.c	gap	-	-	none	mech	-	8	0	2	0	-	0	-
10bd3902	69	ghidra	stack.c	gap	-	-	none	mech	-	2	1	2	0	-	0	-
10bd3947	33	ghidra	stack.c	gap	-	-	none	mech	-	1	2	3	0	-	0	-
10bd3968	2	thunk	stack.c	gap	-	-	none	high	thunk	2	0	1	0	-	0	-
10bd3972	13	ghidra	stack.c	gap	-	-	none	mech	-	0	0	-	0	-	0	-
10bd3977	2	thunk	stack.c	gap	-	-	none	high	thunk	1	0	3	0	-	0	-
10bd3985	17	ghidra	stack.c	gap	-	-	none	mech	-	0	0	-	0	-	0	-
10bd398a	42	ghidra	tuple.c	in-anchor	-	-	cited	mech	-	1	1	2	1	e:\\bt\\278379\\vctools\\compiler\\be\\p2\\tu…	0	-
10bd39b4	76	ghidra	tuple.c	in-anchor	-	-	none	mech	-	1	3	2	0	-	0	-
10bd3a00	14	ghidra	tuple.c	in-anchor	-	-	none	mech	-	1	0	3	0	-	0	-
10bd3a0e	13	ghidra	tuple.c	in-anchor	-	-	none	mech	-	23	0	1	0	-	0	-
10bd3a1b	28	ghidra	tuple.c	in-anchor	-	-	none	mech	-	1	0	3	0	-	0	-
10bd3a37	13	ghidra	tuple.c	in-anchor	-	-	none	mech	-	2	1	2	0	-	0	-
10bd3a44	22	ghidra	tuple.c	in-anchor	-	-	none	mech	-	10	1	1	0	-	0	-
10bd3a5a	44	ghidra	tuple.c	in-anchor	-	-	none	mech	-	13	2	2	0	-	0	-
10bd3a86	34	ghidra	tuple.c	in-anchor	-	-	none	mech	-	22	1	1	0	-	0	-
10bd3aa8	31	ghidra	tuple.c	in-anchor	-	-	none	mech	-	1	1	1	0	-	0	-
10bd3ac7	40	ghidra	tuple.c	in-anchor	-	-	none	mech	-	20	1	2	0	-	0	-
10bd3aef	33	ghidra	tuple.c	in-anchor	-	-	none	mech	-	30	1	2	0	-	0	-
10bd3b10	33	ghidra	tuple.c	in-anchor	-	-	none	mech	-	24	1	1	0	-	0	-
10bd3b31	33	ghidra	tuple.c	in-anchor	-	-	none	mech	-	73	1	1	0	-	0	-
10bd3b52	37	ghidra	tuple.c	in-anchor	-	-	none	mech	-	10	1	2	0	-	0	-
10bd3b77	18	ghidra	tuple.c	in-anchor	-	-	none	mech	-	7	0	2	0	-	0	-
10bd3b89	15	ghidra	tuple.c	in-anchor	-	-	none	mech	-	4	0	2	0	-	0	-
10bd3b98	17	ghidra	tuple.c	in-anchor	-	-	none	mech	-	11	0	2	0	-	0	-
10bd3ba9	28	ghidra	tuple.c	in-anchor	-	-	none	mech	-	14	0	2	0	-	0	-
10bd3bc5	157	ghidra	tuple.c	in-anchor	-	-	none	mech	-	15	2	1	0	-	0	-
10bd3c62	27	ghidra	tuple.c	in-anchor	-	-	none	mech	-	5	1	2	0	-	0	-
10bd3c7d	64	ghidra	tuple.c	in-anchor	-	-	none	mech	-	1	1	2	0	-	0	-
10bd3cbd	11	ghidra	tuple.c	in-anchor	-	-	none	mech	-	1	0	3	0	-	0	-
10bd3cc8	11	ghidra	tuple.c	in-anchor	-	-	none	mech	-	3	0	3	0	-	0	-
10bd3cd3	15	ghidra	tuple.c	in-anchor	-	-	none	mech	-	7	0	2	0	-	0	-
10bd3ce2	45	ghidra	tuple.c	in-anchor	-	-	none	mech	-	2	0	2	0	-	0	-
10bd3d0f	20	ghidra	tuple.c	in-anchor	-	-	none	mech	-	1	0	4	0	-	0	-
10bd3d23	87	ghidra	tuple.c	in-anchor	-	-	none	mech	-	1	3	3	0	-	0	-
10bd3d7a	45	ghidra	tuple.c	in-anchor	-	-	none	mech	-	12	1	2	0	-	0	-
10bd3da7	83	ghidra	tuple.c	in-anchor	-	-	none	mech	-	3	1	2	0	-	0	-
10bd3dfa	55	ghidra	tuple.c	in-anchor	-	-	none	mech	-	10	1	2	0	-	0	-
10bd3e31	55	ghidra	tuple.c	in-anchor	-	-	none	mech	-	9	1	2	0	-	0	-
10bd3e68	92	ghidra	tuple.c	in-anchor	-	-	none	mech	-	18	0	2	0	-	0	-
10bd3ec4	83	ghidra	tuple.c	in-anchor	-	-	none	mech	-	2	1	2	0	-	0	-
10bd3f17	17	ghidra	tuple.c	in-anchor	-	-	none	mech	-	25	0	1	0	-	0	-
10bd3f28	17	ghidra	tuple.c	in-anchor	-	-	none	mech	-	9	0	2	0	-	0	-
10bd3f39	41	ghidra	tuple.c	in-anchor	-	-	none	mech	-	1	0	4	0	-	0	-
10bd3f62	48	ghidra	tuple.c	in-anchor	-	-	none	mech	-	13	1	2	0	-	0	-
10bd3f92	64	ghidra	tuple.c	in-anchor	-	-	none	mech	-	8	1	2	0	-	0	-
10bd3fd2	93	ghidra	tuple.c	in-anchor	-	-	none	mech	-	16	0	2	0	-	0	-
10bd402f	41	ghidra	tuple.c	in-anchor	-	-	none	mech	-	1	1	3	0	-	0	-
10bd4058	104	ghidra	tuple.c	in-anchor	-	-	none	mech	-	3	2	2	0	-	0	-
10bd40c0	36	ghidra	tuple.c	in-anchor	-	-	none	mech	-	2	1	3	0	-	0	-
10bd40e4	39	ghidra	tuple.c	in-anchor	-	-	none	mech	-	1	1	2	0	-	0	-
10bd410b	39	ghidra	tuple.c	in-anchor	-	-	none	mech	-	74	1	1	0	-	0	-
10bd4132	23	ghidra	tuple.c	in-anchor	-	-	none	mech	-	1	1	2	0	-	0	-
10bd4149	21	ghidra	tuple.c	in-anchor	-	-	none	mech	-	27	1	1	0	-	0	-
10bd415e	31	ghidra	tuple.c	in-anchor	-	-	cited	mech	-	85	1	1	0	-	0	-
10bd417d	59	ghidra	tuple.c	in-anchor	-	-	cited	mech	-	12	2	2	0	-	0	-
10bd41b8	35	ghidra	tuple.c	in-anchor	-	-	none	mech	-	6	1	2	0	-	0	-
10bd41db	41	ghidra	tuple.c	in-anchor	-	-	none	mech	-	2	0	1	0	-	0	-
10bd4204	70	ghidra	tuple.c	in-anchor	-	-	none	mech	-	2	2	2	0	-	0	-
10bd424a	33	ghidra	tuple.c	in-anchor	-	-	none	mech	-	3	1	2	0	-	0	-
10bd426b	33	ghidra	tuple.c	in-anchor	-	-	none	mech	-	3	1	1	0	-	0	-
10bd428c	21	ghidra	tuple.c	in-anchor	-	-	none	mech	-	19	1	1	0	-	0	-
10bd42a1	33	ghidra	tuple.c	in-anchor	-	-	none	mech	-	2	1	2	0	-	0	-
10bd42c2	22	ghidra	tuple.c	in-anchor	-	-	cited	mech	-	91	1	1	0	-	0	-
10bd42d8	39	ghidra	tuple.c	in-anchor	-	-	none	mech	-	11	2	1	0	-	0	-
10bd42ff	24	ghidra	tuple.c	in-anchor	-	-	none	mech	-	68	2	1	0	-	0	-
10bd4317	23	ghidra	tuple.c	in-anchor	-	-	none	mech	-	77	2	1	0	-	0	-
10bd432e	24	ghidra	tuple.c	in-anchor	-	-	none	mech	-	18	2	1	0	-	0	-
10bd4346	27	ghidra	tuple.c	in-anchor	-	-	none	mech	-	23	2	2	0	-	0	-
10bd4361	81	ghidra	tuple.c	in-anchor	-	-	cited	mech	-	27	3	1	0	-	0	-
10bd43b2	16	ghidra	tuple.c	in-anchor	-	-	none	mech	-	60	0	1	0	-	0	-
10bd43c2	25	ghidra	tuple.c	in-anchor	-	-	none	mech	-	8	0	2	0	-	0	-
10bd43db	18	ghidra	tuple.c	in-anchor	-	-	none	mech	-	29	0	1	0	-	0	-
10bd43ed	27	ghidra	tuple.c	in-anchor	-	-	none	mech	-	1	0	3	0	-	0	-
10bd4408	25	ghidra	tuple.c	in-anchor	-	-	none	mech	-	17	0	2	0	-	0	-
10bd4421	20	ghidra	tuple.c	in-anchor	-	-	none	mech	-	16	0	2	0	-	0	-
10bd4435	27	ghidra	tuple.c	in-anchor	-	-	none	mech	-	24	0	1	0	-	0	-
10bd4450	17	ghidra	tuple.c	in-anchor	-	-	none	mech	-	46	0	1	0	-	0	-
10bd4461	19	ghidra	tuple.c	in-anchor	-	-	cited	mech	-	19	0	1	0	-	0	-
10bd4474	27	ghidra	tuple.c	in-anchor	-	-	none	mech	-	1	0	2	0	-	0	-
10bd448f	26	ghidra	tuple.c	in-anchor	-	-	none	mech	-	2	0	3	0	-	0	-
10bd44a9	16	ghidra	tuple.c	in-anchor	-	-	none	mech	-	8	0	1	0	-	0	-
10bd44b9	24	ghidra	tuple.c	in-anchor	-	-	none	mech	-	4	0	2	0	-	0	-
10bd44d1	18	ghidra	tuple.c	in-anchor	-	-	none	mech	-	6	0	2	0	-	0	-
10bd44e3	26	ghidra	tuple.c	in-anchor	-	-	none	mech	-	1	0	2	0	-	0	-
10bd44fd	19	ghidra	tuple.c	in-anchor	-	-	none	mech	-	1	0	2	0	-	0	-
10bd4510	34	ghidra	tuple.c	in-anchor	-	-	none	mech	-	11	0	2	0	-	0	-
10bd4532	25	ghidra	tuple.c	in-anchor	-	-	none	mech	-	10	0	2	0	-	0	-
10bd454b	32	ghidra	tuple.c	in-anchor	-	-	none	mech	-	8	0	1	0	-	0	-
10bd456b	23	ghidra	tuple.c	in-anchor	-	-	none	mech	-	18	0	1	0	-	0	-
10bd4582	102	ghidra	tuple.c	in-anchor	-	-	none	mech	-	2	1	2	0	-	0	-
10bd45e8	33	ghidra	tuple.c	in-anchor	-	-	none	mech	-	7	2	2	0	-	0	-
10bd4609	37	ghidra	tuple.c	in-anchor	-	-	none	mech	-	10	1	2	0	-	0	-
10bd462e	7	thunk	tuple.c	in-anchor	-	-	none	high	thunk	46	1	2	0	-	0	-
10bd4635	150	ghidra	tuple.c	in-anchor	-	-	none	mech	-	3	1	1	0	-	0	-
10bd46cb	64	ghidra	tuple.c	in-anchor	-	-	none	mech	-	2	1	2	0	-	0	-
10bd470b	93	ghidra	tuple.c	in-anchor	-	-	none	mech	-	5	0	1	0	-	0	-
10bd4768	22	ghidra	tuple.c	in-anchor	-	-	none	mech	-	19	0	1	0	-	0	-
10bd477e	87	ghidra	tuple.c	in-anchor	-	-	none	mech	-	7	1	1	0	-	0	-
10bd47d5	88	ghidra	tuple.c	in-anchor	-	-	none	mech	-	11	1	1	0	-	0	-
10bd482d	71	ghidra	tuple.c	in-anchor	-	-	cited	mech	-	30	0	1	0	-	0	-
10bd4874	71	ghidra	tuple.c	in-anchor	-	-	cited	mech	-	34	0	1	0	-	0	-
10bd48bb	123	ghidra	tuple.c	in-anchor	-	-	none	mech	-	22	1	1	0	-	0	-
10bd4936	154	ghidra	tuple.c	in-anchor	-	-	none	mech	-	3	1	2	0	-	0	-
10bd49d0	114	ghidra	tuple.c	in-anchor	-	-	none	mech	-	1	3	2	1	e:\\bt\\278379\\vctools\\compiler\\be\\p2\\tu…	0	-
10bd4a43	56	ghidra	tuple.c	in-anchor	-	-	none	mech	-	2	1	2	0	-	0	-
10bd4a7b	68	ghidra	tuple.c	in-anchor	-	-	none	mech	-	1	1	2	0	-	0	-
10bd4abf	8	ghidra	tuple.c	in-anchor	-	-	none	mech	-	5	1	1	0	-	0	-
10bd4ac7	48	ghidra	tuple.c	in-anchor	-	-	none	mech	-	5	1	2	0	-	0	-
10bd4af7	60	ghidra	tuple.c	in-anchor	-	-	none	mech	-	4	2	2	0	-	0	-
10bd4b33	54	ghidra	tuple.c	in-anchor	-	-	none	mech	-	4	0	2	0	-	0	-
10bd4b69	22	ghidra	tuple.c	in-anchor	-	-	none	mech	-	6	0	2	0	-	0	-
10bd4b7f	8	ghidra	tuple.c	in-anchor	-	-	none	mech	-	1	1	3	0	-	0	-
10bd4b87	34	ghidra	tuple.c	in-anchor	-	-	none	mech	-	2	1	2	0	-	0	-
10bd4ba9	83	ghidra	tuple.c	in-anchor	-	-	none	mech	-	1	0	3	0	-	0	-
10bd4bfc	8	ghidra	tuple.c	in-anchor	-	-	none	mech	-	3	1	2	0	-	0	-
10bd4c04	54	ghidra	tuple.c	in-anchor	-	-	none	mech	-	1	0	3	0	-	0	-
10bd4c3a	8	ghidra	tuple.c	in-anchor	-	-	none	mech	-	3	1	2	0	-	0	-
10bd4c42	54	ghidra	tuple.c	in-anchor	-	-	none	mech	-	6	0	2	0	-	0	-
10bd4c78	8	ghidra	tuple.c	in-anchor	-	-	none	mech	-	6	1	2	0	-	0	-
10bd4c80	61	ghidra	tuple.c	in-anchor	-	-	none	mech	-	2	2	2	0	-	0	-
10bd4cbd	40	ghidra	tuple.c	in-anchor	-	-	none	mech	-	1	0	2	0	-	0	-
10bd4ce5	117	ghidra	tuple.c	in-anchor	-	-	none	mech	-	3	1	2	0	-	0	-
10bd4d5a	185	ghidra	tuple.c	in-anchor	-	-	none	mech	-	4	3	2	0	-	0	-
10bd4e66	4	thunk	tuple.c	in-anchor	-	-	none	high	thunk	1	1	2	0	-	0	-
10bd4e78	20	ghidra	tuple.c	in-anchor	-	-	none	mech	-	1	0	3	0	-	0	-
10bd4e7e	89	ghidra	tuple.c	in-anchor	-	-	cited	mech	-	1	1	3	0	-	0	-
10bd4ed7	21	ghidra	tuple.c	in-anchor	-	-	none	mech	-	1	0	2	0	-	0	-
10bd4eec	32	ghidra	tuple.c	in-anchor	-	-	none	mech	-	1	0	3	0	-	0	-
10bd4f0c	93	ghidra	tuple.c	in-anchor	-	-	none	mech	-	54	3	1	0	-	0	-
10bd4f69	57	ghidra	tuple.c	in-anchor	-	-	none	mech	-	2	2	2	0	-	0	-
10bd4fa2	45	ghidra	tuple.c	in-anchor	-	-	none	mech	-	3	1	2	0	-	0	-
10bd4fcf	60	ghidra	tuple.c	in-anchor	-	-	none	mech	-	2	1	2	0	-	0	-
10bd500b	52	ghidra	tuple.c	in-anchor	-	-	none	mech	-	1	1	2	1	e:\\bt\\278379\\vctools\\compiler\\be\\p2\\tu…	0	-
10bd503f	31	ghidra	tuple.c	in-anchor	-	-	none	mech	-	1	0	3	0	-	0	-
10bd505e	20	ghidra	tuple.c	in-anchor	-	-	none	mech	-	1	0	2	0	-	0	-
10bd5072	13	ghidra	tuple.c	in-anchor	-	-	none	mech	-	1	0	3	0	-	0	-
10bd507f	56	ghidra	tuple.c	in-anchor	-	-	none	mech	-	1	1	3	0	-	0	-
10bd50b7	44	ghidra	tuple.c	in-anchor	-	-	none	mech	-	3	1	2	0	-	0	-
10bd50e3	58	ghidra	tuple.c	in-anchor	-	-	none	mech	-	17	0	2	0	-	0	-
10bd511d	19	ghidra	tuple.c	in-anchor	-	-	none	mech	-	2	0	3	0	-	0	-
10bd5130	24	ghidra	tuple.c	in-anchor	-	-	none	mech	-	1	1	2	0	-	0	-
10bd5148	32	ghidra	tuple.c	in-anchor	-	-	none	mech	-	1	2	3	0	-	0	-
10bd5168	22	ghidra	tuple.c	in-anchor	-	-	none	mech	-	5	1	2	0	-	0	-
10bd517e	63	ghidra	tuple.c	in-anchor	-	-	none	mech	-	7	2	2	0	-	0	-
10bd51bd	32	ghidra	tuple.c	in-anchor	-	-	none	mech	-	6	0	2	0	-	0	-
10bd51dd	8	ghidra	tuple.c	in-anchor	-	-	none	mech	-	1	1	3	0	-	0	-
10bd51e5	36	ghidra	tuple.c	in-anchor	-	-	none	mech	-	1	0	2	0	-	0	-
10bd5209	31	ghidra	tuple.c	in-anchor	-	-	cited	mech	-	44	0	1	0	-	0	-
10bd5228	381	ghidra	tuple.c	in-anchor	-	-	cited	mech	-	129	10	1	0	-	0	-
10bd53f2	77	ghidra	tuple.c	in-anchor	-	-	none	mech	-	16	2	1	0	-	0	-
10bd543f	32	ghidra	tuple.c	in-anchor	-	-	none	mech	-	7	1	2	0	-	0	-
10bd545f	59	ghidra	tuple.c	in-anchor	-	-	none	mech	-	21	1	1	0	-	0	-
10bd549a	62	ghidra	tuple.c	in-anchor	-	-	none	mech	-	45	2	1	0	-	0	-
10bd54d8	62	ghidra	tuple.c	in-anchor	-	-	none	mech	-	18	2	1	0	-	0	-
10bd5516	67	ghidra	tuple.c	in-anchor	-	-	cited	mech	-	299	1	1	0	-	0	-
10bd5559	30	ghidra	tuple.c	in-anchor	-	-	none	mech	-	3	3	2	0	-	0	-
10bd5577	131	ghidra	tuple.c	in-anchor	-	-	none	mech	-	9	6	2	0	-	0	-
10bd55fa	23	ghidra	tuple.c	in-anchor	-	-	cited	mech	-	23	2	1	0	-	0	-
10bd5611	23	ghidra	tuple.c	in-anchor	-	-	none	mech	-	13	2	2	0	-	0	-
10bd5628	32	ghidra	tuple.c	in-anchor	-	-	none	mech	-	1	1	2	0	-	0	-
10bd5648	66	ghidra	tuple.c	in-anchor	-	-	cited	mech	-	6	4	2	0	-	0	-
10bd568a	21	ghidra	tuple.c	in-anchor	-	-	none	mech	-	2	1	2	0	-	0	-
10bd569f	110	ghidra	tuple.c	in-anchor	-	-	none	mech	-	1	0	2	0	-	0	-
10bd570d	37	ghidra	tuple.c	in-anchor	-	-	none	mech	-	1	1	2	0	-	0	-
10bd5732	43	ghidra	tuple.c	in-anchor	-	-	none	mech	-	16	1	2	0	-	0	-
10bd575d	52	ghidra	tuple.c	in-anchor	-	-	none	mech	-	288	2	1	0	-	0	-
10bd5791	76	ghidra	tuple.c	in-anchor	-	-	none	mech	-	1	1	1	0	-	0	-
10bd57dd	63	ghidra	tuple.c	in-anchor	-	-	none	mech	-	32	2	1	0	-	0	-
10bd581c	62	ghidra	tuple.c	in-anchor	-	-	none	mech	-	2	2	2	0	-	0	-
10bd585a	57	ghidra	tuple.c	in-anchor	-	-	none	mech	-	68	3	1	0	-	0	-
10bd5893	41	ghidra	tuple.c	in-anchor	-	-	none	mech	-	8	1	2	0	-	0	-
10bd58bc	121	ghidra	tuple.c	in-anchor	-	-	none	mech	-	1	4	2	0	-	0	-
10bd5935	29	ghidra	tuple.c	in-anchor	-	-	none	mech	-	180	2	1	0	-	0	-
10bd5952	88	ghidra	tuple.c	in-anchor	-	-	cited	mech	-	42	5	1	0	-	0	-
10bd59aa	59	ghidra	tuple.c	in-anchor	-	-	none	mech	-	19	2	1	0	-	0	-
10bd59e5	24	ghidra	tuple.c	in-anchor	-	-	none	mech	-	2	2	2	0	-	0	-
10bd59fd	12	ghidra	tuple.c	in-anchor	-	-	none	mech	-	21	2	2	0	-	0	-
10bd5a09	49	ghidra	tuple.c	in-anchor	-	-	none	mech	-	53	0	1	0	-	0	-
10bd5a3a	15	ghidra	tuple.c	in-anchor	-	-	none	mech	-	87	1	1	0	-	0	-
10bd5a49	8	ghidra	tuple.c	in-anchor	-	-	none	mech	-	3	1	3	0	-	0	-
10bd5a51	17	ghidra	tuple.c	in-anchor	-	-	none	mech	-	7	1	1	0	-	0	-
10bd5a62	167	ghidra	tuple.c	in-anchor	-	-	cited	mech	-	2	4	2	0	-	0	-
10bd5b09	269	ghidra	tuple.c	in-anchor	-	-	none	mech	-	70	4	1	0	-	0	-
10bd5d09	19	ghidra	tuple.c	in-anchor	-	-	none	mech	-	2	1	2	0	-	0	-
10bd5d1c	19	ghidra	tuple.c	in-anchor	-	-	none	mech	-	1	1	1	0	-	0	-
10bd5d2f	25	ghidra	tuple.c	in-anchor	-	-	none	mech	-	14	2	2	0	-	0	-
10bd5d48	47	ghidra	tuple.c	in-anchor	-	-	none	mech	-	6	1	2	0	-	0	-
10bd5d77	488	ghidra	tuple.c	in-anchor	-	-	none	mech	-	2	8	2	1	e:\\bt\\278379\\vctools\\compiler\\be\\p2\\tu…	0	-
10bd5f5f	75	ghidra	tuple.c	in-anchor	-	-	none	mech	-	20	3	2	0	-	0	-
10bd5faa	74	ghidra	tuple.c	in-anchor	-	-	none	mech	-	3	2	2	0	-	0	-
10bd5ff4	19	ghidra	tuple.c	in-anchor	-	-	none	mech	-	2	1	3	0	-	0	-
10bd6007	83	ghidra	tuple.c	in-anchor	-	-	none	mech	-	2	2	2	0	-	0	-
10bd605a	57	ghidra	tuple.c	in-anchor	-	-	none	mech	-	39	3	1	0	-	0	-
10bd6093	49	ghidra	tuple.c	in-anchor	-	-	none	mech	-	3	1	2	0	-	0	-
10bd60c4	11	thunk	tuple.c	in-anchor	-	-	none	high	thunk	4	1	1	0	-	0	-
10bd60cf	1055	ghidra	tuple.c	in-anchor	-	-	none	mech	-	12	6	1	0	-	0	-
10bd656b	51	ghidra	tuple.c	in-anchor	-	-	none	mech	-	1	1	2	0	-	0	-
10bd659e	90	ghidra	tuple.c	in-anchor	-	-	none	mech	-	4	2	2	0	-	0	-
10bd65f8	46	ghidra	tuple.c	in-anchor	-	-	none	mech	-	2	1	2	0	-	0	-
10bd6626	73	ghidra	tuple.c	in-anchor	-	-	none	mech	-	2	4	2	0	-	0	-
10bd666f	143	ghidra	tuple.c	in-anchor	-	-	none	mech	-	17	4	2	0	-	0	-
10bd66fe	241	ghidra	tuple.c	in-anchor	-	-	none	mech	-	1	6	2	0	-	0	-
10bd67ef	171	ghidra	tuple.c	in-anchor	-	-	none	mech	-	9	4	1	0	-	0	-
10bd689a	265	ghidra	tuple.c	in-anchor	-	-	none	mech	-	11	8	1	1	e:\\bt\\278379\\vctools\\compiler\\be\\p2\\tu…	0	-
10bd69a4	74	ghidra	tuple.c	gap	-	-	none	mech	-	3	3	2	0	-	0	-
10bd69ee	73	ghidra	tuple.c	gap	-	-	none	mech	-	1	3	2	0	-	0	-
10bd6a37	383	ghidra	tuple.c	gap	-	-	none	mech	-	7	6	2	0	-	0	-
10bd6bfb	612	ghidra	tuple.c	gap	-	-	none	mech	-	165	13	1	0	-	0	-
10bd6e5f	42	ghidra	tuple.c	gap	-	-	none	mech	-	3	1	1	0	-	0	-
10bd6e89	36	ghidra	tuple.c	gap	-	-	none	mech	-	47	1	2	0	-	0	-
10bd6ead	10	ghidra	tuple.c	gap	-	-	none	mech	-	1	1	2	0	-	0	-
10bd6eb7	86	ghidra	tuple.c	gap	-	-	none	mech	-	1	2	3	0	-	0	-
10bd6f0d	192	ghidra	tuple.c	gap	-	-	none	mech	-	79	5	1	0	-	0	-
10bd6fcd	68	ghidra	tuple.c	gap	-	-	none	mech	-	3	2	2	0	-	0	-
10bd7011	68	ghidra	tuple.c	gap	-	-	none	mech	-	1	2	3	0	-	0	-
10bd7055	104	ghidra	tuple.c	gap	-	-	none	mech	-	149	3	1	0	-	0	-
10bd70bd	70	ghidra	tuple.c	gap	-	-	none	mech	-	4	2	2	0	-	0	-
10bd7103	5	thunk	tuple.c	gap	-	-	none	high	thunk	1	0	2	0	-	0	-
10bd7108	87	ghidra	tuple.c	gap	-	-	cited	mech	-	106	3	1	0	-	0	-
10bd715f	53	ghidra	tuple.c	gap	-	-	none	mech	-	1	2	3	0	-	0	-
10bd7194	20	ghidra	tuple.c	gap	-	-	none	mech	-	1	1	2	0	-	0	-
10bd71a8	68	ghidra	tuple.c	gap	-	-	none	mech	-	1	3	1	0	-	0	-
10bd71ec	66	ghidra	tuple.c	gap	-	-	none	mech	-	15	2	1	0	-	0	-
10bd722e	63	ghidra	tuple.c	gap	-	-	none	mech	-	5	3	2	0	-	0	-
10bd726d	67	ghidra	tuple.c	gap	-	-	none	mech	-	14	3	1	0	-	0	-
10bd72b0	75	ghidra	tuple.c	gap	-	-	cited	mech	-	230	3	1	0	-	0	-
10bd72fb	89	ghidra	tuple.c	gap	-	-	none	mech	-	25	4	1	0	-	0	-
10bd7354	88	ghidra	tuple.c	gap	-	-	none	mech	-	64	3	1	0	-	0	-
10bd73ac	103	ghidra	tuple.c	gap	-	-	none	mech	-	24	3	2	0	-	0	-
10bd7413	120	ghidra	tuple.c	gap	-	-	none	mech	-	5	3	2	0	-	0	-
10bd748b	109	ghidra	tuple.c	gap	-	-	none	mech	-	3	3	2	0	-	0	-
10bd74f8	85	ghidra	tuple.c	gap	-	-	none	mech	-	23	3	1	0	-	0	-
10bd754d	178	ghidra	tuple.c	gap	-	-	cited	mech	-	8	5	1	0	-	0	-
10bd75ff	83	ghidra	tuple.c	gap	-	-	none	mech	-	12	3	2	0	-	0	-
10bd7652	148	ghidra	tuple.c	gap	-	-	none	mech	-	22	3	2	0	-	0	-
10bd76e6	154	ghidra	tuple.c	gap	-	-	cited	mech	-	86	6	1	0	-	0	-
10bd7780	91	ghidra	tuple.c	gap	-	-	none	mech	-	5	4	2	0	-	0	-
10bd77db	57	ghidra	tuple.c	gap	-	-	none	mech	-	1	4	2	0	-	0	-
10bd7814	40	ghidra	tuple.c	gap	-	-	none	mech	-	1	3	2	0	-	0	-
10bd783c	46	ghidra	tuple.c	gap	-	-	none	mech	-	4	2	2	0	-	0	-
10bd786a	50	ghidra	tuple.c	gap	-	-	cited	mech	-	140	2	1	0	-	0	-
10bd789c	114	ghidra	tuple.c	gap	-	-	none	mech	-	5	3	2	0	-	0	-
10bd790e	54	ghidra	tuple.c	gap	-	-	none	mech	-	110	2	1	0	-	0	-
10bd7944	57	ghidra	tuple.c	gap	-	-	none	mech	-	10	2	2	0	-	0	-
10bd797d	60	ghidra	tuple.c	gap	-	-	none	mech	-	7	2	1	0	-	0	-
10bd79b9	56	ghidra	tuple.c	gap	-	-	none	mech	-	48	2	1	0	-	0	-
10bd79f1	54	ghidra	tuple.c	gap	-	-	none	mech	-	9	2	2	0	-	0	-
10bd7a27	63	ghidra	tuple.c	gap	-	-	none	mech	-	4	2	2	0	-	0	-
10bd7a66	40	ghidra	tuple.c	gap	-	-	none	mech	-	2	2	2	0	-	0	-
10bd7a8e	56	ghidra	tuple.c	gap	-	-	none	mech	-	2	3	2	0	-	0	-
10bd7ac6	60	ghidra	tuple.c	gap	-	-	none	mech	-	7	3	2	0	-	0	-
10bd7b02	7	thunk	tuple.c	gap	-	-	none	high	thunk	1	1	3	0	-	0	-
10bd7b09	29	ghidra	tuple.c	gap	-	-	labelled	medium	emit.rebind.dest: Rebinds an instruction's destination operand. Called at the tail of FUN_10c1ac5c on the LAST instruction of the expanded idiom; the only structural difference this lane could find b…	83	2	0	0	-	0	-
10bd7b26	156	ghidra	tuple.c	gap	-	-	none	mech	-	2	5	1	0	-	0	-
10bd7bc2	78	ghidra	tuple.c	gap	-	-	none	mech	-	3	3	1	0	-	0	-
10bd7c10	15	ghidra	tuple.c	gap	-	-	labelled	high	select-type-index|emit.optab.typeindex: Operand type word (nibble<<12 | size) -> type index 0..25, the column selector for every table. Jump table on the nibble at 0x10bd7cf0; nibble 1 signed int, 2 …	43	0	0	0	-	0	-
10bd7d24	13	ghidra	tuple.c	gap	-	-	cited	mech	-	23	1	1	0	-	0	-
10bd7d31	168	ghidra	tuple.c	gap	-	-	none	mech	-	36	1	1	0	-	0	-
10bd7dd9	125	ghidra	tuple.c	gap	-	-	none	mech	-	2	0	2	0	-	0	-
10bd7e56	45	ghidra	tuple.c	gap	-	-	none	mech	-	2	1	2	0	-	0	-
10bd7e83	50	ghidra	tuple.c	gap	-	-	none	mech	-	1	2	2	0	-	0	-
10bd7eb5	5	thunk	tuple.c	gap	-	-	none	high	thunk	6	0	1	0	-	0	-
10bd7eba	62	ghidra	tuple.c	gap	-	-	none	mech	-	2	0	3	0	-	4	GetConsoleMode,GetFileType,_fileno
10bd7ef8	44	ghidra	tuple.c	gap	-	-	none	mech	-	1	1	2	0	-	1	__iob_func
10bd7f24	68	ghidra	tuple.c	gap	-	-	none	mech	-	3	1	1	0	-	1	GetCPInfo
10bd7f68	24	ghidra	tuple.c	gap	-	-	none	mech	-	3	0	2	0	-	0	-
10bd7f80	103	ghidra	tuple.c	gap	-	-	none	mech	-	1	0	2	0	-	0	-
10bd7fe7	46	ghidra	tuple.c	gap	-	-	none	mech	-	1	0	2	0	-	0	-
10bd8015	42	ghidra	tuple.c	gap	-	-	none	mech	-	1	0	2	0	-	0	-
10bd803f	34	ghidra	tuple.c	gap	-	-	none	mech	-	2	2	2	0	-	0	-
10bd8061	111	ghidra	tuple.c	gap	-	-	none	mech	-	1	2	1	0	-	0	-
10bd80d0	99	ghidra	tuple.c	gap	-	-	none	mech	-	1	2	1	0	-	0	-
10bd8133	53	ghidra	tuple.c	gap	-	-	none	mech	-	1	0	2	0	-	0	-
10bd8168	64	ghidra	tuple.c	gap	-	-	none	mech	-	1	2	1	0	-	0	-
10bd81a8	293	ghidra	tuple.c	gap	-	-	none	mech	-	1	10	1	0	-	0	-
10bd82cd	203	ghidra	tuple.c	gap	-	-	none	mech	-	1	8	1	0	-	0	-
10bd8398	35	ghidra	tuple.c	gap	-	-	none	mech	-	1	1	2	0	-	0	-
10bd83bb	206	ghidra	tuple.c	gap	-	-	none	mech	-	2	1	2	0	-	0	-
10bd8489	66	ghidra	tuple.c	gap	-	-	none	mech	-	1	1	3	0	-	0	-
10bd84cb	585	ghidra	tuple.c	gap	-	-	none	mech	-	1	4	1	0	-	0	-
10bd8714	86	ghidra	tuple.c	gap	-	-	none	mech	-	1	1	2	0	-	0	-
10bd876a	129	ghidra	tuple.c	gap	-	-	none	mech	-	1	2	3	0	-	0	-
10bd87eb	75	ghidra	tuple.c	gap	-	-	none	mech	-	1	3	2	0	-	0	-
10bd8836	280	ghidra	tuple.c	gap	-	-	none	mech	-	1	4	2	0	-	0	-
10bd894e	369	ghidra	tuple.c	gap	-	-	none	mech	-	1	3	2	0	-	0	-
10bd8abf	90	ghidra	tuple.c	gap	-	-	none	mech	-	1	0	4	0	-	0	-
10bd8b19	26	ghidra	tuple.c	gap	-	-	none	mech	-	1	2	3	0	-	0	-
10bd8b33	312	ghidra	tuple.c	gap	-	-	none	mech	-	1	3	2	0	-	0	-
10bd8c6b	72	ghidra	tuple.c	gap	-	-	none	mech	-	2	1	2	0	-	0	-
10bd8cb3	223	ghidra	tuple.c	gap	-	-	none	mech	-	2	0	3	0	-	0	-
10bd8d92	144	ghidra	tuple.c	gap	-	-	none	mech	-	1	1	3	0	-	0	-
10bd8e22	89	ghidra	tuple.c	gap	-	-	none	mech	-	1	3	2	0	-	0	-
10bd8e7b	34	ghidra	tuple.c	gap	-	-	none	mech	-	1	1	2	0	-	0	-
10bd8e9d	69	ghidra	tuple.c	gap	-	-	none	mech	-	1	2	1	0	-	0	-
10bd8ee2	177	ghidra	tuple.c	gap	-	-	none	mech	-	1	3	2	0	-	0	-
10bd8f93	726	ghidra	tuple.c	gap	-	-	none	mech	-	2	5	2	0	-	0	-
10bd9269	61	ghidra	tuple.c	gap	-	-	none	mech	-	2	7	2	0	-	0	-
10bd92a6	16	ghidra	tuple.c	gap	-	-	none	mech	-	1	2	2	0	-	0	-
10bd92b6	777	ghidra	tuple.c	gap	-	-	none	mech	-	1	6	2	0	-	0	-
10bd95bf	479	ghidra	tuple.c	gap	-	-	none	mech	-	1	13	2	0	-	0	-
10bd979e	121	ghidra	tuple.c	gap	-	-	none	mech	-	1	2	2	0	-	0	-
10bd9817	557	ghidra	tuple.c	gap	-	-	none	mech	-	1	10	1	0	-	0	-
10bd9a44	370	ghidra	tuple.c	gap	-	-	none	mech	-	1	7	1	0	-	0	-
10bd9bb6	200	ghidra	tuple.c	gap	-	-	none	mech	-	1	7	1	0	-	0	-
10bd9c7e	203	ghidra	tuple.c	gap	-	-	none	mech	-	1	4	2	0	-	0	-
10bd9d49	132	ghidra	tuple.c	gap	-	-	none	mech	-	1	5	2	0	-	0	-
10bd9dcd	141	ghidra	tuple.c	gap	-	-	none	mech	-	1	11	1	0	-	0	-
10bd9e5a	125	ghidra	tuple.c	gap	-	-	none	mech	-	1	10	1	0	-	0	-
10bd9ed7	126	ghidra	tuple.c	gap	-	-	none	mech	-	1	3	1	0	-	0	-
10bd9f55	305	ghidra	tuple.c	gap	-	-	none	mech	-	1	8	2	0	-	0	-
10bda086	105	ghidra	tuple.c	gap	-	-	none	mech	-	2	2	2	0	-	0	-
10bda0ef	51	ghidra	tuple.c	gap	-	-	none	medium	only-from:pgo-client	1	0	2	0	-	0	-
10bda122	104	ghidra	tuple.c	gap	-	-	none	mech	-	2	2	2	0	-	0	-
10bda18a	196	ghidra	tuple.c	gap	-	-	none	mech	-	2	2	2	0	-	1	strncmp
10bda24e	94	ghidra	tuple.c	gap	-	-	none	mech	-	2	1	2	0	-	0	-
10bda2ac	40	ghidra	tuple.c	gap	-	-	none	mech	-	2	0	1	0	-	0	-
10bda2d4	190	ghidra	tuple.c	gap	-	-	none	mech	-	1	1	3	0	-	0	-
10bda392	761	ghidra	tuple.c	gap	-	-	none	mech	-	2	13	2	0	-	0	-
10bda68b	48	ghidra	tuple.c	gap	-	-	none	medium	only-from:pgo-client	1	0	2	0	-	0	-
10bda6bb	189	ghidra	tuple.c	gap	-	-	none	medium	only-from:pgo-client	1	2	2	0	-	0	-
10bda778	141	ghidra	tuple.c	gap	-	-	none	medium	only-from:pgo-client	1	2	2	0	-	0	-
10bda805	63	ghidra	tuple.c	gap	-	-	none	mech	-	3	4	3	0	-	0	-
10bda844	137	ghidra	tuple.c	gap	-	-	none	medium	only-from:pgo-client	1	4	1	0	-	0	-
10bda8cd	28	ghidra	tuple.c	gap	-	-	none	mech	-	1	0	4	0	-	0	-
10bda8e9	28	ghidra	tuple.c	gap	-	-	none	mech	-	1	0	4	0	-	0	-
10bda905	85	ghidra	tuple.c	gap	-	-	none	mech	-	5	1	3	0	-	0	-
10bda95a	68	ghidra	tuple.c	gap	-	-	none	mech	-	1	0	4	0	-	0	-
10bda99e	141	ghidra	tuple.c	gap	-	-	none	mech	-	2	2	2	0	-	0	-
10bdaa2b	56	ghidra	tuple.c	gap	-	-	none	mech	-	2	0	3	0	-	0	-
10bdaa63	179	ghidra	tuple.c	gap	-	-	none	mech	-	3	6	3	0	-	0	-
10bdab16	229	ghidra	tuple.c	gap	-	-	none	mech	-	3	6	2	0	-	0	-
10bdabfb	991	ghidra	tuple.c	gap	-	-	none	medium	only-from:pgo-client	1	13	2	0	-	0	-
10bdafda	129	ghidra	tuple.c	gap	-	-	none	mech	-	2	1	3	0	-	0	-
10bdb05b	214	ghidra	tuple.c	gap	-	-	none	mech	-	2	3	2	0	-	0	-
10bdb131	89	ghidra	tuple.c	gap	-	-	none	mech	-	2	4	4	0	-	0	-
10bdb18a	154	ghidra	tuple.c	gap	-	-	none	mech	-	3	8	2	0	-	0	-
10bdb224	334	ghidra	tuple.c	gap	-	-	none	mech	-	2	11	2	0	-	0	-
10bdb372	63	ghidra	tuple.c	gap	-	-	none	mech	-	1	1	3	0	-	0	-
10bdb3b1	173	ghidra	tuple.c	gap	-	-	none	mech	-	2	4	3	0	-	0	-
10bdb45e	374	ghidra	tuple.c	gap	-	-	none	mech	-	4	9	2	0	-	0	-
10bdb5d4	485	ghidra	tuple.c	gap	-	-	none	medium	only-from:pgo-client	1	21	1	0	-	0	-
10bdb7b9	212	ghidra	tuple.c	gap	-	-	none	mech	-	1	9	2	0	-	0	-
10bdb88d	188	ghidra	tuple.c	gap	-	-	none	high	pgo-client	1	8	1	0	-	1	PogoDbCloseFunction
10bdb949	56	ghidra	tuple.c	gap	-	-	none	mech	-	1	3	2	0	-	0	-
10bdb981	154	ghidra	tuple.c	gap	-	-	none	mech	-	2	5	2	0	-	0	-
10bdba1b	159	ghidra	tuple.c	gap	-	-	none	mech	-	1	2	3	0	-	0	-
10bdbaba	232	ghidra	tuple.c	gap	-	-	none	mech	-	1	5	1	0	-	0	-
10bdbba2	548	ghidra	tuple.c	gap	-	-	none	medium	only-from:pgo-client	1	10	2	0	-	0	-
10bdbdc6	24	ghidra	tuple.c	gap	-	-	none	mech	-	1	1	2	0	-	0	-
10bdbdde	156	ghidra	tuple.c	gap	-	-	none	mech	-	1	4	2	0	-	0	-
10bdbe7a	58	ghidra	tuple.c	gap	-	-	none	mech	-	1	0	4	0	-	0	-
10bdbeb4	104	ghidra	tuple.c	gap	-	-	none	mech	-	1	0	3	0	-	0	-
10bdbf1c	29	ghidra	tuple.c	gap	-	-	none	mech	-	1	0	3	0	-	0	-
10bdbf39	503	ghidra	tuple.c	gap	-	-	none	medium	only-from:pgo-client	1	14	1	0	-	0	-
10bdc130	259	ghidra	tuple.c	gap	-	-	none	medium	only-from:pgo-client	1	10	2	0	-	0	-
10bdc233	960	ghidra	tuple.c	gap	-	-	none	medium	only-from:pgo-client	1	16	1	0	-	0	-
10bdc5f3	71	ghidra	tuple.c	gap	-	-	none	medium	only-from:pgo-client	1	1	3	0	-	0	-
10bdc63a	61	ghidra	tuple.c	gap	-	-	none	medium	only-from:pgo-client	1	0	3	0	-	0	-
10bdc677	27	ghidra	tuple.c	gap	-	-	none	mech	-	2	0	4	0	-	0	-
10bdc692	47	ghidra	tuple.c	gap	-	-	none	mech	-	1	0	4	0	-	0	-
10bdc6c1	441	ghidra	tuple.c	gap	-	-	none	mech	-	2	9	2	0	-	0	-
10bdc87a	220	ghidra	tuple.c	gap	-	-	none	mech	-	2	3	3	0	-	0	-
10bdc956	160	ghidra	tuple.c	gap	-	-	none	mech	-	2	4	3	0	-	0	-
10bdc9f6	65	ghidra	tuple.c	gap	-	-	none	mech	-	1	1	3	0	-	0	-
10bdca37	382	ghidra	tuple.c	gap	-	-	none	mech	-	1	13	2	0	-	0	-
10bdcbb5	338	ghidra	tuple.c	gap	-	-	none	medium	only-from:pgo-client	1	8	2	0	-	0	-
10bdcd07	211	ghidra	tuple.c	gap	-	-	none	mech	-	1	5	3	0	-	0	-
10bdcdda	126	ghidra	tuple.c	gap	-	-	none	mech	-	2	6	2	0	-	0	-
10bdce58	58	ghidra	tuple.c	gap	-	-	none	mech	-	1	1	4	0	-	0	-
10bdce92	270	ghidra	tuple.c	gap	-	-	none	mech	-	2	3	3	0	-	0	-
10bdcfa0	64	ghidra	tuple.c	gap	-	-	none	mech	-	1	2	3	0	-	0	-
10bdcfe0	337	ghidra	tuple.c	gap	-	-	none	mech	-	1	8	3	0	-	0	-
10bdd131	70	ghidra	tuple.c	gap	-	-	none	mech	-	1	0	4	0	-	0	-
10bdd177	313	ghidra	tuple.c	gap	-	-	none	mech	-	2	5	2	0	-	0	-
10bdd2b0	24	ghidra	tuple.c	gap	-	-	none	mech	-	1	2	3	0	-	0	-
10bdd2c8	527	ghidra	tuple.c	gap	-	-	none	medium	only-from:pgo-client	1	21	1	0	-	0	-
10bdd4d7	185	ghidra	tuple.c	gap	-	-	none	medium	only-from:pgo-client	1	8	2	0	-	0	-
10bdd590	472	ghidra	tuple.c	gap	-	-	none	high	pgo-client	1	14	1	0	-	1	PogoDbCloseFunction
10bdd768	35	ghidra	tuple.c	gap	-	-	none	mech	-	1	2	1	0	-	0	-
10bdd78b	17	ghidra	tuple.c	gap	-	-	none	mech	-	2	0	4	0	-	0	-
10bdd79c	24	ghidra	tuple.c	gap	-	-	none	mech	-	1	1	2	0	-	0	-
10bdd7b4	31	ghidra	tuple.c	gap	-	-	none	mech	-	1	0	1	0	-	0	-
10bdd7d3	52	ghidra	tuple.c	gap	-	-	none	mech	-	3	0	3	0	-	0	-
10bdd807	36	ghidra	tuple.c	gap	-	-	none	mech	-	1	0	3	0	-	0	-
10bdd82b	17	ghidra	tuple.c	gap	-	-	none	mech	-	10	1	2	0	-	0	-
10bdd83c	57	ghidra	tuple.c	gap	-	-	none	mech	-	4	1	2	0	-	0	-
10bdd875	46	ghidra	tuple.c	gap	-	-	none	mech	-	5	2	2	0	-	0	-
10bdd8a3	26	ghidra	tuple.c	gap	-	-	none	mech	-	14	1	2	0	-	0	-
10bdd8bd	46	ghidra	tuple.c	gap	-	-	none	mech	-	4	0	3	0	-	0	-
10bdd8eb	27	ghidra	tuple.c	gap	-	-	none	mech	-	2	1	3	0	-	0	-
10bdd906	83	ghidra	tuple.c	gap	-	-	none	mech	-	1	2	2	0	-	0	-
10bdd959	40	ghidra	tuple.c	gap	-	-	none	mech	-	3	2	2	0	-	0	-
10bdd981	105	ghidra	tuple.c	gap	-	-	none	mech	-	4	0	2	0	-	0	-
10bdd9ea	25	ghidra	tuple.c	gap	-	-	none	mech	-	3	1	3	0	-	0	-
10bdda03	27	ghidra	tuple.c	gap	-	-	none	mech	-	4	1	4	0	-	0	-
10bdda1e	45	ghidra	tuple.c	gap	-	-	none	mech	-	1	0	3	0	-	0	-
10bdda4b	19	ghidra	tuple.c	gap	-	-	none	mech	-	11	0	2	0	-	0	-
10bdda5e	102	ghidra	tuple.c	gap	-	-	none	mech	-	2	3	2	0	-	0	-
10bddac4	32	ghidra	tuple.c	gap	-	-	none	mech	-	2	1	3	0	-	0	-
10bddae4	70	ghidra	tuple.c	gap	-	-	none	mech	-	1	1	2	0	-	0	-
10bddb2a	24	ghidra	tuple.c	gap	-	-	none	mech	-	2	0	3	0	-	0	-
10bddb42	13	ghidra	tuple.c	gap	-	-	none	medium	only-from:pgo-client	1	1	3	0	-	0	-
10bddb4f	28	ghidra	tuple.c	gap	-	-	none	mech	-	3	1	3	0	-	0	-
10bddb6b	77	ghidra	tuple.c	gap	-	-	none	mech	-	4	4	2	0	-	0	-
10bddbb8	76	ghidra	tuple.c	gap	-	-	none	mech	-	1	0	3	0	-	0	-
10bddc04	69	ghidra	tuple.c	gap	-	-	none	mech	-	1	0	3	0	-	0	-
10bddc49	31	ghidra	tuple.c	gap	-	-	none	mech	-	1	1	3	0	-	0	-
10bddc68	35	ghidra	tuple.c	gap	-	-	none	mech	-	2	1	3	0	-	0	-
10bddc8b	24	ghidra	tuple.c	gap	-	-	none	mech	-	1	1	3	0	-	0	-
10bddca3	24	ghidra	tuple.c	gap	-	-	none	mech	-	3	1	3	0	-	0	-
10bddcbb	16	ghidra	tuple.c	gap	-	-	none	medium	only-from:pgo-client	1	1	2	0	-	0	-
10bddccb	16	ghidra	tuple.c	gap	-	-	none	mech	-	1	1	2	0	-	0	-
10bddcdb	34	ghidra	tuple.c	gap	-	-	none	mech	-	2	2	1	0	-	0	-
10bddcfd	67	ghidra	tuple.c	gap	-	-	none	mech	-	1	1	2	0	-	0	-
10bddd40	60	ghidra	tuple.c	gap	-	-	none	mech	-	1	5	2	0	-	0	-
10bddd7c	26	ghidra	tuple.c	gap	-	-	none	mech	-	3	0	2	0	-	0	-
10bddd96	44	ghidra	tuple.c	gap	-	-	none	mech	-	2	3	1	0	-	0	-
10bdddc2	22	ghidra	tuple.c	gap	-	-	none	mech	-	1	1	3	0	-	0	-
10bdddd8	17	ghidra	tuple.c	gap	-	-	none	mech	-	3	0	2	0	-	0	-
10bddde9	12	ghidra	tuple.c	gap	-	-	none	medium	only-from:pgo-client	1	0	3	0	-	0	-
10bdddf5	27	ghidra	tuple.c	gap	-	-	none	mech	-	1	1	2	0	-	0	-
10bdde10	160	ghidra	tuple.c	gap	-	-	none	mech	-	2	7	2	0	-	0	-
10bddeb0	203	ghidra	tuple.c	gap	-	-	none	medium	only-from:pgo-client	1	7	1	0	-	0	-
10bddf7b	173	ghidra	tuple.c	gap	-	-	none	medium	only-from:pgo-client	1	1	2	0	-	0	-
10bde028	17	ghidra	tuple.c	gap	-	-	none	mech	-	6	0	2	0	-	0	-
10bde039	39	ghidra	tuple.c	gap	-	-	none	mech	-	2	0	2	0	-	0	-
10bde060	15	ghidra	tuple.c	gap	-	-	none	medium	only-from:pgo-client	1	0	3	0	-	0	-
10bde06f	96	ghidra	tuple.c	gap	-	-	none	mech	-	2	2	2	0	-	0	-
10bde0cf	615	ghidra	tuple.c	gap	-	-	none	mech	-	3	6	2	0	-	0	-
10bde336	115	ghidra	tuple.c	gap	-	-	none	medium	only-from:pgo-client	2	1	3	0	-	0	-
10bde3a9	109	ghidra	tuple.c	gap	-	-	none	medium	only-from:pgo-client	1	1	3	0	-	0	-
10bde416	184	ghidra	tuple.c	gap	-	-	none	mech	-	2	1	3	0	-	0	-
10bde4ce	280	ghidra	tuple.c	gap	-	-	none	mech	-	1	4	3	0	-	0	-
10bde5e6	265	ghidra	tuple.c	gap	-	-	none	mech	-	1	2	4	0	-	0	-
10bde6ef	209	ghidra	tuple.c	gap	-	-	none	mech	-	3	1	2	0	-	0	-
10bde7c0	30	ghidra	tuple.c	gap	-	-	none	mech	-	3	0	3	0	-	0	-
10bde7de	74	ghidra	tuple.c	gap	-	-	none	medium	only-from:pgo-client	1	0	3	0	-	0	-
10bde828	143	ghidra	tuple.c	gap	-	-	none	mech	-	2	0	3	0	-	0	-
10bde8b7	357	ghidra	tuple.c	gap	-	-	none	mech	-	1	10	1	0	-	0	-
10bdea1c	287	ghidra	tuple.c	gap	-	-	none	mech	-	1	2	3	0	-	0	-
10bdeb3b	105	ghidra	tuple.c	gap	-	-	none	mech	-	1	2	2	0	-	0	-
10bdeba4	17	ghidra	tuple.c	gap	-	-	none	mech	-	4	0	2	0	-	0	-
10bdebb5	20	ghidra	tuple.c	gap	-	-	none	mech	-	2	0	2	0	-	0	-
10bdebc9	27	ghidra	tuple.c	gap	-	-	none	medium	only-from:pgo-client	1	1	2	0	-	0	-
10bdebe4	101	ghidra	tuple.c	gap	-	-	none	mech	-	5	2	1	0	-	0	-
10bdec49	173	ghidra	tuple.c	gap	-	-	none	medium	only-from:pgo-client	1	1	2	0	-	0	-
10bdecf6	36	ghidra	tuple.c	gap	-	-	none	mech	-	1	1	3	0	-	0	-
10bded1a	66	ghidra	tuple.c	gap	-	-	none	mech	-	3	1	2	0	-	0	-
10bded5c	29	ghidra	tuple.c	gap	-	-	none	mech	-	3	2	1	0	-	0	-
10bded79	29	ghidra	tuple.c	gap	-	-	none	medium	only-from:pgo-client	1	2	1	0	-	0	-
10bded96	10	ghidra	tuple.c	gap	-	-	none	mech	-	2	1	1	0	-	0	-
10bdeda0	17	ghidra	tuple.c	gap	-	-	none	mech	-	5	1	1	0	-	0	-
10bdedb1	193	ghidra	tuple.c	gap	-	-	none	medium	only-from:pgo-client	1	2	2	0	-	0	-
10bdee72	69	ghidra	tuple.c	gap	-	-	none	medium	only-from:pgo-client	1	1	2	0	-	0	-
10bdeeb7	79	ghidra	tuple.c	gap	-	-	none	mech	-	2	0	3	0	-	0	-
10bdef06	2	thunk	tuple.c	gap	-	-	none	high	thunk	3	0	2	0	-	0	-
10bdef0f	18	ghidra	tuple.c	gap	-	-	none	mech	-	0	0	-	0	-	0	-
10bdef1a	35	ghidra	tuple.c	gap	-	-	none	mech	-	1	1	2	0	-	0	-
10bdef3d	28	ghidra	tuple.c	gap	-	-	none	mech	-	7	1	2	0	-	0	-
10bdef59	21	ghidra	tuple.c	gap	-	-	none	mech	-	1	0	3	0	-	0	-
10bdef6e	29	ghidra	tuple.c	gap	-	-	none	mech	-	1	2	2	0	-	0	-
10bdef8b	22	ghidra	tuple.c	gap	-	-	none	mech	-	1	1	2	0	-	0	-
10bdefa1	291	ghidra	tuple.c	gap	-	-	none	mech	-	1	8	1	0	-	0	-
10bdf0c4	50	ghidra	tuple.c	gap	-	-	none	mech	-	13	2	2	0	-	0	-
10bdf0f6	95	ghidra	tuple.c	gap	-	-	none	medium	only-from:pgo-client	2	3	2	0	-	0	-
10bdf155	431	ghidra	tuple.c	gap	-	-	none	mech	-	2	17	2	0	-	0	-
10bdf304	71	ghidra	tuple.c	gap	-	-	none	medium	only-from:pgo-client	1	2	2	0	-	0	-
10bdf34b	281	ghidra	tuple.c	gap	-	-	none	medium	only-from:pgo-client	1	5	2	0	-	0	-
10bdf464	172	ghidra	tuple.c	gap	-	-	none	medium	only-from:pgo-client	1	3	2	0	-	0	-
10bdf510	53	ghidra	tuple.c	gap	-	-	none	mech	-	1	1	4	0	-	0	-
10bdf545	81	ghidra	tuple.c	gap	-	-	none	mech	-	1	1	4	0	-	0	-
10bdf596	379	ghidra	tuple.c	gap	-	-	none	medium	only-from:pgo-client	1	2	2	0	-	0	-
10bdf711	316	ghidra	tuple.c	gap	-	-	none	mech	-	3	4	3	0	-	0	-
10bdf84d	494	ghidra	tuple.c	gap	-	-	none	mech	-	1	7	2	0	-	0	-
10bdfa3b	440	ghidra	tuple.c	gap	-	-	none	mech	-	1	4	2	0	-	0	-
10bdfbf3	1158	ghidra	tuple.c	gap	-	-	none	mech	-	3	22	1	0	-	0	-
10be0079	330	ghidra	tuple.c	gap	-	-	none	mech	-	2	10	1	0	-	0	-
10be01c3	75	ghidra	tuple.c	gap	-	-	none	mech	-	1	4	1	0	-	0	-
10be020e	646	ghidra	tuple.c	gap	-	-	none	mech	-	1	5	2	0	-	0	-
10be0494	23	ghidra	tuple.c	gap	-	-	none	mech	-	2	0	2	0	-	0	-
10be04ab	60	ghidra	tuple.c	gap	-	-	none	mech	-	1	3	1	0	-	0	-
10be04e7	102	ghidra	tuple.c	gap	eh	P_EH.md	paged	mech	-	1	2	0	1	__catch$%s$%d	1	sprintf_s
10be054d	88	ghidra	tuple.c	gap	-	-	none	mech	-	1	2	2	0	-	0	-
10be05a5	59	ghidra	tuple.c	gap	-	-	none	mech	-	1	0	2	0	-	0	-
10be05e0	75	ghidra	tuple.c	gap	-	-	none	mech	-	1	0	2	0	-	0	-
10be062b	5	thunk	tuple.c	gap	-	-	none	high	thunk	1	0	1	0	-	0	-
10be0630	237	ghidra	tuple.c	gap	-	-	none	mech	-	1	6	2	0	-	0	-
10be071d	93	ghidra	tuple.c	gap	-	-	none	mech	-	4	2	1	0	-	0	-
10be077a	122	ghidra	tuple.c	gap	-	-	none	mech	-	3	1	2	0	-	0	-
10be07f4	44	ghidra	tuple.c	gap	-	-	none	mech	-	4	1	2	0	-	0	-
10be0820	75	ghidra	tuple.c	gap	-	-	none	mech	-	9	0	1	0	-	0	-
10be086b	35	ghidra	tuple.c	gap	-	-	none	mech	-	4	0	1	0	-	0	-
10be088e	32	ghidra	tuple.c	gap	-	-	none	mech	-	3	0	1	0	-	0	-
10be08ae	44	ghidra	tuple.c	gap	-	-	none	mech	-	1	0	3	0	-	0	-
10be08da	210	ghidra	tuple.c	gap	-	-	none	mech	-	2	3	2	0	-	0	-
10be09ac	43	ghidra	tuple.c	gap	-	-	none	mech	-	2	0	3	0	-	0	-
10be09d7	51	ghidra	tuple.c	gap	-	-	none	mech	-	1	2	2	0	-	0	-
10be0a0a	169	ghidra	tuple.c	gap	eh	P_EH.md	paged	mech	-	1	6	0	1	__ehfuncinfo$%s	1	sprintf_s
10be0ab3	47	ghidra	tuple.c	gap	-	-	none	mech	-	1	1	1	0	-	0	-
10be0ae2	15	ghidra	tuple.c	gap	-	-	none	mech	-	1	1	2	0	-	0	-
10be0af1	178	ghidra	tuple.c	gap	-	-	cited	mech	-	1	9	1	0	-	0	-
10be0ba3	41	ghidra	tuple.c	gap	-	-	none	mech	-	1	2	2	0	-	0	-
10be0bcc	122	ghidra	tuple.c	gap	-	-	none	mech	-	1	4	2	0	-	0	-
10be0c46	102	ghidra	tuple.c	gap	-	-	none	mech	-	1	2	2	0	-	0	-
10be0cac	18	ghidra	tuple.c	gap	-	-	none	mech	-	11	0	2	0	-	0	-
10be0cbe	61	ghidra	tuple.c	gap	-	-	none	mech	-	1	2	2	0	-	0	-
10be0cfb	191	ghidra	tuple.c	gap	-	-	none	mech	-	1	1	2	0	-	0	-
10be0dba	221	ghidra	tuple.c	gap	-	-	none	mech	-	2	2	2	0	-	0	-
10be0e97	80	ghidra	tuple.c	gap	-	-	none	mech	-	1	1	2	0	-	0	-
10be0ee7	306	ghidra	tuple.c	gap	-	-	none	mech	-	2	0	3	0	-	0	-
10be1019	466	ghidra	tuple.c	gap	-	-	none	mech	-	1	13	2	0	-	0	-
10be11eb	52	ghidra	tuple.c	gap	-	-	none	mech	-	1	1	2	0	-	0	-
10be121f	91	ghidra	tuple.c	gap	-	-	none	mech	-	1	2	1	0	-	0	-
10be127a	77	ghidra	tuple.c	gap	-	-	none	mech	-	1	4	1	0	-	0	-
10be12c7	3022	ghidra	tuple.c	gap	eh	P_EH.md	paged	high	ehfuncinfo-builder: builds the __ehfuncinfo$ record (9 dwords) and mints __unwindtable$%s, __tryblocktable$%s, __catchsym$%s$%d, __estypeinfo$%s; sizes maxState*8 / n*0x14 / n*0x10, all via FUN_10b9c…	1	12	0	5	__estypeinfo$%s$%d | __catchsym$%s$%d | __estypeinfo$%s	1	sprintf_s
10be1e95	17	ghidra	tuple.c	gap	-	-	none	mech	-	1	0	3	0	-	0	-
10be1ea6	77	ghidra	tuple.c	gap	-	-	none	mech	-	1	2	1	0	-	0	-
10be1ef3	76	ghidra	tuple.c	gap	-	-	none	mech	-	1	2	2	0	-	0	-
10be1f3f	1220	ghidra	tuple.c	gap	eh	P_EH.md	paged	mech	-	1	27	0	1	__unwindfunclet$%s$%d	1	sprintf_s
10be2403	1467	ghidra	ehexcept.c	in-anchor	eh	P_EH.md	none	mech	-	1	24	2	1	e:\\bt\\278379\\vctools\\compiler\\be\\p2\\eh…	0	-
10be29be	250	ghidra	ehexcept.c	in-anchor	eh	P_EH.md	none	mech	-	1	6	2	0	-	0	-
10be2ab8	1226	ghidra	ehexcept.c	in-anchor	eh	P_EH.md	none	mech	-	2	16	1	0	-	0	-
10be2f82	411	ghidra	ehexcept.c	in-anchor	eh	P_EH.md	none	mech	-	2	12	2	0	-	0	-
10be311d	154	ghidra	ehexcept.c	in-anchor	eh	P_EH.md	none	mech	-	2	7	2	0	-	0	-
10be31b7	295	ghidra	ehexcept.c	in-anchor	eh	P_EH.md	none	mech	-	1	6	1	0	-	0	-
10be32de	594	ghidra	ehexcept.c	in-anchor	eh	P_EH.md	paged	mech	-	1	4	0	2	__unwind$%s$%d | __tryend$%s$%d	1	sprintf_s
10be3530	583	ghidra	ehexcept.c	in-anchor	eh	P_EH.md	none	mech	-	2	12	1	1	e:\\bt\\278379\\vctools\\compiler\\be\\p2\\eh…	0	-
10be3777	860	ghidra	ehexcept.c	in-anchor	eh	P_EH.md	none	mech	-	2	13	2	1	e:\\bt\\278379\\vctools\\compiler\\be\\p2\\eh…	0	-
10be3ad4	140	ghidra	ehexcept.c	gap	eh	P_EH.md	none	mech	-	2	2	1	0	-	0	-
10be3b60	748	ghidra	ehexcept.c	gap	eh	P_EH.md	none	mech	-	1	10	2	0	-	0	-
10be3e4c	1583	ghidra	ehexcept.c	gap	eh	P_EH.md	none	mech	-	2	17	1	0	-	0	-
10be447b	39	ghidra	ehexcept.c	gap	eh	P_EH.md	none	mech	-	2	1	1	0	-	0	-
10be44a2	12	ghidra	ehexcept.c	gap	eh	P_EH.md	none	mech	-	4	0	3	0	-	0	-
10be44ae	94	ghidra	ehexcept.c	gap	eh	P_EH.md	none	mech	-	1	0	4	0	-	0	-
10be450c	140	ghidra	ehexcept.c	gap	eh	P_EH.md	none	mech	-	2	2	1	0	-	0	-
10be4598	37	ghidra	ehexcept.c	gap	eh	P_EH.md	cited	mech	-	1	0	2	0	-	0	-
10be45bd	57	ghidra	ehexcept.c	gap	eh	P_EH.md	none	mech	-	1	1	2	0	-	0	-
10be45f6	25	ghidra	ehexcept.c	gap	eh	P_EH.md	none	mech	-	1	0	2	0	-	0	-
10be460f	160	ghidra	ehexcept.c	gap	eh	P_EH.md	none	mech	-	1	3	2	0	-	0	-
10be46af	65	ghidra	ehexcept.c	gap	eh	P_EH.md	none	mech	-	1	3	2	0	-	0	-
10be46f0	302	ghidra	ehexcept.c	gap	eh	P_EH.md	none	mech	-	2	7	1	0	-	0	-
10be486c	28	ghidra	ehexcept.c	gap	eh	P_EH.md	none	mech	-	2	0	3	0	-	0	-
10be4888	38	ghidra	ehexcept.c	gap	eh	P_EH.md	none	mech	-	1	1	2	0	-	0	-
10be48ae	51	ghidra	ehexcept.c	gap	eh	P_EH.md	none	mech	-	1	2	3	0	-	0	-
10be48e1	77	ghidra	ehexcept.c	gap	eh	P_EH.md	none	mech	-	1	3	2	0	-	0	-
10be492e	74	ghidra	ehexcept.c	gap	eh	P_EH.md	none	mech	-	1	3	2	0	-	0	-
10be4978	39	ghidra	except.c	in-anchor	eh	P_EH.md	none	mech	-	2	1	2	1	e:\\bt\\278379\\vctools\\compiler\\be\\p2\\ex…	0	-
10be499f	51	ghidra	except.c	in-anchor	eh	P_EH.md	none	mech	-	5	1	2	0	-	0	-
10be49d2	34	ghidra	except.c	in-anchor	eh	P_EH.md	none	mech	-	5	0	2	0	-	0	-
10be49f4	13	ghidra	except.c	in-anchor	eh	P_EH.md	none	mech	-	7	0	2	0	-	0	-
10be4a01	34	ghidra	except.c	in-anchor	eh	P_EH.md	none	mech	-	1	0	3	0	-	0	-
10be4a23	15	ghidra	except.c	in-anchor	eh	P_EH.md	none	mech	-	1	0	3	0	-	0	-
10be4a32	249	ghidra	except.c	in-anchor	eh	P_EH.md	none	mech	-	2	2	2	0	-	0	-
10be4b2b	150	ghidra	except.c	in-anchor	eh	P_EH.md	none	mech	-	2	5	1	0	-	0	-
10be4bc1	131	ghidra	except.c	in-anchor	eh	P_EH.md	none	mech	-	1	4	2	0	-	0	-
10be4c44	167	ghidra	except.c	in-anchor	eh	P_EH.md	none	mech	-	1	4	2	1	e:\\bt\\278379\\vctools\\compiler\\be\\p2\\ex…	0	-
10be4ceb	150	ghidra	except.c	in-anchor	eh	P_EH.md	none	mech	-	1	6	2	1	e:\\bt\\278379\\vctools\\compiler\\be\\p2\\ex…	0	-
10be4d81	92	ghidra	except.c	in-anchor	eh	P_EH.md	none	mech	-	1	3	2	1	e:\\bt\\278379\\vctools\\compiler\\be\\p2\\ex…	0	-
10be4ddd	331	ghidra	except.c	in-anchor	eh	P_EH.md	none	mech	-	1	7	2	0	-	0	-
10be4f28	1702	ghidra	except.c	in-anchor	eh	P_EH.md	cited	mech	-	1	23	2	1	e:\\bt\\278379\\vctools\\compiler\\be\\p2\\ex…	0	-
10be55cf	136	ghidra	except.c	in-anchor	eh	P_EH.md	none	mech	-	1	1	2	0	-	0	-
10be5657	75	ghidra	except.c	in-anchor	eh	P_EH.md	none	mech	-	1	2	1	0	-	0	-
10be56a2	1461	ghidra	except.c	in-anchor	eh	P_EH.md	none	mech	-	2	20	1	1	e:\\bt\\278379\\vctools\\compiler\\be\\p2\\ex…	0	-
10be5cbe	16	ghidra	except.c	gap	eh	P_EH.md	none	mech	-	1	0	1	0	-	0	-
10be5cce	28	ghidra	(unnamed TU: no ICE site)	no-ice-site	dag	P_DAG.md	paged	mech	-	1	0	0	0	-	0	-
10be5cea	28	ghidra	(unnamed TU: no ICE site)	no-ice-site	dag	P_DAG.md	paged	mech	-	1	0	0	0	-	0	-
10be5d06	69	ghidra	(unnamed TU: no ICE site)	no-ice-site	dag	P_DAG.md	none	mech	-	1	0	1	0	-	0	-
10be5d4b	101	ghidra	(unnamed TU: no ICE site)	no-ice-site	dag	P_DAG.md	paged	mech	-	1	1	0	0	-	0	-
10be5db0	70	ghidra	(unnamed TU: no ICE site)	no-ice-site	dag	P_DAG.md	none	mech	-	1	1	1	0	-	0	-
10be5df6	453	ghidra	(unnamed TU: no ICE site)	no-ice-site	dag	P_DAG.md	paged	mech	-	1	4	0	0	-	0	-
10be5fbb	139	ghidra	(unnamed TU: no ICE site)	no-ice-site	dag	P_DAG.md	none	mech	-	3	1	1	0	-	0	-
10be6046	57	ghidra	(unnamed TU: no ICE site)	no-ice-site	dag	P_DAG.md	none	mech	-	1	1	1	0	-	0	-
10be607f	65	ghidra	(unnamed TU: no ICE site)	no-ice-site	dag	P_DAG.md	none	mech	-	1	1	1	0	-	0	-
10be60c0	428	ghidra	(unnamed TU: no ICE site)	no-ice-site	dag	P_DAG.md	paged	mech	-	1	7	0	0	-	0	-
10be626c	278	ghidra	(unnamed TU: no ICE site)	no-ice-site	dag	P_DAG.md	paged	mech	-	1	7	0	0	-	0	-
10be6382	700	ghidra	(unnamed TU: no ICE site)	no-ice-site	dag	P_DAG.md	paged	mech	-	2	13	0	0	-	0	-
10be663e	1197	ghidra	(unnamed TU: no ICE site)	no-ice-site	dag	P_DAG.md	cited	mech	-	2	2	2	0	-	14	FindClose,FindFirstFileW,FindNextFileW
10be6aeb	223	ghidra	except.c	gap	eh	P_EH.md	none	mech	-	1	2	2	2	clui.dll | PATH	2	_wdupenv_s,free
10be6bca	229	ghidra	except.c	gap	eh	P_EH.md	none	mech	-	1	3	2	1	clui.dll	3	GetModuleFileNameW,GetModuleHandleW,wcscpy_s
10be6caf	9	ghidra	except.c	gap	eh	P_EH.md	cited	mech	-	1	0	1	0	-	0	-
10be6cb8	91	ghidra	except.c	gap	eh	P_EH.md	none	mech	-	2	0	2	0	-	0	-
10be6d13	38	ghidra	except.c	gap	eh	P_EH.md	none	mech	-	5	1	3	0	-	0	-
10be6d39	22	ghidra	except.c	gap	eh	P_EH.md	none	mech	-	6	0	1	0	-	0	-
10be6d4f	39	ghidra	except.c	gap	eh	P_EH.md	none	mech	-	12	1	1	0	-	0	-
10be6d76	22	ghidra	except.c	gap	eh	P_EH.md	none	mech	-	7	0	1	0	-	0	-
10be6d8c	15	ghidra	except.c	gap	eh	P_EH.md	none	mech	-	9	0	1	0	-	0	-
10be6d9b	22	ghidra	except.c	gap	eh	P_EH.md	none	mech	-	3	0	2	0	-	0	-
10be6db1	30	ghidra	except.c	gap	eh	P_EH.md	none	mech	-	1	1	3	0	-	0	-
10be6dcf	40	ghidra	except.c	gap	eh	P_EH.md	none	mech	-	2	0	3	0	-	0	-
10be6df7	30	ghidra	except.c	gap	eh	P_EH.md	none	mech	-	1	1	3	0	-	0	-
10be6e15	44	ghidra	except.c	gap	eh	P_EH.md	none	mech	-	3	1	2	0	-	0	-
10be6e41	65	ghidra	except.c	gap	eh	P_EH.md	none	mech	-	0	1	4	0	-	0	-
10be6e82	65	ghidra	except.c	gap	eh	P_EH.md	none	mech	-	0	1	4	0	-	0	-
10be6ec3	65	ghidra	except.c	gap	eh	P_EH.md	none	mech	-	1	1	3	0	-	0	-
10be6f04	86	ghidra	except.c	gap	eh	P_EH.md	none	mech	-	1	1	2	0	-	0	-
10be6f5a	77	ghidra	except.c	gap	eh	P_EH.md	none	mech	-	11	0	2	0	-	0	-
10be6fa7	23	ghidra	except.c	gap	eh	P_EH.md	none	mech	-	1	0	3	0	-	0	-
10be6fbe	69	ghidra	except.c	gap	eh	P_EH.md	none	mech	-	1	1	2	0	-	0	-
10be7003	3	ghidra	except.c	gap	eh	P_EH.md	none	mech	-	1	0	2	0	-	0	-
10be7006	198	ghidra	except.c	gap	eh	P_EH.md	cited	mech	-	2	4	1	0	-	0	-
10be70cc	8	ghidra	except.c	gap	eh	P_EH.md	cited	mech	-	23	1	1	0	-	0	-
10be70d4	7	ghidra	except.c	gap	eh	P_EH.md	cited	mech	-	2	1	1	0	-	0	-
10be70db	81	ghidra	except.c	gap	eh	P_EH.md	none	mech	-	4	1	2	0	-	0	-
10be712c	83	ghidra	except.c	gap	eh	P_EH.md	none	mech	-	1	0	1	0	-	0	-
10be717f	58	ghidra	except.c	gap	eh	P_EH.md	none	mech	-	6	0	1	0	-	0	-
10be71c9	313	ghidra	emit.cpp	in-anchor	section	P_SECTION.md	none	mech	-	3	3	1	1	e:\\bt\\278379\\vctools\\compiler\\be\\p2\\em…	0	-
10be7302	40	ghidra	emit.cpp	in-anchor	section	P_SECTION.md	none	mech	-	2	0	1	0	-	0	-
10be732a	49	ghidra	emit.cpp	in-anchor	section	P_SECTION.md	none	mech	-	1	2	2	0	-	0	-
10be735b	51	ghidra	emit.cpp	in-anchor	section	P_SECTION.md	none	mech	-	4	1	1	0	-	0	-
10be738e	57	ghidra	emit.cpp	in-anchor	section	P_SECTION.md	none	mech	-	3	1	1	0	-	0	-
10be73cc	87	ghidra	emit.cpp	in-anchor	section	P_SECTION.md	none	mech	-	3	0	1	0	-	0	-
10be7423	80	ghidra	emit.cpp	in-anchor	section	P_SECTION.md	none	mech	-	1	0	2	0	-	0	-
10be7473	92	ghidra	emit.cpp	in-anchor	section	P_SECTION.md	paged	high	section-select: CreateSection(name,group,idx,kind) -> non-COMDAT; queries 10b982d6, chars at +0x53	14	4	0	0	-	0	-
10be74cf	131	ghidra	emit.cpp	in-anchor	section	P_SECTION.md	paged	high	comdat: CreateComdatSection(...): sets +0x4c=7, +0x63=selection, +0x5f=base	5	4	0	0	-	0	-
10be7552	124	ghidra	emit.cpp	in-anchor	section	P_SECTION.md	paged	high	section-select: the only runtime name composer: strips at '$', appends "$zz"/"$zy"	2	2	0	0	-	3	strchr,strcpy_s,strncpy_s
10be75ce	16	ghidra	emit.cpp	in-anchor	section	P_SECTION.md	none	mech	-	5	0	2	0	-	0	-
10be75de	101	ghidra	emit.cpp	in-anchor	section	P_SECTION.md	paged	high	section-select: creates .debug$S (group "DEBSYM", kind 0x13)	2	1	0	1	DEBSYM	0	-
10be7643	101	ghidra	emit.cpp	in-anchor	section	P_SECTION.md	paged	high	section-select: creates the DEBTYP section (default name "$$TYPES", kind 0x14)	2	1	0	1	DEBTYP	0	-
10be76a8	44	ghidra	emit.cpp	in-anchor	eh	P_EH.md	paged	high	section-select: creates .pdata (group "PDATA", align 4)	4	2	0	1	PDATA	0	-
10be76d4	19	ghidra	emit.cpp	in-anchor	section	P_SECTION.md	paged	high	section-chars|section-select: base-section resolver: COMDAT (sect[0x4c]==7) with selection != 5 -> sect+0x5f, else identity	4	0	0	0	-	0	-
10be76e7	64	ghidra	emit.cpp	in-anchor	section	P_SECTION.md	paged	high	section-select: $-aware name prefix match: equal, or next char is '$'	1	0	0	0	-	1	strncmp
10be7727	124	ghidra	emit.cpp	in-anchor	section	P_SECTION.md	paged	high	section-chars|section-select: returns sect[0x4d]; only kinds 1 and 0x1d are re-mapped, by $-aware name prefix (.rdata/.xdata/.const->4, .text->0, .drectve->10)	3	2	0	5	.drectve | .text | .rdata	0	-
10be77a3	53	ghidra	emit.cpp	in-anchor	section	P_SECTION.md	paged	high	section-align|section-select: alignment chooser: kind 0 / 0x1b / 0x20 (and 0x12 when DAT_10c2e310) -> global DAT_10c2e9b4; kind 0xa -> drectve sect; else sect+0x43	2	0	0	0	-	0	-
10be77d8	137	ghidra	emit.cpp	in-anchor	section	P_SECTION.md	none	mech	-	2	3	1	4	/include:__C2_11886 | /include:__CAP_Exit_Function | /include:__CAP_Enter_Function	0	-
10be7861	36	ghidra	emit.cpp	in-anchor	section	P_SECTION.md	none	mech	-	1	3	1	0	-	0	-
10be7885	35	ghidra	emit.cpp	in-anchor	section	P_SECTION.md	none	mech	-	2	1	2	0	-	0	-
10be78a8	165	ghidra	emit.cpp	in-anchor	section	P_SECTION.md	none	mech	-	12	4	1	0	-	0	-
10be794d	173	ghidra	emit.cpp	in-anchor	section	P_SECTION.md	paged	medium	section-select: creates <base>$zz COMDAT-ordering section (kind 0x1b), PGO-gated	3	5	0	0	-	0	-
10be79fa	175	ghidra	emit.cpp	in-anchor	section	P_SECTION.md	paged	medium	section-select: creates <base>$zy COMDAT-ordering section (kind 0x20), PGO-gated	2	5	0	0	-	0	-
10be7aa9	94	ghidra	emit.cpp	in-anchor	section	P_SECTION.md	none	mech	-	1	3	1	0	-	0	-
10be7b07	68	ghidra	emit.cpp	in-anchor	section	P_SECTION.md	paged	high	section-select: creates .text -> g_state[0x2cc]	2	4	0	0	-	0	-
10be7b4b	44	ghidra	emit.cpp	in-anchor	eh	P_EH.md	paged	high	section-select: creates .xdata (group "XDATA", align 4)	1	2	0	1	XDATA	0	-
10be7b77	39	ghidra	emit.cpp	in-anchor	section	P_SECTION.md	none	mech	-	1	0	2	0	-	0	-
10be7b9e	234	ghidra	emit.cpp	in-anchor	section	P_SECTION.md	paged	high	section-select: creates .data/.rdata/.bss/.tls$ and latches 0x10c45f88..0x10c45f98	1	5	0	1	CONST	0	-
10be7c88	39	ghidra	emit.cpp	in-anchor	section	P_SECTION.md	none	mech	-	5	0	1	0	-	0	-
10be7caf	39	ghidra	emit.cpp	in-anchor	section	P_SECTION.md	none	mech	-	3	0	2	0	-	0	-
10be7cd6	80	ghidra	emit.cpp	in-anchor	section	P_SECTION.md	none	mech	-	3	0	2	0	-	0	-
10be7d26	80	ghidra	emit.cpp	in-anchor	section	P_SECTION.md	none	mech	-	5	0	1	0	-	0	-
10be7d76	245	ghidra	emit.cpp	in-anchor	section	P_SECTION.md	none	mech	-	1	10	1	1	e:\\bt\\278379\\vctools\\compiler\\be\\p2\\em…	0	-
10be7e81	397	ghidra	emit.cpp	in-anchor	section	P_SECTION.md	labelled	high	il-open: db stream driver, gated on TU[0x336]&0x2000	0	14	0	1	e:\\bt\\278379\\vctools\\compiler\\be\\p2\\em…	0	-
10be800f	520	ghidra	emit.cpp	gap	section	P_SECTION.md	cited	mech	-	2	3	1	1	DGROUP	0	-
10be8217	5	thunk	emit.cpp	gap	section	P_SECTION.md	none	high	thunk	3	0	2	0	-	0	-
10be821c	24	ghidra	emit.cpp	gap	section	P_SECTION.md	none	medium	only-from:msobj-client	2	0	1	0	-	0	-
10be8234	179	ghidra	emit.cpp	gap	section	P_SECTION.md	none	medium	only-from:msobj-client	1	2	1	1	.cil$	1	strncmp
10be82e7	388	ghidra	emit.cpp	gap	section	P_SECTION.md	labelled	high	obj-reader: sole msobj FCreateFromBytesW caller; CreateFileW GENERIC_READ + vtable iteration only	1	5	0	0	-	4	CloseHandle,CreateFileW,FCreateFromBytesW
10be846b	55	ghidra	emit.cpp	gap	section	P_SECTION.md	none	mech	-	2	0	3	0	-	0	-
10be84a2	40	ghidra	emit.cpp	gap	section	P_SECTION.md	none	mech	-	2	0	3	0	-	1	isdigit
10be84ca	308	ghidra	emit.cpp	gap	section	P_SECTION.md	none	mech	-	1	0	3	0	-	0	-
10be85fe	159	ghidra	dbg.cpp	in-anchor	-	-	none	mech	-	2	2	2	1	e:\\bt\\278379\\vctools\\compiler\\be\\p2\\db…	0	-
10be869d	28	ghidra	dbg.cpp	in-anchor	-	-	none	medium	only-from:pdb-client	1	0	4	0	-	0	-
10be86b9	115	ghidra	dbg.cpp	in-anchor	-	-	none	mech	-	1	1	2	0	-	0	-
10be872c	114	ghidra	dbg.cpp	in-anchor	-	-	none	mech	-	1	1	2	0	-	0	-
10be879e	33	ghidra	dbg.cpp	in-anchor	-	-	none	mech	-	1	0	3	0	-	0	-
10be87bf	87	ghidra	dbg.cpp	in-anchor	-	-	none	mech	-	1	2	3	0	-	0	-
10be8816	41	ghidra	dbg.cpp	in-anchor	-	-	none	mech	-	2	1	1	0	-	0	-
10be883f	45	ghidra	dbg.cpp	in-anchor	-	-	none	mech	-	1	0	4	0	-	0	-
10be886c	42	ghidra	dbg.cpp	in-anchor	-	-	none	mech	-	1	0	3	0	-	0	-
10be8896	33	ghidra	dbg.cpp	in-anchor	-	-	none	mech	-	1	0	5	0	-	0	-
10be88b7	20	ghidra	dbg.cpp	in-anchor	-	-	none	mech	-	2	0	4	0	-	0	-
10be88cb	24	ghidra	dbg.cpp	in-anchor	-	-	none	mech	-	3	0	3	0	-	0	-
10be88e3	34	ghidra	dbg.cpp	in-anchor	-	-	none	mech	-	3	1	2	1	e:\\bt\\278379\\vctools\\compiler\\be\\p2\\db…	0	-
10be8905	79	ghidra	dbg.cpp	in-anchor	-	-	none	mech	-	2	1	2	1	e:\\bt\\278379\\vctools\\compiler\\be\\p2\\db…	0	-
10be8954	34	ghidra	dbg.cpp	in-anchor	-	-	none	mech	-	1	1	2	0	-	0	-
10be8976	33	ghidra	dbg.cpp	in-anchor	-	-	none	mech	-	1	1	2	0	-	0	-
10be8997	90	ghidra	dbg.cpp	in-anchor	-	-	none	mech	-	1	3	2	0	-	0	-
10be89f1	90	ghidra	dbg.cpp	in-anchor	-	-	none	mech	-	2	3	2	0	-	0	-
10be8a4b	46	ghidra	dbg.cpp	in-anchor	-	-	none	mech	-	1	0	4	0	-	0	-
10be8a79	39	ghidra	dbg.cpp	in-anchor	-	-	none	mech	-	2	0	4	0	-	1	_Xlength_error
10be8aa0	42	ghidra	dbg.cpp	in-anchor	-	-	none	mech	-	1	0	3	0	-	0	-
10be8aca	169	ghidra	dbg.cpp	in-anchor	-	-	none	mech	-	3	0	2	0	-	0	-
10be8b73	73	ghidra	dbg.cpp	in-anchor	-	-	none	mech	-	1	0	4	0	-	0	-
10be8bbc	190	ghidra	dbg.cpp	in-anchor	-	-	none	high	pdb-client	3	1	3	0	-	1	SigForPbCb
10be8c7a	32	ghidra	dbg.cpp	in-anchor	-	-	none	mech	-	1	1	3	0	-	0	-
10be8c9a	32	ghidra	dbg.cpp	in-anchor	-	-	none	mech	-	1	1	3	0	-	0	-
10be8cba	107	ghidra	dbg.cpp	in-anchor	-	-	none	mech	-	1	2	3	0	-	0	-
10be8d25	72	ghidra	dbg.cpp	in-anchor	-	-	none	mech	-	2	2	2	0	-	0	-
10be8d6d	47	ghidra	dbg.cpp	in-anchor	-	-	none	mech	-	1	0	3	0	-	0	-
10be8d9c	96	ghidra	dbg.cpp	in-anchor	-	-	none	mech	-	1	1	3	0	-	0	-
10be8dfc	43	ghidra	dbg.cpp	in-anchor	-	-	none	mech	-	1	1	3	0	-	0	-
10be8e27	85	ghidra	dbg.cpp	in-anchor	-	-	none	mech	-	1	2	2	0	-	0	-
10be8e7c	66	ghidra	dbg.cpp	in-anchor	-	-	none	mech	-	10	2	2	0	-	0	-
10be8ebe	66	ghidra	dbg.cpp	in-anchor	-	-	none	mech	-	3	2	2	0	-	0	-
10be8f00	56	ghidra	dbg.cpp	in-anchor	-	-	none	mech	-	2	2	3	0	-	0	-
10be8f38	31	ghidra	dbg.cpp	in-anchor	-	-	none	mech	-	2	0	3	0	-	0	-
10be8f57	51	ghidra	dbg.cpp	in-anchor	-	-	none	mech	-	2	1	3	0	-	0	-
10be8f8a	81	ghidra	dbg.cpp	in-anchor	-	-	none	mech	-	1	0	3	0	-	0	-
10be8fdb	21	ghidra	dbg.cpp	in-anchor	-	-	none	mech	-	1	0	3	0	-	0	-
10be8ff0	20	ghidra	dbg.cpp	in-anchor	-	-	none	mech	-	1	0	2	0	-	0	-
10be9004	143	ghidra	dbg.cpp	in-anchor	-	-	none	mech	-	1	3	2	0	-	0	-
10be9093	51	ghidra	dbg.cpp	in-anchor	-	-	none	mech	-	5	1	3	0	-	0	-
10be90c6	33	ghidra	dbg.cpp	in-anchor	-	-	none	mech	-	1	2	3	0	-	0	-
10be90e7	196	ghidra	dbg.cpp	in-anchor	-	-	none	mech	-	1	6	2	0	-	0	-
10be91ab	45	ghidra	dbg.cpp	in-anchor	-	-	none	mech	-	1	1	4	0	-	0	-
10be91d8	44	ghidra	dbg.cpp	in-anchor	-	-	none	mech	-	1	0	3	0	-	0	-
10be9204	52	ghidra	dbg.cpp	in-anchor	-	-	none	mech	-	1	2	2	0	-	0	-
10be9238	66	ghidra	dbg.cpp	in-anchor	-	-	none	mech	-	10	1	3	0	-	0	-
10be927a	30	ghidra	dbg.cpp	in-anchor	-	-	none	mech	-	6	1	3	0	-	0	-
10be9298	34	ghidra	dbg.cpp	in-anchor	-	-	none	mech	-	13	1	3	0	-	0	-
10be92ba	36	ghidra	dbg.cpp	in-anchor	-	-	none	mech	-	6	1	2	0	-	0	-
10be92de	16	ghidra	dbg.cpp	in-anchor	-	-	none	mech	-	2	2	1	0	-	0	-
10be92ee	69	ghidra	dbg.cpp	in-anchor	-	-	none	mech	-	1	1	3	0	-	0	-
10be9333	49	ghidra	dbg.cpp	in-anchor	-	-	none	mech	-	0	1	3	0	-	0	-
10be9364	51	ghidra	dbg.cpp	in-anchor	-	-	none	mech	-	20	1	3	0	-	0	-
10be9397	112	ghidra	dbg.cpp	in-anchor	-	-	none	mech	-	1	2	2	1	vector<T> too long	1	_Xlength_error
10be9407	377	ghidra	dbg.cpp	in-anchor	-	-	none	mech	-	1	5	2	1	vector<T> too long	1	_Xlength_error
10be9580	48	ghidra	dbg.cpp	in-anchor	-	-	none	mech	-	1	2	3	0	-	0	-
10be95b0	47	ghidra	dbg.cpp	in-anchor	-	-	none	mech	-	1	1	3	0	-	0	-
10be95df	30	ghidra	dbg.cpp	in-anchor	-	-	none	mech	-	18	1	3	0	-	0	-
10be95fd	65	ghidra	dbg.cpp	in-anchor	-	-	none	mech	-	2	2	2	1	e:\\bt\\278379\\vctools\\compiler\\be\\p2\\db…	0	-
10be963e	99	ghidra	dbg.cpp	in-anchor	-	-	none	mech	-	0	1	3	0	-	0	-
10be96a1	354	ghidra	dbg.cpp	in-anchor	-	-	none	mech	-	1	6	2	1	e:\\bt\\278379\\vctools\\compiler\\be\\p2\\db…	0	-
10be9804	142	ghidra	dbg.cpp	in-anchor	-	-	none	mech	-	2	2	2	0	-	0	-
10be9892	129	ghidra	dbg.cpp	in-anchor	-	-	cited	mech	-	1	6	1	0	-	0	-
10be9913	104	ghidra	dbg.cpp	in-anchor	-	-	none	mech	-	1	6	2	0	-	0	-
10be997b	11	ghidra	dbg.cpp	in-anchor	-	-	cited	mech	-	1	1	1	0	-	0	-
10be9986	132	ghidra	dbg.cpp	in-anchor	-	-	none	mech	-	1	4	3	0	-	0	-
10be9a0a	111	ghidra	dbg.cpp	in-anchor	-	-	none	mech	-	2	2	3	0	-	0	-
10be9a79	91	ghidra	dbg.cpp	in-anchor	-	-	none	mech	-	1	4	4	0	-	0	-
10be9ad4	165	ghidra	dbg.cpp	in-anchor	-	-	none	mech	-	1	6	2	0	-	0	-
10be9b79	319	ghidra	dbg.cpp	in-anchor	-	-	none	mech	-	1	2	3	0	-	0	-
10be9cb8	124	ghidra	dbg.cpp	in-anchor	-	-	none	mech	-	1	5	3	0	-	0	-
10be9d34	248	ghidra	dbg.cpp	in-anchor	-	-	none	mech	-	1	6	3	1	`anonymous namespace'::	2	strncmp,strrchr
10be9e2c	122	ghidra	dbg.cpp	in-anchor	-	-	none	mech	-	1	5	3	0	-	0	-
10be9ea6	122	ghidra	dbg.cpp	in-anchor	-	-	none	mech	-	1	3	3	0	-	0	-
10be9f20	112	ghidra	dbg.cpp	in-anchor	-	-	none	mech	-	1	4	4	0	-	0	-
10be9f90	24	ghidra	dbg.cpp	in-anchor	-	-	none	mech	-	2	1	3	0	-	0	-
10be9fa8	177	ghidra	dbg.cpp	in-anchor	-	-	none	mech	-	1	5	3	0	-	0	-
10bea059	193	ghidra	dbg.cpp	in-anchor	-	-	none	mech	-	1	8	2	0	-	0	-
10bea11a	166	ghidra	dbg.cpp	in-anchor	-	-	none	mech	-	1	4	3	0	-	0	-
10bea1c0	95	ghidra	dbg.cpp	in-anchor	-	-	none	mech	-	1	4	3	0	-	0	-
10bea21f	95	ghidra	dbg.cpp	in-anchor	-	-	none	mech	-	1	4	3	0	-	0	-
10bea27e	322	ghidra	dbg.cpp	in-anchor	-	-	none	mech	-	1	7	2	1	e:\\bt\\278379\\vctools\\compiler\\be\\p2\\db…	0	-
10bea3c0	1033	ghidra	dbg.cpp	in-anchor	-	-	none	mech	-	1	6	2	5	Microsoft (R) Optimizing Compiler | enc_src | enc_cmd	3	WideCharToMultiByte,_wdupenv_s,free
10bea7c9	239	ghidra	dbg.cpp	in-anchor	-	-	none	mech	-	1	6	2	1	e:\\bt\\278379\\vctools\\compiler\\be\\p2\\db…	2	WideCharToMultiByte,_wfullpath
10bea8b8	218	ghidra	dbg.cpp	in-anchor	-	-	none	mech	-	2	9	1	0	-	0	-
10bea992	35	ghidra	dbg.cpp	in-anchor	-	-	none	mech	-	1	1	4	0	-	0	-
10bea9b5	83	ghidra	dbg.cpp	in-anchor	-	-	none	mech	-	1	2	3	1	vector<T> too long	1	_Xlength_error
10beaa08	44	ghidra	dbg.cpp	in-anchor	-	-	none	mech	-	1	1	3	0	-	0	-
10beaa34	196	ghidra	dbg.cpp	in-anchor	-	-	none	mech	-	1	6	3	0	-	0	-
10beaaf8	778	ghidra	dbg.cpp	in-anchor	-	-	none	mech	-	3	14	2	1	`anonymous namespace'::	2	strncmp,strrchr
10beae02	101	ghidra	dbg.cpp	in-anchor	-	-	none	mech	-	1	2	3	0	-	0	-
10beae67	55	ghidra	dbg.cpp	in-anchor	-	-	none	mech	-	1	2	3	0	-	0	-
10beae9e	39	ghidra	dbg.cpp	in-anchor	-	-	none	mech	-	1	2	2	0	-	0	-
10beaec5	287	ghidra	dbg.cpp	in-anchor	-	-	none	mech	-	2	5	3	0	-	0	-
10beafe4	78	ghidra	dbg.cpp	in-anchor	-	-	none	mech	-	1	2	2	0	-	0	-
10beb032	168	ghidra	dbg.cpp	in-anchor	-	-	none	mech	-	0	6	2	1	e:\\bt\\278379\\vctools\\compiler\\be\\p2\\db…	0	-
10beb0db	48	ghidra	dbg.cpp	in-anchor	-	-	none	mech	-	2	1	4	0	-	0	-
10beb10b	70	ghidra	dbg.cpp	in-anchor	-	-	none	mech	-	1	3	3	0	-	0	-
10beb151	59	ghidra	dbg.cpp	in-anchor	-	-	none	mech	-	1	2	3	0	-	0	-
10beb18c	187	ghidra	dbg.cpp	in-anchor	-	-	none	mech	-	2	7	2	0	-	0	-
10beb247	62	ghidra	dbg.cpp	in-anchor	-	-	none	mech	-	1	1	3	0	-	0	-
10beb285	52	ghidra	dbg.cpp	in-anchor	-	-	none	mech	-	1	2	3	0	-	0	-
10beb2b9	54	ghidra	dbg.cpp	in-anchor	-	-	none	mech	-	1	2	2	0	-	0	-
10beb2ef	49	ghidra	dbg.cpp	in-anchor	-	-	none	mech	-	1	2	2	0	-	0	-
10beb320	74	ghidra	dbg.cpp	in-anchor	-	-	none	mech	-	1	2	3	0	-	0	-
10beb36a	75	ghidra	dbg.cpp	in-anchor	-	-	none	mech	-	1	2	3	0	-	0	-
10beb3b5	39	ghidra	dbg.cpp	in-anchor	-	-	none	mech	-	1	2	2	0	-	0	-
10beb3dc	47	ghidra	dbg.cpp	in-anchor	-	-	none	mech	-	1	2	4	0	-	0	-
10beb40b	20	ghidra	dbg.cpp	in-anchor	-	-	none	mech	-	1	1	3	0	-	0	-
10beb41f	327	ghidra	dbg.cpp	in-anchor	-	-	none	mech	-	1	6	2	1	e:\\bt\\278379\\vctools\\compiler\\be\\p2\\db…	0	-
10beb567	31	ghidra	dbg.cpp	in-anchor	-	-	none	mech	-	2	1	3	0	-	0	-
10beb586	141	ghidra	dbg.cpp	in-anchor	-	-	none	mech	-	1	5	2	0	-	1	WideCharToMultiByte
10beb613	1037	ghidra	dbg.cpp	in-anchor	-	-	none	mech	-	0	12	2	1	e:\\bt\\278379\\vctools\\compiler\\be\\p2\\db…	0	-
10beba20	155	ghidra	dbg.cpp	in-anchor	-	-	none	mech	-	1	3	2	0	-	1	WideCharToMultiByte
10bebd24	508	ghidra	dbg.cpp	in-anchor	-	-	none	mech	-	1	20	2	1	e:\\bt\\278379\\vctools\\compiler\\be\\p2\\db…	0	-
10bebf21	29	ghidra	dbgcpp.h	gap	-	-	none	mech	-	1	0	3	0	-	1	DisableThreadLibraryCalls
10bebf3e	165	ghidra	dbgcpp.h	gap	-	-	labelled	medium	entry: guard called first by both Invoke entries; nonzero return skips the pass	3	6	0	0	-	0	-
10bebffd	248	ghidra	dbgcpp.h	gap	-	-	labelled	high	entry: _InvokeCompilerPass@12, p2/dll.cpp — the exported entry cl/c1xx calls	0	7	0	0	-	2	GetACP,MultiByteToWideChar
10bec133	84	ghidra	dbgcpp.h	gap	-	-	labelled	high	entry: export _InvokeCompilerPassW@16; latches *param_4 as in/out status, calls 0x10b7f3e7	0	4	0	0	-	0	-
10bec1cf	38	ghidra	dbgcpp.h	gap	-	-	none	mech	-	2	1	2	0	-	1	RaiseException
10bec1f5	49	ghidra	dbgcpp.h	gap	-	-	none	mech	-	1	0	1	0	-	2	__iob_func,fwrite
10bec226	22	ghidra	dbgcpp.h	gap	-	-	none	mech	-	1	1	2	0	-	0	-
10bec23c	91	ghidra	dll.cpp	in-anchor	-	-	none	mech	-	1	3	2	1	e:\\bt\\278379\\vctools\\compiler\\be\\p2\\dl…	2	ReleaseSemaphore,Sleep
10bec297	15	ghidra	dll.cpp	gap	-	-	cited	mech	-	15	1	1	0	-	0	-
10bec2a6	6	ghidra	dll.cpp	gap	-	-	none	mech	-	1	0	2	0	-	0	-
10bec2ac	187	ghidra	dll.cpp	gap	-	-	labelled	high	entry: export _AbortCompilerPass@4; semaphore 0x10c37d30, "Compiler terminating.", ExitProcess(0x8000)	0	1	0	2	 Abort complete.\n | Compiler terminating.  Please wait.	4	CloseHandle,CreateSemaphoreW,ExitProcess
10bec367	108	ghidra	dll.cpp	gap	-	-	none	mech	-	1	0	2	0	-	1	GetSystemInfo
10bec3d3	55	ghidra	dll.cpp	gap	-	-	none	mech	-	2	3	1	1	__ltcg.obj	0	-
10bec40a	122	ghidra	dll.cpp	gap	-	-	labelled	high	entry: export DllGetObjHandler; two 16-byte ID compares, COM HRESULTs, operator new(0x20)	0	4	0	0	-	0	-
10bec484	32	ghidra	dll.cpp	gap	-	-	none	mech	-	0	0	-	0	-	1	malloc
10bec4a4	50	ghidra	dll.cpp	gap	-	-	none	mech	-	2	0	3	0	-	1	free
10bec4d6	32	ghidra	dll.cpp	gap	-	-	none	mech	-	0	0	-	0	-	1	malloc
10bec4f6	46	ghidra	dll.cpp	gap	-	-	none	mech	-	1	0	-	0	-	1	free
10bec524	32	ghidra	dll.cpp	gap	-	-	none	mech	-	1	0	6+	0	-	1	malloc
10bec544	50	ghidra	dll.cpp	gap	-	-	none	mech	-	1	0	-	0	-	1	free
10bec576	32	ghidra	dll.cpp	gap	-	-	none	mech	-	0	0	-	0	-	1	malloc
10bec596	46	ghidra	dll.cpp	gap	-	-	none	mech	-	1	0	-	0	-	1	free
10bec5c4	32	ghidra	dll.cpp	gap	-	-	none	mech	-	0	0	-	0	-	1	malloc
10bec5e4	46	ghidra	dll.cpp	gap	-	-	none	mech	-	1	0	-	0	-	1	free
10bec612	32	ghidra	dll.cpp	gap	-	-	none	mech	-	0	0	-	0	-	1	malloc
10bec632	50	ghidra	dll.cpp	gap	-	-	none	mech	-	1	0	-	0	-	1	free
10bec664	32	ghidra	dll.cpp	gap	-	-	none	mech	-	0	0	-	0	-	1	malloc
10bec684	50	ghidra	dll.cpp	gap	-	-	none	mech	-	1	0	-	0	-	1	free
10bec6b6	32	ghidra	dll.cpp	gap	-	-	none	mech	-	1	0	4	0	-	1	malloc
10bec6d6	55	ghidra	dll.cpp	gap	-	-	none	mech	-	1	1	2	0	-	1	free
10bec73b	11	ghidra	dll.cpp	gap	-	-	none	mech	-	1	0	2	0	-	0	-
10bec746	19	ghidra	dll.cpp	gap	-	-	none	mech	-	2	0	1	0	-	0	-
10bec759	207	ghidra	dll.cpp	gap	-	-	none	mech	-	1	3	1	0	-	3	fseek,ftell,fwrite
10bec828	51	ghidra	dll.cpp	gap	-	-	none	mech	-	1	0	2	0	-	0	-
10bec85b	79	ghidra	dll.cpp	gap	-	-	none	mech	-	0	2	3	0	-	0	-
10bec8aa	106	ghidra	dll.cpp	gap	-	-	none	mech	-	1	1	1	0	-	0	-
10bec9b8	43	ghidra	dll.cpp	gap	-	-	none	mech	-	0	1	4	0	-	0	-
10bec9e3	88	ghidra	dll.cpp	gap	-	-	none	mech	-	0	2	3	0	-	0	-
10beccaf	61	ghidra	dll.cpp	gap	-	-	none	mech	-	0	1	3	0	-	0	-
10beccec	106	ghidra	dll.cpp	gap	-	-	none	mech	-	0	0	-	0	-	1	InterlockedIncrement
10becd56	21	ghidra	dll.cpp	gap	-	-	none	mech	-	0	0	-	0	-	1	InterlockedIncrement
10bece96	21	ghidra	dll.cpp	gap	-	-	none	mech	-	0	0	-	0	-	1	InterlockedIncrement
10bececa	21	ghidra	dll.cpp	gap	-	-	none	mech	-	0	0	-	0	-	1	InterlockedIncrement
10becf82	21	ghidra	dll.cpp	gap	-	-	none	mech	-	0	0	-	0	-	1	InterlockedIncrement
10bed102	21	ghidra	dll.cpp	gap	-	-	none	mech	-	0	0	-	0	-	1	InterlockedIncrement
10bed28a	15	ghidra	dll.cpp	gap	-	-	none	mech	-	3	0	-	0	-	1	InterlockedIncrement
10bed299	106	ghidra	dll.cpp	gap	-	-	none	mech	-	0	1	-	0	-	0	-
10bed5b7	15	ghidra	dll.cpp	gap	-	-	none	mech	-	2	0	2	0	-	1	InterlockedIncrement
10bed5c6	106	ghidra	dll.cpp	gap	-	-	none	mech	-	2	1	3	0	-	0	-
10bee23c	106	ghidra	dll.cpp	gap	-	-	none	mech	-	0	1	-	0	-	0	-
10bee904	106	ghidra	dll.cpp	gap	-	-	none	mech	-	0	1	-	0	-	0	-
10beec17	31	ghidra	dll.cpp	gap	-	-	none	mech	-	1	1	2	0	-	0	-
10beec36	106	ghidra	dll.cpp	gap	-	-	none	mech	-	0	1	-	0	-	0	-
10beecce	32	ghidra	dll.cpp	gap	-	-	none	mech	-	0	0	-	0	-	0	-
10beed26	141	ghidra	dll.cpp	gap	-	-	none	mech	-	0	0	-	0	-	1	Ordinal_2
10beee0c	21	ghidra	dll.cpp	gap	-	-	none	mech	-	1	0	-	0	-	1	free
10beee21	28	ghidra	dll.cpp	gap	-	-	none	mech	-	1	1	2	0	-	0	-
10beee3d	15	ghidra	dll.cpp	gap	-	-	none	mech	-	2	0	-	0	-	1	InterlockedIncrement
10beee4c	106	ghidra	dll.cpp	gap	-	-	none	mech	-	2	1	-	0	-	0	-
10beef4e	74	ghidra	dll.cpp	gap	-	-	none	mech	-	1	0	4	0	-	2	Ordinal_2,Ordinal_6
10beef98	15	ghidra	dll.cpp	gap	-	-	none	mech	-	1	0	5	0	-	1	InterlockedIncrement
10beefa7	106	ghidra	dll.cpp	gap	-	-	none	mech	-	1	1	4	0	-	0	-
10bef0a0	48	ghidra	dll.cpp	gap	-	-	none	mech	-	0	0	-	0	-	1	Ordinal_6
10bef0ef	69	ghidra	dll.cpp	gap	-	-	none	mech	-	1	1	2	0	-	1	free
10bef134	12	ghidra	dll.cpp	gap	-	-	none	mech	-	4	0	4	0	-	0	-
10bef140	7	ghidra	dll.cpp	gap	-	-	none	mech	-	1	1	3	0	-	0	-
10bef147	7	ghidra	dll.cpp	gap	-	-	none	mech	-	6	1	2	0	-	0	-
10bef2a1	32	ghidra	dll.cpp	gap	-	-	none	mech	-	0	1	4	0	-	1	InterlockedDecrement
10bef30c	37	ghidra	dll.cpp	gap	-	-	none	mech	-	0	1	-	0	-	1	InterlockedDecrement
10bef340	24	ghidra	dll.cpp	gap	-	-	none	mech	-	1	1	4	0	-	0	-
10bef358	24	ghidra	dll.cpp	gap	-	-	none	mech	-	0	1	4	0	-	0	-
10bef370	37	ghidra	dll.cpp	gap	-	-	none	mech	-	0	1	-	0	-	1	InterlockedDecrement
10bef3c2	37	ghidra	dll.cpp	gap	-	-	none	mech	-	0	1	-	0	-	1	InterlockedDecrement
10bef3f6	37	ghidra	dll.cpp	gap	-	-	none	mech	-	0	1	-	0	-	1	InterlockedDecrement
10bef42a	37	ghidra	dll.cpp	gap	-	-	none	mech	-	0	1	-	0	-	1	InterlockedDecrement
10bef46d	24	ghidra	dll.cpp	gap	-	-	none	mech	-	0	1	-	0	-	0	-
10bef485	24	ghidra	dll.cpp	gap	-	-	none	mech	-	0	1	-	0	-	0	-
10bef49d	44	ghidra	dll.cpp	gap	-	-	none	mech	-	0	2	-	0	-	1	InterlockedDecrement
10bef4e7	37	ghidra	dll.cpp	gap	-	-	none	mech	-	0	1	3	0	-	1	InterlockedDecrement
10bef51b	95	ghidra	dll.cpp	gap	-	-	none	mech	-	1	4	2	0	-	1	free
10bef57a	44	ghidra	dll.cpp	gap	-	-	none	mech	-	0	0	-	0	-	0	-
10bef5a6	32	ghidra	dll.cpp	gap	-	-	none	mech	-	1	0	6+	0	-	0	-
10bef5c6	33	ghidra	dll.cpp	gap	-	-	none	mech	-	0	0	-	0	-	0	-
10bef5e7	30	ghidra	dll.cpp	gap	-	-	none	mech	-	0	0	-	0	-	0	-
10bef605	144	ghidra	dll.cpp	gap	-	-	none	mech	-	4	3	3	0	-	0	-
10bef695	26	ghidra	dll.cpp	gap	-	-	none	mech	-	1	1	2	0	-	0	-
10bef6af	26	ghidra	dll.cpp	gap	-	-	none	mech	-	1	1	2	0	-	0	-
10bef6c9	26	ghidra	dll.cpp	gap	-	-	none	mech	-	1	1	2	0	-	0	-
10bef6e3	26	ghidra	dll.cpp	gap	-	-	none	mech	-	1	1	2	0	-	0	-
10bef6fd	44	ghidra	dll.cpp	gap	-	-	none	mech	-	1	0	1	0	-	0	-
10bef729	44	ghidra	dll.cpp	gap	-	-	none	mech	-	0	2	2	0	-	1	InterlockedDecrement
10bf00a0	72	ghidra	dll.cpp	gap	-	-	none	mech	-	0	4	5	0	-	0	-
10bf07ac	99	ghidra	dll.cpp	gap	-	-	none	mech	-	1	4	2	0	-	0	-
10bf080f	261	ghidra	cgintrin.c	in-anchor	-	-	cited	mech	-	1	6	2	1	e:\\bt\\278379\\vctools\\compiler\\be\\p2\\pp…	0	-
10bf0915	287	ghidra	cgintrin.c	in-anchor	-	-	none	mech	-	1	0	3	0	-	0	-
10bf0a34	247	ghidra	cgintrin.c	in-anchor	-	-	none	mech	-	1	4	1	1	e:\\bt\\278379\\vctools\\compiler\\be\\p2\\pp…	0	-
10bf0b2b	86	ghidra	cgintrin.c	in-anchor	-	-	none	mech	-	1	0	3	0	-	0	-
10bf0b81	211	ghidra	cgintrin.c	in-anchor	-	-	none	mech	-	1	3	2	0	-	0	-
10bf0c54	212	ghidra	cgintrin.c	in-anchor	-	-	none	mech	-	1	6	1	0	-	0	-
10bf0d28	102	ghidra	cgintrin.c	in-anchor	-	-	none	mech	-	1	4	1	0	-	0	-
10bf0d8e	12	ghidra	cgintrin.c	in-anchor	-	-	none	mech	-	2	2	1	0	-	0	-
10bf0d9a	779	ghidra	cgintrin.c	in-anchor	-	-	none	mech	-	1	21	1	1	_RtlCheckStack12	0	-
10bf10a5	398	ghidra	cgintrin.c	in-anchor	-	-	none	mech	-	1	11	1	0	-	0	-
10bf1233	199	ghidra	cgintrin.c	in-anchor	-	-	none	mech	-	4	6	2	0	-	0	-
10bf12fa	24	ghidra	cgintrin.c	in-anchor	-	-	none	mech	-	4	1	2	0	-	0	-
10bf1312	113	ghidra	cgintrin.c	in-anchor	-	-	none	mech	-	1	5	1	0	-	0	-
10bf1383	141	ghidra	cgintrin.c	in-anchor	-	-	none	mech	-	1	7	1	0	-	0	-
10bf1410	85	ghidra	cgintrin.c	in-anchor	-	-	none	mech	-	1	3	1	0	-	0	-
10bf1465	345	ghidra	cgintrin.c	in-anchor	-	-	none	mech	-	1	11	1	0	-	0	-
10bf15be	186	ghidra	cgintrin.c	in-anchor	-	-	none	mech	-	1	8	1	0	-	0	-
10bf1678	283	ghidra	cgintrin.c	in-anchor	-	-	none	mech	-	1	13	1	0	-	0	-
10bf1793	146	ghidra	cgintrin.c	in-anchor	-	-	none	mech	-	1	10	1	0	-	0	-
10bf1825	232	ghidra	cgintrin.c	in-anchor	-	-	none	mech	-	1	8	1	0	-	0	-
10bf190d	205	ghidra	cgintrin.c	in-anchor	-	-	none	mech	-	1	9	1	0	-	0	-
10bf19da	176	ghidra	cgintrin.c	in-anchor	-	-	none	mech	-	1	7	1	0	-	0	-
10bf1a8a	619	ghidra	cgintrin.c	in-anchor	-	-	none	mech	-	6	0	2	0	-	0	-
10bf1cf5	37	ghidra	cgintrin.c	in-anchor	-	-	none	mech	-	2	0	2	0	-	0	-
10bf1d1a	555	ghidra	cgintrin.c	in-anchor	-	-	none	mech	-	1	12	1	0	-	0	-
10bf1f45	594	ghidra	cgintrin.c	in-anchor	-	-	none	mech	-	1	13	1	0	-	0	-
10bf2197	182	ghidra	cgintrin.c	in-anchor	-	-	none	mech	-	1	3	2	0	-	0	-
10bf224d	805	ghidra	cgintrin.c	in-anchor	-	-	none	mech	-	1	16	2	1	e:\\bt\\278379\\vctools\\compiler\\be\\p2\\pp…	0	-
10bf2573	147	ghidra	cgintrin.c	in-anchor	-	-	none	mech	-	1	7	1	0	-	0	-
10bf2606	143	ghidra	cgintrin.c	in-anchor	-	-	none	mech	-	2	2	2	0	-	0	-
10bf2695	94	ghidra	cgintrin.c	in-anchor	-	-	none	mech	-	2	2	2	0	-	0	-
10bf26f3	156	ghidra	cgintrin.c	in-anchor	-	-	none	mech	-	1	7	2	0	-	0	-
10bf278f	77	ghidra	cgintrin.c	in-anchor	-	-	none	mech	-	8	3	1	0	-	0	-
10bf27dc	362	ghidra	cgintrin.c	in-anchor	-	-	none	mech	-	1	10	1	0	-	0	-
10bf2946	223	ghidra	cgintrin.c	in-anchor	-	-	none	mech	-	1	8	1	0	-	0	-
10bf2a25	318	ghidra	cgintrin.c	in-anchor	-	-	none	mech	-	1	10	2	0	-	0	-
10bf2b63	132	ghidra	cgintrin.c	in-anchor	-	-	none	mech	-	2	0	2	0	-	0	-
10bf2be7	625	ghidra	cgintrin.c	in-anchor	-	-	none	mech	-	1	20	1	1	e:\\bt\\278379\\vctools\\compiler\\be\\p2\\pp…	0	-
10bf2e59	129	ghidra	cgintrin.c	in-anchor	-	-	none	mech	-	1	6	2	0	-	0	-
10bf2eda	589	ghidra	cgintrin.c	in-anchor	-	-	none	mech	-	1	19	1	1	e:\\bt\\278379\\vctools\\compiler\\be\\p2\\pp…	0	-
10bf3128	612	ghidra	cgintrin.c	in-anchor	-	-	none	mech	-	1	21	1	1	e:\\bt\\278379\\vctools\\compiler\\be\\p2\\pp…	0	-
10bf338c	286	ghidra	cgintrin.c	in-anchor	-	-	none	mech	-	1	11	1	0	-	0	-
10bf34aa	245	ghidra	cgintrin.c	in-anchor	-	-	none	mech	-	1	11	1	0	-	0	-
10bf359f	395	ghidra	cgintrin.c	in-anchor	-	-	none	mech	-	1	11	1	0	-	0	-
10bf372a	484	ghidra	cgintrin.c	in-anchor	-	-	none	mech	-	1	11	1	0	-	0	-
10bf390e	201	ghidra	cgintrin.c	in-anchor	-	-	none	mech	-	1	9	1	0	-	0	-
10bf39d7	1344	ghidra	cgintrin.c	in-anchor	-	-	none	mech	-	1	13	1	0	-	0	-
10bf3f17	284	ghidra	cgintrin.c	in-anchor	-	-	none	mech	-	1	11	1	0	-	0	-
10bf4033	562	ghidra	cgintrin.c	in-anchor	-	-	none	mech	-	3	13	1	0	-	0	-
10bf4265	594	ghidra	cgintrin.c	in-anchor	-	-	none	mech	-	1	9	1	0	-	0	-
10bf44b7	126	ghidra	cgintrin.c	in-anchor	-	-	none	mech	-	1	0	3	0	-	0	-
10bf4535	201	ghidra	cgintrin.c	in-anchor	-	-	none	mech	-	2	3	2	0	-	0	-
10bf45fe	159	ghidra	cgintrin.c	in-anchor	-	-	none	mech	-	2	1	2	0	-	0	-
10bf469d	120	ghidra	cgintrin.c	in-anchor	-	-	none	mech	-	1	5	1	0	-	0	-
10bf4715	250	ghidra	cgintrin.c	in-anchor	-	-	none	mech	-	1	8	1	0	-	0	-
10bf480f	92	ghidra	cgintrin.c	in-anchor	-	-	none	mech	-	1	0	1	0	-	0	-
10bf486b	31	ghidra	cgintrin.c	in-anchor	-	-	none	mech	-	14	3	1	0	-	0	-
10bf488a	783	ghidra	cgintrin.c	in-anchor	-	-	none	mech	-	1	19	1	0	-	0	-
10bf4b99	432	ghidra	cgintrin.c	in-anchor	-	-	none	mech	-	1	15	2	0	-	0	-
10bf4d49	414	ghidra	cgintrin.c	in-anchor	-	-	none	mech	-	1	14	2	0	-	0	-
10bf4ee7	495	ghidra	cgintrin.c	in-anchor	-	-	none	mech	-	1	15	2	0	-	0	-
10bf50d6	672	ghidra	cgintrin.c	in-anchor	-	-	cited	mech	-	1	16	2	0	-	0	-
10bf5376	2485	ghidra	cgintrin.c	in-anchor	-	-	none	mech	-	1	23	1	0	-	0	-
10bf5d2b	2090	ghidra	cgintrin.c	in-anchor	-	-	cited	mech	-	1	33	1	1	memset	0	-
10bf6555	1477	ghidra	cgintrin.c	in-anchor	-	-	cited	mech	-	1	31	1	2	memcpy | _blkmov	0	-
10bf6b1a	144	ghidra	cgintrin.c	in-anchor	-	-	cited	mech	-	1	7	1	0	-	0	-
10bf6baa	215	ghidra	cgintrin.c	in-anchor	-	-	none	mech	-	1	9	1	0	-	0	-
10bf6c81	129	ghidra	cgintrin.c	in-anchor	-	-	none	mech	-	1	7	1	0	-	0	-
10bf6d02	281	ghidra	cgintrin.c	in-anchor	-	-	none	mech	-	1	12	1	0	-	0	-
10bf6e1b	281	ghidra	cgintrin.c	in-anchor	-	-	none	mech	-	1	12	1	0	-	0	-
10bf6f34	614	ghidra	cgintrin.c	in-anchor	-	-	none	mech	-	1	16	1	0	-	0	-
10bf719a	198	ghidra	cgintrin.c	in-anchor	-	-	none	mech	-	1	9	1	0	-	0	-
10bf7260	1068	ghidra	cgintrin.c	in-anchor	-	-	none	mech	-	1	19	1	0	-	0	-
10bf768c	200	ghidra	cgintrin.c	in-anchor	-	-	none	mech	-	1	10	1	0	-	0	-
10bf7754	501	ghidra	cgintrin.c	in-anchor	-	-	none	mech	-	1	14	1	0	-	0	-
10bf7949	197	ghidra	cgintrin.c	in-anchor	-	-	none	mech	-	1	9	1	0	-	0	-
10bf7a0e	265	ghidra	cgintrin.c	in-anchor	-	-	none	mech	-	3	10	1	0	-	0	-
10bf7b17	8	ghidra	cgintrin.c	in-anchor	-	-	none	mech	-	1	1	2	0	-	0	-
10bf7b1f	314	ghidra	cgintrin.c	in-anchor	-	-	none	mech	-	1	8	2	0	-	0	-
10bf7c59	4569	ghidra	cgintrin.c	in-anchor	-	-	labelled	high	ppc-codegen: xrefs ppc/code.c; never touches DAT_10c46310 — PPC instruction selection, NOT the IL reader	1	97	0	3	setjmp | _setjmpex | e:\\bt\\278379\\vctools\\compiler\\be\\p2\\pp…	0	-
10bf958a	316	ghidra	cgintrin.c	in-anchor	-	-	none	mech	-	2	6	1	1	e:\\bt\\278379\\vctools\\compiler\\be\\p2\\pp…	0	-
10bf96c6	19	ghidra	cgintrin.c	gap	-	-	cited	mech	-	4	0	2	0	-	0	-
10bf96d9	17	ghidra	cgintrin.c	gap	-	-	none	mech	-	1	0	1	0	-	0	-
10bf96ea	55	ghidra	cgintrin.c	gap	-	-	none	mech	-	1	1	1	0	-	0	-
10bf9721	55	ghidra	cgintrin.c	gap	-	-	none	mech	-	1	1	1	0	-	0	-
10bf9758	21	ghidra	cgintrin.c	gap	-	-	none	mech	-	1	0	1	0	-	0	-
10bf976d	27	ghidra	cgintrin.c	gap	-	-	none	mech	-	1	0	1	0	-	0	-
10bf9788	64	ghidra	cgintrin.c	gap	-	-	none	mech	-	1	0	1	0	-	0	-
10bf97c8	64	ghidra	cgintrin.c	gap	-	-	none	mech	-	1	0	1	0	-	0	-
10bf9808	50	ghidra	cgintrin.c	gap	-	-	none	mech	-	2	1	2	0	-	0	-
10bf983a	117	ghidra	cgintrin.c	gap	-	-	none	mech	-	1	0	1	0	-	0	-
10bf98af	61	ghidra	cgintrin.c	gap	-	-	none	mech	-	1	1	2	0	-	0	-
10bf98ec	943	ghidra	cgintrin.c	gap	-	-	none	mech	-	1	2	1	0	-	0	-
10bf9e55	96	ghidra	cgintrin.c	gap	-	-	none	mech	-	1	1	1	0	-	0	-
10bf9eb5	96	ghidra	cgintrin.c	gap	-	-	none	mech	-	1	1	1	0	-	0	-
10bf9f15	3861	ghidra	code.c	in-anchor	-	-	labelled	high	ppc-codegen: same region, same reasoning	2	13	0	1	e:\\bt\\278379\\vctools\\compiler\\be\\p2\\pp…	0	-
10bfb00d	237	ghidra	code.c	gap	-	-	labelled	high	reg-set-fpr-vmx: builds the class-1 (FPR, list 10c37f20) and class-5 (VMX, 10c37fa8 / 10c38030 / 10c38440) sets; -QFPU# = DAT_10c2e974, -QVMX128 = DAT_10c2e978, -QVMXReserve = DAT_10c2e97c	1	2	0	0	-	0	-
10bfb0fa	117	ghidra	code.c	gap	regalloc	P_REGALLOC.md	paged	high	reg-set-gpr: builds the class-0 (GPR) allocatable set + ordered list: default 10c37de0, -QGPRReserve 10c37e50, POGO 10c37eb8; then drops the frame-pointer register (DAT_10c6fd9c) or adds r31 (0x20) w…	1	3	0	0	-	0	-
10bfb16f	146	ghidra	code.c	gap	-	-	none	mech	-	1	2	1	0	-	0	-
10bfb201	202	ghidra	code.c	gap	-	-	none	mech	-	4	5	2	0	-	0	-
10bfb2cb	172	ghidra	code.c	gap	-	-	none	mech	-	2	5	1	0	-	0	-
10bfb377	8	ghidra	code.c	gap	-	-	none	mech	-	1	0	2	0	-	0	-
10bfb37f	22	ghidra	code.c	gap	-	-	none	mech	-	3	1	1	0	-	0	-
10bfb395	112	ghidra	code.c	gap	-	-	none	mech	-	1	3	1	0	-	0	-
10bfb405	80	ghidra	code.c	gap	-	-	none	mech	-	2	0	1	0	-	0	-
10bfb455	110	ghidra	code.c	gap	-	-	none	mech	-	2	1	2	0	-	0	-
10bfb4c3	53	ghidra	code.c	gap	-	-	none	mech	-	3	0	2	0	-	0	-
10bfb4f8	44	ghidra	code.c	gap	-	-	none	mech	-	1	0	1	0	-	0	-
10bfb524	147	ghidra	code.c	gap	-	-	none	mech	-	3	2	1	0	-	0	-
10bfb5b7	30	ghidra	code.c	gap	-	-	none	mech	-	1	0	2	0	-	0	-
10bfb5d5	31	ghidra	code.c	gap	-	-	none	mech	-	1	0	2	0	-	0	-
10bfb5f4	37	ghidra	code.c	gap	-	-	none	mech	-	5	0	2	0	-	0	-
10bfb619	495	ghidra	code.c	gap	-	-	none	mech	-	1	2	2	0	-	0	-
10bfb808	205	ghidra	code.c	gap	-	-	none	mech	-	1	6	1	0	-	0	-
10bfb8d5	149	ghidra	code.c	gap	-	-	none	mech	-	1	4	1	0	-	0	-
10bfb96a	61	ghidra	code.c	gap	-	-	none	mech	-	1	3	1	0	-	0	-
10bfb9a7	133	ghidra	code.c	gap	-	-	none	mech	-	3	0	2	0	-	0	-
10bfbb1b	86	ghidra	code.c	gap	-	-	none	mech	-	1	0	2	0	-	0	-
10bfbbe5	294	ghidra	code.c	gap	-	-	none	mech	-	1	6	1	0	-	0	-
10bfbd0b	143	ghidra	code.c	gap	-	-	none	mech	-	1	4	2	0	-	0	-
10bfbd9a	163	ghidra	code.c	gap	-	-	none	mech	-	1	6	1	0	-	0	-
10bfbe3d	402	ghidra	code.c	gap	-	-	none	mech	-	1	8	1	0	-	0	-
10bfbfcf	48	ghidra	code.c	gap	-	-	none	mech	-	1	1	1	0	-	0	-
10bfbfff	48	ghidra	code.c	gap	-	-	none	mech	-	1	1	1	0	-	0	-
10bfc02f	44	ghidra	code.c	gap	regalloc	P_REGALLOC.md	paged	high	reg-list-hook: the machine-dependent pre-select hook; touches class 5 (VMX) ONLY, and only under -QVMX128 -- so for GPRs and FPRs the ordered preference list is the fixed image-resident array	1	0	0	0	-	0	-
10bfc05b	61	ghidra	code.c	gap	-	-	none	mech	-	1	1	2	0	-	0	-
10bfc098	71	ghidra	code.c	gap	-	-	none	mech	-	1	2	2	0	-	0	-
10bfc0df	83	ghidra	code.c	gap	-	-	none	mech	-	1	1	3	0	-	0	-
10bfc132	84	ghidra	code.c	gap	-	-	none	mech	-	8	1	2	0	-	0	-
10bfc186	101	ghidra	code.c	gap	-	-	none	mech	-	1	0	1	0	-	0	-
10bfc1eb	95	ghidra	code.c	gap	-	-	none	mech	-	3	0	3	0	-	0	-
10bfc24a	238	ghidra	code.c	gap	-	-	none	mech	-	1	4	2	0	-	0	-
10bfc338	194	ghidra	code.c	gap	-	-	none	mech	-	1	9	2	0	-	0	-
10bfc3fa	63	ghidra	code.c	gap	-	-	none	mech	-	1	0	2	0	-	0	-
10bfc439	62	ghidra	code.c	gap	-	-	none	mech	-	1	0	2	0	-	0	-
10bfc477	529	ghidra	code.c	gap	-	-	cited	mech	-	1	10	1	0	-	0	-
10bfc688	70	ghidra	code.c	gap	-	-	none	mech	-	11	0	2	0	-	0	-
10bfc89f	265	ghidra	code.c	gap	-	-	none	mech	-	2	2	1	0	-	0	-
10bfc9a8	175	ghidra	code.c	gap	-	-	none	mech	-	1	2	1	0	-	0	-
10bfca57	558	ghidra	code.c	gap	-	-	none	mech	-	1	12	1	0	-	0	-
10bfcc85	71	ghidra	code.c	gap	-	-	none	mech	-	4	0	1	0	-	0	-
10bfcccc	190	ghidra	code.c	gap	-	-	none	mech	-	3	6	2	0	-	0	-
10bfcd8a	165	ghidra	code.c	gap	-	-	none	mech	-	1	6	2	0	-	0	-
10bfce2f	150	ghidra	code.c	gap	-	-	none	mech	-	5	2	2	0	-	0	-
10bfcec5	183	ghidra	code.c	gap	-	-	none	mech	-	1	4	2	0	-	0	-
10bfcf7c	1769	ghidra	code.c	gap	-	-	none	mech	-	1	23	1	0	-	0	-
10bfd665	485	ghidra	code.c	gap	-	-	none	mech	-	1	7	2	0	-	0	-
10bfda47	321	ghidra	code.c	gap	-	-	none	mech	-	1	8	2	0	-	0	-
10bfdb88	677	ghidra	code.c	gap	-	-	none	mech	-	2	8	2	0	-	0	-
10bfde2d	791	ghidra	code.c	gap	-	-	none	mech	-	1	14	1	0	-	0	-
10bfdf47	1927	ghidra	code.c	gap	-	-	cited	mech	-	1	17	1	0	-	0	-
10bfe6ce	54	ghidra	code.c	gap	-	-	none	mech	-	1	1	1	0	-	0	-
10bfe704	143	ghidra	code.c	gap	-	-	none	mech	-	1	4	2	0	-	0	-
10bfe793	814	ghidra	code.c	gap	-	-	none	mech	-	3	10	1	0	-	0	-
10bfeac1	145	ghidra	code.c	gap	-	-	none	mech	-	3	5	2	0	-	0	-
10bfeb52	165	ghidra	code.c	gap	-	-	labelled	medium	prolog-lr-slot: the LR-slot half of the bit-0 arm; reads the final frame size from [[fn]+0x5c]	1	4	0	0	-	0	-
10bfebf7	123	ghidra	code.c	gap	-	-	labelled	high	saved-gpr-scan|regnum-encoding|saved-gpr-mask: CORRECTS the W-FRAME `saved-gpr-mask` reading in one word: this is a SCAN, not a decision. It walks the block chain, and for every operand of kind 1 who…	1	0	0	0	-	0	-
10bfec72	211	ghidra	code.c	gap	-	-	labelled	high	prolog-emit: emits the prologue: bit 0 -> LR spill (10bfec7d), bit 2 -> frame (10bfed12); size = [fn+0x68] + 8*nSaved + 8 at 10bfed35	1	3	0	0	-	0	-
10bfed45	14	ghidra	code.c	gap	-	-	none	mech	-	2	0	1	0	-	0	-
10bfed53	89	ghidra	code.c	gap	-	-	none	mech	-	1	0	1	0	-	2	malloc,realloc
10bfedac	21	ghidra	code.c	gap	-	-	none	mech	-	1	0	3	0	-	0	-
10bfedc1	200	ghidra	code.c	gap	-	-	none	mech	-	1	8	1	0	-	0	-
10bfee89	17	ghidra	code.c	gap	-	-	cited	mech	-	1	1	1	0	-	0	-
10bfee9a	17	ghidra	code.c	gap	-	-	cited	mech	-	1	1	1	0	-	0	-
10bfeeab	272	ghidra	code.c	gap	-	-	none	mech	-	1	11	1	1	__jump_unwind	0	-
10bfefbb	1191	ghidra	code.c	gap	-	-	none	mech	-	1	23	2	0	-	0	-
10bff4a8	8	ghidra	code.c	gap	-	-	none	mech	-	1	0	1	0	-	0	-
10bff4b0	87	ghidra	code.c	gap	-	-	none	mech	-	1	3	2	0	-	0	-
10bff507	257	ghidra	code.c	gap	-	-	labelled	high	prolog-flags: the per-function prologue flag word, one linear scan; bit 2 (the FRAME bit) is set at 10bff5f6 (`or eax,0x6`) and NOWHERE else in the image; the predicate it encodes was RETRACTED by th…	2	0	0	0	-	0	-
10bff608	296	ghidra	code.c	gap	-	-	none	mech	-	1	11	1	0	-	0	-
10bff730	85	ghidra	code.c	gap	-	-	none	mech	-	1	0	2	0	-	0	-
10bff785	140	ghidra	code.c	gap	eh	P_EH.md	paged	high	pdata-defer: pushes a 6-field 0x18-byte fixup {item, base, end, prologEnd, handler, !isMainBody} onto the array at DAT_10c385e4; entry[5] stored at 10bff7fd	1	0	0	0	-	2	malloc,realloc
10bff811	187	ghidra	code.c	gap	eh	P_EH.md	paged	high	pdata-patch-pass: the deferred unwind-word pass, run once from 10b34325: word = (handler!=0)<<31 | 1<<30 | (len_words & 0x3FFFFF)<<8 | (prolog_words & 0xFF). OBJ-CONFIRMED on 8 records / 4 objs (WB_E…	1	0	0	0	-	1	free
10bff8cc	54	ghidra	code.c	gap	-	-	none	mech	-	2	2	2	0	-	0	-
10bff902	90	ghidra	code.c	gap	-	-	none	mech	-	1	4	1	0	-	0	-
10bff95c	327	ghidra	code.c	gap	-	-	labelled	high	prolog-driver: p2/ppc/code.c prologue driver; flags = FUN_10bff507() | savedmask, forces bit 2 on the POGO path (DAT_10c3de20==1)	2	11	0	0	-	0	-
10bffaa3	207	ghidra	code.c	gap	-	-	none	mech	-	2	2	2	0	-	0	-
10bffb72	8	ghidra	code.c	gap	-	-	none	mech	-	1	1	1	0	-	0	-
10bffb7a	8	ghidra	code.c	gap	-	-	none	mech	-	1	1	1	0	-	0	-
10bffb82	396	ghidra	code.c	gap	-	-	labelled	high	funclet-prolog: EH funclet prologue: frame = align16([fn+0x4c] + 0x2f), same flag word, allocation gated on size != 0 rather than on bit 2	2	9	0	0	-	0	-
10bffd0e	45	ghidra	code.c	gap	-	-	none	mech	-	1	2	1	0	-	0	-
10bffd3b	104	ghidra	code.c	gap	-	-	none	mech	-	1	0	2	0	-	0	-
10bffda3	6	ghidra	code.c	gap	-	-	none	mech	-	2	0	1	0	-	0	-
10bffda9	6	ghidra	code.c	gap	-	-	none	mech	-	3	0	1	0	-	0	-
10bffdaf	37	ghidra	code.c	gap	-	-	none	mech	-	1	1	2	0	-	0	-
10bffdd4	133	ghidra	code.c	gap	-	-	cited	mech	-	1	3	1	0	-	0	-
10bffe59	433	ghidra	code.c	gap	-	-	cited	mech	-	1	3	1	0	-	0	-
10c0000a	855	ghidra	code.c	gap	-	-	none	mech	-	1	14	1	0	-	0	-
10c00361	86	ghidra	code.c	gap	-	-	none	mech	-	1	3	1	0	-	0	-
10c003b7	344	ghidra	code.c	gap	-	-	cited	mech	-	1	14	1	1	_RTC_Failure	0	-
10c0050f	604	ghidra	code.c	gap	-	-	none	mech	-	1	13	1	2	_RTC_CheckStackVars | _RTC_CheckStackVars2@12	0	-
10c0076b	75	ghidra	code.c	gap	-	-	none	mech	-	1	2	2	1	_RTC_Check_#_to_#@#	0	-
10c007b6	177	ghidra	code.c	gap	-	-	none	mech	-	1	6	1	0	-	0	-
10c00867	74	ghidra	code.c	gap	-	-	none	mech	-	1	0	3	0	-	0	-
10c008b1	79	ghidra	code.c	gap	-	-	none	mech	-	5	0	3	0	-	1	toupper
10c00900	99	ghidra	code.c	gap	-	-	cited	mech	-	1	1	3	2	_last | _first	1	_memicmp
10c00963	299	ghidra	code.c	gap	-	-	none	mech	-	1	0	3	0	-	1	strstr
10c00a8e	113	ghidra	code.c	gap	-	-	none	mech	-	1	0	4	0	-	1	strstr
10c00aff	138	ghidra	code.c	gap	-	-	none	mech	-	1	1	2	0	-	1	strcpy_s
10c00b89	157	ghidra	code.c	gap	-	-	none	mech	-	1	2	2	0	-	2	strcpy_s,strstr
10c00c26	138	ghidra	code.c	gap	-	-	none	mech	-	1	2	2	0	-	0	-
10c00cb0	193	ghidra	code.c	gap	-	-	none	mech	-	9	4	2	0	-	3	_snwprintf_s,wcscat_s,wcscpy_s
10c00d71	139	ghidra	code.c	gap	-	-	none	mech	-	1	3	2	1	%s. First unused register: %s\n	1	wsprintfW
10c00dfc	134	ghidra	code.c	gap	-	-	none	mech	-	2	1	3	1	Expected integer\n	2	isdigit,strtoul
10c00e82	199	ghidra	code.c	gap	-	-	none	mech	-	1	4	2	1	Invalid SPR number\n	2	atoi,strcpy_s
10c00f49	178	ghidra	code.c	gap	-	-	none	mech	-	1	3	2	2	Signed immediate value out of range\n | Unsigned immediate value out of range\n	0	-
10c00ffb	212	ghidra	code.c	gap	-	-	none	mech	-	1	2	2	0	-	2	_stricmp,strstr
10c010cf	397	ghidra	code.c	gap	-	-	none	mech	-	3	5	1	0	-	3	_stricmp,atoi,strstr
10c0125c	653	ghidra	code.c	gap	-	-	none	mech	-	1	10	1	1	Unknown store instruction type	0	-
10c0152c	120	ghidra	code.c	gap	-	-	none	mech	-	3	1	3	0	-	1	_strlwr
10c015a4	423	ghidra	code.c	gap	-	-	cited	mech	-	1	1	1	3	Vector ABI was violated.  Extra load/stores g… | FP ABI was violated.  Extra load/stores gener… | Integer ABI was violated.  Extra load/stores …	0	-
10c0174b	99	ghidra	code.c	gap	-	-	none	mech	-	1	1	3	2	subis | _last	1	_memicmp
10c017ae	220	ghidra	code.c	gap	-	-	none	mech	-	1	4	1	1	Undefined label %s	1	wsprintfW
10c0188a	768	ghidra	code.c	gap	-	-	none	mech	-	1	1	3	0	-	2	strcpy_s,strstr
10c01b8a	74	ghidra	code.c	gap	-	-	none	mech	-	2	3	2	0	-	1	strcpy_s
10c01bd4	380	ghidra	code.c	gap	-	-	none	mech	-	2	6	2	7	Expected integer register\n | Expected FP register\n | Expected VMX32 vector register\n	3	_strlwr,atoi,strcpy_s
10c01d50	466	ghidra	inlnasm.c	in-anchor	-	-	cited	mech	-	1	8	2	6	e:\\bt\\278379\\vctools\\compiler\\be\\p2\\pp… | Unknown register\n | Expected base register\n	3	_strlwr,strcpy_s,strstr
10c01f23	666	ghidra	inlnasm.c	gap	-	-	none	mech	-	1	7	2	6	n should be greater than 0\n | n should be less than 32\n | n should be less than 64\n	0	-
10c02767	108	ghidra	inlnasm.c	gap	-	-	none	mech	-	1	2	2	1	Label	2	_itoa_s,strcat_s
10c027d3	8796	ghidra	inlnasm.c	gap	-	-	cited	mech	-	1	44	2	23	Invalid operands\n | Unsupported instruction form\n | First and third operands must be equal\n	6	_stricmp,_strlwr,atoi
10c04bcc	237	ghidra	inlnasm.c	gap	-	-	none	mech	-	1	5	2	0	-	0	-
10c04cb9	180	ghidra	inlnasm.c	gap	-	-	labelled	high	select-table-install|sel-table-install|emit.optab.install: Installs the 13 per-operator opcode tables into DAT_10c6fdac..DAT_10c6fddc; picks the -QVMX128 alternates (0x10c39000/0x10c390d0/0x10c39208/…	1	0	0	0	-	0	-
10c04d6d	66	ghidra	inlnasm.c	gap	-	-	cited	mech	-	1	2	1	0	-	0	-
10c04daf	91	ghidra	inlnasm.c	gap	-	-	labelled	high	emit.mask.decompose: Rotate-mask decomposition. Returns 0xffffffff EXACTLY when the argument is a valid PPC rotate mask (contiguous run, wrapping allowed) and fills MB/ME; otherwise returns the resid…	6	0	0	0	-	0	-
10c04e0a	201	ghidra	inlnasm.c	gap	-	-	none	mech	-	3	0	1	0	-	0	-
10c04ed3	67	ghidra	inlnasm.c	gap	-	-	none	mech	-	6	1	1	0	-	0	-
10c04f16	46	ghidra	inlnasm.c	gap	-	-	none	mech	-	5	1	1	0	-	0	-
10c04f44	107	ghidra	inlnasm.c	gap	-	-	none	mech	-	1	2	1	0	-	0	-
10c04faf	392	ghidra	inlnasm.c	gap	regalloc	P_REGALLOC.md	paged	high	reg-env-init: per-function register environment: DAT_10c6fd9c = the FRAME-POINTER register (2 = sp when none, 0x20 = r31 when needed); DAT_10c6fda8 = the volatile set r3..r12 / fp0..fp13 / cr0,cr1,cr…	2	3	0	0	-	0	-
10c05137	224	ghidra	inlnasm.c	gap	-	-	none	mech	-	2	1	1	0	-	0	-
10c05217	171	ghidra	inlnasm.c	gap	-	-	none	mech	-	4	2	1	0	-	0	-
10c052c2	179	ghidra	inlnasm.c	gap	-	-	none	mech	-	5	2	1	0	-	0	-
10c05375	51	ghidra	inlnasm.c	gap	-	-	none	mech	-	53	3	1	0	-	0	-
10c053a8	63	ghidra	inlnasm.c	gap	-	-	cited	mech	-	13	5	1	0	-	0	-
10c053e7	843	ghidra	lower.c	in-anchor	-	-	cited	mech	-	1	10	1	1	e:\\bt\\278379\\vctools\\compiler\\be\\p2\\pp…	0	-
10c05732	311	ghidra	lower.c	gap	-	-	none	mech	-	4	12	1	0	-	0	-
10c05869	13	ghidra	lower.c	gap	-	-	none	mech	-	3	1	1	0	-	0	-
10c05876	90	ghidra	lower.c	gap	-	-	none	mech	-	3	0	1	0	-	0	-
10c058d0	155	ghidra	lower.c	gap	-	-	none	mech	-	1	2	1	0	-	0	-
10c0596b	261	ghidra	lower.c	gap	-	-	none	mech	-	5	0	2	0	-	0	-
10c05a70	101	ghidra	lower.c	gap	-	-	none	mech	-	1	0	2	0	-	0	-
10c05ad5	835	ghidra	lower.c	gap	-	-	none	mech	-	1	17	2	0	-	0	-
10c05e18	300	ghidra	lower.c	gap	-	-	none	mech	-	1	12	2	0	-	0	-
10c05f44	721	ghidra	lower.c	gap	-	-	none	mech	-	2	19	1	0	-	0	-
10c06215	118	ghidra	lower.c	gap	-	-	none	mech	-	1	4	1	0	-	0	-
10c0628b	53	ghidra	lower.c	gap	-	-	none	mech	-	1	4	1	0	-	0	-
10c062c0	139	ghidra	lower.c	gap	-	-	none	mech	-	2	7	1	0	-	0	-
10c0634b	384	ghidra	lower.c	gap	-	-	labelled	high	select-add|sel-add: ADD lowering (tuple 0x2c5/0x327/0x328). Carry-in operand -> adde (7); carry-out -> addc (3); -1 operand -> addme (0xf); otherwise the add table 0x10c39340 by type index	10	14	0	0	-	0	-
10c064cb	498	ghidra	lower.c	gap	-	-	labelled	high	select-sub|sel-sub: SUB lowering (tuple 0x2c6/0x329/0x32a). Carry-in -> subfe (0x187); carry-out -> subfc (0x183); constant -> subfic (0x18b) or addi (0xb) with the constant negated; otherwise the su…	4	15	0	0	-	0	-
10c066bd	201	ghidra	lower.c	gap	-	-	none	mech	-	4	2	1	0	-	0	-
10c06786	107	ghidra	lower.c	gap	-	-	cited	mech	-	1	2	1	0	-	0	-
10c067f1	253	ghidra	lower.c	gap	-	-	labelled	high	select-mul: MUL lowering (tuple 0x2c7). Constant power of two -> FUN_10c06786 (shift); any other constant -> mulli (0x110); otherwise the mul table 0x10c39410. NO shift/add decomposition — obj-confir…	2	12	0	0	-	0	-
10c068ee	1475	ghidra	lower.c	gap	-	-	labelled	high	select-div|sel-div: DIV lowering (tuple 0x2cd). Signed constant power of two -> srawi (0x147) / sradi (0x143) with an XER[CA] def, then opcode := addze (0x15) — the sign-bias idiom, obj-confirmed by …	1	17	0	0	-	0	-
10c06eb1	620	ghidra	lower.c	gap	-	-	cited	mech	-	1	21	1	0	-	0	-
10c0711d	114	ghidra	lower.c	gap	-	-	labelled	high	select-and: AND lowering (tuple 0x2ca). A constant operand mints the PSEUDO-op rlandi (0x26e) rather than selecting andi.; a register operand selects and (0x19). Obj-confirmed by cell S7 (clrlwi 3,3,…	2	7	0	0	-	0	-
10c0718f	117	ghidra	lower.c	gap	-	-	labelled	high	select-or-xor: Shared OR/XOR lowering (tuple 0x2cb with (0x11d,0x121); 0x2cc with (0x26a,0x26c)). Immediate opcode iff operand 1 is a constant — NO 16-bit fit test, obj-confirmed by cell S8 (oris+ori…	2	6	0	0	-	0	-
10c07204	716	ghidra	lower.c	gap	-	-	none	mech	-	1	9	1	0	-	0	-
10c074f8	679	ghidra	lower.c	gap	-	-	none	mech	-	1	7	1	0	-	0	-
10c0779f	67	ghidra	lower.c	gap	-	-	none	mech	-	1	1	1	0	-	0	-
10c07803	100	ghidra	lower.c	gap	-	-	labelled	medium	select-signedness-flip: Value-range query used by 0x10c0eb17; when it succeeds and the constant does not fit the form its own type wants, the comparison's type nibble is REWRITTEN (1 -> 2, else -> 1)…	3	1	0	0	-	0	-
10c07867	50	ghidra	lower.c	gap	-	-	none	mech	-	2	2	1	0	-	0	-
10c07899	79	ghidra	lower.c	gap	-	-	cited	mech	-	6	3	1	0	-	0	-
10c078e8	40	ghidra	lower.c	gap	-	-	none	mech	-	1	3	1	0	-	0	-
10c07910	446	ghidra	lower.c	gap	-	-	labelled	high	reg-slot-store: emits "store register R at offset D off r1"; register 0x53 takes the 0xe6 arm and emits no PPC instruction. CORRECTED by wb-regalloc: 0x53 is `lr`, not a "frame-establish pseudo-regis…	3	6	0	0	-	0	-
10c07ace	414	ghidra	lower.c	gap	-	-	none	mech	-	3	6	1	0	-	0	-
10c07c6c	1915	ghidra	lower.c	gap	-	-	cited	mech	-	1	21	1	1	__pexit	0	-
10c083e7	363	ghidra	lower.c	gap	-	-	cited	mech	-	1	10	2	1	memcpy	0	-
10c08552	123	ghidra	lower.c	gap	-	-	none	mech	-	1	6	2	0	-	0	-
10c085cd	5	thunk	lower.c	gap	-	-	none	high	thunk	1	0	3	0	-	0	-
10c085d2	349	ghidra	lower.c	gap	-	-	none	mech	-	1	4	2	0	-	0	-
10c0872f	269	ghidra	lower.c	gap	-	-	none	mech	-	1	3	2	0	-	0	-
10c0883c	85	ghidra	lower.c	gap	-	-	none	mech	-	2	1	2	0	-	0	-
10c08891	94	ghidra	lower.c	gap	-	-	none	mech	-	3	1	1	0	-	0	-
10c088ef	43	ghidra	lower.c	gap	-	-	none	mech	-	1	2	2	0	-	0	-
10c0891a	124	ghidra	lower.c	gap	-	-	none	mech	-	3	1	1	0	-	0	-
10c08996	45	ghidra	lower.c	gap	-	-	none	mech	-	3	0	2	0	-	0	-
10c089c3	75	ghidra	lower.c	gap	-	-	none	mech	-	1	1	2	0	-	0	-
10c08a0e	500	ghidra	lower.c	gap	-	-	none	mech	-	2	5	2	0	-	0	-
10c08c02	26	ghidra	lower.c	gap	-	-	none	mech	-	1	0	2	0	-	0	-
10c08c3d	95	ghidra	lower.c	gap	-	-	none	mech	-	3	3	1	0	-	0	-
10c08c9c	301	ghidra	lower.c	gap	-	-	none	mech	-	1	7	2	0	-	0	-
10c08e38	784	ghidra	lower.c	gap	-	-	cited	mech	-	18	7	1	0	-	0	-
10c09148	60	ghidra	lower.c	gap	-	-	none	mech	-	3	3	1	0	-	0	-
10c09184	223	ghidra	lower.c	gap	-	-	none	mech	-	3	3	2	0	-	0	-
10c09263	292	ghidra	lower.c	gap	-	-	none	mech	-	5	5	2	0	-	0	-
10c09387	89	ghidra	lower.c	gap	-	-	none	mech	-	1	2	2	0	-	0	-
10c093e0	25	ghidra	lower.c	gap	-	-	none	mech	-	3	0	1	0	-	0	-
10c093f9	17	ghidra	lower.c	gap	-	-	none	mech	-	1	1	2	0	-	0	-
10c0940a	170	ghidra	lower.c	gap	-	-	none	mech	-	1	0	3	0	-	0	-
10c094b4	387	ghidra	lower.c	gap	-	-	none	mech	-	1	0	2	0	-	0	-
10c0967c	17	ghidra	lower.c	gap	-	-	none	mech	-	4	1	1	0	-	0	-
10c0968d	1366	ghidra	lower.c	gap	-	-	none	mech	-	1	10	1	0	-	0	-
10c09be3	127	ghidra	lower.c	gap	-	-	none	mech	-	1	4	1	0	-	0	-
10c09c62	31	ghidra	lower.c	gap	-	-	none	mech	-	1	2	1	0	-	0	-
10c09c81	285	ghidra	lower.c	gap	-	-	labelled	high	tuple-uses-ctr: the per-tuple CTR test. Machine tuples: refuse if the tuple uses/defs the CTR pseudo-symbol DAT_10c31008 or has an operand of register 0x54. Tuple-IR: refuse on opcodes 0x290/0x2bd/0x…	2	7	0	0	-	0	-
10c09d9e	28	ghidra	lower.c	gap	-	-	cited	mech	-	1	2	1	0	-	0	-
10c09dba	187	ghidra	lower.c	gap	-	-	none	mech	-	1	8	1	0	-	0	-
10c09e75	213	ghidra	lower.c	gap	-	-	none	mech	-	1	4	2	0	-	0	-
10c09f4a	20	ghidra	lower.c	gap	-	-	none	mech	-	1	0	4	0	-	0	-
10c09f5e	214	ghidra	lower.c	gap	-	-	none	mech	-	1	6	2	0	-	0	-
10c0a034	316	ghidra	lower.c	gap	-	-	none	mech	-	1	11	1	0	-	0	-
10c0a170	370	ghidra	lower.c	gap	-	-	labelled	high	emit.mask.cost: Mask cost in WORDS: 0 -> 1; fits u16 or (m & 0xffff)==0 -> 1; contiguous non-wrapping -> 1; contiguous wrapping -> 2; residue contiguous -> 2; else 3. Read by 0x10c0a2e2 and by 0x10c1…	5	7	0	0	-	0	-
10c0a2e2	1871	ghidra	lower.c	gap	-	-	labelled	high	sel-rlandi-expand|emit.expand.rlandi: THE rlandi (0x26e) EXPANDER — this site is CORRECT and is re-confirmed 2026-08-09 by W-TABLES.tsv (WB_SELECT_FINDINGS_R2.md named 0x10c1772b instead, which is a …	2	20	0	0	-	0	-
10c0aa31	305	ghidra	lower.c	gap	-	-	none	mech	-	1	8	1	0	-	2	strcat_s,strcpy_s
10c0ab62	139	ghidra	lower.c	gap	-	-	none	mech	-	2	6	1	0	-	0	-
10c0abed	774	ghidra	lower.c	gap	-	-	none	mech	-	1	15	2	0	-	0	-
10c0aef3	226	ghidra	lower.c	gap	-	-	none	mech	-	1	6	2	0	-	0	-
10c0afd5	241	ghidra	lower.c	gap	-	-	none	mech	-	1	6	2	0	-	0	-
10c0b0c6	153	ghidra	lower.c	gap	-	-	none	mech	-	2	9	1	0	-	0	-
10c0b15f	417	ghidra	lower.c	gap	-	-	none	mech	-	2	15	1	0	-	0	-
10c0b300	448	ghidra	lower.c	gap	-	-	labelled	high	select-record-form|sel-cmp-cr0: The record-form / CR-field decision. Requires the compare's RHS to be the constant 0, walks BACKWARDS to the defining instruction, accepts iff (&DAT_10c3afd8)[op] & 0x…	1	9	0	0	-	0	-
10c0b4c0	464	ghidra	lower.c	gap	-	-	cited	mech	-	1	12	1	0	-	0	-
10c0b690	106	ghidra	lower.c	gap	-	-	cited	mech	-	8	4	1	0	-	0	-
10c0b6fa	464	ghidra	lower.c	gap	-	-	labelled	high	frame-alloc: the frame allocator: nothing emitted when size <= 0 (10c0b708); F = align16(size) ONCE and AFTER the additions (10c0b722); stwu, or _RtlCheckStack12 + stwux at F >= 5 * the page datum DA…	2	9	0	1	_RtlCheckStack12	0	-
10c0b8ca	2439	ghidra	lower.c	gap	-	-	labelled	medium	frame-dealloc: the epilogue counterpart; same 5-page and imm16 tests off the stored frame size	1	28	0	1	__penter	0	-
10c0c251	2250	ghidra	lower.c	gap	-	-	none	mech	-	1	36	1	0	-	0	-
10c0cb1b	1426	ghidra	lower.c	gap	-	-	none	mech	-	1	13	2	0	-	0	-
10c0d0ad	522	ghidra	lower.c	gap	-	-	none	mech	-	8	9	1	0	-	0	-
10c0d32b	34	ghidra	lower.c	gap	-	-	none	mech	-	1	2	2	0	-	0	-
10c0d34d	22	ghidra	lower.c	gap	-	-	none	mech	-	2	1	2	0	-	0	-
10c0d363	155	ghidra	lower.c	gap	-	-	none	mech	-	3	5	2	0	-	0	-
10c0d3fe	87	ghidra	lower.c	gap	-	-	labelled	high	loop-ctr-available: p2\ppc\lower.c: is CTR free through this loop? Refuses on -QXnobdnz (DAT_10c2ecf8), DAT_10c3de20==1, (DAT_10c472e8+0xcdc)&10, or any tuple in any block satisfying 10c09c81	2	1	0	0	-	0	-
10c0d455	297	ghidra	lower.c	gap	-	-	none	mech	-	1	1	3	0	-	0	-
10c0d57e	3899	ghidra	lower.c	gap	-	-	labelled	high	sel-expand-switch: The in-place expansion switch WB-D §4 saw — a 3899-byte binary decision tree on instr[1] with arms at 0x0b..0x0d (addi/addic/addic.), 0x21 (bc), 0x2e/0x30 (cmpi/cmpli), 0x270 (li) …	3	41	0	0	-	0	-
10c0e4b9	1630	ghidra	lower.c	gap	-	-	cited	mech	-	5	35	1	1	__r12_indirect	0	-
10c0eb17	789	ghidra	lower.c	gap	-	-	labelled	high	select-compare|sel-cmp: COMPARE lowering (tuple 0x2d4). Immediate table 0x10c394e0 when the constant fits — SIGNED 16-bit for type nibble 1, UNSIGNED 16-bit for nibbles 2/3/4 — else register table 0x…	3	10	0	0	-	0	-
10c0ee2c	32	ghidra	lower.c	gap	-	-	none	mech	-	1	2	2	0	-	0	-
10c0f12e	32	ghidra	lower.c	gap	-	-	cited	mech	-	1	2	2	0	-	0	-
10c0f14e	159	ghidra	lower.c	gap	-	-	none	mech	-	2	6	1	0	-	0	-
10c0f1ed	1506	ghidra	lower.c	gap	-	-	labelled	high	select-convert: Convert/widen lowering (tuple 0x2b3), table 0x10b1fd08: extsb / extsh / extsw / mr by type index	3	26	0	0	-	0	-
10c0f7f9	775	ghidra	lower.c	gap	-	-	labelled	high	loop-ctr-convert: p2\ppc\lower.c: the per-loop mtctr/bdnz conversion. Recurses into child loops (loop+0x04) FIRST, then ~20 refusal clauses, then the rewrite: mint mtctr assign + bdnz (opcodes 0x2af/…	2	14	0	0	-	0	-
10c0f81e	100	ghidra	lower.c	gap	-	-	labelled	high	loop-ctr-driver: p2\ppc\lower.c: the bdnz pass driver. Gated on DAT_10c2e2fc (optimize) and DAT_10c2ecf8 (-QXnobdnz); walks the per-function LOOP LIST at func+0x0c calling 10c0f7f9. Called FIRST from…	1	6	0	0	-	0	-
10c0f882	686	ghidra	lower.c	gap	-	-	labelled	high	select-dispatch|sel-dispatch: THE per-operator instruction-selection dispatch: switch on tuple->opcode, base 0x27e, 174 opcodes, 41 distinct arms. Byte index table 0x10c0fbd6, jump table 0x10c0fb32. …	10	44	0	0	-	0	-
10c0fc83	510	ghidra	lower.c	gap	-	-	none	mech	-	1	9	1	0	-	0	-
10c0fe81	3580	ghidra	lower.c	gap	-	-	none	mech	-	3	41	1	0	-	0	-
10c10c7d	20	ghidra	lower.c	gap	-	-	labelled	high	listing-writer: .cod file header (TITLE/.PPC/.MODEL FLAT/ORG)	2	1	0	1	\tORG $%+ld	0	-
10c10c91	3	ghidra	lower.c	gap	-	-	none	mech	-	1	0	3	0	-	0	-
10c10cf1	130	ghidra	lower.c	gap	-	-	labelled	high	listing-writer: .cod per-function epilogue (End code for function)	1	4	0	1	; End code for function: 	0	-
10c10d73	509	ghidra	lower.c	gap	-	-	labelled	high	listing-writer: per-instruction .cod line writer, p2/ppc/mdlist.c	1	7	0	2	DCD 0x%x | DCD |%s|	1	sprintf_s
10c10f70	94	ghidra	lower.c	gap	-	-	none	mech	-	1	0	1	0	-	0	-
10c10fce	146	ghidra	lower.c	gap	-	-	none	mech	-	1	3	1	3	%s = %ld | tv%d = %ld | size = %ld	0	-
10c11060	54	ghidra	mdlist.c	in-anchor	-	-	cited	mech	-	2	1	2	1	e:\\bt\\278379\\vctools\\compiler\\be\\p2\\pp…	0	-
10c11096	190	ghidra	mdlist.c	gap	-	-	none	mech	-	0	3	2	2	%02x%02x | %05lx	0	-
10c111a2	42	ghidra	mdlist.c	gap	-	-	none	mech	-	1	1	1	0	-	0	-
10c111cc	77	ghidra	mdlist.c	gap	-	-	none	mech	-	1	2	2	2	; Start of %sloop | cold 	0	-
10c11219	285	ghidra	mdlist.c	gap	-	-	labelled	high	listing-writer: .cod per-function prologue (Begin code for function/PROC NEAR/COMDAT)	1	8	0	4	; Begin code for function:  | COMDAT | PROC NEAR	0	-
10c11336	59	ghidra	mdlist.c	gap	-	-	none	mech	-	1	0	1	0	-	0	-
10c11371	10	ghidra	mdlist.c	gap	-	-	none	mech	-	1	2	1	0	-	0	-
10c1137b	28	ghidra	mdlist.c	gap	-	-	none	mech	-	1	0	2	0	-	0	-
10c11397	20	ghidra	mdlist.c	gap	-	-	none	mech	-	1	1	1	1	_fltused	0	-
10c113ab	5	thunk	mdlist.c	gap	-	-	none	high	thunk	4	0	1	0	-	0	-
10c113b0	55	ghidra	mdlist.c	gap	-	-	none	mech	-	2	0	4	0	-	0	-
10c113e7	12	ghidra	mdlist.c	gap	-	-	none	mech	-	1	1	4	0	-	0	-
10c113f3	896	ghidra	mdlist.c	gap	-	-	cited	mech	-	2	7	1	0	-	0	-
10c11773	92	ghidra	mdlist.c	gap	-	-	none	mech	-	1	3	2	0	-	0	-
10c117cf	206	ghidra	mdlist.c	gap	-	-	none	mech	-	1	1	2	9	LIBCMT | LIBCMTD | VCOMPD	0	-
10c1189d	39	ghidra	mdlist.c	gap	-	-	none	mech	-	1	0	2	0	-	0	-
10c118c4	213	ghidra	mdlist.c	gap	-	-	none	mech	-	1	7	2	0	-	0	-
10c11999	326	ghidra	mdlist.c	gap	-	-	none	mech	-	1	1	2	0	-	0	-
10c11adf	559	ghidra	mdlist.c	gap	-	-	none	mech	-	1	7	1	0	-	0	-
10c11d0e	43	ghidra	mdlist.c	gap	-	-	none	mech	-	1	0	2	0	-	0	-
10c11d39	5	ghidra	mdlist.c	gap	-	-	none	mech	-	1	0	2	0	-	0	-
10c11d3e	203	ghidra	mdlist.c	gap	-	-	none	mech	-	1	0	2	0	-	0	-
10c11e09	62	ghidra	mdlist.c	gap	-	-	none	mech	-	1	1	2	0	-	0	-
10c11e47	52	ghidra	mdlist.c	gap	-	-	none	mech	-	1	0	3	0	-	0	-
10c11e7b	19	ghidra	mdlist.c	gap	-	-	none	mech	-	1	1	2	0	-	0	-
10c11e8e	523	ghidra	mdlist.c	gap	-	-	none	mech	-	1	5	2	0	-	0	-
10c12099	252	ghidra	mdlist.c	gap	-	-	none	mech	-	1	4	2	0	-	0	-
10c12195	30	ghidra	mdlist.c	gap	-	-	none	mech	-	1	0	3	0	-	0	-
10c121b3	28	ghidra	mdlist.c	gap	-	-	none	mech	-	1	0	4	0	-	0	-
10c121cf	176	ghidra	mdlist.c	gap	-	-	none	mech	-	1	1	3	0	-	0	-
10c1227f	51	ghidra	mdmisc.c	in-anchor	-	-	none	mech	-	1	1	2	1	e:\\bt\\278379\\vctools\\compiler\\be\\p2\\pp…	0	-
10c122b2	28	ghidra	mdmisc.c	gap	-	-	none	mech	-	1	0	3	0	-	0	-
10c122ce	235	ghidra	mdmisc.c	gap	-	-	none	mech	-	0	3	2	0	-	0	-
10c123b9	92	ghidra	mdmisc.c	gap	-	-	none	mech	-	4	0	1	0	-	0	-
10c12415	65	ghidra	mdmisc.c	gap	-	-	none	mech	-	1	0	2	0	-	0	-
10c12456	31	ghidra	mdmisc.c	gap	-	-	none	mech	-	3	2	1	0	-	0	-
10c12475	123	ghidra	mdmisc.c	gap	-	-	none	mech	-	1	1	2	0	-	0	-
10c124f0	60	ghidra	mdmisc.c	gap	-	-	none	mech	-	1	0	4	0	-	0	-
10c1252c	144	ghidra	mdmisc.c	gap	-	-	labelled	high	watermark|section-select: creates .XBLD$W and the __C2_11886 build-stamp symbol; byte-swaps 16 B LE->BE	1	6	0	2	__C2_11886 | .XBLD$W	0	-
10c125bc	40	ghidra	mdmisc.c	gap	-	-	none	mech	-	2	0	1	0	-	0	-
10c125e4	394	ghidra	mdmisc.c	gap	-	-	none	mech	-	1	7	1	0	-	0	-
10c127b9	174	ghidra	mdmisc.c	gap	-	-	none	mech	-	1	5	2	0	-	0	-
10c12867	174	ghidra	mdmisc.c	gap	-	-	none	mech	-	1	5	2	0	-	0	-
10c12915	271	ghidra	mdmisc.c	gap	-	-	none	mech	-	1	5	2	0	-	0	-
10c12a24	548	ghidra	mdmisc.c	gap	-	-	none	mech	-	1	9	1	0	-	0	-
10c12c48	114	ghidra	mdmisc.c	gap	-	-	none	mech	-	1	1	1	0	-	0	-
10c12cba	44	ghidra	mdmisc.c	gap	-	-	none	mech	-	15	1	2	0	-	0	-
10c12ce6	55	ghidra	mdmisc.c	gap	-	-	none	mech	-	15	1	2	0	-	0	-
10c12d1d	160	ghidra	mdmisc.c	gap	-	-	none	mech	-	1	3	2	0	-	0	-
10c12dbd	119	ghidra	mdmisc.c	gap	-	-	none	mech	-	1	3	2	0	-	0	-
10c12e34	28	ghidra	mdmisc.c	gap	-	-	none	mech	-	1	0	2	0	-	0	-
10c12e50	40	ghidra	mdmisc.c	gap	-	-	none	mech	-	2	1	1	0	-	0	-
10c12e78	69	ghidra	mdmisc.c	gap	-	-	none	mech	-	2	2	2	0	-	0	-
10c12ebd	126	ghidra	mdmisc.c	gap	-	-	none	mech	-	1	2	2	0	-	0	-
10c12f3b	720	ghidra	mdmisc.c	gap	-	-	none	mech	-	2	10	2	0	-	0	-
10c1320b	1324	ghidra	mdmisc.c	gap	-	-	none	mech	-	3	14	2	0	-	0	-
10c13737	596	ghidra	mdmisc.c	gap	-	-	none	mech	-	1	9	2	0	-	0	-
10c1398b	412	ghidra	mdmisc.c	gap	-	-	none	mech	-	1	13	2	0	-	0	-
10c13b27	1466	ghidra	mdmisc.c	gap	-	-	none	mech	-	1	20	1	0	-	0	-
10c140e1	485	ghidra	mdmisc.c	gap	-	-	none	mech	-	1	7	2	0	-	0	-
10c142c6	309	ghidra	mdmisc.c	gap	-	-	none	mech	-	1	4	2	0	-	0	-
10c143fb	317	ghidra	mdmisc.c	gap	-	-	none	mech	-	1	5	2	0	-	0	-
10c14538	329	ghidra	mdmisc.c	gap	-	-	none	mech	-	1	5	2	0	-	0	-
10c14681	312	ghidra	mdmisc.c	gap	-	-	none	mech	-	1	5	2	0	-	0	-
10c147b9	321	ghidra	mdmisc.c	gap	-	-	none	mech	-	1	5	2	0	-	0	-
10c148fa	497	ghidra	mdmisc.c	gap	-	-	none	mech	-	1	6	2	0	-	0	-
10c14aeb	45	ghidra	mdmisc.c	gap	-	-	none	mech	-	1	0	2	0	-	0	-
10c14b18	1227	ghidra	mdmisc.c	gap	-	-	none	mech	-	1	25	1	0	-	0	-
10c14fe3	199	ghidra	mdmisc.c	gap	-	-	none	mech	-	1	4	2	0	-	0	-
10c150aa	49	ghidra	mdmisc.c	gap	-	-	none	mech	-	1	1	2	0	-	0	-
10c150db	330	ghidra	mdmisc.c	gap	-	-	none	mech	-	1	10	2	0	-	0	-
10c15225	351	ghidra	mdmisc.c	gap	-	-	none	mech	-	1	12	2	0	-	0	-
10c15384	219	ghidra	mdmisc.c	gap	-	-	none	mech	-	1	5	1	0	-	0	-
10c1545f	497	ghidra	mdmisc.c	gap	-	-	none	mech	-	1	5	2	0	-	0	-
10c15650	292	ghidra	mdmisc.c	gap	-	-	none	mech	-	1	5	2	0	-	0	-
10c15774	255	ghidra	mdmisc.c	gap	-	-	none	mech	-	1	3	2	0	-	0	-
10c15873	788	ghidra	mdmisc.c	gap	-	-	none	mech	-	1	12	1	0	-	0	-
10c15b87	504	ghidra	mdmisc.c	gap	-	-	cited	mech	-	1	5	1	0	-	0	-
10c15d7f	613	ghidra	mdmisc.c	gap	-	-	cited	mech	-	1	9	1	0	-	0	-
10c15fe4	333	ghidra	mdmisc.c	gap	-	-	none	mech	-	1	8	1	0	-	0	-
10c16131	665	ghidra	mdmisc.c	gap	-	-	none	mech	-	9	24	1	0	-	0	-
10c1642f	314	ghidra	mdmisc.c	gap	-	-	none	mech	-	1	4	2	0	-	0	-
10c16569	666	ghidra	mdmisc.c	gap	-	-	labelled	medium	md-peephole-driver: the machine-instruction peephole loop; gates 10c15d7f (opcode 1) and 10c15b87 (opcode 0xb) on DAT_10c2ecfc. A second consumer of the -QXnopreinc flag, at machine level	1	10	0	0	-	0	-
10c16803	75	ghidra	mdmisc.c	gap	-	-	none	mech	-	1	0	2	0	-	0	-
10c1684e	467	ghidra	mdmisc.c	gap	-	-	none	mech	-	2	8	1	0	-	0	-
10c16a21	37	ghidra	mdmisc.c	gap	-	-	none	mech	-	2	0	1	0	-	0	-
10c16a46	351	ghidra	mdmisc.c	gap	-	-	labelled	medium	emit.peephole.finddef: Walks backwards from an instruction to the one defining a given operand; the entry point of every arm of 0x10c182b4	11	2	0	0	-	0	-
10c16ba5	23	ghidra	mdmisc.c	gap	-	-	none	mech	-	14	1	1	0	-	0	-
10c16bbc	30	ghidra	mdmisc.c	gap	-	-	none	mech	-	2	1	1	0	-	0	-
10c16bda	140	ghidra	mdmisc.c	gap	-	-	none	mech	-	6	2	1	0	-	0	-
10c16c66	23	ghidra	mdmisc.c	gap	-	-	none	mech	-	2	0	2	0	-	0	-
10c16c7d	97	ghidra	mdmisc.c	gap	-	-	none	mech	-	7	1	1	0	-	0	-
10c16cde	165	ghidra	mdmisc.c	gap	-	-	cited	mech	-	9	2	1	0	-	0	-
10c16d83	214	ghidra	mdmisc.c	gap	-	-	cited	mech	-	3	6	1	0	-	0	-
10c16e59	356	ghidra	mdmisc.c	gap	-	-	cited	mech	-	1	8	1	0	-	0	-
10c16fbd	191	ghidra	mdmisc.c	gap	-	-	none	mech	-	1	7	1	0	-	0	-
10c1707c	202	ghidra	mdmisc.c	gap	-	-	none	mech	-	2	9	1	0	-	0	-
10c17146	171	ghidra	mdmisc.c	gap	-	-	cited	mech	-	3	6	1	0	-	0	-
10c171f1	335	ghidra	mdmisc.c	gap	-	-	none	mech	-	3	7	1	0	-	0	-
10c17340	308	ghidra	mdmisc.c	gap	-	-	none	mech	-	1	8	2	0	-	0	-
10c17474	222	ghidra	mdmisc.c	gap	-	-	none	mech	-	1	5	1	0	-	0	-
10c17552	41	ghidra	mdmisc.c	gap	-	-	cited	mech	-	1	1	1	0	-	0	-
10c1757b	41	ghidra	mdmisc.c	gap	-	-	none	mech	-	1	1	1	0	-	0	-
10c175a4	59	ghidra	mdmisc.c	gap	-	-	none	mech	-	1	1	1	0	-	0	-
10c175df	76	ghidra	mdmisc.c	gap	-	-	none	mech	-	3	3	1	0	-	0	-
10c1762b	137	ghidra	mdmisc.c	gap	-	-	none	mech	-	5	6	1	0	-	0	-
10c176b4	43	ghidra	mdmisc.c	gap	-	-	none	mech	-	2	0	1	0	-	0	-
10c1772b	1007	ghidra	mdmisc.c	gap	-	-	labelled	medium	select-rlandi-expand|emit.peephole.rlandi: Expansion-switch arm 13: the rlandi (0x26e/0x26f) expander — turns AND-with-constant into rlwinm, andi. or li+and. THE ONE UNREAD PASS between this lane's r…	1	14	0	0	-	0	-
10c17b1a	34	ghidra	mdmisc.c	gap	-	-	none	mech	-	1	0	2	0	-	0	-
10c17b3c	60	ghidra	mdmisc.c	gap	-	-	none	mech	-	1	0	2	0	-	0	-
10c17b78	55	ghidra	mdmisc.c	gap	-	-	none	mech	-	1	0	2	0	-	0	-
10c17baf	74	ghidra	mdmisc.c	gap	-	-	none	mech	-	1	0	2	0	-	0	-
10c17bf9	639	ghidra	mdmisc.c	gap	-	-	none	mech	-	1	16	1	0	-	0	-
10c17e78	235	ghidra	mdmisc.c	gap	-	-	cited	mech	-	2	5	1	0	-	0	-
10c17f63	484	ghidra	mdmisc.c	gap	-	-	none	mech	-	1	5	1	0	-	0	-
10c18147	365	ghidra	mdmisc.c	gap	-	-	cited	mech	-	1	8	1	0	-	0	-
10c182b4	426	ghidra	mdmisc.c	gap	-	-	labelled	high	select-expand-switch|emit.peephole.pass: The in-place expansion switch WB-D 4 saw but did not name: switch on the MACHINE opcode (instr[1]-1, range 0x292), byte index 0x10c184a8, jump table 0x10c1846…	1	15	0	0	-	0	-
10c1873b	92	ghidra	mdmisc.c	gap	-	-	none	mech	-	1	2	1	0	-	0	-
10c18797	52	ghidra	mdmisc.c	gap	-	-	none	mech	-	6	0	2	0	-	0	-
10c187cb	199	ghidra	mdmisc.c	gap	-	-	none	mech	-	5	0	2	0	-	0	-
10c18892	3	ghidra	mdmisc.c	gap	-	-	none	mech	-	2	0	3	0	-	0	-
10c18895	37	ghidra	mdmisc.c	gap	-	-	none	mech	-	2	0	3	0	-	0	-
10c188ba	318	ghidra	mdmisc.c	gap	-	-	none	mech	-	2	3	2	0	-	0	-
10c189f8	51	ghidra	mdmisc.c	gap	-	-	none	mech	-	1	3	3	0	-	0	-
10c18a2b	44	ghidra	mdmisc.c	gap	-	-	none	mech	-	1	1	3	0	-	0	-
10c18a57	140	ghidra	mdmisc.c	gap	-	-	none	mech	-	1	3	1	0	-	0	-
10c18ae3	70	ghidra	mdmisc.c	gap	-	-	none	medium	only-from:pgo-client	1	3	2	0	-	0	-
10c18b29	46	ghidra	mdmisc.c	gap	-	-	none	mech	-	1	2	2	0	-	0	-
10c18b57	67	ghidra	mdmisc.c	gap	-	-	none	mech	-	1	3	1	0	-	0	-
10c18b9a	296	ghidra	mdmisc.c	gap	-	-	none	medium	only-from:pgo-client	1	8	1	0	-	0	-
10c18cc2	290	ghidra	mdmisc.c	gap	-	-	none	mech	-	2	10	2	0	-	0	-
10c18de4	200	ghidra	mdmisc.c	gap	-	-	none	medium	only-from:pgo-client	1	6	1	0	-	0	-
10c18eac	56	ghidra	mdmisc.c	gap	-	-	none	mech	-	1	2	2	0	-	0	-
10c18ee4	17	ghidra	mdmisc.c	gap	-	-	none	mech	-	6	0	2	0	-	0	-
10c18ef5	52	ghidra	mdmisc.c	gap	-	-	none	mech	-	1	2	2	0	-	0	-
10c18f29	73	ghidra	mdmisc.c	gap	-	-	none	mech	-	3	0	2	0	-	0	-
10c18f72	18	ghidra	mdmisc.c	gap	-	-	none	mech	-	2	1	2	0	-	0	-
10c18f84	12	ghidra	mdmisc.c	gap	-	-	none	mech	-	1	0	2	0	-	0	-
10c18f90	113	ghidra	mdmisc.c	gap	-	-	none	mech	-	1	2	1	0	-	0	-
10c19001	265	ghidra	mdmisc.c	gap	-	-	none	mech	-	1	3	3	0	-	0	-
10c1910a	44	ghidra	mdmisc.c	gap	-	-	none	mech	-	2	1	1	0	-	0	-
10c19136	115	ghidra	mdmisc.c	gap	-	-	none	mech	-	1	3	1	0	-	0	-
10c191a9	144	ghidra	mdmisc.c	gap	-	-	none	mech	-	1	1	1	0	-	0	-
10c19239	449	ghidra	mdmisc.c	gap	-	-	none	medium	only-from:pgo-client	1	16	2	1	__PogoRuntimeVector	0	-
10c193fa	190	ghidra	mdmisc.c	gap	-	-	none	medium	only-from:pgo-client	1	5	2	0	-	0	-
10c194b8	890	ghidra	mdmisc.c	gap	-	-	cited	mech	-	1	21	1	0	-	0	-
10c19832	39	ghidra	mdmisc.c	gap	-	-	none	mech	-	13	2	2	0	-	0	-
10c19859	44	ghidra	mdmisc.c	gap	-	-	cited	mech	-	17	2	1	0	-	0	-
10c19885	77	ghidra	mdmisc.c	gap	-	-	none	mech	-	10	4	2	0	-	0	-
10c198d2	100	ghidra	mdmisc.c	gap	-	-	cited	mech	-	2	4	1	0	-	0	-
10c19936	134	ghidra	mdmisc.c	gap	-	-	cited	mech	-	2	7	1	0	-	0	-
10c199bc	75	ghidra	mdmisc.c	gap	-	-	none	mech	-	1	3	1	0	-	0	-
10c19a07	120	ghidra	mdmisc.c	gap	-	-	none	mech	-	1	5	1	0	-	0	-
10c19a7f	122	ghidra	mdmisc.c	gap	-	-	none	mech	-	1	5	1	0	-	0	-
10c19af9	116	ghidra	mdmisc.c	gap	-	-	none	mech	-	1	4	1	0	-	0	-
10c19b6d	83	ghidra	mdmisc.c	gap	-	-	none	mech	-	1	3	1	0	-	0	-
10c19bc0	199	ghidra	mdmisc.c	gap	-	-	none	mech	-	2	12	1	0	-	0	-
10c19c87	201	ghidra	mdmisc.c	gap	-	-	none	mech	-	2	12	1	0	-	0	-
10c19d50	89	ghidra	mdmisc.c	gap	-	-	none	mech	-	1	5	1	0	-	0	-
10c19da9	241	ghidra	mdmisc.c	gap	-	-	none	mech	-	1	11	1	0	-	0	-
10c19e9a	207	ghidra	mdmisc.c	gap	-	-	none	mech	-	1	9	1	0	-	0	-
10c19f69	114	ghidra	mdmisc.c	gap	-	-	none	mech	-	1	4	1	0	-	0	-
10c19fdb	93	ghidra	mdmisc.c	gap	-	-	none	mech	-	0	3	2	0	-	0	-
10c1a038	115	ghidra	mdmisc.c	gap	-	-	none	mech	-	0	5	2	0	-	0	-
10c1a0ab	272	ghidra	mdmisc.c	gap	-	-	none	mech	-	1	10	1	0	-	0	-
10c1a1bb	285	ghidra	mdmisc.c	gap	-	-	none	mech	-	1	9	1	0	-	0	-
10c1a2d8	190	ghidra	mdmisc.c	gap	-	-	none	mech	-	1	10	1	0	-	0	-
10c1a396	254	ghidra	mdmisc.c	gap	-	-	none	mech	-	1	13	1	0	-	0	-
10c1a494	93	ghidra	mdmisc.c	gap	-	-	none	mech	-	0	3	2	0	-	0	-
10c1a4f1	115	ghidra	mdmisc.c	gap	-	-	none	mech	-	0	5	2	0	-	0	-
10c1a564	275	ghidra	mdmisc.c	gap	-	-	none	mech	-	1	13	1	0	-	0	-
10c1a677	294	ghidra	mdmisc.c	gap	-	-	none	mech	-	1	9	1	0	-	0	-
10c1a79d	155	ghidra	mdmisc.c	gap	-	-	none	mech	-	1	7	1	0	-	0	-
10c1a838	208	ghidra	mdmisc.c	gap	-	-	cited	mech	-	1	11	1	0	-	0	-
10c1a908	768	ghidra	mdmisc.c	gap	-	-	labelled	high	sel-setcc-zero-table: The zero-operand fast path: a 20-arm switch on the relation code selecting one of ~20 expander functions in 10c198d2..10c1a838, with a second variant chosen when the other opera…	1	26	0	0	-	0	-
10c1ac5c	721	ghidra	mdmisc.c	gap	-	-	labelled	high	select-carry-idiom|sel-setcc-carry: The CARRY expander. UNSIGNED-ONLY: condition codes 3-6 (signed LT/LE/GT/GE) return 500 = impossible. Normalises every unsigned relation to ULE by swapping. Emits […	2	13	0	0	-	0	-
10c1af2d	973	ghidra	mdmisc.c	gap	-	-	labelled	high	select-cntlzw-idiom|sel-setcc-cntlzw: The cntlzw rival. Handles EQ, NE, and LT/GE (each with an extra cntlzw) against a zero RHS. Emits [subf/addi] / [cntlzw] / cntlzw(0x32) / rlandi rot=27 mask=1 (=…	2	9	0	0	-	0	-
10c1b2fa	27	ghidra	mdmisc.c	gap	-	-	cited	mech	-	3	0	1	0	-	0	-
10c1b315	514	ghidra	mdmisc.c	gap	-	-	labelled	high	sel-ifconv-profit: THE PROFITABILITY GATE for turning a branch into a branchless value.  Called from p2\misc.c (0x10b813f1).  Races the two expanders in COST mode and accepts when 2*cost < 20 at /O1 …	1	4	0	0	-	0	-
10c1b517	140	ghidra	mdmisc.c	gap	-	-	labelled	high	select-relational-chooser|sel-setcc-driver: The value-producing relational (tuple 0x2ea). Runs BOTH expanders in cost-only mode and emits the cheaper; ties go to the cntlzw one. Float -> 0x10c194b8; …	1	5	0	0	-	0	-
10c1b5a3	51	ghidra	mdmisc.c	gap	-	-	none	mech	-	1	0	2	0	-	0	-
10c1b5d6	537	ghidra	mdmisc.c	gap	-	-	none	mech	-	1	3	2	0	-	0	-
10c1b7ef	25	ghidra	mdmisc.c	gap	-	-	none	mech	-	1	0	2	0	-	0	-
10c1b808	108	ghidra	mdmisc.c	gap	-	-	none	mech	-	1	1	2	0	-	0	-
10c1b874	203	ghidra	mdmisc.c	gap	-	-	none	mech	-	1	4	2	0	-	0	-
10c1b964	38	ghidra	mdmisc.c	gap	-	-	none	mech	-	1	0	1	0	-	0	-
10c1b98a	35	ghidra	mdmisc.c	gap	-	-	none	mech	-	1	0	2	0	-	0	-
10c1b9ad	45	ghidra	mdmisc.c	gap	-	-	none	mech	-	1	0	1	0	-	0	-
10c1b9da	117	ghidra	mdmisc.c	gap	-	-	none	mech	-	1	0	1	0	-	0	-
10c1ba4f	32	ghidra	mdmisc.c	gap	dag	P_DAG.md	paged	mech	-	0	0	0	0	-	0	-
10c1ba6f	320	ghidra	mdmisc.c	gap	dag	P_DAG.md	paged	mech	-	1	2	0	0	-	0	-
10c1bbaf	132	ghidra	mdmisc.c	gap	dag	P_DAG.md	paged	mech	-	1	1	0	0	-	0	-
10c1bc33	69	ghidra	mdmisc.c	gap	-	-	none	mech	-	1	1	1	0	-	0	-
10c1bc78	114	ghidra	mdmisc.c	gap	-	-	cited	mech	-	3	2	1	0	-	0	-
10c1bcea	14	ghidra	mdmisc.c	gap	-	-	none	mech	-	1	1	1	0	-	0	-
10c1bcf8	119	ghidra	mdmisc.c	gap	-	-	none	mech	-	1	0	2	0	-	0	-
10c1bd6f	74	ghidra	mdmisc.c	gap	-	-	none	mech	-	1	0	1	0	-	0	-
10c1bdb9	4	ghidra	mdmisc.c	gap	-	-	none	mech	-	8	0	1	0	-	0	-
10c1bdbd	3	ghidra	mdmisc.c	gap	-	-	none	mech	-	1	0	1	0	-	0	-
10c1bdc0	1	ghidra	mdmisc.c	gap	-	-	cited	mech	-	35	0	1	0	-	0	-
10c1bdc1	5	ghidra	mdmisc.c	gap	-	-	none	mech	-	1	0	1	0	-	0	-
10c1bdc6	57	ghidra	mdmisc.c	gap	-	-	none	mech	-	1	0	1	0	-	0	-
10c1bdff	483	ghidra	mdmisc.c	gap	dag	P_DAG.md	paged	mech	-	1	0	0	0	-	0	-
10c1c02c	185	ghidra	mdmisc.c	gap	-	-	none	mech	-	2	2	1	0	-	0	-
10c1c0e5	143	ghidra	mdmisc.c	gap	-	-	cited	mech	-	3	0	1	0	-	0	-
10c1c174	29	ghidra	mdmisc.c	gap	-	-	none	mech	-	2	0	1	0	-	0	-
10c1c1d4	380	ghidra	mdmisc.c	gap	dag	P_DAG.md	paged	mech	-	1	0	0	0	-	0	-
10c1c350	167	ghidra	mdmisc.c	gap	-	-	none	mech	-	2	1	2	0	-	0	-
10c1c3f7	2716	ghidra	mdmisc.c	gap	-	-	cited	mech	-	1	4	2	9	IPC = %d/%d = %f\n | ---------------\n |   V%d	1	printf
10c1ce93	94	ghidra	mdmisc.c	gap	-	-	cited	mech	-	1	5	1	0	-	0	-
10c1cef1	24	ghidra	mdmisc.c	gap	-	-	none	mech	-	1	0	3	0	-	0	-
10c1cf09	3	ghidra	mdmisc.c	gap	-	-	none	mech	-	1	0	3	0	-	0	-
10c1cf0c	39	ghidra	mdmisc.c	gap	-	-	none	mech	-	1	0	3	0	-	0	-
10c1cf33	38	ghidra	mdmisc.c	gap	-	-	none	mech	-	1	0	4	0	-	0	-
10c1cf59	35	ghidra	mdmisc.c	gap	-	-	cited	mech	-	3	2	1	0	-	0	-
10c1cf7c	314	ghidra	mdmisc.c	gap	-	-	none	mech	-	2	9	2	0	-	0	-
10c1d0b6	30	ghidra	mdmisc.c	gap	-	-	none	mech	-	3	0	3	0	-	0	-
10c1d0d4	393	ghidra	mdmisc.c	gap	-	-	none	mech	-	1	10	1	0	-	0	-
10c1d25d	365	ghidra	mdmisc.c	gap	-	-	none	mech	-	1	10	1	0	-	0	-
10c1d3ca	565	ghidra	mdmisc.c	gap	-	-	none	mech	-	1	7	2	0	-	0	-
10c1d5ff	237	ghidra	mdmisc.c	gap	-	-	none	mech	-	1	4	2	0	-	0	-
10c1d6ec	630	ghidra	mdmisc.c	gap	-	-	none	mech	-	1	12	1	0	-	0	-
10c1d962	47	ghidra	mdmisc.c	gap	-	-	none	mech	-	1	0	4	0	-	0	-
10c1d991	104	ghidra	mdmisc.c	gap	-	-	none	mech	-	1	1	3	0	-	0	-
10c1d9f9	53	ghidra	mdmisc.c	gap	-	-	none	mech	-	1	0	3	0	-	1	malloc
10c1da2e	65	ghidra	mdmisc.c	gap	-	-	none	mech	-	1	0	2	0	-	1	free
10c1da6f	489	ghidra	mdmisc.c	gap	-	-	none	mech	-	1	11	1	0	-	0	-
10c1dc58	326	ghidra	mdmisc.c	gap	-	-	none	mech	-	1	14	2	0	-	0	-
10c1dd9e	104	ghidra	mdmisc.c	gap	-	-	none	mech	-	1	0	4	0	-	0	-
10c1de06	92	ghidra	mdmisc.c	gap	-	-	none	mech	-	1	0	3	0	-	0	-
10c1de62	679	ghidra	mdmisc.c	gap	-	-	none	mech	-	1	13	1	0	-	0	-
10c1e109	138	ghidra	mdmisc.c	gap	-	-	none	mech	-	1	0	4	0	-	0	-
10c1e193	548	ghidra	mdmisc.c	gap	-	-	none	mech	-	1	15	1	0	-	0	-
10c1e3b7	59	ghidra	mdmisc.c	gap	-	-	none	mech	-	1	2	3	0	-	0	-
10c1e3f2	25	ghidra	mdmisc.c	gap	-	-	none	mech	-	1	3	2	0	-	0	-
10c1e40b	96	ghidra	mdmisc.c	gap	-	-	none	mech	-	1	1	2	1	VS_UNICODE_OUTPUT	2	GetEnvironmentVariableW,_wtoi
10c1e46b	39	ghidra	mdmisc.c	gap	-	-	none	mech	-	1	0	1	0	-	1	_wcstoui64
10c1e492	19	ghidra	mdmisc.c	gap	-	-	none	mech	-	1	0	1	0	-	1	WaitForSingleObject
10c1e4a5	17	ghidra	mdmisc.c	gap	-	-	none	mech	-	1	0	2	0	-	1	ReleaseMutex
10c1e4b6	54	ghidra	mdmisc.c	gap	-	-	none	mech	-	2	0	2	0	-	0	-
10c1e4ec	152	ghidra	error.c	in-anchor	-	-	none	mech	-	1	1	2	1	e:\\bt\\278379\\vctools\\compiler\\be\\common…	0	-
10c1e585	58	ghidra	error.c	in-anchor	-	-	none	mech	-	2	0	2	0	-	0	-
10c1e5bf	38	ghidra	error.c	in-anchor	-	-	none	mech	-	1	0	2	0	-	0	-
10c1e5e5	240	ghidra	error.c	in-anchor	-	-	none	mech	-	2	3	2	0	-	4	GetConsoleOutputCP,WideCharToMultiByte,fflush
10c1e6d5	100	ghidra	error.c	in-anchor	-	-	none	mech	-	2	3	1	0	-	3	WriteFile,__iob_func,_cputws
10c1e739	167	ghidra	error.c	in-anchor	-	-	cited	mech	-	5	2	1	1	e:\\bt\\278379\\vctools\\compiler\\be\\common…	0	-
10c1e7e0	190	ghidra	error.c	in-anchor	-	-	none	mech	-	1	2	2	1	e:\\bt\\278379\\vctools\\compiler\\be\\common…	0	-
10c1e89e	103	ghidra	error.c	in-anchor	-	-	none	mech	-	2	2	2	1	e:\\bt\\278379\\vctools\\compiler\\be\\common…	0	-
10c1e905	175	ghidra	error.c	in-anchor	-	-	none	mech	-	1	2	2	1	e:\\bt\\278379\\vctools\\compiler\\be\\common…	0	-
10c1e9b5	589	ghidra	error.c	in-anchor	-	-	none	mech	-	3	4	1	1	e:\\bt\\278379\\vctools\\compiler\\be\\common…	2	MultiByteToWideChar,wcscpy_s
10c1ec02	71	ghidra	error.c	in-anchor	-	-	none	mech	-	1	3	2	0	-	0	-
10c1ec49	28	ghidra	error.c	in-anchor	-	-	none	mech	-	1	1	1	0	-	0	-
10c1ec65	530	ghidra	error.c	in-anchor	-	-	labelled	high	diagnostics: message formatter/emitter	3	10	0	7	e:\\bt\\278379\\vctools\\compiler\\be\\common… |  %c%d:  | fatal error	2	wcscat_s,wcscpy_s
10c1ee77	6	ghidra	error.c	in-anchor	-	-	none	mech	-	1	1	1	0	-	0	-
10c1ee7d	57	ghidra	error.c	in-anchor	-	-	labelled	high	diagnostics: diagnostic number = code + 1000 (lea ecx,[esi+0x3e8]); selects severity	2	2	0	0	-	0	-
10c1eeb6	28	ghidra	error.c	in-anchor	-	-	labelled	high	diagnostics: Fatal(code): 0x10c1ee7d(code,...) then noreturn 0x10b7e257	36	2	0	0	-	0	-
10c1eed2	22	ghidra	error.c	in-anchor	-	-	none	mech	-	1	1	1	0	-	0	-
10c1eee8	68	ghidra	error.c	in-anchor	-	-	labelled	high	diagnostics: path-length guard; raises 0x51 (C1081)	2	2	0	1	e:\\bt\\278379\\vctools\\compiler\\be\\common…	0	-
10c1ef2c	67	ghidra	error.c	in-anchor	-	-	none	mech	-	1	3	1	0	-	0	-
10c1ef6f	20	ghidra	error.c	in-anchor	-	-	cited	mech	-	25	1	1	0	-	0	-
10c1ef83	297	ghidra	error.c	in-anchor	-	-	none	mech	-	2	6	1	3	e:\\bt\\278379\\vctools\\compiler\\be\\common… | object | executable	0	-
10c1f0ac	24	ghidra	error.c	gap	-	-	none	mech	-	28	1	1	0	-	0	-
10c1f0c4	24	ghidra	error.c	gap	-	-	none	mech	-	1	1	1	0	-	0	-
10c1f0dc	72	ghidra	error.c	gap	-	-	labelled	high	diagnostics: Fatal with path + __wcserror_s text; both C1083 sites call it	4	2	0	0	-	1	__wcserror_s
10c1f125	30	ghidra	error.c	gap	-	-	none	mech	-	1	0	3	2	compiler intermediate | compiler generated	0	-
10c1f143	120	ghidra	get_err.c	in-anchor	-	-	none	mech	-	1	1	2	1	e:\\bt\\278379\\vctools\\compiler\\be\\common…	0	-
10c1f1bb	162	ghidra	get_err.c	gap	-	-	none	mech	-	2	4	1	1	fatal error C1510: Cannot load language resou…	3	FindResourceW,LoadLibraryExW,LoadResource
10c1f25d	68	ghidra	get_err.c	gap	-	-	none	mech	-	2	2	1	0	-	0	-
10c1f2a1	26	ghidra	get_err.c	gap	-	-	none	mech	-	0	2	2	0	-	0	-
10c1f2bb	22	ghidra	get_err.c	gap	-	-	labelled	medium	diagnostics: message-text lookup by number	3	2	0	0	-	0	-
10c1f2d1	123	ghidra	get_err.c	gap	-	-	none	mech	-	1	0	1	0	-	0	-
10c1f34c	125	ghidra	get_err.c	gap	-	-	labelled	high	flag-table: wide string -> long, used by kind 0x24 and the 0x23 sub-table	1	1	0	0	-	4	_errno,iswdigit,iswspace
10c1f3c9	76	ghidra	get_err.c	gap	-	-	labelled	medium	flag-table: wildcard compare, reached only from the '*' pattern branch	1	0	0	0	-	0	-
10c1f415	83	ghidra	getflags.c	in-anchor	-	-	cited	mech	-	1	1	1	1	e:\\bt\\278379\\vctools\\compiler\\be\\common…	0	-
10c1f469	264	ghidra	getflags.c	in-anchor	-	-	labelled	medium	argv-parse: tokenises MSC_CMD_FLAGS through the same matcher	1	3	0	1	e:\\bt\\278379\\vctools\\compiler\\be\\common…	1	wcscpy_s
10c1f572	468	ghidra	getflags.c	in-anchor	-	-	labelled	high	flag-table: applier: switch on byte +9 (0x01/0x05/0x08/0x22/0x23/0x24/0x26/0x27)	1	5	0	1	e:\\bt\\278379\\vctools\\compiler\\be\\common…	0	-
10c1f746	188	ghidra	getflags.c	gap	-	-	labelled	high	flag-table: matcher: 12-byte stride, terminator on byte +9, '-'/'#'/'*' rules, returns byte +8	1	2	0	0	-	0	-
10c1f802	118	ghidra	getflags.c	gap	-	-	none	high	pdb-client	1	3	1	0	-	1	PDBOpen2W
10c1f878	10	ghidra	getflags.c	gap	-	-	none	high	pdb-client	1	0	2	0	-	1	PDBClose
10c1f882	122	ghidra	getflags.c	gap	-	-	none	high	pdb-client	1	2	1	0	-	4	PDBOpenStream,StreamQueryCb,StreamRead
10c1f8fc	14	ghidra	getflags.c	gap	-	-	labelled	high	il-primitive|il-read: GetByte raw 1; carries the tag-9 kind	11	0	0	0	-	0	-
10c1f90a	17	ghidra	getflags.c	gap	-	-	labelled	high	il-read: skip a high-bit-continuation value	4	0	0	0	-	0	-
10c1f91b	95	ghidra	getflags.c	gap	-	-	labelled	high	il-primitive|il-read-packed15|il/ioin|il-read: varU: 2 bytes LE; bit15 set -> clear and OR (next u16)<<15; carries the tag-9 section id	6	0	0	0	-	0	-
10c1f97a	44	ghidra	getflags.c	gap	-	-	labelled	high	il-read: GetU16 raw LE	1	0	0	0	-	0	-
10c1f9a6	67	ghidra	getflags.c	gap	-	-	labelled	high	il-read-varint16|il/ioin|il-read: 1-or-3-byte reader	9	0	0	0	-	0	-
10c1f9e9	95	ghidra	getflags.c	gap	-	-	labelled	high	il-read-varint32|il/ioin|il-read: 1-or-5-byte signed reader	7	0	0	0	-	0	-
10c1fa48	159	ghidra	getflags.c	gap	-	-	none	mech	-	1	0	1	0	-	0	-
10c1fae7	164	ghidra	getflags.c	gap	-	-	labelled	high	il-read: i64c, 0x80 escape	2	0	0	0	-	0	-
10c1fb8b	73	ghidra	getflags.c	gap	-	-	labelled	high	il-primitive|il-read: GetU32 raw 4 LE; carries the tag-9 Characteristics override	3	0	0	0	-	0	-
10c1fbd4	134	ghidra	ioin.c	in-anchor	-	-	labelled	high	il-read: NUL string + MultiByteToWideChar(CP_UTF8)	2	4	0	1	e:\\bt\\278379\\vctools\\compiler\\be\\common…	1	MultiByteToWideChar
10c1fc5b	48	ghidra	ioin.c	in-anchor	-	-	labelled	high	il-primitive|il-read: GetCStr bounded (0x1020 for section name and class strings)	3	1	0	1	e:\\bt\\278379\\vctools\\compiler\\be\\common…	0	-
10c1fc8c	29	ghidra	ioin.c	in-anchor	-	-	labelled	high	il-read: raw n bytes	7	0	0	0	-	0	-
10c1fca9	69	ghidra	ioin.c	in-anchor	-	-	labelled	high	il-read: i16c-counted byte run	1	2	0	1	e:\\bt\\278379\\vctools\\compiler\\be\\common…	0	-
10c1fcef	29	ghidra	ioin.c	in-anchor	-	-	cited	mech	-	1	1	1	0	-	0	-
10c1fd0c	64	ghidra	ioin.c	in-anchor	-	-	labelled	high	il-open: CreateFileW failure -> C1083 (push 0x53 at 0x10c1fd40)	2	2	0	0	-	1	_errno
10c1fd4c	31	ghidra	ioin.c	in-anchor	-	-	labelled	high	il-open: UnmapViewOfFile + zero the cursor triple	4	0	0	0	-	1	UnmapViewOfFile
10c1fd6b	212	ghidra	ioin.c	in-anchor	-	-	labelled	high	il-open: fopen(base+suffix, mode); C1083 at 0x10c1fe11	1	4	0	1	e:\\bt\\278379\\vctools\\compiler\\be\\common…	3	_wfopen_s,wcscat_s,wcscpy_s
10c1fe40	93	ghidra	ioin.c	in-anchor	-	-	cited	mech	-	2	0	1	0	-	0	-
10c1fe9d	38	ghidra	ioin.c	in-anchor	-	-	cited	mech	-	2	0	1	0	-	0	-
10c1fec3	20	ghidra	ioin.c	in-anchor	-	-	none	mech	-	1	1	1	0	-	0	-
10c1fed7	24	ghidra	ioin.c	in-anchor	-	-	none	mech	-	1	1	1	0	-	0	-
10c1feef	32	ghidra	ioin.c	in-anchor	-	-	cited	mech	-	1	1	1	0	-	0	-
10c1ff0f	297	ghidra	ioin.c	in-anchor	-	-	labelled	high	il-open: CreateFileW/CreateFileMappingW/MapViewOfFile; sole mapper	3	1	0	0	-	6	CloseHandle,CreateFileMappingW,CreateFileW
10c20038	186	ghidra	ioin.c	in-anchor	-	-	labelled	high	il-open: map(base+suffix); the L"gl" call site	4	3	0	1	e:\\bt\\278379\\vctools\\compiler\\be\\common…	2	wcscat_s,wcscpy_s
10c200f3	20	ghidra	ioin.c	gap	-	-	none	mech	-	13	1	1	0	-	1	malloc
10c20107	55	ghidra	ioin.c	gap	-	-	none	mech	-	7	2	1	0	-	0	-
10c2013e	73	ghidra	ioin.c	gap	-	-	none	mech	-	1	0	2	0	-	1	free
10c20187	47	ghidra	ioin.c	gap	-	-	none	mech	-	53	2	1	0	-	0	-
10c201b6	23	ghidra	ioin.c	gap	-	-	none	mech	-	2	0	3	0	-	1	free
10c201cd	74	ghidra	ioin.c	gap	-	-	none	mech	-	2	2	2	0	-	0	-
10c20217	19	ghidra	ioin.c	gap	-	-	none	mech	-	0	1	4	0	-	0	-
10c2022a	280	ghidra	ioin.c	gap	-	-	none	mech	-	361	2	1	0	-	0	-
10c20342	52	ghidra	ioin.c	gap	-	-	none	mech	-	20	2	1	0	-	0	-
10c20376	59	ghidra	ioin.c	gap	-	-	none	mech	-	3	2	1	0	-	0	-
10c203b1	97	ghidra	ioin.c	gap	-	-	none	mech	-	2	2	1	0	-	0	-
10c20412	54	ghidra	ioin.c	gap	-	-	none	mech	-	2	0	1	0	-	0	-
10c20448	11	ghidra	ioin.c	gap	-	-	none	mech	-	1	1	1	0	-	0	-
10c20453	58	ghidra	vlines.c	in-anchor	-	-	none	mech	-	1	1	1	1	e:\\bt\\278379\\vctools\\compiler\\be\\common…	0	-
10c2048d	182	ghidra	vlines.c	gap	-	-	none	mech	-	1	1	2	0	-	0	-
10c20543	76	ghidra	vlines.c	gap	-	-	none	mech	-	4	0	1	0	-	0	-
10c2058f	98	ghidra	vlines.c	gap	-	-	none	mech	-	2	0	2	0	-	0	-
10c205f1	12	ghidra	vlines.c	gap	-	-	none	mech	-	5	1	1	0	-	0	-
10c205fd	352	ghidra	vlines.c	gap	-	-	none	mech	-	1	2	1	0	-	0	-
10c2075d	143	ghidra	vlines.c	gap	-	-	none	mech	-	1	1	1	0	-	0	-
10c207ec	851	ghidra	vlines.c	gap	-	-	cited	mech	-	1	10	1	0	-	0	-
10c20b3f	1082	ghidra	vlines.c	gap	-	-	cited	mech	-	1	13	1	0	-	0	-
10c20f79	252	ghidra	vlines.c	gap	regalloc	P_REGALLOC.md	paged	mech	-	1	11	0	0	-	0	-
10c21075	51	ghidra	vlines.c	gap	-	-	none	mech	-	2	0	1	0	-	0	-
10c210a8	395	ghidra	vlines.c	gap	-	-	none	mech	-	2	5	1	0	-	0	-
10c21233	36	ghidra	vlines.c	gap	-	-	none	mech	-	1	3	1	0	-	0	-
10c21257	373	ghidra	vlines.c	gap	-	-	none	mech	-	1	8	2	0	-	0	-
10c213cc	62	ghidra	vlines.c	gap	-	-	none	mech	-	1	2	2	0	-	0	-
10c2140a	747	ghidra	vlines.c	gap	-	-	none	mech	-	1	11	1	0	-	0	-
10c216f5	19	ghidra	vlines.c	gap	-	-	cited	mech	-	1	1	1	0	-	0	-
10c21708	17	ghidra	vlines.c	gap	-	-	none	mech	-	1	1	1	0	-	0	-
10c21719	25	ghidra	vlines.c	gap	-	-	cited	mech	-	1	1	1	0	-	0	-
10c21732	65	ghidra	vlines.c	gap	-	-	none	mech	-	13	3	2	0	-	0	-
10c21773	32	ghidra	vlines.c	gap	-	-	none	mech	-	1	2	1	0	-	0	-
10c21793	37	ghidra	vlines.c	gap	-	-	none	mech	-	1	1	2	0	-	0	-
10c217b8	44	ghidra	vlines.c	gap	-	-	none	mech	-	1	4	1	0	-	0	-
10c217e4	25	ghidra	vlines.c	gap	-	-	none	mech	-	4	0	2	0	-	0	-
10c217fd	405	ghidra	vlines.c	gap	eh	P_EH.md	paged	high	pdata-writer: the .pdata RECORD writer: allocates an 8-byte COMDAT at align 4 (FUN_10b9c655(6,8,4,0,4,0x80)), emits {ADDR32 BeginAddress, u32 unwind word}, zeroes the word at 10c218ca and defers it; …	2	10	0	0	-	0	-
10c21992	20	ghidra	vlines.c	gap	-	-	none	mech	-	1	2	2	0	-	0	-
10c219a6	30	ghidra	vlines.c	gap	eh	P_EH.md	paged	high	eh-state-seed: sets node[+0x24] = -2 on every node with [+9]&1 — the "unset" sentinel the ip2state emitter skips	1	0	0	0	-	0	-
10c219c4	97	ghidra	vlines.c	gap	eh	P_EH.md	paged	medium	eh-state-propagate: forward monotone propagation of state numbers over the node list (node[+0x24]); read, but its fixpoint is not established. This pass — NOT the .ex stream — is where the EH state m…	1	0	0	0	-	0	-
10c21a25	56	ghidra	vlines.c	gap	-	-	none	mech	-	1	2	2	0	-	0	-
10c21a5d	61	ghidra	vlines.c	gap	-	-	none	mech	-	1	0	2	0	-	0	-
10c21a9a	34	ghidra	vlines.c	gap	-	-	none	mech	-	1	0	2	0	-	0	-
10c21abc	21	ghidra	vlines.c	gap	-	-	none	mech	-	1	0	2	0	-	0	-
10c21ad1	50	ghidra	vlines.c	gap	-	-	none	mech	-	1	2	2	0	-	0	-
10c21b03	752	ghidra	vlines.c	gap	eh	P_EH.md	paged	high	seh-pdata-driver: the SEH driver (__C_specific_handler, sub-kind 'S'); also the path a NON-EH function takes — FUN_10c217fd(…, 0, 0, …), handler null, bit 31 clear	1	15	0	1	__C_specific_handler	0	-
10c21df3	25	ghidra	vlines.c	gap	-	-	none	mech	-	2	2	1	0	-	0	-
10c21e0c	226	ghidra	vlines.c	gap	-	-	none	mech	-	1	4	1	0	-	0	-
10c21eee	228	ghidra	vlines.c	gap	-	-	none	mech	-	1	4	2	0	-	0	-
10c21fd2	247	ghidra	vlines.c	gap	eh	P_EH.md	paged	high	eh-region-cut: the region-cut predicate: a kind-0x1b LABEL node whose symbol sub-kind is 'V' (__catch$) or 'T' (__unwind$) at 10c22054/10c22058, or the kind-0x19 function-end node at 10c2205c	2	4	0	1	__CxxFrameHandler	0	-
10c220c9	418	ghidra	vlines.c	gap	eh	P_EH.md	paged	high	ip2state-emitter: the $T ip-to-state array: one 8-byte {ADDR32 label, i32 state} entry per state CHANGE over nodes with [+9]&1, skipping state -2, array omitted entirely at n==0; writes nIPMapEntries…	1	4	0	0	-	0	-
10c2226b	65	ghidra	vlines.c	gap	-	-	none	mech	-	2	4	1	0	-	0	-
10c222ac	24	ghidra	vlines.c	gap	-	-	none	mech	-	2	2	1	0	-	0	-
10c222c4	30	ghidra	vlines.c	gap	-	-	none	mech	-	1	2	1	0	-	0	-
10c222e2	35	ghidra	vlines.c	gap	-	-	none	mech	-	2	1	3	0	-	0	-
10c22305	151	ghidra	vlines.c	gap	-	-	none	mech	-	2	4	2	0	-	0	-
10c2239c	386	ghidra	vlines.c	gap	-	-	none	mech	-	1	7	2	0	-	0	-
10c2251e	159	ghidra	vlines.c	gap	-	-	none	mech	-	1	6	2	0	-	0	-
10c225bd	110	ghidra	vlines.c	gap	-	-	none	mech	-	1	4	2	0	-	0	-
10c2262b	150	ghidra	vlines.c	gap	-	-	cited	mech	-	1	1	1	0	-	0	-
10c226c1	270	ghidra	vlines.c	gap	-	-	none	mech	-	1	6	2	0	-	0	-
10c227cf	92	ghidra	vlines.c	gap	-	-	none	mech	-	2	4	2	0	-	0	-
10c2282b	27	ghidra	vlines.c	gap	-	-	none	mech	-	2	0	2	0	-	0	-
10c22846	340	ghidra	vlines.c	gap	-	-	none	mech	-	1	9	1	0	-	0	-
10c2299a	346	ghidra	vlines.c	gap	-	-	none	mech	-	1	8	1	0	-	0	-
10c22af4	93	ghidra	vlines.c	gap	-	-	none	mech	-	1	1	2	0	-	0	-
10c22b51	103	ghidra	vlines.c	gap	-	-	none	mech	-	2	1	2	0	-	0	-
10c22bb8	44	ghidra	vlines.c	gap	-	-	none	mech	-	5	1	1	0	-	0	-
10c22be4	351	ghidra	vlines.c	gap	-	-	none	mech	-	1	11	1	0	-	0	-
10c22d43	14	ghidra	vlines.c	gap	-	-	none	mech	-	11	1	1	0	-	0	-
10c22d51	54	ghidra	vlines.c	gap	-	-	none	mech	-	1	1	2	0	-	0	-
10c22d87	49	ghidra	vlines.c	gap	-	-	none	mech	-	2	2	2	0	-	0	-
10c22db8	204	ghidra	vlines.c	gap	-	-	none	mech	-	2	4	2	0	-	0	-
10c22e84	38	ghidra	vlines.c	gap	-	-	none	mech	-	13	1	1	0	-	0	-
10c22eaa	47	ghidra	vlines.c	gap	-	-	none	mech	-	8	1	2	0	-	0	-
10c22ed9	50	ghidra	vlines.c	gap	-	-	none	mech	-	4	1	2	0	-	0	-
10c22f0b	152	ghidra	vlines.c	gap	-	-	none	mech	-	1	4	1	0	-	0	-
10c22fa3	94	ghidra	vlines.c	gap	-	-	none	mech	-	1	2	2	0	-	0	-
10c23001	34	ghidra	vlines.c	gap	-	-	none	mech	-	17	2	1	0	-	0	-
10c23023	30	ghidra	vlines.c	gap	-	-	none	mech	-	1	2	2	0	-	0	-
10c23041	43	ghidra	vlines.c	gap	-	-	none	mech	-	1	1	2	0	-	0	-
10c2306c	229	ghidra	vlines.c	gap	-	-	none	mech	-	1	1	1	0	-	0	-
10c23151	44	ghidra	vlines.c	gap	-	-	labelled	high	find-def-in-block: p2\ppc\lowersmd.c: find the 0x2af assignment in a block whose destination matches an operand (used to locate the counter's preheader initialisation)	1	1	0	0	-	0	-
10c2317d	60	ghidra	vlines.c	gap	-	-	labelled	high	range-references-sym: p2\ppc\lowersmd.c: does any tuple in [from->next, to) use (10bd4874) or def (10bd482d) this symbol? 10c0f7f9 calls it five times to prove the counter is dead outside the loop	1	2	0	0	-	0	-
10c231b9	61	ghidra	vlines.c	gap	-	-	none	mech	-	1	0	1	0	-	0	-
10c231f6	802	ghidra	vlines.c	gap	-	-	none	mech	-	8	11	1	0	-	0	-
10c23539	1371	ghidra	lowersmd.c	in-anchor	-	-	cited	mech	-	12	19	1	1	e:\\bt\\278379\\vctools\\compiler\\be\\p2\\sm…	0	-
10c23a94	310	ghidra	lowersmd.c	in-anchor	-	-	none	mech	-	1	9	1	0	-	0	-
10c23bca	118	ghidra	lowersmd.c	in-anchor	-	-	none	mech	-	6	2	2	0	-	0	-
10c23c40	68	ghidra	lowersmd.c	in-anchor	-	-	none	mech	-	1	1	1	0	-	0	-
10c23c84	87	ghidra	lowersmd.c	in-anchor	-	-	none	mech	-	1	3	2	0	-	0	-
10c23cdb	465	ghidra	lowersmd.c	in-anchor	-	-	none	mech	-	20	8	1	0	-	0	-
10c23eac	17	ghidra	lowersmd.c	in-anchor	-	-	none	mech	-	2	1	1	0	-	0	-
10c23ebd	18	ghidra	lowersmd.c	in-anchor	-	-	none	mech	-	1	1	1	0	-	0	-
10c23ecf	244	ghidra	lowersmd.c	in-anchor	-	-	none	mech	-	1	4	1	0	-	0	-
10c23fc3	46	ghidra	lowersmd.c	in-anchor	-	-	none	mech	-	2	2	2	0	-	0	-
10c23ff1	48	ghidra	lowersmd.c	in-anchor	-	-	none	mech	-	1	1	1	0	-	0	-
10c24021	352	ghidra	lowersmd.c	in-anchor	-	-	labelled	high	md-lower-driver: p2\ppc\lowersmd.c: the machine-dependent lowering driver. Phase order: 10c0f81e (bdnz) FIRST, then 10c2262b, the peepholes, 10c2306c, then 10c04faf (WB-D's volatile/reserved sets). T…	2	14	0	0	-	0	-
10c24181	222	ghidra	lowersmd.c	in-anchor	-	-	none	mech	-	1	3	1	0	-	0	-
10c2425f	135	ghidra	lowersmd.c	in-anchor	-	-	none	mech	-	1	3	2	0	-	0	-
10c242e6	389	ghidra	lowersmd.c	in-anchor	-	-	none	mech	-	4	8	2	0	-	0	-
10c2446b	906	ghidra	lowersmd.c	in-anchor	-	-	none	mech	-	4	19	1	0	-	0	-
10c247f5	825	ghidra	lowersmd.c	in-anchor	-	-	none	mech	-	4	17	1	1	e:\\bt\\278379\\vctools\\compiler\\be\\p2\\sm…	0	-
10c24b2e	268	ghidra	lowersmd.c	in-anchor	-	-	none	mech	-	2	7	2	0	-	0	-
10c24c3a	756	ghidra	lowersmd.c	in-anchor	-	-	none	mech	-	1	19	2	1	e:\\bt\\278379\\vctools\\compiler\\be\\p2\\sm…	0	-
10c24f65	161	ghidra	lowersmd.c	in-anchor	-	-	none	mech	-	6	7	1	1	e:\\bt\\278379\\vctools\\compiler\\be\\p2\\sm…	0	-
10c25006	78	ghidra	lowersmd.c	gap	-	-	none	mech	-	2	4	2	0	-	0	-
10c25054	151	ghidra	lowersmd.c	gap	-	-	none	mech	-	1	9	1	0	-	0	-
10c250eb	57	ghidra	lowersmd.c	gap	-	-	none	mech	-	1	2	2	0	-	0	-
10c25124	288	ghidra	lowersmd.c	gap	-	-	none	mech	-	3	6	2	0	-	0	-
10c25244	8	ghidra	lowersmd.c	gap	-	-	none	mech	-	11	1	1	0	-	0	-
10c2524c	149	ghidra	lowersmd.c	gap	-	-	none	mech	-	2	3	2	0	-	0	-
10c252e1	8	ghidra	lowersmd.c	gap	-	-	none	mech	-	28	1	1	0	-	0	-
10c252e9	65	ghidra	lowersmd.c	gap	-	-	none	mech	-	1	5	2	0	-	0	-
10c2532a	200	ghidra	lowersmd.c	gap	-	-	none	mech	-	2	4	2	0	-	0	-
10c253f2	8	ghidra	lowersmd.c	gap	-	-	none	mech	-	30	1	1	0	-	0	-
10c253fa	7	ghidra	lowersmd.c	gap	-	-	none	mech	-	1	1	2	0	-	0	-
10c25401	21	ghidra	lowersmd.c	gap	-	-	none	mech	-	1	1	1	0	-	0	-
10c25416	97	ghidra	lowersmd.c	gap	-	-	none	mech	-	4	4	2	0	-	0	-
10c25477	427	ghidra	lowersmd.c	gap	-	-	none	mech	-	2	6	1	0	-	0	-
10c25622	18	ghidra	lowersmd.c	gap	-	-	none	mech	-	1	0	2	0	-	0	-
10c25634	30	ghidra	lowersmd.c	gap	-	-	none	mech	-	1	4	1	0	-	0	-
10c25652	67	ghidra	lowersmd.c	gap	-	-	none	mech	-	3	0	1	0	-	0	-
10c25695	141	ghidra	lowersmd.c	gap	-	-	none	mech	-	1	5	1	0	-	0	-
10c25722	24	ghidra	lowersmd.c	gap	-	-	none	mech	-	1	0	2	0	-	0	-
10c2573a	17	ghidra	lowersmd.c	gap	-	-	none	mech	-	12	0	2	0	-	0	-
10c2574b	99	ghidra	lowersmd.c	gap	-	-	cited	mech	-	42	4	1	0	-	0	-
10c257ae	28	ghidra	lowersmd.c	gap	-	-	none	mech	-	6	2	2	0	-	0	-
10c257ca	91	ghidra	lowersmd.c	gap	-	-	none	mech	-	1	3	2	0	-	0	-
10c25825	86	ghidra	lowersmd.c	gap	-	-	none	mech	-	2	2	2	0	-	0	-
10c2587b	216	ghidra	lowersmd.c	gap	-	-	none	mech	-	1	5	1	0	-	0	-
10c25953	266	ghidra	lowersmd.c	gap	-	-	none	mech	-	1	11	1	0	-	0	-
10c25a5d	353	ghidra	lowersmd.c	gap	-	-	none	mech	-	1	9	1	0	-	0	-
10c25bbe	1014	ghidra	lowersmd.c	gap	-	-	none	mech	-	1	17	1	0	-	0	-
10c25fb4	1055	ghidra	lowersmd.c	gap	-	-	none	mech	-	1	17	1	0	-	0	-
10c263d3	463	ghidra	lowersmd.c	gap	-	-	none	mech	-	1	11	2	0	-	0	-
10c265a2	111	ghidra	lowersmd.c	gap	-	-	none	mech	-	1	7	1	0	-	0	-
10c26611	443	ghidra	lowersmd.c	gap	-	-	none	mech	-	1	8	2	0	-	0	-
10c267cc	147	ghidra	lowersmd.c	gap	-	-	none	mech	-	1	7	1	0	-	0	-
10c2685f	638	ghidra	lowersmd.c	gap	-	-	none	mech	-	1	8	2	0	-	0	-
10c26add	384	ghidra	lowersmd.c	gap	-	-	none	mech	-	1	8	2	0	-	0	-
10c26c5d	611	ghidra	lowersmd.c	gap	-	-	none	mech	-	1	10	2	0	-	0	-
10c26ec0	167	ghidra	lowersmd.c	gap	-	-	none	mech	-	1	7	1	0	-	0	-
10c26f67	728	ghidra	lowersmd.c	gap	-	-	none	mech	-	1	10	2	0	-	0	-
10c2723f	311	ghidra	lowersmd.c	gap	-	-	none	mech	-	1	11	1	0	-	0	-
10c27376	192	ghidra	lowersmd.c	gap	-	-	none	mech	-	1	7	1	0	-	0	-
10c27436	169	ghidra	lowersmd.c	gap	-	-	none	mech	-	1	7	1	0	-	0	-
10c274df	13	ghidra	lowersmd.c	gap	-	-	none	mech	-	5	1	1	0	-	0	-
10c274ec	30	ghidra	lowersmd.c	gap	-	-	none	mech	-	1	0	2	0	-	0	-
10c2750a	48	ghidra	lowersmd.c	gap	-	-	none	mech	-	3	0	1	0	-	0	-
10c2753a	47	ghidra	lowersmd.c	gap	-	-	labelled	high	data-alloc: sibling initialised-data bump on DAT_10c2e31c	10	2	0	0	-	0	-
10c27569	20	ghidra	lowersmd.c	gap	-	-	none	mech	-	1	0	2	0	-	0	-
10c2757d	42	ghidra	lowersmd.c	gap	-	-	labelled	high	bss-alloc: .bss bump allocator on DAT_10c2e320: align 8, then +(8-size) fixup for size in {1,2,4}	2	0	0	0	-	0	-
10c275a7	167	ghidra	lowersmd.c	gap	-	-	none	mech	-	1	2	1	0	-	0	-
10c2764e	89	ghidra	lowersmd.c	gap	-	-	none	mech	-	1	5	1	0	-	0	-
10c276a7	14	ghidra	lowersmd.c	gap	-	-	none	mech	-	4	0	3	0	-	0	-
10c276b5	43	ghidra	lowersmd.c	gap	-	-	none	mech	-	1	1	2	0	-	0	-
10c276e0	23	ghidra	lowersmd.c	gap	-	-	none	mech	-	1	1	2	0	-	0	-
10c276f7	15	ghidra	lowersmd.c	gap	-	-	none	mech	-	1	1	2	0	-	0	-
10c27706	48	ghidra	lowersmd.c	gap	-	-	none	mech	-	1	0	2	0	-	0	-
10c27736	107	ghidra	lowersmd.c	gap	-	-	none	mech	-	1	2	3	0	-	0	-
10c277bd	37	ghidra	lowersmd.c	gap	-	-	none	mech	-	1	2	3	0	-	0	-
10c277e2	23	ghidra	lowersmd.c	gap	-	-	none	mech	-	1	0	3	0	-	0	-
10c277f9	89	ghidra	lowersmd.c	gap	-	-	none	mech	-	1	1	2	0	-	0	-
10c27852	130	ghidra	lowersmd.c	gap	-	-	none	mech	-	0	3	2	1	__$ArrayPad	0	-
10c278d4	30	ghidra	lowersmd.c	gap	-	-	none	mech	-	2	1	2	0	-	0	-
10c278f2	161	ghidra	lowersmd.c	gap	-	-	none	mech	-	1	8	2	1	__security_check_cookie	0	-
10c27993	36	ghidra	lowersmd.c	gap	-	-	none	mech	-	1	1	3	0	-	0	-
10c279b7	369	ghidra	smdmisc.c	in-anchor	-	-	none	mech	-	2	3	2	1	e:\\bt\\278379\\vctools\\compiler\\be\\p2\\sm…	0	-
10c27b28	46	ghidra	smdmisc.c	in-anchor	-	-	none	mech	-	1	2	2	0	-	0	-
10c27b56	326	ghidra	smdmisc.c	in-anchor	section	P_SECTION.md	paged	high	bss-alloc: stores the allocated address to sym+0x18, sets first-touch done-flag 0x800	7	5	0	1	e:\\bt\\278379\\vctools\\compiler\\be\\p2\\sm…	0	-
10c27c9c	162	ghidra	smdmisc.c	in-anchor	-	-	none	mech	-	3	4	1	1	e:\\bt\\278379\\vctools\\compiler\\be\\p2\\sm…	0	-
10c27d3f	61	ghidra	smdmisc.c	in-anchor	-	-	none	mech	-	1	2	1	0	-	0	-
10c27d7c	328	ghidra	smdmisc.c	in-anchor	-	-	none	mech	-	1	8	1	1	__security_cookie	0	-
10c27ec4	65	ghidra	smdmisc.c	in-anchor	-	-	cited	mech	-	3	2	2	1	e:\\bt\\278379\\vctools\\compiler\\be\\p2\\sm…	0	-
10c27f22	24	ghidra	smdmisc.c	gap	-	-	none	mech	-	3	1	2	0	-	0	-
10c27f3a	103	ghidra	smdmisc.c	gap	-	-	none	mech	-	3	3	2	0	-	0	-
10c27f85	199	ghidra	smdmisc.c	gap	-	-	none	mech	-	1	4	2	0	-	0	-
10c2804c	39	ghidra	smdmisc.c	gap	-	-	none	mech	-	1	1	2	0	-	0	-
10c28073	143	ghidra	smdmisc.c	gap	-	-	none	mech	-	1	6	2	0	-	0	-
10c28102	36	ghidra	smdmisc.c	gap	-	-	none	mech	-	1	1	2	0	-	0	-
10c28126	155	ghidra	smdmisc.c	gap	-	-	none	mech	-	1	4	2	0	-	0	-
10c281c1	362	ghidra	smdmisc.c	gap	-	-	none	mech	-	2	18	1	0	-	0	-
10c2832b	100	ghidra	smdmisc.c	gap	-	-	none	mech	-	1	4	2	0	-	0	-
10c2838f	89	ghidra	smdmisc.c	gap	-	-	none	high	msdis-client	0	0	-	0	-	2	PvClient,strcpy_s
10c283e8	89	ghidra	smdmisc.c	gap	-	-	none	high	msdis-client	0	0	-	0	-	2	PvClient,strcpy_s
10c28475	85	ghidra	smdmisc.c	gap	-	-	labelled	high	listing-formatter: wraps DIS::CchFormatInstr; sole importer	1	0	0	0	-	2	CchFormatInstr,PvClientSet
10c28518	522	ghidra	smdmisc.c	gap	-	-	none	mech	-	1	4	3	0	-	6	DecodePointer,InterlockedCompareExchange,InterlockedExchange
10c28722	240	ghidra	smdmisc.c	gap	-	-	none	mech	-	1	5	2	0	-	0	-
10c2882d	11	ghidra	smdmisc.c	gap	-	-	none	mech	-	1	0	3	0	-	0	-
10c28838	35	ghidra	smdmisc.c	gap	-	-	none	mech	-	0	2	3	0	-	0	-
10c2885c	6	thunk	smdmisc.c	gap	-	-	none	high	thunk	41	0	1	0	-	0	-
10c28862	6	thunk	smdmisc.c	gap	-	-	none	high	thunk	52	0	1	0	-	0	-
10c28868	15	ghidra	smdmisc.c	gap	-	-	none	mech	-	115	1	1	0	-	0	-
10c28880	22	ghidra	smdmisc.c	gap	-	-	none	mech	-	12	1	1	0	-	0	-
10c28896	22	ghidra	smdmisc.c	gap	-	-	none	mech	-	0	1	2	0	-	0	-
10c288b0	31	ghidra	smdmisc.c	gap	-	-	none	mech	-	49	0	1	0	-	0	-
10c288d0	43	ghidra	smdmisc.c	gap	-	-	none	mech	-	25	0	1	0	-	0	-
10c28900	33	ghidra	smdmisc.c	gap	-	-	none	mech	-	15	0	2	0	-	0	-
10c28930	170	ghidra	smdmisc.c	gap	-	-	none	mech	-	48	0	1	0	-	0	-
10c289e0	104	ghidra	smdmisc.c	gap	-	-	none	mech	-	12	0	1	0	-	0	-
10c28a50	178	ghidra	smdmisc.c	gap	-	-	none	mech	-	13	0	2	0	-	0	-
10c28b10	117	ghidra	smdmisc.c	gap	-	-	none	mech	-	6	0	2	0	-	0	-
10c28b90	31	ghidra	smdmisc.c	gap	-	-	none	mech	-	16	0	2	0	-	0	-
10c28bb0	52	ghidra	smdmisc.c	gap	-	-	none	mech	-	62	0	1	0	-	0	-
10c28bf0	69	ghidra	smdmisc.c	gap	-	-	none	mech	-	11	0	1	0	-	0	-
10c28c35	20	ghidra	smdmisc.c	gap	-	-	none	mech	-	11	0	1	0	-	0	-
10c28c49	37	ghidra	smdmisc.c	gap	-	-	none	mech	-	0	1	-	0	-	0	-
10c28c70	223	ghidra	smdmisc.c	gap	-	-	none	mech	-	1	0	4	0	-	0	-
10c28d50	28	ghidra	smdmisc.c	gap	-	-	none	mech	-	3	0	3	0	-	0	-
10c28d86	117	ghidra	smdmisc.c	gap	-	-	none	mech	-	4	0	3	0	-	0	-
10c28dfc	6	thunk	smdmisc.c	gap	-	-	none	high	thunk	1	0	3	0	-	0	-
10c28e02	6	thunk	smdmisc.c	gap	-	-	none	high	thunk	1	0	3	0	-	0	-
10c28e08	6	thunk	smdmisc.c	gap	-	-	none	high	thunk	3	0	1	0	-	0	-
10c28e0e	6	thunk	smdmisc.c	gap	-	-	none	high	thunk	2	0	1	0	-	0	-
10c28ec1	152	ghidra	smdmisc.c	gap	-	-	none	mech	-	1	5	2	0	-	3	DecodePointer,EncodePointer,_onexit
10c28f59	9	ghidra	smdmisc.c	gap	-	-	none	mech	-	1	1	3	0	-	0	-
10c28f62	23	ghidra	smdmisc.c	gap	-	-	none	mech	-	0	1	3	0	-	0	-
10c28fd0	53	ghidra	smdmisc.c	gap	-	-	none	mech	-	1	0	5	0	-	0	-
10c29010	68	ghidra	smdmisc.c	gap	-	-	none	mech	-	1	0	5	0	-	0	-
10c29060	166	ghidra	smdmisc.c	gap	-	-	none	mech	-	1	2	4	0	-	0	-
10c2911c	6	thunk	smdmisc.c	gap	-	-	none	high	thunk	1	0	4	0	-	0	-
10c29122	6	thunk	smdmisc.c	gap	-	-	none	high	thunk	1	0	4	0	-	0	-
10c29128	6	thunk	smdmisc.c	gap	-	-	none	high	thunk	1	0	4	0	-	0	-
10c29134	155	ghidra	smdmisc.c	gap	-	-	none	mech	-	1	0	4	0	-	5	GetCurrentProcessId,GetCurrentThreadId,GetSystemTimeAsFileTime
10c291cf	262	ghidra	smdmisc.c	gap	-	-	none	mech	-	1	1	2	0	-	5	GetCurrentProcess,IsDebuggerPresent,SetUnhandledExceptionFilter
10c292d6	6	thunk	smdmisc.c	gap	-	-	none	high	thunk	1	0	-	0	-	0	-
10c292f2	6	thunk	smdmisc.c	gap	-	-	none	high	thunk	1	0	4	0	-	0	-
10c292f8	6	thunk	smdmisc.c	gap	-	-	none	high	thunk	1	0	3	0	-	0	-
10c292fe	6	thunk	smdmisc.c	gap	-	-	none	high	thunk	1	0	3	0	-	0	-
10c29304	6	thunk	smdmisc.c	gap	-	-	none	high	thunk	1	0	3	0	-	0	-
10c2930a	18	ghidra	smdmisc.c	gap	-	-	none	mech	-	1	0	1	0	-	0	-
10c2a3b6	4266	ghidra	smdmisc.c	gap	-	-	none	mech	-	0	0	-	180	?_vcomp_atomic_div_r8@@$$J0YAXPANN@Z | _vcomp_atomic_div_r8 | ?_vcomp_atomic_div_r4@@$$J0YAXPAMM@Z	0	-
